rank	numeric_suffix	doc_id
0	1	genealogy/982d90f6_0001.txt
1	2	genealogy/bc7a31fc_0002.txt
2	3	genealogy/5d48b164_0003.txt
3	4	genealogy/285f87a8_0004.txt
4	5	genealogy/5908326f_0005.txt
5	6	genealogy/173a8d0f_0006.txt
6	7	genealogy/dc4a24a3_0007.txt
7	8	genealogy/cce6ea48_0008.txt
8	9	genealogy/d27ec68c_0009.txt
9	10	genealogy/17cc4c4e_0010.txt
10	11	genealogy/6a89f937_0011.txt
11	12	genealogy/dcd02041_0012.txt
12	13	genealogy/0f4a24b6_0013.txt
13	14	genealogy/f0fdcf15_0014.txt
14	15	genealogy/9e62500e_0015.txt
15	16	genealogy/dc1c0504_0016.txt
16	17	genealogy/7327c601_0017.txt
17	18	genealogy/9a64d5e2_0018.txt
18	19	genealogy/74a77691_0019.txt
19	20	genealogy/1757e9ea_0020.txt
20	21	genealogy/8ae487e0_0021.txt
21	22	genealogy/75f478ad_0022.txt
22	23	genealogy/a41e1027_0023.txt
23	24	genealogy/e5fb0f62_0024.txt
24	25	genealogy/dc40d433_0025.txt
25	26	genealogy/60f05f89_0026.txt
26	27	genealogy/6e0993e7_0027.txt
27	28	genealogy/91617abb_0028.txt
28	29	genealogy/076192f6_0029.txt
29	30	genealogy/47530daa_0030.txt
30	31	genealogy/dca9e767_0031.txt
31	32	genealogy/a7abafce_0032.txt
32	33	genealogy/f20e4326_0033.txt
33	34	genealogy/80afb442_0034.txt
34	35	genealogy/a9b9c3bb_0035.txt
35	36	genealogy/b62fb452_0036.txt
36	37	genealogy/0388d2e2_0037.txt
37	38	genealogy/ef65b2d1_0038.txt
38	39	genealogy/2992d429_0039.txt
39	40	genealogy/faadee80_0040.txt
40	41	genealogy/edab7257_0041.txt
41	42	genealogy/8bde23a7_0042.txt
42	43	genealogy/5d9d361d_0043.txt
43	44	genealogy/75271df3_0044.txt
44	45	genealogy/44819bf9_0045.txt
45	46	genealogy/911ff523_0046.txt
46	47	genealogy/9475009b_0047.txt
47	48	genealogy/5d040ce6_0048.txt
48	49	genealogy/4b1eedd9_0049.txt
49	50	genealogy/ee30f2bb_0050.txt
50	51	genealogy/bb032ec6_0051.txt
51	52	genealogy/6be6a2fc_0052.txt
52	53	genealogy/cb03877b_0053.txt
53	54	genealogy/292da431_0054.txt
54	55	genealogy/12bdbc83_0055.txt
55	56	genealogy/162a3977_0056.txt
56	57	genealogy/de8c2212_0057.txt
57	58	genealogy/4e9680ed_0058.txt
58	59	genealogy/a34d07c9_0059.txt
59	60	genealogy/719e724c_0060.txt
60	61	genealogy/da5c766b_0061.txt
61	62	genealogy/1e0544b4_0062.txt
62	63	genealogy/684a0c1c_0063.txt
63	64	genealogy/94383f75_0064.txt
64	65	genealogy/ac197e48_0065.txt
65	66	genealogy/162a3977_0066.txt
66	67	genealogy/de8c2212_0067.txt
67	68	genealogy/4e9680ed_0068.txt
68	69	genealogy/a34d07c9_0069.txt
69	70	genealogy/719e724c_0070.txt
70	71	genealogy/da5c766b_0071.txt
71	72	genealogy/1e0544b4_0072.txt
72	73	genealogy/6c414a5c_0073.txt
73	74	genealogy/14a049d7_0074.txt
74	75	genealogy/3f95699e_0075.txt
75	76	genealogy/ad6b93b6_0076.txt
76	77	genealogy/6276173e_0077.txt
77	78	genealogy/8f2fd6af_0078.txt
78	79	genealogy/0ea0419f_0079.txt
79	80	genealogy/1c621825_0080.txt
80	81	genealogy/86901339_0081.txt
81	82	genealogy/561af749_0082.txt
82	83	genealogy/561af749_0083.txt
83	84	genealogy/c0db277b_0084.txt
84	85	genealogy/f70c97b0_0085.txt
85	86	genealogy/8b5f20ed_0086.txt
86	87	genealogy/5cea302e_0087.txt
87	88	genealogy/f4cc3d58_0088.txt
88	89	genealogy/04335c64_0089.txt
89	90	genealogy/2189661d_0090.txt
90	91	genealogy/6ae58a6b_0091.txt
91	92	genealogy/6ae58a6b_0092.txt
92	93	genealogy/fe9e1fe2_0093.txt
93	94	genealogy/141fd318_0094.txt
94	95	genealogy/d0a03206_0095.txt
95	96	genealogy/a3d030cc_0096.txt
96	97	genealogy/cb888f93_0097.txt
97	98	genealogy/d640bd06_0098.txt
98	99	genealogy/fed9bad3_0099.txt
99	100	genealogy/10f8fdb2_0100.txt
100	101	genealogy/da24e354_0101.txt
101	102	genealogy/e713be6e_0102.txt
102	103	genealogy/8e506b6d_0103.txt
103	104	genealogy/78487a60_0104.txt
104	105	genealogy/defad95b_0105.txt
105	106	genealogy/c9f863b7_0106.txt
106	107	genealogy/42213c32_0107.txt
107	108	genealogy/d94e1bd4_0108.txt
108	109	genealogy/faa22a33_0109.txt
109	110	genealogy/d2bef448_0110.txt
110	111	genealogy/5a2ac29c_0111.txt
111	112	genealogy/47914194_0112.txt
112	113	genealogy/9cb13891_0113.txt
113	114	genealogy/1e89f7c4_0114.txt
114	115	genealogy/908ddeb2_0115.txt
115	116	genealogy/980737ff_0116.txt
116	117	genealogy/daa7dd90_0117.txt
117	118	genealogy/edce5902_0118.txt
118	119	genealogy/03aa57aa_0119.txt
119	120	genealogy/2a1e11d2_0120.txt
120	121	genealogy/557ee5e6_0121.txt
121	122	genealogy/1e16cea9_0122.txt
122	123	genealogy/73159c4f_0123.txt
123	124	genealogy/57b0c320_0124.txt
124	125	genealogy/3ed7b3df_0125.txt
125	126	genealogy/4ef43016_0126.txt
126	127	genealogy/413cb8b8_0127.txt
127	128	genealogy/398f8815_0128.txt
128	129	genealogy/5ce95af7_0129.txt
129	130	genealogy/1052a074_0130.txt
130	131	genealogy/d50643cc_0131.txt
131	132	genealogy/8b3cde84_0132.txt
132	133	genealogy/04d37a8b_0133.txt
133	134	genealogy/4f29bf1f_0134.txt
134	135	genealogy/cf9c46b8_0135.txt
135	136	genealogy/adbe4bfa_0136.txt
136	137	genealogy/ea8bf982_0137.txt
137	138	genealogy/23517a6e_0138.txt
138	139	genealogy/23517a6e_0139.txt
139	140	genealogy/fb9a30c4_0140.txt
140	141	genealogy/9f6ff6fb_0141.txt
141	142	genealogy/a95ccb9b_0142.txt
142	143	genealogy/aa77f6c4_0143.txt
143	144	genealogy/271aa22c_0144.txt
144	145	genealogy/7c82fa19_0145.txt
145	146	genealogy/29a87534_0146.txt
146	147	genealogy/d7023890_0147.txt
147	148	genealogy/db56ea45_0148.txt
148	149	genealogy/c3720eb4_0149.txt
149	150	genealogy/e101a6c0_0150.txt
150	151	genealogy/74700e59_0151.txt
151	152	genealogy/464da0c0_0152.txt
152	153	genealogy/d09b9e4e_0153.txt
153	154	genealogy/69150ba2_0154.txt
154	155	genealogy/fb2530da_0155.txt
155	156	genealogy/a74c1912_0156.txt
156	157	genealogy/f5f2271d_0157.txt
157	158	genealogy/435e922f_0158.txt
158	159	genealogy/17870a61_0159.txt
159	160	genealogy/d44134f9_0160.txt
160	161	genealogy/da20668f_0161.txt
161	162	genealogy/0989c4ef_0162.txt
162	163	genealogy/0df24633_0163.txt
163	164	genealogy/3981013c_0164.txt
164	165	genealogy/60a26a80_0165.txt
165	166	genealogy/6de63fc3_0166.txt
166	167	genealogy/5ef7701e_0167.txt
167	168	genealogy/2c68c5f8_0168.txt
168	169	genealogy/2640f165_0169.txt
169	170	genealogy/2640f165_0170.txt
170	171	genealogy/b574cfab_0171.txt
171	172	genealogy/ccbe11bd_0172.txt
172	173	genealogy/0478ae79_0173.txt
173	174	genealogy/8920c9f6_0174.txt
174	175	genealogy/88718584_0175.txt
175	176	genealogy/0014ae71_0176.txt
176	177	genealogy/0014ae71_0177.txt
177	178	genealogy/cf4d3510_0178.txt
178	179	genealogy/f597f94a_0179.txt
179	180	genealogy/8f4c70d5_0180.txt
180	181	genealogy/bb8a850f_0181.txt
181	182	genealogy/d6cb91ba_0182.txt
182	183	genealogy/fdf57c0c_0183.txt
183	184	genealogy/310037a8_0184.txt
184	185	genealogy/e63fee54_0185.txt
185	186	genealogy/82979082_0186.txt
186	187	genealogy/6f98ab94_0187.txt
187	188	genealogy/80f23a53_0188.txt
188	189	genealogy/4ec43ac0_0189.txt
189	190	genealogy/4181867e_0190.txt
190	191	genealogy/530001d1_0191.txt
191	192	genealogy/107f20d4_0192.txt
192	193	genealogy/f227aa22_0193.txt
193	194	genealogy/4b43719c_0194.txt
194	195	genealogy/2d600344_0195.txt
195	196	genealogy/2d600344_0196.txt
196	197	genealogy/ca4b061f_0197.txt
197	198	genealogy/b74c2a9f_0198.txt
198	199	genealogy/0a5c8af8_0199.txt
199	200	genealogy/36a128d2_0200.txt
200	201	genealogy/86e639e1_0201.txt
201	202	genealogy/9023f182_0202.txt
202	203	genealogy/9b11eef7_0203.txt
203	204	genealogy/49da4fc3_0204.txt
204	205	genealogy/bf153cdc_0205.txt
205	206	genealogy/a6c14e4f_0206.txt
206	207	genealogy/35b6a387_0207.txt
207	208	genealogy/ea8f524f_0208.txt
208	209	genealogy/35b6a387_0209.txt
209	210	genealogy/a98b9353_0210.txt
210	211	genealogy/b08594e8_0211.txt
211	212	genealogy/35b6a387_0212.txt
212	213	genealogy/eb400d88_0213.txt
213	214	genealogy/bba0701d_0214.txt
214	215	genealogy/60cb02ca_0215.txt
215	216	genealogy/53f73774_0216.txt
216	217	genealogy/c20e1f38_0217.txt
217	218	genealogy/68d436b9_0218.txt
218	219	genealogy/efc31fd5_0219.txt
219	220	genealogy/00217f66_0220.txt
220	221	genealogy/ba45d5d2_0221.txt
221	222	genealogy/7d820cbe_0222.txt
222	223	genealogy/fe00e678_0223.txt
223	224	genealogy/1596669d_0224.txt
224	225	genealogy/0f2d5be8_0225.txt
225	226	genealogy/c741b52e_0226.txt
226	227	genealogy/c741b52e_0227.txt
227	228	genealogy/c741b52e_0228.txt
228	229	genealogy/c741b52e_0229.txt
229	230	genealogy/6766f232_0230.txt
230	231	genealogy/fa3d79ea_0231.txt
231	232	genealogy/1ee4c31f_0232.txt
232	233	genealogy/8e0c4ae7_0233.txt
233	234	genealogy/d9f22bf8_0234.txt
234	235	genealogy/2dc21319_0235.txt
235	236	genealogy/0b45adc3_0236.txt
236	237	genealogy/ea94f93b_0237.txt
237	238	genealogy/c77cca23_0238.txt
238	239	genealogy/32cd3eb5_0239.txt
239	240	genealogy/3a218fa7_0240.txt
240	241	genealogy/b62fb5bd_0241.txt
241	242	genealogy/679122fa_0242.txt
242	243	genealogy/1cdf2bd7_0243.txt
243	244	genealogy/b406d5b1_0244.txt
244	245	genealogy/d7380970_0245.txt
245	246	genealogy/11f65d1c_0246.txt
246	247	genealogy/ae6fa820_0247.txt
247	248	genealogy/be938a8c_0248.txt
248	249	genealogy/ff39724a_0249.txt
249	250	genealogy/ccec2a15_0250.txt
250	251	genealogy/54f20902_0251.txt
251	252	genealogy/3b49bb20_0252.txt
252	253	genealogy/aab1b098_0253.txt
253	254	genealogy/7caca305_0254.txt
254	255	genealogy/f715b51f_0255.txt
255	256	genealogy/5a17c40f_0256.txt
256	257	genealogy/73402992_0257.txt
257	258	genealogy/fdc27478_0258.txt
258	259	genealogy/ffaf6135_0259.txt
259	260	genealogy/30aa510c_0260.txt
260	261	genealogy/cb669dee_0261.txt
261	262	genealogy/89051166_0262.txt
262	263	genealogy/8e39cb33_0263.txt
263	264	genealogy/775b9286_0264.txt
264	265	genealogy/4c71afd1_0265.txt
265	266	genealogy/035ee444_0266.txt
266	267	genealogy/7e05a27b_0267.txt
267	268	genealogy/3a0ee16b_0268.txt
268	269	genealogy/91d2f992_0269.txt
269	270	genealogy/075a6c5d_0270.txt
270	271	genealogy/0e4cd8ab_0271.txt
271	272	genealogy/0a079174_0272.txt
272	273	genealogy/cb471107_0273.txt
273	274	genealogy/3538f994_0274.txt
274	275	genealogy/af80405d_0275.txt
275	276	genealogy/1dcad8ae_0276.txt
276	277	genealogy/37509160_0277.txt
277	278	genealogy/a191766c_0278.txt
278	279	genealogy/71cb3dd0_0279.txt
279	280	genealogy/a351d1ef_0280.txt
280	281	genealogy/1d2a53d6_0281.txt
281	282	genealogy/de251bb4_0282.txt
282	283	genealogy/30d46107_0283.txt
283	284	genealogy/7ee3b3cb_0284.txt
284	285	genealogy/c23c293c_0285.txt
285	286	genealogy/08d54f48_0286.txt
286	287	genealogy/ead07a5d_0287.txt
287	288	genealogy/c5bc0366_0288.txt
288	289	genealogy/10c9755e_0289.txt
289	290	genealogy/83ab6a4e_0290.txt
290	291	genealogy/0656abc4_0291.txt
291	292	genealogy/122b947a_0292.txt
292	293	genealogy/46843aa6_0293.txt
293	294	genealogy/3cb1fe7c_0294.txt
294	295	genealogy/dd910e20_0295.txt
295	296	genealogy/226b416a_0296.txt
296	297	genealogy/a1c9b593_0297.txt
297	298	genealogy/26799f59_0298.txt
298	299	genealogy/bce43159_0299.txt
299	300	genealogy/b541f4c4_0300.txt
300	301	genealogy/88074a60_0301.txt
301	302	genealogy/9a2b2e87_0302.txt
302	303	genealogy/d85d18e8_0303.txt
303	304	genealogy/05872251_0304.txt
304	305	genealogy/45fba2df_0305.txt
305	306	genealogy/a171eee3_0306.txt
306	307	genealogy/f85069ff_0307.txt
307	308	genealogy/31989694_0308.txt
308	309	genealogy/b0480cc7_0309.txt
309	310	genealogy/bce8296d_0310.txt
310	311	genealogy/8e61dd21_0311.txt
311	312	genealogy/43c8c8f3_0312.txt
312	313	genealogy/400e93e1_0313.txt
313	314	genealogy/ff145195_0314.txt
314	315	genealogy/70060b8e_0315.txt
315	316	genealogy/13aaa6ae_0316.txt
316	317	genealogy/e18abd96_0317.txt
317	318	genealogy/02f64965_0318.txt
318	319	genealogy/26e60ee5_0319.txt
319	320	genealogy/0ce471f7_0320.txt
320	321	genealogy/c488297c_0321.txt
321	322	genealogy/781ce52c_0322.txt
322	323	genealogy/43f330cf_0323.txt
323	324	genealogy/1c0b6560_0324.txt
324	325	genealogy/621ab686_0325.txt
325	326	genealogy/3e43b573_0326.txt
326	327	genealogy/3fa8681c_0327.txt
327	328	genealogy/c661f440_0328.txt
328	329	genealogy/65ceacec_0329.txt
329	330	genealogy/01207748_0330.txt
330	331	genealogy/f5fa20f7_0331.txt
331	332	genealogy/84a9a8e8_0332.txt
332	333	genealogy/c3204bad_0333.txt
333	334	genealogy/8f02432a_0334.txt
334	335	genealogy/1c502ab9_0335.txt
335	336	genealogy/67565fc0_0336.txt
336	337	genealogy/e52c76cf_0337.txt
337	338	genealogy/447d81e7_0338.txt
338	339	genealogy/e24716f3_0339.txt
339	340	genealogy/eb199095_0340.txt
340	341	genealogy/49eeaf95_0341.txt
341	342	genealogy/a74e2376_0342.txt
342	343	genealogy/c6816c8b_0343.txt
343	344	genealogy/b5d856f7_0344.txt
344	345	genealogy/55a0d453_0345.txt
345	346	genealogy/501e2d29_0346.txt
346	347	genealogy/51e1b509_0347.txt
347	348	genealogy/81d63d26_0348.txt
348	349	genealogy/52467254_0349.txt
349	350	genealogy/f8fd72d6_0350.txt
350	351	genealogy/8cff34ef_0351.txt
351	352	genealogy/eca58a55_0352.txt
352	353	genealogy/9402f76b_0353.txt
353	354	genealogy/672668be_0354.txt
354	355	genealogy/ba18579b_0355.txt
355	356	genealogy/d23cfaa8_0356.txt
356	357	genealogy/d19f87fc_0357.txt
357	358	genealogy/f21bc82b_0358.txt
358	359	genealogy/e63b942e_0359.txt
359	360	genealogy/f46d3304_0360.txt
360	361	genealogy/43b2dead_0361.txt
361	362	genealogy/059b6453_0362.txt
362	363	genealogy/e01af299_0363.txt
363	364	genealogy/e32acca0_0364.txt
364	365	genealogy/ac41cb15_0365.txt
365	366	genealogy/2203b506_0366.txt
366	367	genealogy/fe246b4a_0367.txt
367	368	genealogy/efbdd85b_0368.txt
368	369	genealogy/59b29762_0369.txt
369	370	genealogy/f6c5fdf7_0370.txt
370	371	genealogy/70a8a8c7_0371.txt
371	372	genealogy/15f28ebd_0372.txt
372	373	genealogy/d0ecd80f_0373.txt
373	374	genealogy/9d5ca7ee_0374.txt
374	375	genealogy/5199e200_0375.txt
375	376	genealogy/b30cbab9_0376.txt
376	377	genealogy/60526086_0377.txt
377	378	genealogy/e484698b_0378.txt
378	379	genealogy/7194d351_0379.txt
379	380	genealogy/b6c0000a_0380.txt
380	381	genealogy/9353b6b7_0381.txt
381	382	genealogy/42e8c37a_0382.txt
382	383	genealogy/e8c0d290_0383.txt
383	384	genealogy/a2b7a509_0384.txt
384	385	genealogy/177c9631_0385.txt
385	386	genealogy/edb9a93d_0386.txt
386	387	genealogy/ca8804d8_0387.txt
387	388	genealogy/8aaa85a4_0388.txt
388	389	genealogy/286addbb_0389.txt
389	390	genealogy/4700f3dd_0390.txt
390	391	genealogy/4a00b018_0391.txt
391	392	genealogy/91bd8dbe_0392.txt
392	393	genealogy/fa7346cb_0393.txt
393	394	genealogy/72a6da55_0394.txt
394	395	genealogy/d376d97b_0395.txt
395	396	genealogy/ac5d33cf_0396.txt
396	397	genealogy/42ebc893_0397.txt
397	398	genealogy/b7116d53_0398.txt
398	399	genealogy/2a415792_0399.txt
399	400	genealogy/de14d7a7_0400.txt
400	401	genealogy/17761cf8_0401.txt
401	402	genealogy/fef07356_0402.txt
402	403	genealogy/99c7f208_0403.txt
403	404	genealogy/7cd0aa2f_0404.txt
404	405	genealogy/fc294b94_0405.txt
405	406	genealogy/99337173_0406.txt
406	407	genealogy/4c9f3655_0407.txt
407	408	genealogy/3e256d37_0408.txt
408	409	genealogy/7d7a2071_0409.txt
409	410	genealogy/8aff6bc1_0410.txt
410	411	genealogy/0993062a_0411.txt
411	412	genealogy/79e5f1d2_0412.txt
412	413	genealogy/94eefca4_0413.txt
413	414	genealogy/2a29c758_0414.txt
414	415	genealogy/aab6cd48_0415.txt
415	416	genealogy/57c25964_0416.txt
416	417	genealogy/cc9d9692_0417.txt
417	418	genealogy/9cd4daad_0418.txt
418	419	genealogy/0aa2a3d2_0419.txt
419	420	genealogy/5b21f96d_0420.txt
420	421	genealogy/72291bf2_0421.txt
421	422	genealogy/6fd6f54d_0422.txt
422	423	genealogy/b3936438_0423.txt
423	424	genealogy/7ba41c1b_0424.txt
424	425	genealogy/02520b8d_0425.txt
425	426	genealogy/31ba2bdc_0426.txt
426	427	genealogy/6336fc92_0427.txt
427	428	genealogy/5a83e7d7_0428.txt
428	429	genealogy/ebb07550_0429.txt
429	430	genealogy/599bac90_0430.txt
430	431	genealogy/24e6529e_0431.txt
431	432	genealogy/29a43ffc_0432.txt
432	433	genealogy/956b6fa3_0433.txt
433	434	genealogy/1084c236_0434.txt
434	435	genealogy/29ca80b3_0435.txt
435	436	genealogy/bf479361_0436.txt
436	437	genealogy/d1548867_0437.txt
437	438	genealogy/251f273d_0438.txt
438	439	genealogy/284e67fd_0439.txt
439	440	genealogy/a9c9a4e2_0440.txt
440	441	genealogy/085697e5_0441.txt
441	442	genealogy/f0007093_0442.txt
442	443	genealogy/aa96502f_0443.txt
443	444	genealogy/a5272faa_0444.txt
444	445	genealogy/76104f65_0445.txt
445	446	genealogy/d7cd6650_0446.txt
446	447	genealogy/465a3009_0447.txt
447	448	genealogy/bd76b358_0448.txt
448	449	genealogy/a01145ae_0449.txt
449	450	genealogy/bc92c501_0450.txt
450	451	genealogy/9e607f0b_0451.txt
451	452	genealogy/00ead8a2_0452.txt
452	453	genealogy/0b0fc5a4_0453.txt
453	454	genealogy/462fb4a3_0454.txt
454	455	genealogy/1887fbc1_0455.txt
455	456	genealogy/680ad548_0456.txt
456	457	genealogy/818fb2e5_0457.txt
457	458	genealogy/706778c1_0458.txt
458	459	genealogy/aa9ca5a1_0459.txt
459	460	genealogy/2af0ddb3_0460.txt
460	461	genealogy/a67a2228_0461.txt
461	462	genealogy/a2b5f83e_0462.txt
462	463	genealogy/ea4f1579_0463.txt
463	464	genealogy/0b1b4b50_0464.txt
464	465	genealogy/cf135dbf_0465.txt
465	466	genealogy/6670f21a_0466.txt
466	467	genealogy/2f0585d6_0467.txt
467	468	genealogy/d83e2573_0468.txt
468	469	genealogy/cbe404a3_0469.txt
469	470	genealogy/b595dbf4_0470.txt
470	471	genealogy/d87ba1cf_0471.txt
471	472	genealogy/e07304b6_0472.txt
472	473	genealogy/ea64cec6_0473.txt
473	474	genealogy/178db645_0474.txt
474	475	genealogy/f4ffa109_0475.txt
475	476	genealogy/a0787550_0476.txt
476	477	genealogy/d6b51624_0477.txt
477	478	genealogy/e1d4b965_0478.txt
478	479	genealogy/bd9dda3a_0479.txt
479	480	genealogy/6d38f311_0480.txt
480	481	genealogy/ea991418_0481.txt
481	482	genealogy/e565c8a9_0482.txt
482	483	genealogy/98e12090_0483.txt
483	484	genealogy/5cba0c21_0484.txt
484	485	genealogy/97141909_0485.txt
485	486	genealogy/9a7cfa9c_0486.txt
486	487	genealogy/bad52fba_0487.txt
487	488	genealogy/0cb2cc3f_0488.txt
488	489	genealogy/d00f38d3_0489.txt
489	490	genealogy/63be662d_0490.txt
490	491	genealogy/45561659_0491.txt
491	492	genealogy/f70b4c5a_0492.txt
492	493	genealogy/e01a996f_0493.txt
493	494	genealogy/d78ca9e9_0494.txt
494	495	genealogy/d5865b44_0495.txt
495	496	genealogy/87d3a3ba_0496.txt
496	497	genealogy/e5ff622f_0497.txt
497	498	genealogy/dbdbd21b_0498.txt
498	499	genealogy/9af2e0f7_0499.txt
499	500	genealogy/fa7ca214_0500.txt
500	501	genealogy/a23b2a18_0501.txt
501	502	genealogy/5a3d93be_0502.txt
502	503	genealogy/afbecb66_0503.txt
503	504	genealogy/649f95bd_0504.txt
504	505	genealogy/031dc345_0505.txt
505	506	genealogy/3e93e5c1_0506.txt
506	507	genealogy/2c40e8bd_0507.txt
507	508	genealogy/a61db586_0508.txt
508	509	genealogy/5ab224ab_0509.txt
509	510	genealogy/1696cbc9_0510.txt
510	511	genealogy/42d8823c_0511.txt
511	512	genealogy/96f7c0e9_0512.txt
512	513	genealogy/2480601d_0513.txt
513	514	genealogy/9020cdb4_0514.txt
514	515	genealogy/5bff89dd_0515.txt
515	516	genealogy/22229eed_0516.txt
516	517	genealogy/77b7d5d7_0517.txt
517	518	genealogy/35534f9e_0518.txt
518	519	genealogy/463abb0a_0519.txt
519	520	genealogy/07e82b6e_0520.txt
520	521	genealogy/aef443ee_0521.txt
521	522	genealogy/22d321b9_0522.txt
522	523	genealogy/83bbef82_0523.txt
523	524	genealogy/b59b4e88_0524.txt
524	525	genealogy/391317b7_0525.txt
525	526	genealogy/cd2b1f06_0526.txt
526	527	genealogy/7405dab8_0527.txt
527	528	genealogy/c3683773_0528.txt
528	529	genealogy/b2388944_0529.txt
529	530	genealogy/0447b8cc_0530.txt
530	531	genealogy/6424c073_0531.txt
531	532	genealogy/61d00f63_0532.txt
532	533	genealogy/e0b19893_0533.txt
533	534	genealogy/0e1d5ec2_0534.txt
534	535	genealogy/18cabc8a_0535.txt
535	536	genealogy/5d26e584_0536.txt
536	537	genealogy/5a1e656b_0537.txt
537	538	genealogy/4305af9a_0538.txt
538	539	genealogy/da93949d_0539.txt
539	540	genealogy/e6bad319_0540.txt
540	541	genealogy/0015f1b5_0541.txt
541	542	genealogy/77baf0e3_0542.txt
542	543	genealogy/88d043d1_0543.txt
543	544	genealogy/aeda5c0f_0544.txt
544	545	genealogy/042feac7_0545.txt
545	546	genealogy/5991448c_0546.txt
546	547	genealogy/8ab782b0_0547.txt
547	548	genealogy/4f0e6068_0548.txt
548	549	genealogy/254bbbdd_0549.txt
549	550	genealogy/612662a4_0550.txt
550	551	genealogy/1e988f5e_0551.txt
551	552	genealogy/7aea56c4_0552.txt
552	553	genealogy/ae26519e_0553.txt
553	554	genealogy/aa7088ff_0554.txt
554	555	genealogy/e94319bd_0555.txt
555	556	genealogy/f8c8dcb7_0556.txt
556	557	genealogy/c8047d8b_0557.txt
557	558	genealogy/6c346a66_0558.txt
558	559	genealogy/8e3f06c1_0559.txt
559	560	genealogy/c59eb001_0560.txt
560	561	genealogy/894c17c6_0561.txt
561	562	genealogy/d1e38dfc_0562.txt
562	563	genealogy/17f66528_0563.txt
563	564	genealogy/4b6708bb_0564.txt
564	565	genealogy/d68e0c75_0565.txt
565	566	genealogy/067e516d_0566.txt
566	567	genealogy/2e8ee268_0567.txt
567	568	genealogy/2902bf99_0568.txt
568	569	genealogy/7c174f3c_0569.txt
569	570	genealogy/fbab4fe9_0570.txt
570	571	genealogy/1795abb1_0571.txt
571	572	genealogy/2ce1144b_0572.txt
572	573	genealogy/21130443_0573.txt
573	574	genealogy/9eadb984_0574.txt
574	575	genealogy/3d96069f_0575.txt
575	576	genealogy/267902c8_0576.txt
576	577	genealogy/86973c49_0577.txt
577	578	genealogy/8847fe7e_0578.txt
578	579	genealogy/f0661279_0579.txt
579	580	genealogy/3c5a7a7f_0580.txt
580	581	genealogy/ac43b7af_0581.txt
581	582	genealogy/05b81342_0582.txt
582	583	genealogy/d40ec6b3_0583.txt
583	584	genealogy/58624ec2_0584.txt
584	585	genealogy/7bed6ab8_0585.txt
585	586	genealogy/d85e7a11_0586.txt
586	587	genealogy/02a3b807_0587.txt
587	588	genealogy/4ba1dd70_0588.txt
588	589	genealogy/7f4e0198_0589.txt
589	590	genealogy/7be2819a_0590.txt
590	591	genealogy/86d7ca7a_0591.txt
591	592	genealogy/a0feff1c_0592.txt
592	593	genealogy/5b3c96a5_0593.txt
593	594	genealogy/e4e5477a_0594.txt
594	595	genealogy/a296fc06_0595.txt
595	596	genealogy/4815a6b5_0596.txt
596	597	genealogy/97f0c9c3_0597.txt
597	598	genealogy/5d29652e_0598.txt
598	599	genealogy/bffe3890_0599.txt
599	600	genealogy/abf9a009_0600.txt
600	601	genealogy/9081fdc0_0601.txt
601	602	genealogy/a6a821bf_0602.txt
602	603	genealogy/4e57c1cf_0603.txt
603	604	genealogy/81fc8274_0604.txt
604	605	genealogy/3eaef6a9_0605.txt
605	606	genealogy/b07ad787_0606.txt
606	607	genealogy/e851132a_0607.txt
607	608	genealogy/353b46cf_0608.txt
608	609	genealogy/05c9047d_0609.txt
609	610	genealogy/c25a5dcf_0610.txt
610	611	genealogy/c7112a96_0611.txt
611	612	genealogy/17468614_0612.txt
612	613	genealogy/d0be304e_0613.txt
613	614	genealogy/c1d6b833_0614.txt
614	615	genealogy/38ff5256_0615.txt
615	616	genealogy/d193bb4b_0616.txt
616	617	genealogy/716e4799_0617.txt
617	618	genealogy/94b5b37d_0618.txt
618	619	genealogy/d99fafb6_0619.txt
619	620	genealogy/d337d28e_0620.txt
620	621	genealogy/99ffcec0_0621.txt
621	622	genealogy/86cdd864_0622.txt
622	623	genealogy/c04bdee5_0623.txt
623	624	genealogy/5a764f0e_0624.txt
624	625	genealogy/bdeaab13_0625.txt
625	626	genealogy/6ab30200_0626.txt
626	627	genealogy/b9b0620f_0627.txt
627	628	genealogy/1d700ca5_0628.txt
628	629	genealogy/f433806a_0629.txt
629	630	genealogy/5eaa0592_0630.txt
630	631	genealogy/310eddc5_0631.txt
631	632	genealogy/90c7439c_0632.txt
632	633	genealogy/aa463843_0633.txt
633	634	genealogy/3c5355f8_0634.txt
634	635	genealogy/21be7c63_0635.txt
635	636	genealogy/4ff5df88_0636.txt
636	637	genealogy/75c83936_0637.txt
637	638	genealogy/eee4108b_0638.txt
638	639	genealogy/03185fd2_0639.txt
639	640	genealogy/fd21a1d7_0640.txt
640	641	genealogy/4cbbf22b_0641.txt
641	642	genealogy/5d9808da_0642.txt
642	643	genealogy/ae7ccd84_0643.txt
643	644	genealogy/9db28c7c_0644.txt
644	645	genealogy/12edca53_0645.txt
645	646	genealogy/b5574f6c_0646.txt
646	647	genealogy/013bd4aa_0647.txt
647	648	genealogy/e9630bec_0648.txt
648	649	genealogy/8a5efa75_0649.txt
649	650	genealogy/87d7659a_0650.txt
650	651	genealogy/afbb9bf1_0651.txt
651	652	genealogy/83419545_0652.txt
652	653	genealogy/32125e97_0653.txt
653	654	genealogy/59192c28_0654.txt
654	655	genealogy/3e32ec53_0655.txt
655	656	genealogy/4bece5d4_0656.txt
656	657	genealogy/c1b29867_0657.txt
657	658	genealogy/eb78f8c2_0658.txt
658	659	genealogy/a625be97_0659.txt
659	660	genealogy/3d0f2680_0660.txt
660	661	genealogy/93b5ff71_0661.txt
661	662	genealogy/c88902f9_0662.txt
662	663	genealogy/85e52a5b_0663.txt
663	664	genealogy/44462304_0664.txt
664	665	genealogy/05ec2018_0665.txt
665	666	genealogy/dc83caa3_0666.txt
666	667	genealogy/85ffa303_0667.txt
667	668	genealogy/482b9f49_0668.txt
668	669	genealogy/fbb346d3_0669.txt
669	670	genealogy/0b27e2a4_0670.txt
670	671	genealogy/f5c60a02_0671.txt
671	672	genealogy/a57e34ee_0672.txt
672	673	genealogy/0be8ffb6_0673.txt
673	674	genealogy/0eb490eb_0674.txt
674	675	genealogy/a0eee3fb_0675.txt
675	676	genealogy/1d700ca5_0676.txt
676	677	genealogy/a449089b_0677.txt
677	678	genealogy/e6a04845_0678.txt
678	679	genealogy/05f1313a_0679.txt
679	680	genealogy/b024dd6a_0680.txt
680	681	genealogy/89ed96ac_0681.txt
681	682	genealogy/f216bed2_0682.txt
682	683	genealogy/67b17d6c_0683.txt
683	684	genealogy/c855b843_0684.txt
684	685	genealogy/a54a968d_0685.txt
685	686	genealogy/eac999fc_0686.txt
686	687	genealogy/d3b901b0_0687.txt
687	688	genealogy/221fde8d_0688.txt
688	689	genealogy/00066123_0689.txt
689	690	genealogy/0a726868_0690.txt
690	691	genealogy/a38b9882_0691.txt
691	692	genealogy/4da6720f_0692.txt
692	693	genealogy/8f3b4b41_0693.txt
693	694	genealogy/3cba6ecf_0694.txt
694	695	genealogy/58b11c5c_0695.txt
695	696	genealogy/f96f80e4_0696.txt
696	697	genealogy/a33b1279_0697.txt
697	698	genealogy/30242e0d_0698.txt
698	699	genealogy/85ffa303_0699.txt
699	700	genealogy/e11f1902_0700.txt
700	701	genealogy/7f96e83b_0701.txt
701	702	genealogy/453c5556_0702.txt
702	703	genealogy/6d2581cf_0703.txt
703	704	genealogy/87d88c9a_0704.txt
704	705	genealogy/1d700ca5_0705.txt
705	706	genealogy/492c7040_0706.txt
706	707	genealogy/108a9742_0707.txt
707	708	genealogy/8bfe7ccf_0708.txt
708	709	genealogy/19c566ca_0709.txt
709	710	genealogy/55263770_0710.txt
710	711	genealogy/701e797a_0711.txt
711	712	genealogy/b2278dcc_0712.txt
712	713	genealogy/34f796a1_0713.txt
713	714	genealogy/44829a74_0714.txt
714	715	genealogy/db4f194a_0715.txt
715	716	genealogy/6645f9f9_0716.txt
716	717	genealogy/2f76bb58_0717.txt
717	718	genealogy/f9dd719c_0718.txt
718	719	genealogy/70ea901b_0719.txt
719	720	genealogy/ee762f7b_0720.txt
720	721	genealogy/0d26b6dd_0721.txt
721	722	genealogy/a32be8f7_0722.txt
722	723	genealogy/cc1d1e3f_0723.txt
723	724	genealogy/4dc305cd_0724.txt
724	725	genealogy/fe8e33f3_0725.txt
725	726	genealogy/1eaa59cc_0726.txt
726	727	genealogy/96ed29c4_0727.txt
727	728	genealogy/1b85e001_0728.txt
728	729	genealogy/401c4292_0729.txt
729	730	genealogy/ab05f050_0730.txt
730	731	genealogy/8921e3a2_0731.txt
731	732	genealogy/4faf680f_0732.txt
732	733	genealogy/9dad8221_0733.txt
733	734	genealogy/e8a26c49_0734.txt
734	735	genealogy/0f06bdc5_0735.txt
735	736	genealogy/a9869ee3_0736.txt
736	737	genealogy/b580e30b_0737.txt
737	738	genealogy/6d55bbbb_0738.txt
738	739	genealogy/7316e03c_0739.txt
739	740	genealogy/02ae05a3_0740.txt
740	741	genealogy/a9edf1fd_0741.txt
741	742	genealogy/91393d91_0742.txt
742	743	genealogy/bdb21543_0743.txt
743	744	genealogy/8d0d41a9_0744.txt
744	745	genealogy/1afa5cac_0745.txt
745	746	genealogy/f981aed4_0746.txt
746	747	genealogy/80a2a48a_0747.txt
747	748	genealogy/2f343f6e_0748.txt
748	749	genealogy/8a9ad6e4_0749.txt
749	750	genealogy/cf0ffa07_0750.txt
750	751	genealogy/7e4dde9b_0751.txt
751	752	genealogy/4f216bc0_0752.txt
752	753	genealogy/1becdd51_0753.txt
753	754	genealogy/c98baeef_0754.txt
754	755	genealogy/2b6ac41b_0755.txt
755	756	genealogy/c3d2895b_0756.txt
756	757	genealogy/2577ca25_0757.txt
757	758	genealogy/ff7c1143_0758.txt
758	759	genealogy/e043a970_0759.txt
759	760	genealogy/7e50aa9a_0760.txt
760	761	genealogy/033f3207_0761.txt
761	762	genealogy/6c347fd9_0762.txt
762	763	genealogy/bb0aa171_0763.txt
763	764	genealogy/4f038ffd_0764.txt
764	765	genealogy/2f0fc825_0765.txt
765	766	genealogy/a4b441e7_0766.txt
766	767	genealogy/befb8b95_0767.txt
767	768	genealogy/82c2a2c8_0768.txt
768	769	genealogy/17e2744c_0769.txt
769	770	genealogy/abbc2ce6_0770.txt
770	771	genealogy/7c6fb941_0771.txt
771	772	genealogy/673a090d_0772.txt
772	773	genealogy/68a7cc45_0773.txt
773	774	genealogy/ee8f814e_0774.txt
774	775	genealogy/9b0d450c_0775.txt
775	776	genealogy/5b18cb02_0776.txt
776	777	genealogy/34758bcc_0777.txt
777	778	genealogy/b132d0aa_0778.txt
778	779	genealogy/22f5e129_0779.txt
779	780	genealogy/f6dab8f5_0780.txt
780	781	genealogy/9c8cf109_0781.txt
781	782	genealogy/63feacc8_0782.txt
782	783	genealogy/7ad7e8e6_0783.txt
783	784	genealogy/1185ebb4_0784.txt
784	785	genealogy/c383014a_0785.txt
785	786	genealogy/0c8fb8bf_0786.txt
786	787	genealogy/48d2a26a_0787.txt
787	788	genealogy/46d188aa_0788.txt
788	789	genealogy/86f992f4_0789.txt
789	790	genealogy/dc203b55_0790.txt
790	791	genealogy/9507cd1b_0791.txt
791	792	genealogy/7b887165_0792.txt
792	793	genealogy/713f6c52_0793.txt
793	794	genealogy/e8cbb518_0794.txt
794	795	genealogy/f52525f7_0795.txt
795	796	genealogy/c3fb0ffa_0796.txt
796	797	genealogy/0d14e454_0797.txt
797	798	genealogy/bf73b904_0798.txt
798	799	genealogy/821b4ebb_0799.txt
799	800	genealogy/fd355d62_0800.txt
800	801	genealogy/0fb079f4_0801.txt
801	802	genealogy/b3977729_0802.txt
802	803	genealogy/94a4eb4e_0803.txt
803	804	genealogy/e80bfe27_0804.txt
804	805	genealogy/6aff05fd_0805.txt
805	806	genealogy/a0e18a9a_0806.txt
806	807	genealogy/32a21de4_0807.txt
807	808	genealogy/ed12c5f3_0808.txt
808	809	genealogy/d256247f_0809.txt
809	810	genealogy/dbdeebe7_0810.txt
810	811	genealogy/161ad152_0811.txt
811	812	genealogy/a9f4fb33_0812.txt
812	813	genealogy/4f41ce7e_0813.txt
813	814	genealogy/e71161f6_0814.txt
814	815	genealogy/0d3ad244_0815.txt
815	816	genealogy/09a82bcd_0816.txt
816	817	genealogy/2773178f_0817.txt
817	818	genealogy/799490f2_0818.txt
818	819	genealogy/99a5bbee_0819.txt
819	820	genealogy/849ec2e1_0820.txt
820	821	genealogy/a682333b_0821.txt
821	822	genealogy/8f7eae58_0822.txt
822	823	genealogy/2ac52294_0823.txt
823	824	genealogy/f5332d57_0824.txt
824	825	genealogy/e9c68b70_0825.txt
825	826	genealogy/07bda94e_0826.txt
826	827	genealogy/2d5b61ab_0827.txt
827	828	genealogy/4051edff_0828.txt
828	829	genealogy/56f829ce_0829.txt
829	830	genealogy/0acb542b_0830.txt
830	831	genealogy/f01169bb_0831.txt
831	832	genealogy/09c771c6_0832.txt
832	833	genealogy/b119aecc_0833.txt
833	834	genealogy/ed9d07ad_0834.txt
834	835	genealogy/f20a067d_0835.txt
835	836	genealogy/6fe4f8cb_0836.txt
836	837	genealogy/c5f01dad_0837.txt
837	838	genealogy/f535ab34_0838.txt
838	839	genealogy/b7bd8f9a_0839.txt
839	840	genealogy/c7254907_0840.txt
840	841	genealogy/25bf363b_0841.txt
841	842	genealogy/846839e7_0842.txt
842	843	genealogy/445995e9_0843.txt
843	844	genealogy/56e728a1_0844.txt
844	845	genealogy/ce6f94c4_0845.txt
845	846	genealogy/a28a0da9_0846.txt
846	847	genealogy/b6467bde_0847.txt
847	848	genealogy/f8b1ece6_0848.txt
848	849	genealogy/41801802_0849.txt
849	850	genealogy/b97f8a4c_0850.txt
850	851	genealogy/95e7376d_0851.txt
851	852	genealogy/8ab17a51_0852.txt
852	853	genealogy/20f2bea6_0853.txt
853	854	genealogy/c6abfce8_0854.txt
854	855	genealogy/5a991451_0855.txt
855	856	genealogy/e77544de_0856.txt
856	857	genealogy/7926a4b0_0857.txt
857	858	genealogy/f05ed07d_0858.txt
858	859	genealogy/28b44d7c_0859.txt
859	860	genealogy/bfe01f5d_0860.txt
860	861	genealogy/fe1084ec_0861.txt
861	862	genealogy/116d6a2a_0862.txt
862	863	genealogy/f9643e48_0863.txt
863	864	genealogy/f093b158_0864.txt
864	865	genealogy/6d112d9f_0865.txt
865	866	genealogy/654ee3e3_0866.txt
866	867	genealogy/d946f2d5_0867.txt
867	868	genealogy/b26522cf_0868.txt
868	869	genealogy/510d85e0_0869.txt
869	870	genealogy/d535e9e5_0870.txt
870	871	genealogy/39d1e4b1_0871.txt
871	872	genealogy/0b585b68_0872.txt
872	873	genealogy/0d26b6dd_0873.txt
873	874	genealogy/78d6667d_0874.txt
874	875	genealogy/25219ee0_0875.txt
875	876	genealogy/6f4f016d_0876.txt
876	877	genealogy/dee6419c_0877.txt
877	878	genealogy/dff5436d_0878.txt
878	879	genealogy/19ebcce1_0879.txt
879	880	genealogy/5774465b_0880.txt
880	881	genealogy/588f033f_0881.txt
881	882	genealogy/b3343872_0882.txt
882	883	genealogy/ca2d89a1_0883.txt
883	884	genealogy/f904b962_0884.txt
884	885	genealogy/5dcbdd32_0885.txt
885	886	genealogy/03dcaeee_0886.txt
886	887	genealogy/d1f98eed_0887.txt
887	888	genealogy/462db1df_0888.txt
888	889	genealogy/d7a3d075_0889.txt
889	890	genealogy/2349bbb2_0890.txt
890	891	genealogy/7035a66f_0891.txt
891	892	genealogy/8922f7bf_0892.txt
892	893	genealogy/c88fde11_0893.txt
893	894	genealogy/9f606ea1_0894.txt
894	895	genealogy/35bbd6c7_0895.txt
895	896	genealogy/39dd7ff0_0896.txt
896	897	genealogy/13b82c1c_0897.txt
897	898	genealogy/8e69aac2_0898.txt
898	899	genealogy/cacad5fb_0899.txt
899	900	genealogy/05eb4ef5_0900.txt
900	901	genealogy/84187263_0901.txt
901	902	genealogy/a9c77b60_0902.txt
902	903	genealogy/f372408d_0903.txt
903	904	genealogy/61b41370_0904.txt
904	905	genealogy/eb8da0f1_0905.txt
905	906	genealogy/acdb7e9d_0906.txt
906	907	genealogy/109fb003_0907.txt
907	908	genealogy/6037e1fb_0908.txt
908	909	genealogy/cd967e7b_0909.txt
909	910	genealogy/76ada38a_0910.txt
910	911	genealogy/393d5820_0911.txt
911	912	genealogy/d9d4a2ca_0912.txt
912	913	genealogy/51703af0_0913.txt
913	914	genealogy/7b05e597_0914.txt
914	915	genealogy/49ad71ea_0915.txt
915	916	genealogy/0bbaec34_0916.txt
916	917	genealogy/ce4e21d7_0917.txt
917	918	genealogy/cc53705b_0918.txt
918	919	genealogy/49f43445_0919.txt
919	920	genealogy/6270a0b1_0920.txt
920	921	genealogy/d1b04b78_0921.txt
921	922	genealogy/9ac714bc_0922.txt
922	923	genealogy/f3771f79_0923.txt
923	924	genealogy/1742826b_0924.txt
924	925	genealogy/df0991ef_0925.txt
925	926	genealogy/4deb9419_0926.txt
926	927	genealogy/920baba5_0927.txt
927	928	genealogy/7b6452aa_0928.txt
928	929	genealogy/6977aff1_0929.txt
929	930	genealogy/8d5575dc_0930.txt
930	931	genealogy/37830b26_0931.txt
931	932	genealogy/3784e1ab_0932.txt
932	933	genealogy/c1ce8f10_0933.txt
933	934	genealogy/2f11d6f8_0934.txt
934	935	genealogy/c9b2e6b5_0935.txt
935	936	genealogy/a40ea981_0936.txt
936	937	genealogy/152cba68_0937.txt
937	938	genealogy/de897df4_0938.txt
938	939	genealogy/53b2bfef_0939.txt
939	940	genealogy/dea9e918_0940.txt
940	941	genealogy/921ca625_0941.txt
941	942	genealogy/daf9c098_0942.txt
942	943	genealogy/e2695d6e_0943.txt
943	944	genealogy/5a7cfe3d_0944.txt
944	945	genealogy/809748e5_0945.txt
945	946	genealogy/4657fab6_0946.txt
946	947	genealogy/fa79877b_0947.txt
947	948	genealogy/b6d80c75_0948.txt
948	949	genealogy/6d836500_0949.txt
949	950	genealogy/ab0a386f_0950.txt
950	951	genealogy/57da26b9_0951.txt
951	952	genealogy/99d9b6dd_0952.txt
952	953	genealogy/35b43770_0953.txt
953	954	genealogy/0c41f7b3_0954.txt
954	955	genealogy/a7ddbd9b_0955.txt
955	956	genealogy/fb871792_0956.txt
956	957	genealogy/8f7481ef_0957.txt
957	958	genealogy/cc6ff4cb_0958.txt
958	959	genealogy/dea1b297_0959.txt
959	960	genealogy/5fa8eef8_0960.txt
960	961	genealogy/c4852453_0961.txt
961	962	genealogy/f7adbd96_0962.txt
962	963	genealogy/e65e65c9_0963.txt
963	964	genealogy/ef47b202_0964.txt
964	965	genealogy/eaffa36a_0965.txt
965	966	genealogy/78452e3e_0966.txt
966	967	genealogy/11b801cc_0967.txt
967	968	genealogy/85078d3a_0968.txt
968	969	genealogy/1417e6c8_0969.txt
969	970	genealogy/1db73982_0970.txt
970	971	genealogy/1ee914fc_0971.txt
971	972	genealogy/e6021ca0_0972.txt
972	973	genealogy/bb189045_0973.txt
973	974	genealogy/e9c4ab1d_0974.txt
974	975	genealogy/53046aa8_0975.txt
975	976	genealogy/440b13d2_0976.txt
976	977	genealogy/2e2400fd_0977.txt
977	978	genealogy/a0216c66_0978.txt
978	979	genealogy/78bc125a_0979.txt
979	980	genealogy/5a4662c4_0980.txt
980	981	genealogy/4b1622e3_0981.txt
981	982	genealogy/53082cef_0982.txt
982	983	genealogy/3fe58cad_0983.txt
983	984	genealogy/0cb636d4_0984.txt
984	985	genealogy/9d145935_0985.txt
985	986	genealogy/11637cd7_0986.txt
986	987	genealogy/be6b8696_0987.txt
987	988	genealogy/0774ac47_0988.txt
988	989	genealogy/6d428bb4_0989.txt
989	990	genealogy/6fccdc2a_0990.txt
990	991	genealogy/196b0878_0991.txt
991	992	genealogy/d719f8bf_0992.txt
992	993	genealogy/12550bae_0993.txt
993	994	genealogy/47a13734_0994.txt
994	995	genealogy/4072e9cd_0995.txt
995	996	genealogy/1ade3af0_0996.txt
996	997	genealogy/12ae7ed1_0997.txt
997	998	genealogy/92b5011b_0998.txt
998	999	genealogy/63777c60_0999.txt
999	1000	genealogy/4cb6cce5_1000.txt
1000	1001	genealogy/460deabf_1001.txt
1001	1002	genealogy/fa79084b_1002.txt
1002	1003	genealogy/21bcd53b_1003.txt
1003	1004	genealogy/1b07ceb4_1004.txt
1004	1005	genealogy/81a6c50e_1005.txt
1005	1006	genealogy/1d02395c_1006.txt
1006	1007	genealogy/e160d6bd_1007.txt
1007	1008	genealogy/a3cefeef_1008.txt
1008	1009	genealogy/3c8f8228_1009.txt
1009	1010	genealogy/f79f1bfe_1010.txt
1010	1011	genealogy/d9f42e58_1011.txt
1011	1012	genealogy/940e5fa8_1012.txt
1012	1013	genealogy/063a84aa_1013.txt
1013	1014	genealogy/dd9f1455_1014.txt
1014	1015	genealogy/d2a51312_1015.txt
1015	1016	genealogy/2ee74b60_1016.txt
1016	1017	genealogy/1610678b_1017.txt
1017	1018	genealogy/424e669a_1018.txt
1018	1019	genealogy/3b220a7e_1019.txt
1019	1020	genealogy/435ba7d8_1020.txt
1020	1021	genealogy/b2cbecd7_1021.txt
1021	1022	genealogy/57d1f5db_1022.txt
1022	1023	genealogy/7fe19d01_1023.txt
1023	1024	genealogy/0809af9b_1024.txt
1024	1025	genealogy/2e17995a_1025.txt
1025	1026	genealogy/a63e9ed5_1026.txt
1026	1027	genealogy/d37f6182_1027.txt
1027	1028	genealogy/23e93d60_1028.txt
1028	1029	genealogy/2d26d243_1029.txt
1029	1030	genealogy/566908a1_1030.txt
1030	1031	genealogy/2091a5cd_1031.txt
1031	1032	genealogy/7cbe499e_1032.txt
1032	1033	genealogy/12c86ec5_1033.txt
1033	1034	genealogy/b8f8e202_1034.txt
1034	1035	genealogy/623bb182_1035.txt
1035	1036	genealogy/c2a73df4_1036.txt
1036	1037	genealogy/9fe681e3_1037.txt
1037	1038	genealogy/57867c90_1038.txt
1038	1039	genealogy/994cd586_1039.txt
1039	1040	genealogy/0728e059_1040.txt
1040	1041	genealogy/c61ef936_1041.txt
1041	1042	genealogy/fb03ba08_1042.txt
1042	1043	genealogy/72c97fc5_1043.txt
1043	1044	genealogy/f04fd00f_1044.txt
1044	1045	genealogy/c0c5938f_1045.txt
1045	1046	genealogy/d86d44b7_1046.txt
1046	1047	genealogy/9dcdf106_1047.txt
1047	1048	genealogy/e98f129f_1048.txt
1048	1049	genealogy/3d6affa5_1049.txt
1049	1050	genealogy/eef7424c_1050.txt
1050	1051	genealogy/60d8d3f2_1051.txt
1051	1052	genealogy/a7af0b26_1052.txt
1052	1053	genealogy/f82d6a7a_1053.txt
1053	1054	genealogy/6e3cb678_1054.txt
1054	1055	genealogy/0f94d1fb_1055.txt
1055	1056	genealogy/0d5bb368_1056.txt
1056	1057	genealogy/c9acf341_1057.txt
1057	1058	genealogy/a9063cdf_1058.txt
1058	1059	genealogy/0f98ddbc_1059.txt
1059	1060	genealogy/9130314e_1060.txt
1060	1061	genealogy/bada76e8_1061.txt
1061	1062	genealogy/860235c6_1062.txt
1062	1063	genealogy/b4ff5043_1063.txt
1063	1064	genealogy/f4785acb_1064.txt
1064	1065	genealogy/1edca7bd_1065.txt
1065	1066	genealogy/2caa4a86_1066.txt
1066	1067	genealogy/50e9203b_1067.txt
1067	1068	genealogy/0a1cde10_1068.txt
1068	1069	genealogy/9cebc2a8_1069.txt
1069	1070	genealogy/ed4cde76_1070.txt
1070	1071	genealogy/b6be5cea_1071.txt
1071	1072	genealogy/94b45a77_1072.txt
1072	1073	genealogy/23dcc6da_1073.txt
1073	1074	genealogy/24665e1f_1074.txt
1074	1075	genealogy/1cfd7e13_1075.txt
1075	1076	genealogy/ec6def75_1076.txt
1076	1077	genealogy/8bdb06c6_1077.txt
1077	1078	genealogy/e422fb02_1078.txt
1078	1079	genealogy/1f16d92b_1079.txt
1079	1080	genealogy/8512172b_1080.txt
1080	1081	genealogy/e7f5a711_1081.txt
1081	1082	genealogy/aefb582a_1082.txt
1082	1083	genealogy/de471b35_1083.txt
1083	1084	genealogy/9b075597_1084.txt
1084	1085	genealogy/8d26e253_1085.txt
1085	1086	genealogy/e806577a_1086.txt
1086	1087	genealogy/eebcebc1_1087.txt
1087	1088	genealogy/d4b00d62_1088.txt
1088	1089	genealogy/2b32cfa2_1089.txt
1089	1090	genealogy/526b4784_1090.txt
1090	1091	genealogy/bc506ece_1091.txt
1091	1092	genealogy/40d24666_1092.txt
1092	1093	genealogy/c6241820_1093.txt
1093	1094	genealogy/169cae7e_1094.txt
1094	1095	genealogy/83147f78_1095.txt
1095	1096	genealogy/cfcc9405_1096.txt
1096	1097	genealogy/e4323073_1097.txt
1097	1098	genealogy/b6a6faf3_1098.txt
1098	1099	genealogy/1437cf61_1099.txt
1099	1100	genealogy/acc3227f_1100.txt
1100	1101	genealogy/6ba3a3d4_1101.txt
1101	1102	genealogy/abaffdd0_1102.txt
1102	1103	genealogy/3e8a2db3_1103.txt
1103	1104	genealogy/21739a60_1104.txt
1104	1105	genealogy/ac7a03f4_1105.txt
1105	1106	genealogy/f69e1cab_1106.txt
1106	1107	genealogy/b10f6ae0_1107.txt
1107	1108	genealogy/780497b4_1108.txt
1108	1109	genealogy/70add36e_1109.txt
1109	1110	genealogy/160f7f8e_1110.txt
1110	1111	genealogy/5a53a0ba_1111.txt
1111	1112	genealogy/f9965c70_1112.txt
1112	1113	genealogy/98e9b49d_1113.txt
1113	1114	genealogy/832390e8_1114.txt
1114	1115	genealogy/1c93dc8c_1115.txt
1115	1116	genealogy/eeb86a86_1116.txt
1116	1117	genealogy/5d914e0d_1117.txt
1117	1118	genealogy/622c58b1_1118.txt
1118	1119	genealogy/3424afee_1119.txt
1119	1120	genealogy/5c91ef1d_1120.txt
1120	1121	genealogy/37008a4c_1121.txt
1121	1122	genealogy/8606aec5_1122.txt
1122	1123	genealogy/f277da24_1123.txt
1123	1124	genealogy/2b8f3a03_1124.txt
1124	1125	genealogy/b04b4fd6_1125.txt
1125	1126	genealogy/bc548c96_1126.txt
1126	1127	genealogy/79b60350_1127.txt
1127	1128	genealogy/2a4b5435_1128.txt
1128	1129	genealogy/db713938_1129.txt
1129	1130	genealogy/3f89b46d_1130.txt
1130	1131	genealogy/3791b6bc_1131.txt
1131	1132	genealogy/76571a13_1132.txt
1132	1133	genealogy/60f8cf19_1133.txt
1133	1134	genealogy/e8d06dab_1134.txt
1134	1135	genealogy/8d2e53f7_1135.txt
1135	1136	genealogy/48a00666_1136.txt
1136	1137	genealogy/ffa1da18_1137.txt
1137	1138	genealogy/18b9b9b3_1138.txt
1138	1139	genealogy/afa11b2c_1139.txt
1139	1140	genealogy/08e6fa4f_1140.txt
1140	1141	genealogy/a91e9af5_1141.txt
1141	1142	genealogy/89008a2f_1142.txt
1142	1143	genealogy/8d982c17_1143.txt
1143	1144	genealogy/74d5c3a1_1144.txt
1144	1145	genealogy/caf9d181_1145.txt
1145	1146	genealogy/ca748bb7_1146.txt
1146	1147	genealogy/6c54cd67_1147.txt
1147	1148	genealogy/6780a7d6_1148.txt
1148	1149	genealogy/0cc71c5c_1149.txt
1149	1150	genealogy/f3fd560b_1150.txt
1150	1151	genealogy/748a61c3_1151.txt
1151	1152	genealogy/18f24f6a_1152.txt
1152	1153	genealogy/05bf3749_1153.txt
1153	1154	genealogy/11f12d85_1154.txt
1154	1155	genealogy/9f362f33_1155.txt
1155	1156	genealogy/b07af7c6_1156.txt
1156	1157	genealogy/bde053af_1157.txt
1157	1158	genealogy/da33e9cc_1158.txt
1158	1159	genealogy/e8151602_1159.txt
1159	1160	genealogy/978b9ec4_1160.txt
1160	1161	genealogy/d0009a27_1161.txt
1161	1162	genealogy/6b007cf3_1162.txt
1162	1163	genealogy/c4dfa791_1163.txt
1163	1164	genealogy/3e18dbe6_1164.txt
1164	1165	genealogy/e60f416a_1165.txt
1165	1166	genealogy/d1ac7c00_1166.txt
1166	1167	genealogy/135a5360_1167.txt
1167	1168	genealogy/a8699f37_1168.txt
1168	1169	genealogy/275b8912_1169.txt
1169	1170	genealogy/fdd4b0b9_1170.txt
1170	1171	genealogy/73f51391_1171.txt
1171	1172	genealogy/fe84f807_1172.txt
1172	1173	genealogy/4480c59d_1173.txt
1173	1174	genealogy/e355f980_1174.txt
1174	1175	genealogy/d603ee72_1175.txt
1175	1176	genealogy/7150b1b7_1176.txt
1176	1177	genealogy/cf4db9c6_1177.txt
1177	1178	genealogy/71d240a8_1178.txt
1178	1179	genealogy/5752060b_1179.txt
1179	1180	genealogy/898c0983_1180.txt
1180	1181	genealogy/66f6170e_1181.txt
1181	1182	genealogy/16ad3b0e_1182.txt
1182	1183	genealogy/3955fc33_1183.txt
1183	1184	genealogy/5c7d9cc3_1184.txt
1184	1185	genealogy/1f579dae_1185.txt
1185	1186	genealogy/77c6e3e2_1186.txt
1186	1187	genealogy/b0b2c4a4_1187.txt
1187	1188	genealogy/7d198249_1188.txt
1188	1189	genealogy/b80a26c1_1189.txt
1189	1190	genealogy/996c44aa_1190.txt
1190	1191	genealogy/58b50c13_1191.txt
1191	1192	genealogy/827967a4_1192.txt
1192	1193	genealogy/e84b0904_1193.txt
1193	1194	genealogy/0f8c71cb_1194.txt
1194	1195	genealogy/cbacd154_1195.txt
1195	1196	genealogy/e9a1cafc_1196.txt
1196	1197	genealogy/9b6e863b_1197.txt
1197	1198	genealogy/5e0c362d_1198.txt
1198	1199	genealogy/32031166_1199.txt
1199	1200	genealogy/bc1cb24e_1200.txt
1200	1201	genealogy/3b6a9967_1201.txt
1201	1202	genealogy/1cc24156_1202.txt
1202	1203	genealogy/2ff5a71b_1203.txt
1203	1204	genealogy/23c6ee42_1204.txt
1204	1205	genealogy/392e60b0_1205.txt
1205	1206	genealogy/c7624c8d_1206.txt
1206	1207	genealogy/1e2951e4_1207.txt
1207	1208	genealogy/fb3bbd99_1208.txt
1208	1209	genealogy/a3dfa84d_1209.txt
1209	1210	genealogy/996700e4_1210.txt
1210	1211	genealogy/c355e17b_1211.txt
1211	1212	genealogy/a1a910db_1212.txt
1212	1213	genealogy/55e205b3_1213.txt
1213	1214	genealogy/5ddcfa69_1214.txt
1214	1215	genealogy/84277784_1215.txt
1215	1216	genealogy/6d768936_1216.txt
1216	1217	genealogy/a05b7dc7_1217.txt
1217	1218	genealogy/cd03c84f_1218.txt
1218	1219	genealogy/39fba867_1219.txt
1219	1220	genealogy/b63bb59e_1220.txt
1220	1221	genealogy/588c83f2_1221.txt
1221	1222	genealogy/e1b68b25_1222.txt
1222	1223	genealogy/7a95e064_1223.txt
1223	1224	genealogy/5b360af0_1224.txt
1224	1225	genealogy/b3808cc7_1225.txt
1225	1226	genealogy/47dae2dd_1226.txt
1226	1227	genealogy/d159381c_1227.txt
1227	1228	genealogy/635b3299_1228.txt
1228	1229	genealogy/df712a09_1229.txt
1229	1230	genealogy/e5a04d53_1230.txt
1230	1231	genealogy/f269d305_1231.txt
1231	1232	genealogy/a393d60d_1232.txt
1232	1233	genealogy/af23c7c1_1233.txt
1233	1234	genealogy/5e4fb973_1234.txt
1234	1235	genealogy/9762e23b_1235.txt
1235	1236	genealogy/acfae2d5_1236.txt
1236	1237	genealogy/38fef3b5_1237.txt
1237	1238	genealogy/096c04db_1238.txt
1238	1239	genealogy/0faf38bb_1239.txt
1239	1240	genealogy/4497f6d7_1240.txt
1240	1241	genealogy/95d32eb6_1241.txt
1241	1242	genealogy/5efdd77a_1242.txt
1242	1243	genealogy/20ccb3b7_1243.txt
1243	1244	genealogy/4fecca1b_1244.txt
1244	1245	genealogy/e65d8361_1245.txt
1245	1246	genealogy/dfd7feb1_1246.txt
1246	1247	genealogy/ea0f793a_1247.txt
1247	1248	genealogy/721519ff_1248.txt
1248	1249	genealogy/a70f29cb_1249.txt
1249	1250	genealogy/45ec0a2e_1250.txt
1250	1251	genealogy/39808aa6_1251.txt
1251	1252	genealogy/72fb8a2f_1252.txt
1252	1253	genealogy/5feb114a_1253.txt
1253	1254	genealogy/3d865bfd_1254.txt
1254	1255	genealogy/2d265b9a_1255.txt
1255	1256	genealogy/56607246_1256.txt
1256	1257	genealogy/b6796816_1257.txt
1257	1258	genealogy/63a1a4a3_1258.txt
1258	1259	genealogy/5e2c8a55_1259.txt
1259	1260	genealogy/3217a737_1260.txt
1260	1261	genealogy/8b00ebe2_1261.txt
1261	1262	genealogy/1cbe6391_1262.txt
1262	1263	genealogy/ed6ebefb_1263.txt
1263	1264	genealogy/9db70869_1264.txt
1264	1265	genealogy/64dcecd6_1265.txt
1265	1266	genealogy/39ddaa3a_1266.txt
1266	1267	genealogy/2db0ccf0_1267.txt
1267	1268	genealogy/2733913b_1268.txt
1268	1269	genealogy/3650bab5_1269.txt
1269	1270	genealogy/376b9458_1270.txt
1270	1271	genealogy/def709a3_1271.txt
1271	1272	genealogy/fc4a5f80_1272.txt
1272	1273	genealogy/a77dc112_1273.txt
1273	1274	genealogy/38e9d4d7_1274.txt
1274	1275	genealogy/eb16b2e8_1275.txt
1275	1276	genealogy/53b75aba_1276.txt
1276	1277	genealogy/1d6af2f7_1277.txt
1277	1278	genealogy/e6612ecb_1278.txt
1278	1279	genealogy/6abb60ba_1279.txt
1279	1280	genealogy/6fd65583_1280.txt
1280	1281	genealogy/da1f6172_1281.txt
1281	1282	genealogy/b320a5c1_1282.txt
1282	1283	genealogy/5cc87b94_1283.txt
1283	1284	genealogy/d4b293f7_1284.txt
1284	1285	genealogy/1f9511da_1285.txt
1285	1286	genealogy/5adec407_1286.txt
1286	1287	genealogy/e0b42a45_1287.txt
1287	1288	genealogy/6555084b_1288.txt
1288	1289	genealogy/b94b0795_1289.txt
1289	1290	genealogy/3bb7dc7d_1290.txt
1290	1291	genealogy/b890cc5a_1291.txt
1291	1292	genealogy/6e2c7d93_1292.txt
1292	1293	genealogy/a3f15658_1293.txt
1293	1294	genealogy/a0b97dbf_1294.txt
1294	1295	genealogy/0780cabb_1295.txt
1295	1296	genealogy/2f8d6100_1296.txt
1296	1297	genealogy/5a9ec414_1297.txt
1297	1298	genealogy/d43e679d_1298.txt
1298	1299	genealogy/8f7b8488_1299.txt
1299	1300	genealogy/a29abf1a_1300.txt
1300	1301	genealogy/85ed810b_1301.txt
1301	1302	genealogy/8444bab7_1302.txt
1302	1303	genealogy/f9e0311d_1303.txt
1303	1304	genealogy/63b6f2e8_1304.txt
1304	1305	genealogy/f7e064f5_1305.txt
1305	1306	genealogy/420a0be8_1306.txt
1306	1307	genealogy/4e8687bf_1307.txt
1307	1308	genealogy/687dc6bd_1308.txt
1308	1309	genealogy/1c2b2d22_1309.txt
1309	1310	genealogy/b56ce398_1310.txt
1310	1311	genealogy/1745b366_1311.txt
1311	1312	genealogy/88d3f179_1312.txt
1312	1313	genealogy/408bfa82_1313.txt
1313	1314	genealogy/86009733_1314.txt
1314	1315	genealogy/2fbf88a5_1315.txt
1315	1316	genealogy/7c477493_1316.txt
1316	1317	genealogy/28df1b44_1317.txt
1317	1318	genealogy/a04ad42a_1318.txt
1318	1319	genealogy/39b21a37_1319.txt
1319	1320	genealogy/491eb015_1320.txt
1320	1321	genealogy/1b541cd1_1321.txt
1321	1322	genealogy/15e290b3_1322.txt
1322	1323	genealogy/e038b412_1323.txt
1323	1324	genealogy/e35451d2_1324.txt
1324	1325	genealogy/ce5740a0_1325.txt
1325	1326	genealogy/f39af235_1326.txt
1326	1327	genealogy/ed7fd0f5_1327.txt
1327	1328	genealogy/cb45caea_1328.txt
1328	1329	genealogy/dc2ff448_1329.txt
1329	1330	genealogy/bb28452a_1330.txt
1330	1331	genealogy/aa681574_1331.txt
1331	1332	genealogy/68b75b86_1332.txt
1332	1333	genealogy/12377f0c_1333.txt
1333	1334	genealogy/47abfe33_1334.txt
1334	1335	genealogy/22934997_1335.txt
1335	1336	genealogy/e7000487_1336.txt
1336	1337	genealogy/2394a701_1337.txt
1337	1338	genealogy/d50d281f_1338.txt
1338	1339	genealogy/7c96fc5b_1339.txt
1339	1340	genealogy/fa50aba6_1340.txt
1340	1341	genealogy/f8b17cbf_1341.txt
1341	1342	genealogy/3126ae53_1342.txt
1342	1343	genealogy/30ab4972_1343.txt
1343	1344	genealogy/c9d1b248_1344.txt
1344	1345	genealogy/d3bf49c8_1345.txt
1345	1346	genealogy/1bcbea2c_1346.txt
1346	1347	genealogy/dd73a1e9_1347.txt
1347	1348	genealogy/30799876_1348.txt
1348	1349	genealogy/6f4dd4c0_1349.txt
1349	1350	genealogy/73258bc7_1350.txt
1350	1351	genealogy/aa782d96_1351.txt
1351	1352	genealogy/46548227_1352.txt
1352	1353	genealogy/896206f4_1353.txt
1353	1354	genealogy/4a3ceee8_1354.txt
1354	1355	genealogy/b8420ae9_1355.txt
1355	1356	genealogy/72af904e_1356.txt
1356	1357	genealogy/aaeb18a4_1357.txt
1357	1358	genealogy/344e139c_1358.txt
1358	1359	genealogy/fd3b2e97_1359.txt
1359	1360	genealogy/b8e1f518_1360.txt
1360	1361	genealogy/3e2892c1_1361.txt
1361	1362	genealogy/9b911886_1362.txt
1362	1363	genealogy/b37469af_1363.txt
1363	1364	genealogy/512c3314_1364.txt
1364	1365	genealogy/9923afa1_1365.txt
1365	1366	genealogy/efe6962d_1366.txt
1366	1367	genealogy/1fe992db_1367.txt
1367	1368	genealogy/3c000b5f_1368.txt
1368	1369	genealogy/fe9f163f_1369.txt
1369	1370	genealogy/abf016c2_1370.txt
1370	1371	genealogy/8f01391b_1371.txt
1371	1372	genealogy/7e2fa816_1372.txt
1372	1373	genealogy/4c4c1169_1373.txt
1373	1374	genealogy/cd952a77_1374.txt
1374	1375	genealogy/74c0bd22_1375.txt
1375	1376	genealogy/4ce259e6_1376.txt
1376	1377	genealogy/0d26b6dd_1377.txt
1377	1378	genealogy/017f01c9_1378.txt
1378	1379	genealogy/f6b602ea_1379.txt
1379	1380	genealogy/a2a0fd6b_1380.txt
1380	1381	genealogy/9bbb570c_1381.txt
1381	1382	genealogy/92e87f67_1382.txt
1382	1383	genealogy/4fb1fb9b_1383.txt
1383	1384	genealogy/49d6c0d8_1384.txt
1384	1385	genealogy/1f8dda41_1385.txt
1385	1386	genealogy/4eae37ea_1386.txt
1386	1387	genealogy/483398c5_1387.txt
1387	1388	genealogy/f88cf194_1388.txt
1388	1389	genealogy/d68612fd_1389.txt
1389	1390	genealogy/764f1e80_1390.txt
1390	1391	genealogy/1d19687c_1391.txt
1391	1392	genealogy/45650d72_1392.txt
1392	1393	genealogy/4a4f66aa_1393.txt
1393	1394	genealogy/ea662776_1394.txt
1394	1395	genealogy/e4a1f184_1395.txt
1395	1396	genealogy/904bea4a_1396.txt
1396	1397	genealogy/3000fefa_1397.txt
1397	1398	genealogy/c44d5426_1398.txt
1398	1399	genealogy/1ab14af6_1399.txt
1399	1400	genealogy/8d1007d9_1400.txt
1400	1401	genealogy/1a58332b_1401.txt
1401	1402	genealogy/8bfe0c3c_1402.txt
1402	1403	genealogy/36dbb645_1403.txt
1403	1404	genealogy/acb26d89_1404.txt
1404	1405	genealogy/db18f537_1405.txt
1405	1406	genealogy/663582ba_1406.txt
1406	1407	genealogy/5e833a87_1407.txt
1407	1408	genealogy/e26f298a_1408.txt
1408	1409	genealogy/803e4845_1409.txt
1409	1410	genealogy/be8c28a0_1410.txt
1410	1411	genealogy/f2c2112f_1411.txt
1411	1412	genealogy/685fe5ac_1412.txt
1412	1413	genealogy/75490b13_1413.txt
1413	1414	genealogy/0cb005d4_1414.txt
1414	1415	genealogy/6bd8b948_1415.txt
1415	1416	genealogy/4c140f04_1416.txt
1416	1417	genealogy/10eca9c6_1417.txt
1417	1418	genealogy/524bc24f_1418.txt
1418	1419	genealogy/55cc7714_1419.txt
1419	1420	genealogy/4abb2e3e_1420.txt
1420	1421	genealogy/ee526d33_1421.txt
1421	1422	genealogy/4780c322_1422.txt
1422	1423	genealogy/12f7d983_1423.txt
1423	1424	genealogy/bec0048c_1424.txt
1424	1425	genealogy/244cb8d1_1425.txt
1425	1426	genealogy/4f71a48c_1426.txt
1426	1427	genealogy/e3aa9040_1427.txt
1427	1428	genealogy/7e1ac1b3_1428.txt
1428	1429	genealogy/2b67e004_1429.txt
1429	1430	genealogy/e534efc5_1430.txt
1430	1431	genealogy/fe3ef8e4_1431.txt
1431	1432	genealogy/1c3b5394_1432.txt
1432	1433	genealogy/e5b8be10_1433.txt
1433	1434	genealogy/064912c2_1434.txt
1434	1435	genealogy/7a3814ae_1435.txt
1435	1436	genealogy/b02da703_1436.txt
1436	1437	genealogy/b658ff75_1437.txt
1437	1438	genealogy/4f484aee_1438.txt
1438	1439	genealogy/4cef68df_1439.txt
1439	1440	genealogy/440e4bfa_1440.txt
1440	1441	genealogy/13ed9c77_1441.txt
1441	1442	genealogy/6f878447_1442.txt
1442	1443	genealogy/5858e22a_1443.txt
1443	1444	genealogy/bf99420d_1444.txt
1444	1445	genealogy/7a2e8ad1_1445.txt
1445	1446	genealogy/dd6bae65_1446.txt
1446	1447	genealogy/48ec8c09_1447.txt
1447	1448	genealogy/10c1a9c1_1448.txt
1448	1449	genealogy/d1336ff0_1449.txt
1449	1450	genealogy/9322b45d_1450.txt
1450	1451	genealogy/4f761ef0_1451.txt
1451	1452	genealogy/19e062c7_1452.txt
1452	1453	genealogy/f1a02493_1453.txt
1453	1454	genealogy/5510d004_1454.txt
1454	1455	genealogy/1bfa0616_1455.txt
1455	1456	genealogy/307035cd_1456.txt
1456	1457	genealogy/cd9a6003_1457.txt
1457	1458	genealogy/b6c781a7_1458.txt
1458	1459	genealogy/55a2b2f7_1459.txt
1459	1460	genealogy/fbdcf5b0_1460.txt
1460	1461	genealogy/2d8ede2f_1461.txt
1461	1462	genealogy/3dcade4f_1462.txt
1462	1463	genealogy/4f8c67a6_1463.txt
1463	1464	genealogy/ed7aa067_1464.txt
1464	1465	genealogy/18ec24a3_1465.txt
1465	1466	genealogy/ff5ea4ad_1466.txt
1466	1467	genealogy/756ac94f_1467.txt
1467	1468	genealogy/4ef87bc4_1468.txt
1468	1469	genealogy/493feea1_1469.txt
1469	1470	genealogy/a0ada203_1470.txt
1470	1471	genealogy/010debc9_1471.txt
1471	1472	genealogy/d46ad2f7_1472.txt
1472	1473	genealogy/77b43d18_1473.txt
1473	1474	genealogy/b134f482_1474.txt
1474	1475	genealogy/067d8309_1475.txt
1475	1476	genealogy/6bd7c80b_1476.txt
1476	1477	genealogy/c8654f99_1477.txt
1477	1478	genealogy/a048dcf6_1478.txt
1478	1479	genealogy/b3454c74_1479.txt
1479	1480	genealogy/02277373_1480.txt
1480	1481	genealogy/d008608d_1481.txt
1481	1482	genealogy/a8526a59_1482.txt
1482	1483	genealogy/23b5825b_1483.txt
1483	1484	genealogy/63cf0127_1484.txt
1484	1485	genealogy/4e078b85_1485.txt
1485	1486	genealogy/30da99d9_1486.txt
1486	1487	genealogy/48a804d8_1487.txt
1487	1488	genealogy/fbaaef3b_1488.txt
1488	1489	genealogy/04226991_1489.txt
1489	1490	genealogy/f1413119_1490.txt
1490	1491	genealogy/8613a155_1491.txt
1491	1492	genealogy/06c883e8_1492.txt
1492	1493	genealogy/5ec3298d_1493.txt
1493	1494	genealogy/482f6c39_1494.txt
1494	1495	genealogy/8471a280_1495.txt
1495	1496	genealogy/afdbc3c4_1496.txt
1496	1497	genealogy/5bef7aa7_1497.txt
1497	1498	genealogy/197ceaf1_1498.txt
1498	1499	genealogy/f9d26408_1499.txt
1499	1500	genealogy/139ba974_1500.txt
1500	1501	genealogy/2d68e9db_1501.txt
1501	1502	genealogy/74fc834e_1502.txt
1502	1503	genealogy/b30125fe_1503.txt
1503	1504	genealogy/ab741494_1504.txt
1504	1505	genealogy/4b4b7516_1505.txt
1505	1506	genealogy/e107fd0d_1506.txt
1506	1507	genealogy/ea9058a4_1507.txt
1507	1508	genealogy/27bf9c21_1508.txt
1508	1509	genealogy/80b68403_1509.txt
1509	1510	genealogy/14b74ef8_1510.txt
1510	1511	genealogy/c1a7016d_1511.txt
1511	1512	genealogy/c6d6f481_1512.txt
1512	1513	genealogy/12738c02_1513.txt
1513	1514	genealogy/462d88f9_1514.txt
1514	1515	genealogy/8b061aac_1515.txt
1515	1516	genealogy/45891033_1516.txt
1516	1517	genealogy/de5fde78_1517.txt
1517	1518	genealogy/1ba3806a_1518.txt
1518	1519	genealogy/456c38b1_1519.txt
1519	1520	genealogy/b400bd03_1520.txt
1520	1521	genealogy/fc24ea52_1521.txt
1521	1522	genealogy/998b0f9b_1522.txt
1522	1523	genealogy/7636209b_1523.txt
1523	1524	genealogy/210a8f99_1524.txt
1524	1525	genealogy/b9a52965_1525.txt
1525	1526	genealogy/c0e7f306_1526.txt
1526	1527	genealogy/6569de88_1527.txt
1527	1528	genealogy/eeb8d3a1_1528.txt
1528	1529	genealogy/5ec594dd_1529.txt
1529	1530	genealogy/d517163e_1530.txt
1530	1531	genealogy/aa9f427e_1531.txt
1531	1532	genealogy/17c9cc8f_1532.txt
1532	1533	genealogy/876359c5_1533.txt
1533	1534	genealogy/278efe5d_1534.txt
1534	1535	genealogy/3350fcbf_1535.txt
1535	1536	genealogy/1b237bce_1536.txt
1536	1537	genealogy/8cf31651_1537.txt
1537	1538	genealogy/76241f18_1538.txt
1538	1539	genealogy/a6324b3e_1539.txt
1539	1540	genealogy/bbdbfb46_1540.txt
1540	1541	genealogy/0d0c38a1_1541.txt
1541	1542	genealogy/f31b281e_1542.txt
1542	1543	genealogy/b5c73aba_1543.txt
1543	1544	genealogy/20c5af54_1544.txt
1544	1545	genealogy/52ae902e_1545.txt
1545	1546	genealogy/63fd09af_1546.txt
1546	1547	genealogy/6e7a16b8_1547.txt
1547	1548	genealogy/58844911_1548.txt
1548	1549	genealogy/e736ad40_1549.txt
1549	1550	genealogy/de1cfec8_1550.txt
1550	1551	genealogy/537b1142_1551.txt
1551	1552	genealogy/de281879_1552.txt
1552	1553	genealogy/24325ae6_1553.txt
1553	1554	genealogy/ea0dcf3e_1554.txt
1554	1555	genealogy/a71c4533_1555.txt
1555	1556	genealogy/a88d421c_1556.txt
1556	1557	genealogy/c90021c8_1557.txt
1557	1558	genealogy/e401e9d5_1558.txt
1558	1559	genealogy/224b4f1b_1559.txt
1559	1560	genealogy/7969b927_1560.txt
1560	1561	genealogy/3fdf7f85_1561.txt
1561	1562	genealogy/2206a3f7_1562.txt
1562	1563	genealogy/e7dc44ad_1563.txt
1563	1564	genealogy/4affabe6_1564.txt
1564	1565	genealogy/4d71d3a1_1565.txt
1565	1566	genealogy/0d26b6dd_1566.txt
1566	1567	genealogy/1863c5d7_1567.txt
1567	1568	genealogy/010fdcba_1568.txt
1568	1569	genealogy/b02f5e61_1569.txt
1569	1570	genealogy/b9af17d4_1570.txt
1570	1571	genealogy/3e43a964_1571.txt
1571	1572	genealogy/82c099c8_1572.txt
1572	1573	genealogy/59d564bf_1573.txt
1573	1574	genealogy/8bab150c_1574.txt
1574	1575	genealogy/067bdae0_1575.txt
1575	1576	genealogy/5ea06c40_1576.txt
1576	1577	genealogy/4ec52a5b_1577.txt
1577	1578	genealogy/d28de0aa_1578.txt
1578	1579	genealogy/d95609d9_1579.txt
1579	1580	genealogy/735afdcf_1580.txt
1580	1581	genealogy/e3ea313c_1581.txt
1581	1582	genealogy/e9c8aacc_1582.txt
1582	1583	genealogy/fac45c99_1583.txt
1583	1584	genealogy/912fd733_1584.txt
1584	1585	genealogy/9aeb7cfd_1585.txt
1585	1586	genealogy/4b8d0edb_1586.txt
1586	1587	genealogy/8fc67ee8_1587.txt
1587	1588	genealogy/b917c2b5_1588.txt
1588	1589	genealogy/43b10429_1589.txt
1589	1590	genealogy/f9556844_1590.txt
1590	1591	genealogy/15ea72e5_1591.txt
1591	1592	genealogy/0bc6cbbb_1592.txt
1592	1593	genealogy/b6cabcc8_1593.txt
1593	1594	genealogy/4fa0a141_1594.txt
1594	1595	genealogy/f0625585_1595.txt
1595	1596	genealogy/89301aac_1596.txt
1596	1597	genealogy/a539e02e_1597.txt
1597	1598	genealogy/5d078e18_1598.txt
1598	1599	genealogy/2d37f1f2_1599.txt
1599	1600	genealogy/981a6d8d_1600.txt
1600	1601	genealogy/5b9a84f1_1601.txt
1601	1602	genealogy/00052693_1602.txt
1602	1603	genealogy/c92a4a5a_1603.txt
1603	1604	genealogy/e33ec427_1604.txt
1604	1605	genealogy/2bc401e1_1605.txt
1605	1606	genealogy/a995c9a2_1606.txt
1606	1607	genealogy/2ba88f9e_1607.txt
1607	1608	genealogy/2ba88f9e_1608.txt
1608	1609	genealogy/3eec9043_1609.txt
1609	1610	genealogy/a4ff8c89_1610.txt
1610	1611	genealogy/a4ff8c89_1611.txt
1611	1612	genealogy/012a3b94_1612.txt
1612	1613	genealogy/012a3b94_1613.txt
1613	1614	genealogy/c4278459_1614.txt
1614	1615	genealogy/f226295c_1615.txt
1615	1616	genealogy/d06273dc_1616.txt
1616	1617	genealogy/e00cf832_1617.txt
1617	1618	genealogy/fa5e7d75_1618.txt
1618	1619	genealogy/0ebf564c_1619.txt
1619	1620	genealogy/5da0beb6_1620.txt
1620	1621	genealogy/584bdca7_1621.txt
1621	1622	genealogy/aa3f0426_1622.txt
1622	1623	genealogy/7a134ee4_1623.txt
1623	1624	genealogy/c5f20f24_1624.txt
1624	1625	genealogy/7dc75508_1625.txt
1625	1626	genealogy/e1a8c831_1626.txt
1626	1627	genealogy/d563557c_1627.txt
1627	1628	genealogy/7485464d_1628.txt
1628	1629	genealogy/56775627_1629.txt
1629	1630	genealogy/111805d8_1630.txt
1630	1631	genealogy/30df7349_1631.txt
1631	1632	genealogy/b4cea41b_1632.txt
1632	1633	genealogy/dae76ec7_1633.txt
1633	1634	genealogy/a808d6e3_1634.txt
1634	1635	genealogy/f1b9e85f_1635.txt
1635	1636	genealogy/d3dc9feb_1636.txt
1636	1637	genealogy/05dd792f_1637.txt
1637	1638	genealogy/c2c4ba05_1638.txt
1638	1639	genealogy/871dd4af_1639.txt
1639	1640	genealogy/413bca0f_1640.txt
1640	1641	genealogy/4b6a63bd_1641.txt
1641	1642	genealogy/e1f6a4d5_1642.txt
1642	1643	genealogy/471b2805_1643.txt
1643	1644	genealogy/1896da78_1644.txt
1644	1645	genealogy/227f2f1b_1645.txt
1645	1646	genealogy/18a72fc1_1646.txt
1646	1647	genealogy/7ea5b538_1647.txt
1647	1648	genealogy/3dd7493a_1648.txt
1648	1649	genealogy/e17c19c7_1649.txt
1649	1650	genealogy/dd2c44f2_1650.txt
1650	1651	genealogy/eedc5db7_1651.txt
1651	1652	genealogy/84890e46_1652.txt
1652	1653	genealogy/5b80ba5c_1653.txt
1653	1654	genealogy/8b5cfd3a_1654.txt
1654	1655	genealogy/d3642d0c_1655.txt
1655	1656	genealogy/7a7d0cb8_1656.txt
1656	1657	genealogy/fe318873_1657.txt
1657	1658	genealogy/23e140e3_1658.txt
1658	1659	genealogy/d3cf9144_1659.txt
1659	1660	genealogy/ec2f677c_1660.txt
1660	1661	genealogy/e755facb_1661.txt
1661	1662	genealogy/8006c41c_1662.txt
1662	1663	genealogy/b563cb86_1663.txt
1663	1664	genealogy/6f00a0b4_1664.txt
1664	1665	genealogy/2f97c38d_1665.txt
1665	1666	genealogy/66fe8bed_1666.txt
1666	1667	genealogy/0aab1d6b_1667.txt
1667	1668	genealogy/f2be31db_1668.txt
1668	1669	genealogy/c0114d8b_1669.txt
1669	1670	genealogy/fa777a6b_1670.txt
1670	1671	genealogy/17a7a0ce_1671.txt
1671	1672	genealogy/4436f908_1672.txt
1672	1673	genealogy/37549085_1673.txt
1673	1674	genealogy/b287ac68_1674.txt
1674	1675	genealogy/f88e0822_1675.txt
1675	1676	genealogy/9344f6c2_1676.txt
1676	1677	genealogy/10644e0c_1677.txt
1677	1678	genealogy/7a8a2927_1678.txt
1678	1679	genealogy/0e7d3fa4_1679.txt
1679	1680	genealogy/25524c26_1680.txt
1680	1681	genealogy/880cb3d4_1681.txt
1681	1682	genealogy/607d5266_1682.txt
1682	1683	genealogy/626fd657_1683.txt
1683	1684	genealogy/27d1effa_1684.txt
1684	1685	genealogy/08969bbc_1685.txt
1685	1686	genealogy/88ccdd4a_1686.txt
1686	1687	genealogy/cbf838fd_1687.txt
1687	1688	genealogy/90f60977_1688.txt
1688	1689	genealogy/81ddfd8b_1689.txt
1689	1690	genealogy/1a9ca6c8_1690.txt
1690	1691	genealogy/eb99fcc7_1691.txt
1691	1692	genealogy/4d8c7685_1692.txt
1692	1693	genealogy/f399397b_1693.txt
1693	1694	genealogy/977ee416_1694.txt
1694	1695	genealogy/8142cc8f_1695.txt
1695	1696	genealogy/c090aace_1696.txt
1696	1697	genealogy/6578d1e7_1697.txt
1697	1698	genealogy/261416e6_1698.txt
1698	1699	genealogy/21df13ba_1699.txt
1699	1700	genealogy/8fc55d42_1700.txt
1700	1701	genealogy/f36d32eb_1701.txt
1701	1702	genealogy/d4de22e2_1702.txt
1702	1703	genealogy/e04e75d2_1703.txt
1703	1704	genealogy/96219b42_1704.txt
1704	1705	genealogy/88325c3a_1705.txt
1705	1706	genealogy/fa690deb_1706.txt
1706	1707	genealogy/91b8fae3_1707.txt
1707	1708	genealogy/c5f46cf6_1708.txt
1708	1709	genealogy/2bcb4e69_1709.txt
1709	1710	genealogy/00c17ffc_1710.txt
1710	1711	genealogy/8172d1aa_1711.txt
1711	1712	genealogy/fb803902_1712.txt
1712	1713	genealogy/93b81a38_1713.txt
1713	1714	genealogy/908c1d0f_1714.txt
1714	1715	genealogy/891274a2_1715.txt
1715	1716	genealogy/e8fab69c_1716.txt
1716	1717	genealogy/94fc9069_1717.txt
1717	1718	genealogy/46fa26a1_1718.txt
1718	1719	genealogy/25c82ea7_1719.txt
1719	1720	genealogy/37a80cb8_1720.txt
1720	1721	genealogy/89fc62f9_1721.txt
1721	1722	genealogy/912b61dc_1722.txt
1722	1723	genealogy/95200ba1_1723.txt
1723	1724	genealogy/875fce1f_1724.txt
1724	1725	genealogy/cbcd7758_1725.txt
1725	1726	genealogy/3377d2b8_1726.txt
1726	1727	genealogy/d36c43a0_1727.txt
1727	1728	genealogy/02ecf267_1728.txt
1728	1729	genealogy/33bbb086_1729.txt
1729	1730	genealogy/229677fb_1730.txt
1730	1731	genealogy/d7288f88_1731.txt
1731	1732	genealogy/485b1aa1_1732.txt
1732	1733	genealogy/e41c6b56_1733.txt
1733	1734	genealogy/13766e18_1734.txt
1734	1735	genealogy/3f5e63d4_1735.txt
1735	1736	genealogy/848be54a_1736.txt
1736	1737	genealogy/eadab4bb_1737.txt
1737	1738	genealogy/12ab5fd6_1738.txt
1738	1739	genealogy/b5977954_1739.txt
1739	1740	genealogy/3daed310_1740.txt
1740	1741	genealogy/4879f0ee_1741.txt
1741	1742	genealogy/81755bc7_1742.txt
1742	1743	genealogy/abf35b3a_1743.txt
1743	1744	genealogy/af12b8b5_1744.txt
1744	1745	genealogy/268c19e8_1745.txt
1745	1746	genealogy/908f0cb6_1746.txt
1746	1747	genealogy/2fd23b0d_1747.txt
1747	1748	genealogy/1af0c69e_1748.txt
1748	1749	genealogy/4a5eceb4_1749.txt
1749	1750	genealogy/11200c16_1750.txt
1750	1751	genealogy/f00b3cd9_1751.txt
1751	1752	genealogy/67920cb3_1752.txt
1752	1753	genealogy/e528ab0a_1753.txt
1753	1754	genealogy/7d42afca_1754.txt
1754	1755	genealogy/1db35869_1755.txt
1755	1756	genealogy/c17f1b42_1756.txt
1756	1757	genealogy/df37d2d2_1757.txt
1757	1758	genealogy/2be29119_1758.txt
1758	1759	genealogy/dbc8020a_1759.txt
1759	1760	genealogy/392152a6_1760.txt
1760	1761	genealogy/09549fa6_1761.txt
1761	1762	genealogy/86f782d8_1762.txt
1762	1763	genealogy/c6b87927_1763.txt
1763	1764	genealogy/0758b912_1764.txt
1764	1765	genealogy/9460f659_1765.txt
1765	1766	genealogy/f81d2260_1766.txt
1766	1767	genealogy/37476bf0_1767.txt
1767	1768	genealogy/f3a92712_1768.txt
1768	1769	genealogy/0cdb79e3_1769.txt
1769	1770	genealogy/4671d943_1770.txt
1770	1771	genealogy/fe923e9a_1771.txt
1771	1772	genealogy/5a8c11f2_1772.txt
1772	1773	genealogy/c6a1239b_1773.txt
1773	1774	genealogy/90138837_1774.txt
1774	1775	genealogy/f5929810_1775.txt
1775	1776	genealogy/07def73a_1776.txt
1776	1777	genealogy/a95b02b4_1777.txt
1777	1778	genealogy/990aba6c_1778.txt
1778	1779	genealogy/05e3c131_1779.txt
1779	1780	genealogy/d50fbb4d_1780.txt
1780	1781	genealogy/ab5a37af_1781.txt
1781	1782	genealogy/be124489_1782.txt
1782	1783	genealogy/f90f6f85_1783.txt
1783	1784	genealogy/51d57e8e_1784.txt
1784	1785	genealogy/595f9d55_1785.txt
1785	1786	genealogy/f8265271_1786.txt
1786	1787	genealogy/dfba3233_1787.txt
1787	1788	genealogy/1cd6e62a_1788.txt
1788	1789	genealogy/df6783c9_1789.txt
1789	1790	genealogy/7a2e49ed_1790.txt
1790	1791	genealogy/f09478bd_1791.txt
1791	1792	genealogy/474a87a9_1792.txt
1792	1793	genealogy/474a87a9_1793.txt
1793	1794	genealogy/233a73cb_1794.txt
1794	1795	genealogy/233a73cb_1795.txt
1795	1796	genealogy/ca2740f8_1796.txt
1796	1797	genealogy/a48418dc_1797.txt
1797	1798	genealogy/e94ddc8f_1798.txt
1798	1799	genealogy/4a0cc41c_1799.txt
1799	1800	genealogy/97206f73_1800.txt
1800	1801	genealogy/97206f73_1801.txt
1801	1802	genealogy/159cc99b_1802.txt
1802	1803	genealogy/159cc99b_1803.txt
1803	1804	genealogy/257af5be_1804.txt
1804	1805	genealogy/257af5be_1805.txt
1805	1806	genealogy/a48418dc_1806.txt
1806	1807	genealogy/f09478bd_1807.txt
1807	1808	genealogy/474a87a9_1808.txt
1808	1809	genealogy/474a87a9_1809.txt
1809	1810	genealogy/233a73cb_1810.txt
1810	1811	genealogy/233a73cb_1811.txt
1811	1812	genealogy/ca2740f8_1812.txt
1812	1813	genealogy/a48418dc_1813.txt
1813	1814	genealogy/4ed6b7f6_1814.txt
1814	1815	genealogy/4ed6b7f6_1815.txt
1815	1816	genealogy/37ce850e_1816.txt
1816	1817	genealogy/62737ac6_1817.txt
1817	1818	genealogy/fb207f8c_1818.txt
1818	1819	genealogy/439cdaf4_1819.txt
1819	1820	genealogy/e02f6549_1820.txt
1820	1821	genealogy/ca34a154_1821.txt
1821	1822	genealogy/ca34a154_1822.txt
1822	1823	genealogy/a48418dc_1823.txt
1823	1824	genealogy/3ca8e654_1824.txt
1824	1825	genealogy/af96afa7_1825.txt
1825	1826	genealogy/0529a2c9_1826.txt
1826	1827	genealogy/9d32902b_1827.txt
1827	1828	genealogy/990454d2_1828.txt
1828	1829	genealogy/4242fdc3_1829.txt
1829	1830	genealogy/39fd0183_1830.txt
1830	1831	genealogy/70acf107_1831.txt
1831	1832	genealogy/3137887c_1832.txt
1832	1833	genealogy/30e049e3_1833.txt
1833	1834	genealogy/30e049e3_1834.txt
1834	1835	genealogy/a48418dc_1835.txt
1835	1836	genealogy/d2d8fc54_1836.txt
1836	1837	genealogy/74b44834_1837.txt
1837	1838	genealogy/da1ab942_1838.txt
1838	1839	genealogy/aa00b2b4_1839.txt
1839	1840	genealogy/0f81d389_1840.txt
1840	1841	genealogy/a48418dc_1841.txt
1841	1842	genealogy/f26d8fe8_1842.txt
1842	1843	genealogy/536de9c0_1843.txt
1843	1844	genealogy/a48418dc_1844.txt
1844	1845	genealogy/d13ff972_1845.txt
1845	1846	genealogy/f90ab4d6_1846.txt
1846	1847	genealogy/12ad9262_1847.txt
1847	1848	genealogy/1f641539_1848.txt
1848	1849	genealogy/ae96086f_1849.txt
1849	1850	genealogy/91e10699_1850.txt
1850	1851	genealogy/b868d0bb_1851.txt
1851	1852	genealogy/eb866790_1852.txt
1852	1853	genealogy/a6bafab2_1853.txt
1853	1854	genealogy/2a255448_1854.txt
1854	1855	genealogy/a48418dc_1855.txt
1855	1856	genealogy/a48418dc_1856.txt
1856	1857	genealogy/8c969bf7_1857.txt
1857	1858	genealogy/a48418dc_1858.txt
1858	1859	genealogy/f4fb0c37_1859.txt
1859	1860	genealogy/f4fb0c37_1860.txt
1860	1861	genealogy/29a22582_1861.txt
1861	1862	genealogy/4a0cc41c_1862.txt
1862	1863	genealogy/4a0cc41c_1863.txt
1863	1864	genealogy/159cc99b_1864.txt
1864	1865	genealogy/257af5be_1865.txt
1865	1866	genealogy/257af5be_1866.txt
1866	1867	genealogy/a48418dc_1867.txt
1867	1868	genealogy/83587065_1868.txt
1868	1869	genealogy/83587065_1869.txt
1869	1870	genealogy/4f937ea1_1870.txt
1870	1871	genealogy/4f937ea1_1871.txt
1871	1872	genealogy/dd81d0bc_1872.txt
1872	1873	genealogy/dd81d0bc_1873.txt
1873	1874	genealogy/c8e9e931_1874.txt
1874	1875	genealogy/c8e9e931_1875.txt
1875	1876	genealogy/fe08fe1c_1876.txt
1876	1877	genealogy/fe08fe1c_1877.txt
1877	1878	genealogy/eebe7ac1_1878.txt
1878	1879	genealogy/eebe7ac1_1879.txt
1879	1880	genealogy/ea17a89d_1880.txt
1880	1881	genealogy/ea17a89d_1881.txt
1881	1882	genealogy/c5d5a8a3_1882.txt
1882	1883	genealogy/c5d5a8a3_1883.txt
1883	1884	genealogy/3a9b3e28_1884.txt
1884	1885	genealogy/3a9b3e28_1885.txt
1885	1886	genealogy/cc80d298_1886.txt
1886	1887	genealogy/cc80d298_1887.txt
1887	1888	genealogy/02f92e65_1888.txt
1888	1889	genealogy/02f92e65_1889.txt
1889	1890	genealogy/02f92e65_1890.txt
1890	1891	genealogy/dae46708_1891.txt
1891	1892	genealogy/71a26274_1892.txt
1892	1893	genealogy/78abc959_1893.txt
1893	1894	genealogy/8960f14c_1894.txt
1894	1895	genealogy/d66acacb_1895.txt
1895	1896	genealogy/d964e91f_1896.txt
1896	1897	genealogy/ec10a372_1897.txt
1897	1898	genealogy/f4043ebf_1898.txt
1898	1899	genealogy/3caa8b03_1899.txt
1899	1900	genealogy/768bee3d_1900.txt
1900	1901	genealogy/9a5356f6_1901.txt
1901	1902	genealogy/2c6e5cfd_1902.txt
1902	1903	genealogy/f2347143_1903.txt
1903	1904	genealogy/9b310402_1904.txt
1904	1905	genealogy/acbefcc5_1905.txt
1905	1906	genealogy/1c78a95a_1906.txt
1906	1907	genealogy/0fef204a_1907.txt
1907	1908	genealogy/ff4068e3_1908.txt
1908	1909	genealogy/7f2b3b35_1909.txt
1909	1910	genealogy/95829f51_1910.txt
1910	1911	genealogy/0e4e7c1f_1911.txt
1911	1912	genealogy/f5151d07_1912.txt
1912	1913	genealogy/87e97133_1913.txt
1913	1914	genealogy/cc948763_1914.txt
1914	1915	genealogy/0df99932_1915.txt
1915	1916	genealogy/3d91f9a7_1916.txt
1916	1917	genealogy/48bd55a3_1917.txt
1917	1918	genealogy/bec76138_1918.txt
1918	1919	genealogy/ca4af0cc_1919.txt
1919	1920	genealogy/7c996bc3_1920.txt
1920	1921	genealogy/d6dbe9ff_1921.txt
1921	1922	genealogy/42356584_1922.txt
1922	1923	genealogy/39b15897_1923.txt
1923	1924	genealogy/3a61492a_1924.txt
1924	1925	genealogy/194020d9_1925.txt
1925	1926	genealogy/d4bda703_1926.txt
1926	1927	genealogy/8bd8dccb_1927.txt
1927	1928	genealogy/8bd8dccb_1928.txt
1928	1929	genealogy/8bd8dccb_1929.txt
1929	1930	genealogy/e5e0fb7b_1930.txt
1930	1931	genealogy/eda61a01_1931.txt
1931	1932	genealogy/b34a36ac_1932.txt
1932	1933	genealogy/7c4385f9_1933.txt
1933	1934	genealogy/e1e669e6_1934.txt
1934	1935	genealogy/bd6c4c2e_1935.txt
1935	1936	genealogy/7b733e87_1936.txt
1936	1937	genealogy/02ae80c1_1937.txt
1937	1938	genealogy/b6d7d5f7_1938.txt
1938	1939	genealogy/dbc47cfa_1939.txt
1939	1940	genealogy/ebe3cd70_1940.txt
1940	1941	genealogy/d3568a8b_1941.txt
1941	1942	genealogy/b22ca654_1942.txt
1942	1943	genealogy/96179894_1943.txt
1943	1944	genealogy/352eb29b_1944.txt
1944	1945	genealogy/d16fa437_1945.txt
1945	1946	genealogy/de0eecb2_1946.txt
1946	1947	genealogy/32580446_1947.txt
1947	1948	genealogy/f364fe12_1948.txt
1948	1949	genealogy/fd58769b_1949.txt
1949	1950	genealogy/3ff306f2_1950.txt
1950	1951	genealogy/b834f416_1951.txt
1951	1952	genealogy/fa95ad5c_1952.txt
1952	1953	genealogy/53ea41e6_1953.txt
1953	1954	genealogy/53ea41e6_1954.txt
1954	1955	genealogy/e314ab92_1955.txt
1955	1956	genealogy/3705aece_1956.txt
1956	1957	genealogy/4ec43ac0_1957.txt
1957	1958	genealogy/4c5ba2d4_1958.txt
1958	1959	genealogy/a454755a_1959.txt
1959	1960	genealogy/ad87b356_1960.txt
1960	1961	genealogy/dc58fcc3_1961.txt
1961	1962	genealogy/6e6f3e7c_1962.txt
1962	1963	genealogy/c32c3cb6_1963.txt
1963	1964	genealogy/c7c22427_1964.txt
1964	1965	genealogy/13a5140c_1965.txt
1965	1966	genealogy/42cb379b_1966.txt
1966	1967	genealogy/ec386051_1967.txt
1967	1968	genealogy/27d2288f_1968.txt
1968	1969	genealogy/dbcb8ccf_1969.txt
1969	1970	genealogy/95db7ce4_1970.txt
1970	1971	genealogy/0b5dc6c5_1971.txt
1971	1972	genealogy/d1bd1f0b_1972.txt
1972	1973	genealogy/e675edb3_1973.txt
1973	1974	genealogy/391e21ac_1974.txt
1974	1975	genealogy/9a001864_1975.txt
1975	1976	genealogy/408c4c5c_1976.txt
1976	1977	genealogy/8296d600_1977.txt
1977	1978	genealogy/77c790a1_1978.txt
1978	1979	genealogy/8c3db932_1979.txt
1979	1980	genealogy/da4f9219_1980.txt
1980	1981	genealogy/95b2ae54_1981.txt
1981	1982	genealogy/0abaea21_1982.txt
1982	1983	genealogy/ddbfa7d5_1983.txt
1983	1984	genealogy/9c615c61_1984.txt
1984	1985	genealogy/661e2104_1985.txt
1985	1986	genealogy/e909e3c8_1986.txt
1986	1987	genealogy/d017973a_1987.txt
1987	1988	genealogy/110007a7_1988.txt
1988	1989	genealogy/968f1d7a_1989.txt
1989	1990	genealogy/4312522e_1990.txt
1990	1991	genealogy/bb7111e4_1991.txt
1991	1992	genealogy/e9f69e57_1992.txt
1992	1993	genealogy/6f067aeb_1993.txt
1993	1994	genealogy/4269bc0d_1994.txt
1994	1995	genealogy/4ec43ac0_1995.txt
1995	1996	genealogy/4ec43ac0_1996.txt
1996	1997	genealogy/6b2bd378_1997.txt
1997	1998	genealogy/0ce1b566_1998.txt
1998	1999	genealogy/572a08d3_1999.txt
1999	2000	genealogy/c0224450_2000.txt
2000	2001	genealogy/5b1dc231_2001.txt
2001	2002	genealogy/1968816f_2002.txt
2002	2003	genealogy/9eb5eccb_2003.txt
2003	2004	genealogy/d0f65e22_2004.txt
2004	2005	genealogy/e1d92e76_2005.txt
2005	2006	genealogy/502406e2_2006.txt
2006	2007	genealogy/515a0390_2007.txt
2007	2008	genealogy/15cade75_2008.txt
2008	2009	genealogy/6c35f288_2009.txt
2009	2010	genealogy/9fcc34fd_2010.txt
2010	2011	genealogy/dcb9ad62_2011.txt
2011	2012	genealogy/e7456321_2012.txt
2012	2013	genealogy/79d9b767_2013.txt
2013	2014	genealogy/79d9b767_2014.txt
2014	2015	genealogy/5a0127f2_2015.txt
2015	2016	genealogy/454d5732_2016.txt
2016	2017	genealogy/7ba9753b_2017.txt
2017	2018	genealogy/79401224_2018.txt
2018	2019	genealogy/b284c054_2019.txt
2019	2020	genealogy/4699f323_2020.txt
2020	2021	genealogy/a1bafd81_2021.txt
2021	2022	genealogy/55c65964_2022.txt
2022	2023	genealogy/2e657537_2023.txt
2023	2024	genealogy/cfb74694_2024.txt
2024	2025	genealogy/f234674c_2025.txt
2025	2026	genealogy/757ae38c_2026.txt
2026	2027	genealogy/2fcf2f63_2027.txt
2027	2028	genealogy/cdfa30f5_2028.txt
2028	2029	genealogy/5c5a54b6_2029.txt
2029	2030	genealogy/380b7a2e_2030.txt
2030	2031	genealogy/3a584482_2031.txt
2031	2032	genealogy/3be2a95a_2032.txt
2032	2033	genealogy/6b53e8d6_2033.txt
2033	2034	genealogy/15238ee7_2034.txt
2034	2035	genealogy/6f80194e_2035.txt
2035	2036	genealogy/2e43f0d7_2036.txt
2036	2037	genealogy/26bddcc3_2037.txt
2037	2038	genealogy/1ba53505_2038.txt
2038	2039	genealogy/40de8909_2039.txt
2039	2040	genealogy/c91dfeca_2040.txt
2040	2041	genealogy/adf8f33a_2041.txt
2041	2042	genealogy/a871b9b9_2042.txt
2042	2043	genealogy/e830506b_2043.txt
2043	2044	genealogy/5c3acbe7_2044.txt
2044	2045	genealogy/47ce0fc3_2045.txt
2045	2046	genealogy/d9e4ce75_2046.txt
2046	2047	genealogy/65d2b35d_2047.txt
2047	2048	genealogy/d45646f3_2048.txt
2048	2049	genealogy/91e69cc1_2049.txt
2049	2050	genealogy/a8faf7cc_2050.txt
2050	2051	genealogy/e6734dcf_2051.txt
2051	2052	genealogy/1c9feb4a_2052.txt
2052	2053	genealogy/29f3edc8_2053.txt
2053	2054	genealogy/02cb3df5_2054.txt
2054	2055	genealogy/3e7d8e4c_2055.txt
2055	2056	genealogy/f06b5e25_2056.txt
2056	2057	genealogy/aff180d6_2057.txt
2057	2058	genealogy/c59ded39_2058.txt
2058	2059	genealogy/d58100be_2059.txt
2059	2060	genealogy/eebcd71a_2060.txt
2060	2061	genealogy/b52f903b_2061.txt
2061	2062	genealogy/e1832b62_2062.txt
2062	2063	genealogy/95e5fef3_2063.txt
2063	2064	genealogy/bcfb301d_2064.txt
2064	2065	genealogy/f804cfe7_2065.txt
2065	2066	genealogy/20b43c91_2066.txt
2066	2067	genealogy/640a24fe_2067.txt
2067	2068	genealogy/be2a16a2_2068.txt
2068	2069	genealogy/b4f26c0b_2069.txt
2069	2070	genealogy/b5c5447e_2070.txt
2070	2071	genealogy/9a678d1d_2071.txt
2071	2072	genealogy/385fd8c2_2072.txt
2072	2073	genealogy/118d24dd_2073.txt
2073	2074	genealogy/8815c7e9_2074.txt
2074	2075	genealogy/0704aa9f_2075.txt
2075	2076	genealogy/a344db15_2076.txt
2076	2077	genealogy/1547d45a_2077.txt
2077	2078	genealogy/33bd3717_2078.txt
2078	2079	genealogy/ce69f60c_2079.txt
2079	2080	genealogy/2895d9ba_2080.txt
2080	2081	genealogy/4867968a_2081.txt
2081	2082	genealogy/dcae1735_2082.txt
2082	2083	genealogy/88f2835f_2083.txt
2083	2084	genealogy/361efc9c_2084.txt
2084	2085	genealogy/ab5f5b05_2085.txt
2085	2086	genealogy/6a39b120_2086.txt
2086	2087	genealogy/45121c28_2087.txt
2087	2088	genealogy/c6074dac_2088.txt
2088	2089	genealogy/fab6c511_2089.txt
2089	2090	genealogy/e150b7b1_2090.txt
2090	2091	genealogy/d6860464_2091.txt
2091	2092	genealogy/85e9cb2a_2092.txt
2092	2093	genealogy/1efe2c22_2093.txt
2093	2094	genealogy/6b3d3ef1_2094.txt
2094	2095	genealogy/208ec0fe_2095.txt
2095	2096	genealogy/76a2077a_2096.txt
2096	2097	genealogy/9b195a92_2097.txt
2097	2098	genealogy/5d05d13b_2098.txt
2098	2099	genealogy/9713605f_2099.txt
2099	2100	genealogy/4834333c_2100.txt
2100	2101	genealogy/50550ab4_2101.txt
2101	2102	genealogy/b44da735_2102.txt
2102	2103	genealogy/b15d15ee_2103.txt
2103	2104	genealogy/d1af6b5c_2104.txt
2104	2105	genealogy/4f7a3a3f_2105.txt
2105	2106	genealogy/1efe8f97_2106.txt
2106	2107	genealogy/79d78ea9_2107.txt
2107	2108	genealogy/030ec6a4_2108.txt
2108	2109	genealogy/065887c2_2109.txt
2109	2110	genealogy/afee1ab7_2110.txt
2110	2111	genealogy/19633496_2111.txt
2111	2112	genealogy/b642f624_2112.txt
2112	2113	genealogy/30cea73d_2113.txt
2113	2114	genealogy/216d91e7_2114.txt
2114	2115	genealogy/2621c0bd_2115.txt
2115	2116	genealogy/c17937c8_2116.txt
2116	2117	genealogy/9ae2ed85_2117.txt
2117	2118	genealogy/e8b5dbde_2118.txt
2118	2119	genealogy/c24bdd54_2119.txt
2119	2120	genealogy/eecff47f_2120.txt
2120	2121	genealogy/706d876c_2121.txt
2121	2122	genealogy/0ed19652_2122.txt
2122	2123	genealogy/1e007ef6_2123.txt
2123	2124	genealogy/e2d53334_2124.txt
2124	2125	genealogy/38ec51e1_2125.txt
2125	2126	genealogy/0b962d5a_2126.txt
2126	2127	genealogy/dcdc1434_2127.txt
2127	2128	genealogy/5b636fa9_2128.txt
2128	2129	genealogy/ef97ee14_2129.txt
2129	2130	genealogy/b3f28317_2130.txt
2130	2131	genealogy/8f2263e6_2131.txt
2131	2132	genealogy/c960defd_2132.txt
2132	2133	genealogy/1e8c7934_2133.txt
2133	2134	genealogy/5046d664_2134.txt
2134	2135	genealogy/481f5bdf_2135.txt
2135	2136	genealogy/93e0d92a_2136.txt
2136	2137	genealogy/90657383_2137.txt
2137	2138	genealogy/7d877257_2138.txt
2138	2139	genealogy/69dc7651_2139.txt
2139	2140	genealogy/d503c71b_2140.txt
2140	2141	genealogy/0e3fc873_2141.txt
2141	2142	genealogy/7a0eb922_2142.txt
2142	2143	genealogy/608fced3_2143.txt
2143	2144	genealogy/f2f81f45_2144.txt
2144	2145	genealogy/1541e6b4_2145.txt
2145	2146	genealogy/e3549ab1_2146.txt
2146	2147	genealogy/214550d7_2147.txt
2147	2148	genealogy/f4b94cfc_2148.txt
2148	2149	genealogy/b3847491_2149.txt
2149	2150	genealogy/1a517001_2150.txt
2150	2151	genealogy/9b358b7e_2151.txt
2151	2152	genealogy/cbb01e64_2152.txt
2152	2153	genealogy/9bca4d89_2153.txt
2153	2154	genealogy/07de5c3f_2154.txt
2154	2155	genealogy/6fa3b3bf_2155.txt
2155	2156	genealogy/9313da3f_2156.txt
2156	2157	genealogy/b0ea9e9c_2157.txt
2157	2158	genealogy/d4a54424_2158.txt
2158	2159	genealogy/8f16388d_2159.txt
2159	2160	genealogy/5a5bc902_2160.txt
2160	2161	genealogy/a62d01ea_2161.txt
2161	2162	genealogy/28c9c509_2162.txt
2162	2163	genealogy/4c75c0b1_2163.txt
2163	2164	genealogy/e4e05006_2164.txt
2164	2165	genealogy/5aaa984a_2165.txt
2165	2166	genealogy/0a0ee95d_2166.txt
2166	2167	genealogy/a99aab61_2167.txt
2167	2168	genealogy/00448b40_2168.txt
2168	2169	genealogy/29797459_2169.txt
2169	2170	genealogy/a1877204_2170.txt
2170	2171	genealogy/4e2be465_2171.txt
2171	2172	genealogy/de7a69e2_2172.txt
2172	2173	genealogy/974c1e72_2173.txt
2173	2174	genealogy/5a533652_2174.txt
2174	2175	genealogy/70958777_2175.txt
2175	2176	genealogy/2874f4ed_2176.txt
2176	2177	genealogy/1f3c0b06_2177.txt
2177	2178	genealogy/35bf8dba_2178.txt
2178	2179	genealogy/ef111802_2179.txt
2179	2180	genealogy/bee130c7_2180.txt
2180	2181	genealogy/5dc9fa29_2181.txt
2181	2182	genealogy/40b0efca_2182.txt
2182	2183	genealogy/b180fac6_2183.txt
2183	2184	genealogy/eb94608e_2184.txt
2184	2185	genealogy/787cf01e_2185.txt
2185	2186	genealogy/730a662d_2186.txt
2186	2187	genealogy/fa71617d_2187.txt
2187	2188	genealogy/be438d52_2188.txt
2188	2189	genealogy/1a6119a3_2189.txt
2189	2190	genealogy/5956f74f_2190.txt
2190	2191	genealogy/e3ccfb4f_2191.txt
2191	2192	genealogy/25fb941e_2192.txt
2192	2193	genealogy/b0c20980_2193.txt
2193	2194	genealogy/4ed6ac19_2194.txt
2194	2195	genealogy/c00fd9c6_2195.txt
2195	2196	genealogy/2c6e8c33_2196.txt
2196	2197	genealogy/441d1530_2197.txt
2197	2198	genealogy/bfa4b18e_2198.txt
2198	2199	genealogy/787c8f63_2199.txt
2199	2200	genealogy/85cd7267_2200.txt
2200	2201	genealogy/a93bd2f2_2201.txt
2201	2202	genealogy/6f10aa39_2202.txt
2202	2203	genealogy/f219f36d_2203.txt
2203	2204	genealogy/97b539d5_2204.txt
2204	2205	genealogy/259af13a_2205.txt
2205	2206	genealogy/289cfcc7_2206.txt
2206	2207	genealogy/5afe3ce1_2207.txt
2207	2208	genealogy/06cd869a_2208.txt
2208	2209	genealogy/5caddd03_2209.txt
2209	2210	genealogy/cdc26d42_2210.txt
2210	2211	genealogy/ee773c89_2211.txt
2211	2212	genealogy/1e517a03_2212.txt
2212	2213	genealogy/f61abb40_2213.txt
2213	2214	genealogy/0e41a08a_2214.txt
2214	2215	genealogy/08ca5567_2215.txt
2215	2216	genealogy/3d5c5ba8_2216.txt
2216	2217	genealogy/d46144ab_2217.txt
2217	2218	genealogy/a29f34cd_2218.txt
2218	2219	genealogy/3b737e71_2219.txt
2219	2220	genealogy/0fc4eac5_2220.txt
2220	2221	genealogy/6d57c887_2221.txt
2221	2222	genealogy/7567b2c1_2222.txt
2222	2223	genealogy/6ced4dac_2223.txt
2223	2224	genealogy/7ecdbfb0_2224.txt
2224	2225	genealogy/1cea2dc1_2225.txt
2225	2226	genealogy/58390574_2226.txt
2226	2227	genealogy/8ee7ac13_2227.txt
2227	2228	genealogy/2df0596e_2228.txt
2228	2229	genealogy/c2aefbc0_2229.txt
2229	2230	genealogy/93ccb64c_2230.txt
2230	2231	genealogy/283edbb6_2231.txt
2231	2232	genealogy/91af0aa5_2232.txt
2232	2233	genealogy/3df2efb2_2233.txt
2233	2234	genealogy/f3dee87e_2234.txt
2234	2235	genealogy/d33449ea_2235.txt
2235	2236	genealogy/2837c5c5_2236.txt
2236	2237	genealogy/6d4875fe_2237.txt
2237	2238	genealogy/6f86786f_2238.txt
2238	2239	genealogy/d452a3c7_2239.txt
2239	2240	genealogy/165dc2a4_2240.txt
2240	2241	genealogy/4369ada4_2241.txt
2241	2242	genealogy/437c78ad_2242.txt
2242	2243	genealogy/b775dda0_2243.txt
2243	2244	genealogy/304cc860_2244.txt
2244	2245	genealogy/3489ae85_2245.txt
2245	2246	genealogy/35b1e0b2_2246.txt
2246	2247	genealogy/ae0fce30_2247.txt
2247	2248	genealogy/db58b1cd_2248.txt
2248	2249	genealogy/c74f7657_2249.txt
2249	2250	genealogy/df8eab57_2250.txt
2250	2251	genealogy/b1a5cc08_2251.txt
2251	2252	genealogy/30114d6a_2252.txt
2252	2253	genealogy/71d7485e_2253.txt
2253	2254	genealogy/4f3a58dd_2254.txt
2254	2255	genealogy/a05679cc_2255.txt
2255	2256	genealogy/a964ef2c_2256.txt
2256	2257	genealogy/5d21341d_2257.txt
2257	2258	genealogy/2b027045_2258.txt
2258	2259	genealogy/c7c4ca00_2259.txt
2259	2260	genealogy/9dd0da22_2260.txt
2260	2261	genealogy/259315fc_2261.txt
2261	2262	genealogy/ccfd4ede_2262.txt
2262	2263	genealogy/d21e5799_2263.txt
2263	2264	genealogy/8a4b2d9a_2264.txt
2264	2265	genealogy/2e4e7c2a_2265.txt
2265	2266	genealogy/63e088dd_2266.txt
2266	2267	genealogy/20fbc3e8_2267.txt
2267	2268	genealogy/e7fc694e_2268.txt
2268	2269	genealogy/4e96575f_2269.txt
2269	2270	genealogy/4beb4228_2270.txt
2270	2271	genealogy/1e2a06bd_2271.txt
2271	2272	genealogy/5da9652b_2272.txt
2272	2273	genealogy/415b2ada_2273.txt
2273	2274	genealogy/0501aa2d_2274.txt
2274	2275	genealogy/2a023dba_2275.txt
2275	2276	genealogy/1543239a_2276.txt
2276	2277	genealogy/a6690b9c_2277.txt
2277	2278	genealogy/e6a343c6_2278.txt
2278	2279	genealogy/a23d0a8f_2279.txt
2279	2280	genealogy/f2176289_2280.txt
2280	2281	genealogy/8a9e1e72_2281.txt
2281	2282	genealogy/9c2b5fab_2282.txt
2282	2283	genealogy/adf9bb10_2283.txt
2283	2284	genealogy/c2857c83_2284.txt
2284	2285	genealogy/f2e7383f_2285.txt
2285	2286	genealogy/461796dd_2286.txt
2286	2287	genealogy/446ed10f_2287.txt
2287	2288	genealogy/c496bfb9_2288.txt
2288	2289	genealogy/7b34b6bb_2289.txt
2289	2290	genealogy/38a96d74_2290.txt
2290	2291	genealogy/28b0c023_2291.txt
2291	2292	genealogy/9ec40875_2292.txt
2292	2293	genealogy/d6e72697_2293.txt
2293	2294	genealogy/7e2b9b01_2294.txt
2294	2295	genealogy/3f37fa69_2295.txt
2295	2296	genealogy/7e8f640c_2296.txt
2296	2297	genealogy/aafd6303_2297.txt
2297	2298	genealogy/4528e082_2298.txt
2298	2299	genealogy/695bd01a_2299.txt
2299	2300	genealogy/abcc016a_2300.txt
2300	2301	genealogy/d5ea4faa_2301.txt
2301	2302	genealogy/b71e8739_2302.txt
2302	2303	genealogy/b35d346e_2303.txt
2303	2304	genealogy/fb911955_2304.txt
2304	2305	genealogy/441dfb75_2305.txt
2305	2306	genealogy/1bed3c9a_2306.txt
2306	2307	genealogy/6537889b_2307.txt
2307	2308	genealogy/039795e6_2308.txt
2308	2309	genealogy/4fed8850_2309.txt
2309	2310	genealogy/1e26ef3d_2310.txt
2310	2311	genealogy/c6ba8bd7_2311.txt
2311	2312	genealogy/45279c40_2312.txt
2312	2313	genealogy/76951335_2313.txt
2313	2314	genealogy/1279f816_2314.txt
2314	2315	genealogy/b13feaf6_2315.txt
2315	2316	genealogy/39670834_2316.txt
2316	2317	genealogy/fecfe8ab_2317.txt
2317	2318	genealogy/11486b3f_2318.txt
2318	2319	genealogy/f019b653_2319.txt
2319	2320	genealogy/a0a2dfa2_2320.txt
2320	2321	genealogy/06a1016c_2321.txt
2321	2322	genealogy/3b9d744b_2322.txt
2322	2323	genealogy/4bd7ee33_2323.txt
2323	2324	genealogy/13f12e52_2324.txt
2324	2325	genealogy/fb423501_2325.txt
2325	2326	genealogy/46ddd081_2326.txt
2326	2327	genealogy/244dedde_2327.txt
2327	2328	genealogy/ce5e39c2_2328.txt
2328	2329	genealogy/3781400f_2329.txt
2329	2330	genealogy/fcbf66bb_2330.txt
2330	2331	genealogy/25af2686_2331.txt
2331	2332	genealogy/460a1de8_2332.txt
2332	2333	genealogy/b7f38fca_2333.txt
2333	2334	genealogy/c6756295_2334.txt
2334	2335	genealogy/15e1e48c_2335.txt
2335	2336	genealogy/30c08ef4_2336.txt
2336	2337	genealogy/28243514_2337.txt
2337	2338	genealogy/2de07b6c_2338.txt
2338	2339	genealogy/d8fc91c1_2339.txt
2339	2340	genealogy/74fb669b_2340.txt
2340	2341	genealogy/d40e5ee2_2341.txt
2341	2342	genealogy/8622043f_2342.txt
2342	2343	genealogy/1676d4a4_2343.txt
2343	2344	genealogy/11ed0b71_2344.txt
2344	2345	genealogy/9ad1c2d2_2345.txt
2345	2346	genealogy/2e837b5f_2346.txt
2346	2347	genealogy/a369574c_2347.txt
2347	2348	genealogy/5f619138_2348.txt
2348	2349	genealogy/95a5b9ff_2349.txt
2349	2350	genealogy/ea12b13a_2350.txt
2350	2351	genealogy/355326eb_2351.txt
2351	2352	genealogy/8d859de3_2352.txt
2352	2353	genealogy/c9192f22_2353.txt
2353	2354	genealogy/dcc46d20_2354.txt
2354	2355	genealogy/092c0816_2355.txt
2355	2356	genealogy/69390087_2356.txt
2356	2357	genealogy/7d4f89a3_2357.txt
2357	2358	genealogy/b08ab470_2358.txt
2358	2359	genealogy/80b474af_2359.txt
2359	2360	genealogy/88e27565_2360.txt
2360	2361	genealogy/d94c5a37_2361.txt
2361	2362	genealogy/6fe7208e_2362.txt
2362	2363	genealogy/66620875_2363.txt
2363	2364	genealogy/51914344_2364.txt
2364	2365	genealogy/810af21e_2365.txt
2365	2366	genealogy/ca272d75_2366.txt
2366	2367	genealogy/a74b8c9b_2367.txt
2367	2368	genealogy/52a0877e_2368.txt
2368	2369	genealogy/3df15cb5_2369.txt
2369	2370	genealogy/8c7f902c_2370.txt
2370	2371	genealogy/8be69fda_2371.txt
2371	2372	genealogy/822f362b_2372.txt
2372	2373	genealogy/28b1bf4e_2373.txt
2373	2374	genealogy/a4b2cb40_2374.txt
2374	2375	genealogy/3c82860e_2375.txt
2375	2376	genealogy/f6510787_2376.txt
2376	2377	genealogy/3e2f198f_2377.txt
2377	2378	genealogy/085a2ad1_2378.txt
2378	2379	genealogy/d23b63cf_2379.txt
2379	2380	genealogy/925c3f73_2380.txt
2380	2381	genealogy/b9ca9ea5_2381.txt
2381	2382	genealogy/3e9b8793_2382.txt
2382	2383	genealogy/ce0dc6ad_2383.txt
2383	2384	genealogy/29c5881c_2384.txt
2384	2385	genealogy/146b6446_2385.txt
2385	2386	genealogy/d9c2e9cf_2386.txt
2386	2387	genealogy/26052b88_2387.txt
2387	2388	genealogy/98236555_2388.txt
2388	2389	genealogy/ef53c688_2389.txt
2389	2390	genealogy/0e4e4ac8_2390.txt
2390	2391	genealogy/9074f05c_2391.txt
2391	2392	genealogy/9335e94b_2392.txt
2392	2393	genealogy/fb8d4177_2393.txt
2393	2394	genealogy/39af7316_2394.txt
2394	2395	genealogy/e34bf7e1_2395.txt
2395	2396	genealogy/cf23cc5b_2396.txt
2396	2397	genealogy/45b7be65_2397.txt
2397	2398	genealogy/0ac5722a_2398.txt
2398	2399	genealogy/ba2c5019_2399.txt
2399	2400	genealogy/b317b171_2400.txt
2400	2401	genealogy/a7a2ecc5_2401.txt
2401	2402	genealogy/bb684af5_2402.txt
2402	2403	genealogy/28fdbd3c_2403.txt
2403	2404	genealogy/2788e2ec_2404.txt
2404	2405	genealogy/72b90443_2405.txt
2405	2406	genealogy/a2b60efc_2406.txt
2406	2407	genealogy/d1cb64fd_2407.txt
2407	2408	genealogy/481948c8_2408.txt
2408	2409	genealogy/9b267391_2409.txt
2409	2410	genealogy/7871d876_2410.txt
2410	2411	genealogy/2efba2d0_2411.txt
2411	2412	genealogy/842c3406_2412.txt
2412	2413	genealogy/2fdfff6f_2413.txt
2413	2414	genealogy/c4a7c9f2_2414.txt
2414	2415	genealogy/d246d284_2415.txt
2415	2416	genealogy/f46f3bfc_2416.txt
2416	2417	genealogy/a58d4b62_2417.txt
2417	2418	genealogy/b1273647_2418.txt
2418	2419	genealogy/5ae6c975_2419.txt
2419	2420	genealogy/6a845713_2420.txt
2420	2421	genealogy/d85e8495_2421.txt
2421	2422	genealogy/df00f36f_2422.txt
2422	2423	genealogy/e6637630_2423.txt
2423	2424	genealogy/21a69126_2424.txt
2424	2425	genealogy/9c43dca9_2425.txt
2425	2426	genealogy/1b81fffb_2426.txt
2426	2427	genealogy/ac8a5112_2427.txt
2427	2428	genealogy/f5d20cea_2428.txt
2428	2429	genealogy/edf54091_2429.txt
2429	2430	genealogy/5d3daaa0_2430.txt
2430	2431	genealogy/77354488_2431.txt
2431	2432	genealogy/b600fc31_2432.txt
2432	2433	genealogy/f34f3d69_2433.txt
2433	2434	genealogy/fa15f516_2434.txt
2434	2435	genealogy/ac4aa8f5_2435.txt
2435	2436	genealogy/17c4a3ee_2436.txt
2436	2437	genealogy/ff16b99e_2437.txt
2437	2438	genealogy/32b3d629_2438.txt
2438	2439	genealogy/5834b3dd_2439.txt
2439	2440	genealogy/d20407f0_2440.txt
2440	2441	genealogy/d80dfe08_2441.txt
2441	2442	genealogy/7139287c_2442.txt
2442	2443	genealogy/e053c5e1_2443.txt
2443	2444	genealogy/e3514c97_2444.txt
2444	2445	genealogy/8ec26442_2445.txt
2445	2446	genealogy/88be9e74_2446.txt
2446	2447	genealogy/65f125f1_2447.txt
2447	2448	genealogy/1c2fd163_2448.txt
2448	2449	genealogy/5bb90c2c_2449.txt
2449	2450	genealogy/2fb69328_2450.txt
2450	2451	genealogy/f831e745_2451.txt
2451	2452	genealogy/7100746b_2452.txt
2452	2453	genealogy/91953397_2453.txt
2453	2454	genealogy/1f9b6c66_2454.txt
2454	2455	genealogy/097b37d7_2455.txt
2455	2456	genealogy/fca13873_2456.txt
2456	2457	genealogy/103dd44d_2457.txt
2457	2458	genealogy/2ea2f387_2458.txt
2458	2459	genealogy/eda29415_2459.txt
2459	2460	genealogy/53c239cb_2460.txt
2460	2461	genealogy/5daba26b_2461.txt
2461	2462	genealogy/e0b51383_2462.txt
2462	2463	genealogy/44e142fd_2463.txt
2463	2464	genealogy/0c7976fd_2464.txt
2464	2465	genealogy/4fbe6ebc_2465.txt
2465	2466	genealogy/cb2b0960_2466.txt
2466	2467	genealogy/4a1305bc_2467.txt
2467	2468	genealogy/c37e9943_2468.txt
2468	2469	genealogy/51c53d78_2469.txt
2469	2470	genealogy/741f8fbb_2470.txt
2470	2471	genealogy/f3ee20f9_2471.txt
2471	2472	genealogy/764d2a6a_2472.txt
2472	2473	genealogy/aaa5883c_2473.txt
2473	2474	genealogy/e45cf7e5_2474.txt
2474	2475	genealogy/40a9e29b_2475.txt
2475	2476	genealogy/0e3ee507_2476.txt
2476	2477	genealogy/d01b966f_2477.txt
2477	2478	genealogy/9536c6cb_2478.txt
2478	2479	genealogy/4f3435a0_2479.txt
2479	2480	genealogy/57d140fc_2480.txt
2480	2481	genealogy/1f07fd18_2481.txt
2481	2482	genealogy/b0e3a804_2482.txt
2482	2483	genealogy/67895b6b_2483.txt
2483	2484	genealogy/66df08b7_2484.txt
2484	2485	genealogy/7b7396b0_2485.txt
2485	2486	genealogy/f64d0ed6_2486.txt
2486	2487	genealogy/812768da_2487.txt
2487	2488	genealogy/69eff157_2488.txt
2488	2489	genealogy/b88208da_2489.txt
2489	2490	genealogy/70d4e63e_2490.txt
2490	2491	genealogy/f98d0da6_2491.txt
2491	2492	genealogy/1db19c06_2492.txt
2492	2493	genealogy/69068e3a_2493.txt
2493	2494	genealogy/ad61cac3_2494.txt
2494	2495	genealogy/240492e6_2495.txt
2495	2496	genealogy/26621733_2496.txt
2496	2497	genealogy/54b0e261_2497.txt
2497	2498	genealogy/380c171e_2498.txt
2498	2499	genealogy/7c596f85_2499.txt
2499	2500	genealogy/b047fe29_2500.txt
2500	2501	genealogy/7cf1712b_2501.txt
2501	2502	genealogy/afa64a78_2502.txt
2502	2503	genealogy/c1d51114_2503.txt
2503	2504	genealogy/d9520272_2504.txt
2504	2505	genealogy/d33259eb_2505.txt
2505	2506	genealogy/1a7281a8_2506.txt
2506	2507	genealogy/1b8652c2_2507.txt
2507	2508	genealogy/fa260c53_2508.txt
2508	2509	genealogy/fbdfad41_2509.txt
2509	2510	genealogy/e403e093_2510.txt
2510	2511	genealogy/3ec1c6fb_2511.txt
2511	2512	genealogy/aafd25ae_2512.txt
2512	2513	genealogy/2504a829_2513.txt
2513	2514	genealogy/ad076337_2514.txt
2514	2515	genealogy/38bbf947_2515.txt
2515	2516	genealogy/f2381785_2516.txt
2516	2517	genealogy/0d7df217_2517.txt
2517	2518	genealogy/66c8a76b_2518.txt
2518	2519	genealogy/dd61a0e4_2519.txt
2519	2520	genealogy/d3e1e6fa_2520.txt
2520	2521	genealogy/bef36a2c_2521.txt
2521	2522	genealogy/e9658374_2522.txt
2522	2523	genealogy/03501539_2523.txt
2523	2524	genealogy/f9dc0dcf_2524.txt
2524	2525	genealogy/e9e43afe_2525.txt
2525	2526	genealogy/b07c0391_2526.txt
2526	2527	genealogy/24132e0d_2527.txt
2527	2528	genealogy/b75a6ef8_2528.txt
2528	2529	genealogy/2a1f2003_2529.txt
2529	2530	genealogy/670bc3ca_2530.txt
2530	2531	genealogy/d8c1f790_2531.txt
2531	2532	genealogy/9a172a3c_2532.txt
2532	2533	genealogy/0a4dd36b_2533.txt
2533	2534	genealogy/272d7094_2534.txt
2534	2535	genealogy/52f99a31_2535.txt
2535	2536	genealogy/a9a69cac_2536.txt
2536	2537	genealogy/b2fc6aa6_2537.txt
2537	2538	genealogy/594c74f4_2538.txt
2538	2539	genealogy/bc3dbbe6_2539.txt
2539	2540	genealogy/b9b164b5_2540.txt
2540	2541	genealogy/66abf9e2_2541.txt
2541	2542	genealogy/4e6d3566_2542.txt
2542	2543	genealogy/f84819bc_2543.txt
2543	2544	genealogy/daf0387f_2544.txt
2544	2545	genealogy/5fdbd7ab_2545.txt
2545	2546	genealogy/e6b44c5a_2546.txt
2546	2547	genealogy/ce6e3fa9_2547.txt
2547	2548	genealogy/1cfe5ce2_2548.txt
2548	2549	genealogy/06b59512_2549.txt
2549	2550	genealogy/908b9ded_2550.txt
2550	2551	genealogy/f73140a2_2551.txt
2551	2552	genealogy/2f7b2b79_2552.txt
2552	2553	genealogy/4d7db316_2553.txt
2553	2554	genealogy/0f7dd5d3_2554.txt
2554	2555	genealogy/b2be9b48_2555.txt
2555	2556	genealogy/bc860899_2556.txt
2556	2557	genealogy/70357f3e_2557.txt
2557	2558	genealogy/45527e10_2558.txt
2558	2559	genealogy/29058cb4_2559.txt
2559	2560	genealogy/5caf6cf8_2560.txt
2560	2561	genealogy/0fecebe9_2561.txt
2561	2562	genealogy/7a7b98cd_2562.txt
2562	2563	genealogy/140e0738_2563.txt
2563	2564	genealogy/6b716626_2564.txt
2564	2565	genealogy/f7472237_2565.txt
2565	2566	genealogy/537223c3_2566.txt
2566	2567	genealogy/07c63106_2567.txt
2567	2568	genealogy/dccbee2e_2568.txt
2568	2569	genealogy/98aa98d5_2569.txt
2569	2570	genealogy/7ef0df30_2570.txt
2570	2571	genealogy/335c719f_2571.txt
2571	2572	genealogy/880f7039_2572.txt
2572	2573	genealogy/5b999b26_2573.txt
2573	2574	genealogy/ffceda52_2574.txt
2574	2575	genealogy/a7a0ca10_2575.txt
2575	2576	genealogy/c1a25c7f_2576.txt
2576	2577	genealogy/970f09af_2577.txt
2577	2578	genealogy/ecfce76d_2578.txt
2578	2579	genealogy/27846b66_2579.txt
2579	2580	genealogy/3b69efa6_2580.txt
2580	2581	genealogy/cf55b932_2581.txt
2581	2582	genealogy/fe9e049d_2582.txt
2582	2583	genealogy/7b74dba0_2583.txt
2583	2584	genealogy/8a53e18c_2584.txt
2584	2585	genealogy/7b6452aa_2585.txt
2585	2586	genealogy/6977aff1_2586.txt
2586	2587	genealogy/8bd8dccb_2587.txt
2587	2588	genealogy/2b57f2f5_2588.txt
2588	2589	genealogy/8e76008a_2589.txt
2589	2590	genealogy/9f06f2fe_2590.txt
2590	2591	genealogy/015ea26a_2591.txt
2591	2592	genealogy/0fc137ac_2592.txt
2592	2593	genealogy/a2b90612_2593.txt
2593	2594	genealogy/f86197cc_2594.txt
2594	2595	genealogy/e1e8e0bc_2595.txt
2595	2596	genealogy/5bb3b21d_2596.txt
2596	2597	genealogy/028bd778_2597.txt
2597	2598	genealogy/dffcb022_2598.txt
2598	2599	genealogy/42e3ef8a_2599.txt
2599	2600	genealogy/64e01ce0_2600.txt
2600	2601	genealogy/e5289dc0_2601.txt
2601	2602	genealogy/f9d97efb_2602.txt
2602	2603	genealogy/cdb83b30_2603.txt
2603	2604	genealogy/f73aa279_2604.txt
2604	2605	genealogy/81028df0_2605.txt
2605	2606	genealogy/f65e5ad3_2606.txt
2606	2607	genealogy/17aee64f_2607.txt
2607	2608	genealogy/6aceb0d8_2608.txt
2608	2609	genealogy/cc9a583e_2609.txt
2609	2610	genealogy/24faf461_2610.txt
2610	2611	genealogy/2c6ba67e_2611.txt
2611	2612	genealogy/02f594e7_2612.txt
2612	2613	genealogy/2311a257_2613.txt
2613	2614	genealogy/cf53a47c_2614.txt
2614	2615	genealogy/34abbe09_2615.txt
2615	2616	genealogy/e4586ac9_2616.txt
2616	2617	genealogy/b4be8e3b_2617.txt
2617	2618	genealogy/54e73d59_2618.txt
2618	2619	genealogy/ce2f4450_2619.txt
2619	2620	genealogy/ff232fa6_2620.txt
2620	2621	genealogy/409edc30_2621.txt
2621	2622	genealogy/14e95187_2622.txt
2622	2623	genealogy/b19c2b5d_2623.txt
2623	2624	genealogy/943d164b_2624.txt
2624	2625	genealogy/941e392b_2625.txt
2625	2626	genealogy/a947564f_2626.txt
2626	2627	genealogy/33dcaa56_2627.txt
2627	2628	genealogy/3b3be06b_2628.txt
2628	2629	genealogy/75c976ef_2629.txt
2629	2630	genealogy/0c42fa46_2630.txt
2630	2631	genealogy/6105cd7d_2631.txt
2631	2632	genealogy/016f988a_2632.txt
2632	2633	genealogy/4be65a6a_2633.txt
2633	2634	genealogy/f872b4b8_2634.txt
2634	2635	genealogy/c4f9fe61_2635.txt
2635	2636	genealogy/2dc8350c_2636.txt
2636	2637	genealogy/1e776148_2637.txt
2637	2638	genealogy/a750525b_2638.txt
2638	2639	genealogy/de02666b_2639.txt
2639	2640	genealogy/538c5909_2640.txt
2640	2641	genealogy/6728b951_2641.txt
2641	2642	genealogy/6e37f225_2642.txt
2642	2643	genealogy/e06a526e_2643.txt
2643	2644	genealogy/861a75d0_2644.txt
2644	2645	genealogy/9eb36fe9_2645.txt
2645	2646	genealogy/06f17931_2646.txt
2646	2647	genealogy/c57fd425_2647.txt
2647	2648	genealogy/1a1c63c1_2648.txt
2648	2649	genealogy/bd209689_2649.txt
2649	2650	genealogy/63c63a9e_2650.txt
2650	2651	genealogy/613b1c19_2651.txt
2651	2652	genealogy/5c46f8a9_2652.txt
2652	2653	genealogy/a9b61527_2653.txt
2653	2654	genealogy/64783eea_2654.txt
2654	2655	genealogy/1e6b44e2_2655.txt
2655	2656	genealogy/065c53fc_2656.txt
2656	2657	genealogy/eea20064_2657.txt
2657	2658	genealogy/78c5fdb6_2658.txt
2658	2659	genealogy/d711363a_2659.txt
2659	2660	genealogy/7023b468_2660.txt
2660	2661	genealogy/fa7ca47c_2661.txt
2661	2662	genealogy/543cf234_2662.txt
2662	2663	genealogy/c6f6c94d_2663.txt
2663	2664	genealogy/0f5dac2d_2664.txt
2664	2665	genealogy/601dd694_2665.txt
2665	2666	genealogy/b003a635_2666.txt
2666	2667	genealogy/4e2feb23_2667.txt
2667	2668	genealogy/9154d59d_2668.txt
2668	2669	genealogy/76a791cf_2669.txt
2669	2670	genealogy/b1af863b_2670.txt
2670	2671	genealogy/ee972d7c_2671.txt
2671	2672	genealogy/d64300d9_2672.txt
2672	2673	genealogy/164bd524_2673.txt
2673	2674	genealogy/a25da3ac_2674.txt
2674	2675	genealogy/74a7e066_2675.txt
2675	2676	genealogy/5e1f008b_2676.txt
2676	2677	genealogy/5adc9478_2677.txt
2677	2678	genealogy/8810c951_2678.txt
2678	2679	genealogy/e1744197_2679.txt
2679	2680	genealogy/bb9b1c28_2680.txt
2680	2681	genealogy/9a466c0c_2681.txt
2681	2682	genealogy/7af7c950_2682.txt
2682	2683	genealogy/b11f6c5b_2683.txt
2683	2684	genealogy/b4415535_2684.txt
2684	2685	genealogy/2a2ac0e1_2685.txt
2685	2686	genealogy/dfdaf747_2686.txt
2686	2687	genealogy/900ac992_2687.txt
2687	2688	genealogy/1badf8c4_2688.txt
2688	2689	genealogy/21a0c7a7_2689.txt
2689	2690	genealogy/32943a34_2690.txt
2690	2691	genealogy/570cb37f_2691.txt
2691	2692	genealogy/f5444b25_2692.txt
2692	2693	genealogy/a8fbbbcd_2693.txt
2693	2694	genealogy/6d530126_2694.txt
2694	2695	genealogy/ae945cb9_2695.txt
2695	2696	genealogy/b3625df6_2696.txt
2696	2697	genealogy/0c58f68f_2697.txt
2697	2698	genealogy/68301ea9_2698.txt
2698	2699	genealogy/b905c020_2699.txt
2699	2700	genealogy/ce959726_2700.txt
2700	2701	genealogy/63bee88d_2701.txt
2701	2702	genealogy/c18710e6_2702.txt
2702	2703	genealogy/19202684_2703.txt
2703	2704	genealogy/f0c6c2b9_2704.txt
2704	2705	genealogy/1164a973_2705.txt
2705	2706	genealogy/83c517e5_2706.txt
2706	2707	genealogy/c52fef73_2707.txt
2707	2708	genealogy/cf553100_2708.txt
2708	2709	genealogy/7c186c87_2709.txt
2709	2710	genealogy/7259f56f_2710.txt
2710	2711	genealogy/e8a4d128_2711.txt
2711	2712	genealogy/5a815fff_2712.txt
2712	2713	genealogy/24f1796a_2713.txt
2713	2714	genealogy/be84534b_2714.txt
2714	2715	genealogy/3a54eb43_2715.txt
2715	2716	genealogy/ece44f8e_2716.txt
2716	2717	genealogy/64f63b78_2717.txt
2717	2718	genealogy/75dfa9a4_2718.txt
2718	2719	genealogy/c5d8f0e5_2719.txt
2719	2720	genealogy/7b7c9e9d_2720.txt
2720	2721	genealogy/69297758_2721.txt
2721	2722	genealogy/2e0faed5_2722.txt
2722	2723	genealogy/e3c83a5b_2723.txt
2723	2724	genealogy/853d55ca_2724.txt
2724	2725	genealogy/191768e3_2725.txt
2725	2726	genealogy/274195ad_2726.txt
2726	2727	genealogy/0c0bfc83_2727.txt
2727	2728	genealogy/920e0722_2728.txt
2728	2729	genealogy/7847c6cf_2729.txt
2729	2730	genealogy/0886d039_2730.txt
2730	2731	genealogy/20cfa133_2731.txt
2731	2732	genealogy/15627308_2732.txt
2732	2733	genealogy/65c98fdd_2733.txt
2733	2734	genealogy/1cbdfd28_2734.txt
2734	2735	genealogy/e49a670e_2735.txt
2735	2736	genealogy/6cb71712_2736.txt
2736	2737	genealogy/cc2db95b_2737.txt
2737	2738	genealogy/cf850402_2738.txt
2738	2739	genealogy/f010988f_2739.txt
2739	2740	genealogy/90236de0_2740.txt
2740	2741	genealogy/ca7d3a35_2741.txt
2741	2742	genealogy/107aca65_2742.txt
2742	2743	genealogy/d99bb60e_2743.txt
2743	2744	genealogy/566bc2e5_2744.txt
2744	2745	genealogy/341315c5_2745.txt
2745	2746	genealogy/36998a7b_2746.txt
2746	2747	genealogy/0ab4ebd7_2747.txt
2747	2748	genealogy/743f4aa4_2748.txt
2748	2749	genealogy/891a749f_2749.txt
2749	2750	genealogy/7e0f0b68_2750.txt
2750	2751	genealogy/b89bfafd_2751.txt
2751	2752	genealogy/6fa27f33_2752.txt
2752	2753	genealogy/e58da25f_2753.txt
2753	2754	genealogy/86b7cfe2_2754.txt
2754	2755	genealogy/e3d6050b_2755.txt
2755	2756	genealogy/e849aadc_2756.txt
2756	2757	genealogy/9f7f8b3a_2757.txt
2757	2758	genealogy/568ff53b_2758.txt
2758	2759	genealogy/573f6b08_2759.txt
2759	2760	genealogy/310976bb_2760.txt
2760	2761	genealogy/54806c5c_2761.txt
2761	2762	genealogy/e2f8fba1_2762.txt
2762	2763	genealogy/c70ecc36_2763.txt
2763	2764	genealogy/e5fd41f1_2764.txt
2764	2765	genealogy/c9353ee2_2765.txt
2765	2766	genealogy/4185726d_2766.txt
2766	2767	genealogy/265d485c_2767.txt
2767	2768	genealogy/88edd534_2768.txt
2768	2769	genealogy/45874bde_2769.txt
2769	2770	genealogy/a450386e_2770.txt
2770	2771	genealogy/ec4a5bb3_2771.txt
2771	2772	genealogy/83909306_2772.txt
2772	2773	genealogy/57671310_2773.txt
2773	2774	genealogy/4f3856dd_2774.txt
2774	2775	genealogy/57671310_2775.txt
2775	2776	genealogy/ab26bf9b_2776.txt
2776	2777	genealogy/ab26bf9b_2777.txt
2777	2778	genealogy/982c25b5_2778.txt
2778	2779	genealogy/ab26bf9b_2779.txt
2779	2780	genealogy/37098146_2780.txt
2780	2781	genealogy/ab26bf9b_2781.txt
2781	2782	genealogy/53cc2233_2782.txt
2782	2783	genealogy/ab26bf9b_2783.txt
2783	2784	genealogy/b76f1232_2784.txt
2784	2785	genealogy/ab26bf9b_2785.txt
2785	2786	genealogy/ab26bf9b_2786.txt
2786	2787	genealogy/5657b7c3_2787.txt
2787	2788	genealogy/bd7397a0_2788.txt
2788	2789	genealogy/57c514d7_2789.txt
2789	2790	genealogy/8bd8dccb_2790.txt
2790	2791	genealogy/0698fc56_2791.txt
2791	2792	genealogy/bafd8634_2792.txt
2792	2793	genealogy/926bba23_2793.txt
2793	2794	genealogy/73efc085_2794.txt
2794	2795	genealogy/1cfee74f_2795.txt
2795	2796	genealogy/b358551c_2796.txt
2796	2797	genealogy/fe3831ed_2797.txt
2797	2798	genealogy/a82c22da_2798.txt
2798	2799	genealogy/dcfba87c_2799.txt
2799	2800	genealogy/f2b78072_2800.txt
2800	2801	genealogy/489cc083_2801.txt
2801	2802	genealogy/6fb5bd69_2802.txt
2802	2803	genealogy/c445f6d3_2803.txt
2803	2804	genealogy/71524f73_2804.txt
2804	2805	genealogy/b707a058_2805.txt
2805	2806	genealogy/36f3af95_2806.txt
2806	2807	genealogy/b87b78c2_2807.txt
2807	2808	genealogy/5d711eac_2808.txt
2808	2809	genealogy/bf35912b_2809.txt
2809	2810	genealogy/aa81c50f_2810.txt
2810	2811	genealogy/91a2bd99_2811.txt
2811	2812	genealogy/6cca3253_2812.txt
2812	2813	genealogy/1468a9e0_2813.txt
2813	2814	genealogy/d8aaac51_2814.txt
2814	2815	genealogy/ee142510_2815.txt
2815	2816	genealogy/363aa788_2816.txt
2816	2817	genealogy/b0ac12b4_2817.txt
2817	2818	genealogy/ee9abcaf_2818.txt
2818	2819	genealogy/48273de1_2819.txt
2819	2820	genealogy/679b2088_2820.txt
2820	2821	genealogy/3e03c525_2821.txt
2821	2822	genealogy/680e4811_2822.txt
2822	2823	genealogy/46bfa7db_2823.txt
2823	2824	genealogy/e027b3a2_2824.txt
2824	2825	genealogy/e9feafd7_2825.txt
2825	2826	genealogy/0b557093_2826.txt
2826	2827	genealogy/69b18e38_2827.txt
2827	2828	genealogy/043bedd7_2828.txt
2828	2829	genealogy/12ad507d_2829.txt
2829	2830	genealogy/5c0ccad6_2830.txt
2830	2831	genealogy/2011f0bc_2831.txt
2831	2832	genealogy/46273308_2832.txt
2832	2833	genealogy/6e401529_2833.txt
2833	2834	genealogy/10af778d_2834.txt
2834	2835	genealogy/1722c9c7_2835.txt
2835	2836	genealogy/52579c8e_2836.txt
2836	2837	genealogy/5e537c54_2837.txt
2837	2838	genealogy/a797fbdf_2838.txt
2838	2839	genealogy/6d8f29c0_2839.txt
2839	2840	genealogy/dfbc3f2d_2840.txt
2840	2841	genealogy/7448ac27_2841.txt
2841	2842	genealogy/fc6f3991_2842.txt
2842	2843	genealogy/8eb9d213_2843.txt
2843	2844	genealogy/6f2c1804_2844.txt
2844	2845	genealogy/5a678119_2845.txt
2845	2846	genealogy/69aef979_2846.txt
2846	2847	genealogy/e93316b0_2847.txt
2847	2848	genealogy/e8bb17d3_2848.txt
2848	2849	genealogy/ee040831_2849.txt
2849	2850	genealogy/869e0525_2850.txt
2850	2851	genealogy/fc15aacf_2851.txt
2851	2852	genealogy/8d8d0cff_2852.txt
2852	2853	genealogy/f751b71e_2853.txt
2853	2854	genealogy/44eb879b_2854.txt
2854	2855	genealogy/037a0754_2855.txt
2855	2856	genealogy/0e3af386_2856.txt
2856	2857	genealogy/cc55a69a_2857.txt
2857	2858	genealogy/68e039fb_2858.txt
2858	2859	genealogy/fb4fce69_2859.txt
2859	2860	genealogy/b691ecdb_2860.txt
2860	2861	genealogy/bb33f140_2861.txt
2861	2862	genealogy/1456a4bb_2862.txt
2862	2863	genealogy/45c51897_2863.txt
2863	2864	genealogy/1713d0a9_2864.txt
2864	2865	genealogy/22ac0097_2865.txt
2865	2866	genealogy/7b015a3e_2866.txt
2866	2867	genealogy/17181f27_2867.txt
2867	2868	genealogy/7146ed99_2868.txt
2868	2869	genealogy/70015e78_2869.txt
2869	2870	genealogy/a8b69265_2870.txt
2870	2871	genealogy/aed00df1_2871.txt
2871	2872	genealogy/c5fd3e40_2872.txt
2872	2873	genealogy/4ec43ac0_2873.txt
2873	2874	genealogy/3f95699e_2874.txt
2874	2875	genealogy/ad6b93b6_2875.txt
2875	2876	genealogy/c6ca4b43_2876.txt
2876	2877	genealogy/f5d92f7c_2877.txt
2877	2878	genealogy/afb2e60d_2878.txt
2878	2879	genealogy/9519a8e4_2879.txt
2879	2880	genealogy/46833143_2880.txt
2880	2881	genealogy/518a0138_2881.txt
2881	2882	genealogy/4a306046_2882.txt
2882	2883	genealogy/dae51db6_2883.txt
2883	2884	genealogy/39415de1_2884.txt
2884	2885	genealogy/21cb1131_2885.txt
2885	2886	genealogy/ac762992_2886.txt
2886	2887	genealogy/4b62f68a_2887.txt
2887	2888	genealogy/89581fb0_2888.txt
2888	2889	genealogy/1ece0422_2889.txt
2889	2890	genealogy/d4556fd9_2890.txt
2890	2891	genealogy/a8a6b66f_2891.txt
2891	2892	genealogy/7232e80e_2892.txt
2892	2893	genealogy/1d64f81c_2893.txt
2893	2894	genealogy/a8570a43_2894.txt
2894	2895	genealogy/d83e89bf_2895.txt
2895	2896	genealogy/db932a6d_2896.txt
2896	2897	genealogy/15ec957d_2897.txt
2897	2898	genealogy/b7e2ecd1_2898.txt
2898	2899	genealogy/0c2555d7_2899.txt
2899	2900	genealogy/eaf40514_2900.txt
2900	2901	genealogy/c268952f_2901.txt
2901	2902	genealogy/489da3b4_2902.txt
2902	2903	genealogy/226d34e5_2903.txt
2903	2904	genealogy/cdb0054b_2904.txt
2904	2905	genealogy/17d77d36_2905.txt
2905	2906	genealogy/d3374412_2906.txt
2906	2907	genealogy/677f2404_2907.txt
2907	2908	genealogy/06a98182_2908.txt
2908	2909	genealogy/2a66043d_2909.txt
2909	2910	genealogy/0560ea28_2910.txt
2910	2911	genealogy/6069929f_2911.txt
2911	2912	genealogy/57afaeed_2912.txt
2912	2913	genealogy/1b013355_2913.txt
2913	2914	genealogy/59676a93_2914.txt
2914	2915	genealogy/e77ba67e_2915.txt
2915	2916	genealogy/8c1c904b_2916.txt
2916	2917	genealogy/3d76fd53_2917.txt
2917	2918	genealogy/15397f2e_2918.txt
2918	2919	genealogy/160448f5_2919.txt
2919	2920	genealogy/89c4fee2_2920.txt
2920	2921	genealogy/44219539_2921.txt
2921	2922	genealogy/6baab95c_2922.txt
2922	2923	genealogy/a68a9a6b_2923.txt
2923	2924	genealogy/9cb7a7fa_2924.txt
2924	2925	genealogy/e4a9cf77_2925.txt
2925	2926	genealogy/2d6198d3_2926.txt
2926	2927	genealogy/640bfa6b_2927.txt
2927	2928	genealogy/387485fa_2928.txt
2928	2929	genealogy/3ebf495a_2929.txt
2929	2930	genealogy/d4c7bb81_2930.txt
2930	2931	genealogy/c953c144_2931.txt
2931	2932	genealogy/ef6efeb3_2932.txt
2932	2933	genealogy/10f57371_2933.txt
2933	2934	genealogy/ad33a5a8_2934.txt
2934	2935	genealogy/7d8ca108_2935.txt
2935	2936	genealogy/301f9234_2936.txt
2936	2937	genealogy/24c554db_2937.txt
2937	2938	genealogy/e3d7d307_2938.txt
2938	2939	genealogy/205ce982_2939.txt
2939	2940	genealogy/f20b3c3a_2940.txt
2940	2941	genealogy/e29584b9_2941.txt
2941	2942	genealogy/bc9e4d9b_2942.txt
2942	2943	genealogy/62a61a88_2943.txt
2943	2944	genealogy/b54b42fd_2944.txt
2944	2945	genealogy/6f47ab49_2945.txt
2945	2946	genealogy/3e984624_2946.txt
2946	2947	genealogy/af3a113b_2947.txt
2947	2948	genealogy/b87ea0cc_2948.txt
2948	2949	genealogy/17cc4c4e_2949.txt
2949	2950	genealogy/6a89f937_2950.txt
2950	2951	genealogy/a9b9c3bb_2951.txt
2951	2952	genealogy/b62fb452_2952.txt
2952	2953	genealogy/0388d2e2_2953.txt
2953	2954	genealogy/ef65b2d1_2954.txt
2954	2955	genealogy/2992d429_2955.txt
2955	2956	genealogy/faadee80_2956.txt
2956	2957	genealogy/edab7257_2957.txt
2957	2958	genealogy/8bde23a7_2958.txt
2958	2959	genealogy/5d9d361d_2959.txt
2959	2960	genealogy/75271df3_2960.txt
2960	2961	genealogy/44819bf9_2961.txt
2961	2962	genealogy/911ff523_2962.txt
2962	2963	genealogy/9475009b_2963.txt
2963	2964	genealogy/5d040ce6_2964.txt
2964	2965	genealogy/4b1eedd9_2965.txt
2965	2966	genealogy/ee30f2bb_2966.txt
2966	2967	genealogy/bb032ec6_2967.txt
2967	2968	genealogy/6be6a2fc_2968.txt
2968	2969	genealogy/292da431_2969.txt
2969	2970	genealogy/5b636fa9_2970.txt
2970	2971	genealogy/8f926d97_2971.txt
2971	2972	genealogy/2a316aa5_2972.txt
2972	2973	genealogy/bfb378c1_2973.txt
2973	2974	genealogy/b5aff567_2974.txt
2974	2975	genealogy/69397a41_2975.txt
2975	2976	genealogy/8b1bf1d9_2976.txt
2976	2977	genealogy/1b099742_2977.txt
2977	2978	genealogy/985c0eca_2978.txt
2978	2979	genealogy/6ca99591_2979.txt
2979	2980	genealogy/4e5a5696_2980.txt
2980	2981	genealogy/707bb5a4_2981.txt
2981	2982	genealogy/371b12c1_2982.txt
2982	2983	genealogy/e98acc22_2983.txt
2983	2984	genealogy/ba564312_2984.txt
2984	2985	genealogy/2dfef589_2985.txt
2985	2986	genealogy/acb9d6cd_2986.txt
2986	2987	genealogy/2e8480a8_2987.txt
2987	2988	genealogy/718f758e_2988.txt
2988	2989	genealogy/6003fa50_2989.txt
2989	2990	genealogy/c5926183_2990.txt
2990	2991	genealogy/2dbe1450_2991.txt
2991	2992	genealogy/88b7d48a_2992.txt
2992	2993	genealogy/26b92ad2_2993.txt
2993	2994	genealogy/d49324d5_2994.txt
2994	2995	genealogy/3ef35c10_2995.txt
2995	2996	genealogy/207228d6_2996.txt
2996	2997	genealogy/0483fe3e_2997.txt
2997	2998	genealogy/861d1ca6_2998.txt
2998	2999	genealogy/1bb94326_2999.txt
2999	3000	genealogy/d52311d9_3000.txt
3000	3001	genealogy/412559ab_3001.txt
3001	3002	genealogy/1974e72a_3002.txt
3002	3003	genealogy/03877d46_3003.txt
3003	3004	genealogy/bc62274d_3004.txt
3004	3005	genealogy/49c016c1_3005.txt
3005	3006	genealogy/547ea57f_3006.txt
3006	3007	genealogy/499b9345_3007.txt
3007	3008	genealogy/420c6310_3008.txt
3008	3009	genealogy/a1b93c79_3009.txt
3009	3010	genealogy/9d19c24c_3010.txt
3010	3011	genealogy/37eee7f0_3011.txt
3011	3012	genealogy/64c5c7b3_3012.txt
3012	3013	genealogy/819bc2da_3013.txt
3013	3014	genealogy/47e39769_3014.txt
3014	3015	genealogy/393ceb04_3015.txt
3015	3016	genealogy/c92e4224_3016.txt
3016	3017	genealogy/999f2672_3017.txt
3017	3018	genealogy/633fab36_3018.txt
3018	3019	genealogy/a88dd4af_3019.txt
3019	3020	genealogy/7d6c1930_3020.txt
3020	3021	genealogy/b13b68eb_3021.txt
3021	3022	genealogy/5d551c20_3022.txt
3022	3023	genealogy/88453d74_3023.txt
3023	3024	genealogy/0504ac3f_3024.txt
3024	3025	genealogy/0df4eeef_3025.txt
3025	3026	genealogy/e5fb0f62_3026.txt
3026	3027	genealogy/dc40d433_3027.txt
3027	3028	genealogy/60f05f89_3028.txt
3028	3029	genealogy/6e0993e7_3029.txt
3029	3030	genealogy/91617abb_3030.txt
3030	3031	genealogy/076192f6_3031.txt
3031	3032	genealogy/47530daa_3032.txt
3032	3033	genealogy/dca9e767_3033.txt
3033	3034	genealogy/a7abafce_3034.txt
3034	3035	genealogy/f20e4326_3035.txt
3035	3036	genealogy/80afb442_3036.txt
3036	3037	genealogy/8ea26b73_3037.txt
3037	3038	genealogy/76571a13_3038.txt
3038	3039	genealogy/b7849c1b_3039.txt
3039	3040	genealogy/4dfd9cfd_3040.txt
3040	3041	genealogy/f8ea6bf5_3041.txt
3041	3042	genealogy/c44e00df_3042.txt
3042	3043	genealogy/b396e046_3043.txt
3043	3044	genealogy/77c9f904_3044.txt
3044	3045	genealogy/28b31c57_3045.txt
3045	3046	genealogy/660169b1_3046.txt
3046	3047	genealogy/aac9edeb_3047.txt
3047	3048	genealogy/0ea3e15c_3048.txt
3048	3049	genealogy/5cb80ec2_3049.txt
3049	3050	genealogy/7dd07a6b_3050.txt
3050	3051	genealogy/438143e0_3051.txt
3051	3052	genealogy/6277f120_3052.txt
3052	3053	genealogy/199e06c9_3053.txt
3053	3054	genealogy/3ccb717b_3054.txt
3054	3055	genealogy/267f483c_3055.txt
3055	3056	genealogy/38139a92_3056.txt
3056	3057	genealogy/09e6ceb3_3057.txt
3057	3058	genealogy/31580cb0_3058.txt
3058	3059	genealogy/f9f79849_3059.txt
3059	3060	genealogy/3c159938_3060.txt
3060	3061	genealogy/7ff6a653_3061.txt
3061	3062	genealogy/aa9ccd4f_3062.txt
3062	3063	genealogy/085a2ad1_3063.txt
3063	3064	genealogy/0bc0a583_3064.txt
3064	3065	genealogy/7539de7c_3065.txt
3065	3066	genealogy/da46eac8_3066.txt
3066	3067	genealogy/1d9a66f5_3067.txt
3067	3068	genealogy/a4359279_3068.txt
3068	3069	genealogy/63484fc7_3069.txt
3069	3070	genealogy/e73fbe32_3070.txt
3070	3071	genealogy/57c4aff8_3071.txt
3071	3072	genealogy/d39b281c_3072.txt
3072	3073	genealogy/d1d1b73b_3073.txt
3073	3074	genealogy/59114821_3074.txt
3074	3075	genealogy/6a6ef95a_3075.txt
3075	3076	genealogy/9d0f044e_3076.txt
3076	3077	genealogy/1da8e814_3077.txt
3077	3078	genealogy/2d5b18cf_3078.txt
3078	3079	genealogy/aa7ed57e_3079.txt
3079	3080	genealogy/9c4f379a_3080.txt
3080	3081	genealogy/24cc396d_3081.txt
3081	3082	genealogy/81261013_3082.txt
3082	3083	genealogy/0bcdc506_3083.txt
3083	3084	genealogy/e9bbe588_3084.txt
3084	3085	genealogy/8f1afc9a_3085.txt
3085	3086	genealogy/c083355c_3086.txt
3086	3087	genealogy/504add09_3087.txt
3087	3088	genealogy/7af9e7cc_3088.txt
3088	3089	genealogy/7ef913b0_3089.txt
3089	3090	genealogy/034ff190_3090.txt
3090	3091	genealogy/3c8803f7_3091.txt
3091	3092	genealogy/3e156bd8_3092.txt
3092	3093	genealogy/0e18a53e_3093.txt
3093	3094	genealogy/8552ce1a_3094.txt
3094	3095	genealogy/2eb99b96_3095.txt
3095	3096	genealogy/d2f8cf03_3096.txt
3096	3097	genealogy/6592b6bb_3097.txt
3097	3098	genealogy/0042c325_3098.txt
3098	3099	genealogy/aa4250bf_3099.txt
3099	3100	genealogy/d20fe14d_3100.txt
3100	3101	genealogy/822ea309_3101.txt
3101	3102	genealogy/130859b1_3102.txt
3102	3103	genealogy/279009e2_3103.txt
3103	3104	genealogy/b828e56d_3104.txt
3104	3105	genealogy/1e1e0a65_3105.txt
3105	3106	genealogy/d74cce0b_3106.txt
3106	3107	genealogy/43288e03_3107.txt
3107	3108	genealogy/bd0bf4a6_3108.txt
3108	3109	genealogy/385a2449_3109.txt
3109	3110	genealogy/efe931c9_3110.txt
3110	3111	genealogy/4ee6b4ab_3111.txt
3111	3112	genealogy/983de339_3112.txt
3112	3113	genealogy/a60ee79c_3113.txt
3113	3114	genealogy/a3ed631b_3114.txt
3114	3115	genealogy/77eaf1cf_3115.txt
3115	3116	genealogy/29f43ce7_3116.txt
3116	3117	genealogy/1840cba0_3117.txt
3117	3118	genealogy/eb91d74d_3118.txt
3118	3119	genealogy/1775bffc_3119.txt
3119	3120	genealogy/6a92eedf_3120.txt
3120	3121	genealogy/778ebc6d_3121.txt
3121	3122	genealogy/3f46808b_3122.txt
3122	3123	genealogy/7f84d0c2_3123.txt
3123	3124	genealogy/3b750b4e_3124.txt
3124	3125	genealogy/d08ae095_3125.txt
3125	3126	genealogy/29402d3e_3126.txt
3126	3127	genealogy/a4331b8b_3127.txt
3127	3128	genealogy/868904ae_3128.txt
3128	3129	genealogy/8196e3ae_3129.txt
3129	3130	genealogy/97307bb0_3130.txt
3130	3131	genealogy/5843060c_3131.txt
3131	3132	genealogy/528bf9d4_3132.txt
3132	3133	genealogy/10d32fad_3133.txt
3133	3134	genealogy/3cba5b7f_3134.txt
3134	3135	genealogy/bde2731b_3135.txt
3135	3136	genealogy/3ac4c182_3136.txt
3136	3137	genealogy/e2fce0fc_3137.txt
3137	3138	genealogy/a0854bcb_3138.txt
3138	3139	genealogy/1d14ba26_3139.txt
3139	3140	genealogy/eb54acf1_3140.txt
3140	3141	genealogy/d23b63cf_3141.txt
3141	3142	genealogy/925c3f73_3142.txt
3142	3143	genealogy/b9ca9ea5_3143.txt
3143	3144	genealogy/3e9b8793_3144.txt
3144	3145	genealogy/ce0dc6ad_3145.txt
3145	3146	genealogy/29c5881c_3146.txt
3146	3147	genealogy/146b6446_3147.txt
3147	3148	genealogy/d9c2e9cf_3148.txt
3148	3149	genealogy/26052b88_3149.txt
3149	3150	genealogy/98236555_3150.txt
3150	3151	genealogy/ef53c688_3151.txt
3151	3152	genealogy/0e4e4ac8_3152.txt
3152	3153	genealogy/9074f05c_3153.txt
3153	3154	genealogy/9335e94b_3154.txt
3154	3155	genealogy/fb8d4177_3155.txt
3155	3156	genealogy/39af7316_3156.txt
3156	3157	genealogy/e34bf7e1_3157.txt
3157	3158	genealogy/cf23cc5b_3158.txt
3158	3159	genealogy/45b7be65_3159.txt
3159	3160	genealogy/0ac5722a_3160.txt
3160	3161	genealogy/eea20064_3161.txt
3161	3162	genealogy/78c5fdb6_3162.txt
3162	3163	genealogy/d711363a_3163.txt
3163	3164	genealogy/ad830239_3164.txt
3164	3165	genealogy/c1a25c7f_3165.txt
3165	3166	genealogy/970f09af_3166.txt
3166	3167	genealogy/ecfce76d_3167.txt
3167	3168	genealogy/27846b66_3168.txt
3168	3169	genealogy/3b69efa6_3169.txt
3169	3170	genealogy/cf55b932_3170.txt
3170	3171	genealogy/fe9e049d_3171.txt
3171	3172	genealogy/7b74dba0_3172.txt
3172	3173	genealogy/8a53e18c_3173.txt
3173	3174	genealogy/7b6452aa_3174.txt
3174	3175	genealogy/6977aff1_3175.txt
3175	3176	genealogy/0ed19652_3176.txt
3176	3177	genealogy/1e007ef6_3177.txt
3177	3178	genealogy/e2d53334_3178.txt
3178	3179	genealogy/38ec51e1_3179.txt
3179	3180	genealogy/0b962d5a_3180.txt
3180	3181	genealogy/dcdc1434_3181.txt
3181	3182	genealogy/39fc8ffc_3182.txt
3182	3183	genealogy/06b62964_3183.txt
3183	3184	genealogy/ace5a297_3184.txt
3184	3185	genealogy/77cbc29e_3185.txt
3185	3186	genealogy/64bad8ba_3186.txt
3186	3187	genealogy/a057097e_3187.txt
3187	3188	genealogy/4cb9046f_3188.txt
3188	3189	genealogy/9148dbcd_3189.txt
3189	3190	genealogy/c313c2cb_3190.txt
3190	3191	genealogy/816a5fc5_3191.txt
3191	3192	genealogy/2d9b99f6_3192.txt
3192	3193	genealogy/e68b79d7_3193.txt
3193	3194	genealogy/77058547_3194.txt
3194	3195	genealogy/4fe5990f_3195.txt
3195	3196	genealogy/20cc6bff_3196.txt
3196	3197	genealogy/6c1b8e07_3197.txt
3197	3198	genealogy/08a27617_3198.txt
3198	3199	genealogy/f878c8eb_3199.txt
3199	3200	genealogy/1432a14a_3200.txt
3200	3201	genealogy/6da75497_3201.txt
3201	3202	genealogy/57ac0563_3202.txt
3202	3203	genealogy/268ff2d9_3203.txt
3203	3204	genealogy/f875a250_3204.txt
3204	3205	genealogy/0223aefd_3205.txt
3205	3206	genealogy/5b8449cf_3206.txt
3206	3207	genealogy/e4361f85_3207.txt
3207	3208	genealogy/e7234831_3208.txt
3208	3209	genealogy/f4768a94_3209.txt
3209	3210	genealogy/a11f913b_3210.txt
3210	3211	genealogy/c9ec1485_3211.txt
3211	3212	genealogy/449b2c3d_3212.txt
3212	3213	genealogy/3cd52b1c_3213.txt
3213	3214	genealogy/1af0eae5_3214.txt
3214	3215	genealogy/8fd3d61f_3215.txt
3215	3216	genealogy/a451e586_3216.txt
3216	3217	genealogy/bae508d5_3217.txt
3217	3218	genealogy/4b63c380_3218.txt
3218	3219	genealogy/4f173487_3219.txt
3219	3220	genealogy/68e17cb0_3220.txt
3220	3221	genealogy/a7ac3606_3221.txt
3221	3222	genealogy/47b14922_3222.txt
3222	3223	genealogy/d2806d1b_3223.txt
3223	3224	genealogy/9a0d4666_3224.txt
3224	3225	genealogy/6f9c3067_3225.txt
3225	3226	genealogy/771a44fd_3226.txt
3226	3227	genealogy/a1d74225_3227.txt
3227	3228	genealogy/61f4710f_3228.txt
3228	3229	genealogy/8cc17953_3229.txt
3229	3230	genealogy/0a9227ef_3230.txt
3230	3231	genealogy/6f032841_3231.txt
3231	3232	genealogy/11996616_3232.txt
3232	3233	genealogy/ea0ba71f_3233.txt
3233	3234	genealogy/5888da19_3234.txt
3234	3235	genealogy/15e04591_3235.txt
3235	3236	genealogy/b4aba6e3_3236.txt
3236	3237	genealogy/3d5301bf_3237.txt
3237	3238	genealogy/e8318023_3238.txt
3238	3239	genealogy/22e39f15_3239.txt
3239	3240	genealogy/55317c3b_3240.txt
3240	3241	genealogy/98ca0fc4_3241.txt
3241	3242	genealogy/c43f41b5_3242.txt
3242	3243	genealogy/7ed47c92_3243.txt
3243	3244	genealogy/dc7b1559_3244.txt
3244	3245	genealogy/fb1f6c8c_3245.txt
3245	3246	genealogy/d121d62f_3246.txt
3246	3247	genealogy/61beadef_3247.txt
3247	3248	genealogy/17fa0031_3248.txt
3248	3249	genealogy/e9db19db_3249.txt
3249	3250	genealogy/7e4c67a5_3250.txt
3250	3251	genealogy/9e99a71e_3251.txt
3251	3252	genealogy/a5c04477_3252.txt
3252	3253	genealogy/675fe0b9_3253.txt
3253	3254	genealogy/a9302b2d_3254.txt
3254	3255	genealogy/cc022a48_3255.txt
3255	3256	genealogy/cd5a50c3_3256.txt
3256	3257	genealogy/7ff0bcd2_3257.txt
3257	3258	genealogy/5c81d1a3_3258.txt
3258	3259	genealogy/8e05983b_3259.txt
3259	3260	genealogy/a33889ae_3260.txt
3260	3261	genealogy/0869d0b7_3261.txt
3261	3262	genealogy/8d2f7441_3262.txt
3262	3263	genealogy/8d17ab42_3263.txt
3263	3264	genealogy/6f249f24_3264.txt
3264	3265	genealogy/23ff00b2_3265.txt
3265	3266	genealogy/6d18a8ef_3266.txt
3266	3267	genealogy/5d5670ba_3267.txt
3267	3268	genealogy/b93b72a7_3268.txt
3268	3269	genealogy/8517af5b_3269.txt
3269	3270	genealogy/c0c7fe88_3270.txt
3270	3271	genealogy/abef8564_3271.txt
3271	3272	genealogy/a61b3062_3272.txt
3272	3273	genealogy/3ca71e04_3273.txt
3273	3274	genealogy/f81336d6_3274.txt
3274	3275	genealogy/d092f936_3275.txt
3275	3276	genealogy/1958fb8c_3276.txt
3276	3277	genealogy/73d16b2f_3277.txt
3277	3278	genealogy/411ddbb2_3278.txt
3278	3279	genealogy/cfa88ec3_3279.txt
3279	3280	genealogy/ffe6c834_3280.txt
3280	3281	genealogy/693461da_3281.txt
3281	3282	genealogy/80aa197c_3282.txt
3282	3283	genealogy/f25522bc_3283.txt
3283	3284	genealogy/5f192612_3284.txt
3284	3285	genealogy/bbd0b98a_3285.txt
3285	3286	genealogy/79ba86dc_3286.txt
3286	3287	genealogy/35d86603_3287.txt
3287	3288	genealogy/48d4425a_3288.txt
3288	3289	genealogy/ad0ee617_3289.txt
3289	3290	genealogy/4c0296c1_3290.txt
3290	3291	genealogy/57c4833b_3291.txt
3291	3292	genealogy/d0376907_3292.txt
3292	3293	genealogy/5f2bc8ea_3293.txt
3293	3294	genealogy/6ffea428_3294.txt
3294	3295	genealogy/783bbbb7_3295.txt
3295	3296	genealogy/079789e9_3296.txt
3296	3297	genealogy/db9377dc_3297.txt
3297	3298	genealogy/3b2dee7b_3298.txt
3298	3299	genealogy/5b8655c9_3299.txt
3299	3300	genealogy/1b1a5299_3300.txt
3300	3301	genealogy/3dc4edbe_3301.txt
3301	3302	genealogy/8eaf5792_3302.txt
3302	3303	genealogy/ce7d8a9d_3303.txt
3303	3304	genealogy/8613fbf4_3304.txt
3304	3305	genealogy/452327c0_3305.txt
3305	3306	genealogy/dd9728c4_3306.txt
3306	3307	genealogy/7d850bc5_3307.txt
3307	3308	genealogy/07dabcde_3308.txt
3308	3309	genealogy/ba40110a_3309.txt
3309	3310	genealogy/b49f8ad1_3310.txt
3310	3311	genealogy/15108773_3311.txt
3311	3312	genealogy/e5b75c84_3312.txt
3312	3313	genealogy/b9369e91_3313.txt
3313	3314	genealogy/70f21616_3314.txt
3314	3315	genealogy/a0877251_3315.txt
3315	3316	genealogy/95e8399a_3316.txt
3316	3317	genealogy/17d9291a_3317.txt
3317	3318	genealogy/2ec2bbc1_3318.txt
3318	3319	genealogy/50dc1b4a_3319.txt
3319	3320	genealogy/87d03bc2_3320.txt
3320	3321	genealogy/2ea17c5c_3321.txt
3321	3322	genealogy/f514c2be_3322.txt
3322	3323	genealogy/501700d8_3323.txt
3323	3324	genealogy/a21a56cd_3324.txt
3324	3325	genealogy/02ca7cbb_3325.txt
3325	3326	genealogy/340a143c_3326.txt
3326	3327	genealogy/0aaac6bd_3327.txt
3327	3328	genealogy/2b06e843_3328.txt
3328	3329	genealogy/35ca080b_3329.txt
3329	3330	genealogy/50a2312b_3330.txt
3330	3331	genealogy/a575d8e0_3331.txt
3331	3332	genealogy/459bbdc3_3332.txt
3332	3333	genealogy/769acb68_3333.txt
3333	3334	genealogy/43b73aea_3334.txt
3334	3335	genealogy/4925ca69_3335.txt
3335	3336	genealogy/c94f756e_3336.txt
3336	3337	genealogy/cefedbb4_3337.txt
3337	3338	genealogy/4901407c_3338.txt
3338	3339	genealogy/7eaa9759_3339.txt
3339	3340	genealogy/14766e7c_3340.txt
3340	3341	genealogy/2b8df31d_3341.txt
3341	3342	genealogy/3b1b9493_3342.txt
3342	3343	genealogy/86a26c5d_3343.txt
3343	3344	genealogy/974aa4a0_3344.txt
3344	3345	genealogy/f30709c1_3345.txt
3345	3346	genealogy/d91c398a_3346.txt
3346	3347	genealogy/e8a84fd4_3347.txt
3347	3348	genealogy/1ef4b396_3348.txt
3348	3349	genealogy/ca6f70ac_3349.txt
3349	3350	genealogy/ee064e8d_3350.txt
3350	3351	genealogy/e7199476_3351.txt
3351	3352	genealogy/4d80f4a7_3352.txt
3352	3353	genealogy/c5f46f03_3353.txt
3353	3354	genealogy/8cba1aef_3354.txt
3354	3355	genealogy/7bb6ef7d_3355.txt
3355	3356	genealogy/b027fa0f_3356.txt
3356	3357	genealogy/100e23db_3357.txt
3357	3358	genealogy/f07ba5e1_3358.txt
3358	3359	genealogy/10b31c0a_3359.txt
3359	3360	genealogy/fecee152_3360.txt
3360	3361	genealogy/51ae7b7c_3361.txt
3361	3362	genealogy/6b34b31d_3362.txt
3362	3363	genealogy/6b34b31d_3363.txt
3363	3364	genealogy/bfe51a23_3364.txt
3364	3365	genealogy/b011d7ad_3365.txt
3365	3366	genealogy/3ff95da4_3366.txt
3366	3367	genealogy/ad8e455f_3367.txt
3367	3368	genealogy/d868c3a8_3368.txt
3368	3369	genealogy/da67e0d4_3369.txt
3369	3370	genealogy/2e4c9dc6_3370.txt
3370	3371	genealogy/946c0c0e_3371.txt
3371	3372	genealogy/5f72e8aa_3372.txt
3372	3373	genealogy/ebbdf83e_3373.txt
3373	3374	genealogy/627cb853_3374.txt
3374	3375	genealogy/c9fd03a5_3375.txt
3375	3376	genealogy/a48d6e33_3376.txt
3376	3377	genealogy/c76ca7cb_3377.txt
3377	3378	genealogy/0e0be96c_3378.txt
3378	3379	genealogy/9804f161_3379.txt
3379	3380	genealogy/9e6a97c9_3380.txt
3380	3381	genealogy/a9ec09ff_3381.txt
3381	3382	genealogy/f6c3be37_3382.txt
3382	3383	genealogy/4e340485_3383.txt
3383	3384	genealogy/e144925d_3384.txt
3384	3385	genealogy/3dfa2a34_3385.txt
3385	3386	genealogy/658b9041_3386.txt
3386	3387	genealogy/1d3ebeac_3387.txt
3387	3388	genealogy/79b20fe1_3388.txt
3388	3389	genealogy/b6fffbab_3389.txt
3389	3390	genealogy/5db27ec4_3390.txt
3390	3391	genealogy/30b55050_3391.txt
3391	3392	genealogy/661b72b1_3392.txt
3392	3393	genealogy/4d7de632_3393.txt
3393	3394	genealogy/1c49d22c_3394.txt
3394	3395	genealogy/3edf0c6d_3395.txt
3395	3396	genealogy/e1b43604_3396.txt
3396	3397	genealogy/5e27fe67_3397.txt
3397	3398	genealogy/1db5411d_3398.txt
3398	3399	genealogy/e990b84d_3399.txt
3399	3400	genealogy/a243a9ef_3400.txt
3400	3401	genealogy/121a0a0b_3401.txt
3401	3402	genealogy/d646d660_3402.txt
3402	3403	genealogy/38e45c44_3403.txt
3403	3404	genealogy/7b8e5f63_3404.txt
3404	3405	genealogy/f9aa6a7b_3405.txt
3405	3406	genealogy/b10a651e_3406.txt
3406	3407	genealogy/78080c03_3407.txt
3407	3408	genealogy/a9cee04c_3408.txt
3408	3409	genealogy/82b13665_3409.txt
3409	3410	genealogy/a0b85db4_3410.txt
3410	3411	genealogy/19d82230_3411.txt
3411	3412	genealogy/3d7b1cf4_3412.txt
3412	3413	genealogy/f5b7532e_3413.txt
3413	3414	genealogy/1c32729b_3414.txt
3414	3415	genealogy/013989d6_3415.txt
3415	3416	genealogy/f164c8d3_3416.txt
3416	3417	genealogy/89faacd8_3417.txt
3417	3418	genealogy/ecd4dc90_3418.txt
3418	3419	genealogy/f1544f95_3419.txt
3419	3420	genealogy/1f666f72_3420.txt
3420	3421	genealogy/7b159a98_3421.txt
3421	3422	genealogy/efcb8b27_3422.txt
3422	3423	genealogy/08eb27a0_3423.txt
3423	3424	genealogy/283d4139_3424.txt
3424	3425	genealogy/64db111c_3425.txt
3425	3426	genealogy/7b3efd5b_3426.txt
3426	3427	genealogy/340e8ea1_3427.txt
3427	3428	genealogy/7b92ca77_3428.txt
3428	3429	genealogy/8729c686_3429.txt
3429	3430	genealogy/1871766a_3430.txt
3430	3431	genealogy/6d7b166e_3431.txt
3431	3432	genealogy/c98ba4eb_3432.txt
3432	3433	genealogy/5cb21b7c_3433.txt
3433	3434	genealogy/aeeba42e_3434.txt
3434	3435	genealogy/16933d67_3435.txt
3435	3436	genealogy/471508dc_3436.txt
3436	3437	genealogy/61d61e3b_3437.txt
3437	3438	genealogy/fa09e976_3438.txt
3438	3439	genealogy/0248caed_3439.txt
3439	3440	genealogy/e1a6d49b_3440.txt
3440	3441	genealogy/19290c36_3441.txt
3441	3442	genealogy/eea4cc31_3442.txt
3442	3443	genealogy/da22dfdf_3443.txt
3443	3444	genealogy/ff4e42e6_3444.txt
3444	3445	genealogy/f4f182a4_3445.txt
3445	3446	genealogy/8148c6c1_3446.txt
3446	3447	genealogy/3c071ff3_3447.txt
3447	3448	genealogy/78ade627_3448.txt
3448	3449	genealogy/b5b4df02_3449.txt
3449	3450	genealogy/32ddb6e6_3450.txt
3450	3451	genealogy/3d96bf52_3451.txt
3451	3452	genealogy/7fecad42_3452.txt
3452	3453	genealogy/228970de_3453.txt
3453	3454	genealogy/cd6e2878_3454.txt
3454	3455	genealogy/6d291bb0_3455.txt
3455	3456	genealogy/e4008e67_3456.txt
3456	3457	genealogy/99985fad_3457.txt
3457	3458	genealogy/8432968a_3458.txt
3458	3459	genealogy/edd09371_3459.txt
3459	3460	genealogy/f061743b_3460.txt
3460	3461	genealogy/f467fe2f_3461.txt
3461	3462	genealogy/951db49e_3462.txt
3462	3463	genealogy/24fcca14_3463.txt
3463	3464	genealogy/49c06cf0_3464.txt
3464	3465	genealogy/bb41d5ce_3465.txt
3465	3466	genealogy/3fe4196f_3466.txt
3466	3467	genealogy/ba8a5738_3467.txt
3467	3468	genealogy/50002f6c_3468.txt
3468	3469	genealogy/ddb7a98c_3469.txt
3469	3470	genealogy/1ebe8a49_3470.txt
3470	3471	genealogy/53ab41b8_3471.txt
3471	3472	genealogy/b6d2df25_3472.txt
3472	3473	genealogy/55a71c0b_3473.txt
3473	3474	genealogy/afa01363_3474.txt
3474	3475	genealogy/9993f333_3475.txt
3475	3476	genealogy/18288e8b_3476.txt
3476	3477	genealogy/b76a1514_3477.txt
3477	3478	genealogy/c8a97503_3478.txt
3478	3479	genealogy/5744cee3_3479.txt
3479	3480	genealogy/0567a80e_3480.txt
3480	3481	genealogy/641354fe_3481.txt
3481	3482	genealogy/2930baa3_3482.txt
3482	3483	genealogy/df9173a0_3483.txt
3483	3484	genealogy/17cc4c4e_3484.txt
3484	3485	genealogy/6a89f937_3485.txt
3485	3486	genealogy/0d2a36e8_3486.txt
3486	3487	genealogy/3e2f198f_3487.txt
3487	3488	genealogy/085a2ad1_3488.txt
3488	3489	genealogy/d23b63cf_3489.txt
3489	3490	genealogy/925c3f73_3490.txt
3490	3491	genealogy/b9ca9ea5_3491.txt
3491	3492	genealogy/3e9b8793_3492.txt
3492	3493	genealogy/ce0dc6ad_3493.txt
3493	3494	genealogy/29c5881c_3494.txt
3494	3495	genealogy/146b6446_3495.txt
3495	3496	genealogy/d9c2e9cf_3496.txt
3496	3497	genealogy/26052b88_3497.txt
3497	3498	genealogy/98236555_3498.txt
3498	3499	genealogy/ef53c688_3499.txt
3499	3500	genealogy/0e4e4ac8_3500.txt
3500	3501	genealogy/9074f05c_3501.txt
3501	3502	genealogy/9335e94b_3502.txt
3502	3503	genealogy/fb8d4177_3503.txt
3503	3504	genealogy/39af7316_3504.txt
3504	3505	genealogy/e34bf7e1_3505.txt
3505	3506	genealogy/cf23cc5b_3506.txt
3506	3507	genealogy/45b7be65_3507.txt
3507	3508	genealogy/0ac5722a_3508.txt
3508	3509	genealogy/ba2c5019_3509.txt
3509	3510	genealogy/b317b171_3510.txt
3510	3511	genealogy/a7a2ecc5_3511.txt
3511	3512	genealogy/bb684af5_3512.txt
3512	3513	genealogy/28fdbd3c_3513.txt
3513	3514	genealogy/2788e2ec_3514.txt
3514	3515	genealogy/72b90443_3515.txt
3515	3516	genealogy/a2b60efc_3516.txt
3516	3517	genealogy/d1cb64fd_3517.txt
3517	3518	genealogy/481948c8_3518.txt
3518	3519	genealogy/9b267391_3519.txt
3519	3520	genealogy/7871d876_3520.txt
3520	3521	genealogy/2efba2d0_3521.txt
3521	3522	genealogy/842c3406_3522.txt
3522	3523	genealogy/2fdfff6f_3523.txt
3523	3524	genealogy/c4a7c9f2_3524.txt
3524	3525	genealogy/d246d284_3525.txt
3525	3526	genealogy/f46f3bfc_3526.txt
3526	3527	genealogy/a58d4b62_3527.txt
3527	3528	genealogy/b1273647_3528.txt
3528	3529	genealogy/5ae6c975_3529.txt
3529	3530	genealogy/6a845713_3530.txt
3530	3531	genealogy/d85e8495_3531.txt
3531	3532	genealogy/df00f36f_3532.txt
3532	3533	genealogy/e6637630_3533.txt
3533	3534	genealogy/21a69126_3534.txt
3534	3535	genealogy/9c43dca9_3535.txt
3535	3536	genealogy/1b81fffb_3536.txt
3536	3537	genealogy/ac8a5112_3537.txt
3537	3538	genealogy/f5d20cea_3538.txt
3538	3539	genealogy/edf54091_3539.txt
3539	3540	genealogy/5d3daaa0_3540.txt
3540	3541	genealogy/77354488_3541.txt
3541	3542	genealogy/b600fc31_3542.txt
3542	3543	genealogy/f34f3d69_3543.txt
3543	3544	genealogy/fa15f516_3544.txt
3544	3545	genealogy/ac4aa8f5_3545.txt
3545	3546	genealogy/17c4a3ee_3546.txt
3546	3547	genealogy/ff16b99e_3547.txt
3547	3548	genealogy/32b3d629_3548.txt
3548	3549	genealogy/5834b3dd_3549.txt
3549	3550	genealogy/d20407f0_3550.txt
3550	3551	genealogy/d80dfe08_3551.txt
3551	3552	genealogy/7139287c_3552.txt
3552	3553	genealogy/e053c5e1_3553.txt
3553	3554	genealogy/e3514c97_3554.txt
3554	3555	genealogy/8ec26442_3555.txt
3555	3556	genealogy/88be9e74_3556.txt
3556	3557	genealogy/65f125f1_3557.txt
3557	3558	genealogy/1c2fd163_3558.txt
3558	3559	genealogy/5bb90c2c_3559.txt
3559	3560	genealogy/2fb69328_3560.txt
3560	3561	genealogy/f831e745_3561.txt
3561	3562	genealogy/7100746b_3562.txt
3562	3563	genealogy/91953397_3563.txt
3563	3564	genealogy/1f9b6c66_3564.txt
3564	3565	genealogy/097b37d7_3565.txt
3565	3566	genealogy/fca13873_3566.txt
3566	3567	genealogy/103dd44d_3567.txt
3567	3568	genealogy/2ea2f387_3568.txt
3568	3569	genealogy/eda29415_3569.txt
3569	3570	genealogy/53c239cb_3570.txt
3570	3571	genealogy/5daba26b_3571.txt
3571	3572	genealogy/e0b51383_3572.txt
3572	3573	genealogy/44e142fd_3573.txt
3573	3574	genealogy/0c7976fd_3574.txt
3574	3575	genealogy/4fbe6ebc_3575.txt
3575	3576	genealogy/cb2b0960_3576.txt
3576	3577	genealogy/4a1305bc_3577.txt
3577	3578	genealogy/c37e9943_3578.txt
3578	3579	genealogy/51c53d78_3579.txt
3579	3580	genealogy/741f8fbb_3580.txt
3580	3581	genealogy/f3ee20f9_3581.txt
3581	3582	genealogy/764d2a6a_3582.txt
3582	3583	genealogy/aaa5883c_3583.txt
3583	3584	genealogy/e45cf7e5_3584.txt
3584	3585	genealogy/40a9e29b_3585.txt
3585	3586	genealogy/0e3ee507_3586.txt
3586	3587	genealogy/b5d2bc15_3587.txt
3587	3588	genealogy/0c25c5a4_3588.txt
3588	3589	genealogy/ae39c9ec_3589.txt
3589	3590	genealogy/d2df1121_3590.txt
3590	3591	genealogy/375553a4_3591.txt
3591	3592	genealogy/9504f0ec_3592.txt
3592	3593	genealogy/58921a9d_3593.txt
3593	3594	genealogy/c7579167_3594.txt
3594	3595	genealogy/8fc14143_3595.txt
3595	3596	genealogy/6bcd91f1_3596.txt
3596	3597	genealogy/49436058_3597.txt
3597	3598	genealogy/7fad8b3a_3598.txt
3598	3599	genealogy/3f076d2e_3599.txt
3599	3600	genealogy/b77cbbe1_3600.txt
3600	3601	genealogy/8c5ef356_3601.txt
3601	3602	genealogy/36a52ef0_3602.txt
3602	3603	genealogy/ab487eda_3603.txt
3603	3604	genealogy/abd547fd_3604.txt
3604	3605	genealogy/6765c891_3605.txt
3605	3606	genealogy/0805401f_3606.txt
3606	3607	genealogy/7e01bd88_3607.txt
3607	3608	genealogy/415bb494_3608.txt
3608	3609	genealogy/c8ad1fb3_3609.txt
3609	3610	genealogy/1e5b7288_3610.txt
3610	3611	genealogy/21ba241d_3611.txt
3611	3612	genealogy/a6e21c7f_3612.txt
3612	3613	genealogy/3f7f429f_3613.txt
3613	3614	genealogy/d3db6f0c_3614.txt
3614	3615	genealogy/8174d09a_3615.txt
3615	3616	genealogy/c03480d7_3616.txt
3616	3617	genealogy/7d628ad1_3617.txt
3617	3618	genealogy/2ccefd23_3618.txt
3618	3619	genealogy/fd339107_3619.txt
3619	3620	genealogy/17aee409_3620.txt
3620	3621	genealogy/4e219c7f_3621.txt
3621	3622	genealogy/c52ad9b2_3622.txt
3622	3623	genealogy/5b13032d_3623.txt
3623	3624	genealogy/e0cf1f91_3624.txt
3624	3625	genealogy/9319367c_3625.txt
3625	3626	genealogy/07a63025_3626.txt
3626	3627	genealogy/14262794_3627.txt
3627	3628	genealogy/82122e15_3628.txt
3628	3629	genealogy/f0d1270a_3629.txt
3629	3630	genealogy/188754ac_3630.txt
3630	3631	genealogy/8f51bc39_3631.txt
3631	3632	genealogy/60ba7097_3632.txt
3632	3633	genealogy/6f6345bf_3633.txt
3633	3634	genealogy/28f54498_3634.txt
3634	3635	genealogy/f7848202_3635.txt
3635	3636	genealogy/107b5287_3636.txt
3636	3637	genealogy/9fa2b6bf_3637.txt
3637	3638	genealogy/edcf329b_3638.txt
3638	3639	genealogy/56fb7a99_3639.txt
3639	3640	genealogy/b318dd2e_3640.txt
3640	3641	genealogy/ce8a17de_3641.txt
3641	3642	genealogy/c608c825_3642.txt
3642	3643	genealogy/6a1fcd52_3643.txt
3643	3644	genealogy/1795c76c_3644.txt
3644	3645	genealogy/ed7a7ca8_3645.txt
3645	3646	genealogy/1a60741e_3646.txt
3646	3647	genealogy/841b3c06_3647.txt
3647	3648	genealogy/5d675872_3648.txt
3648	3649	genealogy/03efb727_3649.txt
3649	3650	genealogy/79b301f3_3650.txt
3650	3651	genealogy/820e9096_3651.txt
3651	3652	genealogy/d0dd2116_3652.txt
3652	3653	genealogy/b8cbce35_3653.txt
3653	3654	genealogy/8d4f6307_3654.txt
3654	3655	genealogy/80710e2a_3655.txt
3655	3656	genealogy/5deb67cd_3656.txt
3656	3657	genealogy/1a739952_3657.txt
3657	3658	genealogy/054353dd_3658.txt
3658	3659	genealogy/35887bb1_3659.txt
3659	3660	genealogy/309eb774_3660.txt
3660	3661	genealogy/d23cde4c_3661.txt
3661	3662	genealogy/1d492d65_3662.txt
3662	3663	genealogy/1505e21d_3663.txt
3663	3664	genealogy/2936a9ff_3664.txt
3664	3665	genealogy/a52ceff3_3665.txt
3665	3666	genealogy/aba9a74b_3666.txt
3666	3667	genealogy/624389d3_3667.txt
3667	3668	genealogy/2b989d3a_3668.txt
3668	3669	genealogy/1b92d452_3669.txt
3669	3670	genealogy/4d5dcb01_3670.txt
3670	3671	genealogy/966e78ff_3671.txt
3671	3672	genealogy/5eebe0d3_3672.txt
3672	3673	genealogy/8d44701a_3673.txt
3673	3674	genealogy/5c188606_3674.txt
3674	3675	genealogy/a6142aa2_3675.txt
3675	3676	genealogy/b2bcf58d_3676.txt
3676	3677	genealogy/ebf55d21_3677.txt
3677	3678	genealogy/daaeaffb_3678.txt
3678	3679	genealogy/dee4df01_3679.txt
3679	3680	genealogy/d8992094_3680.txt
3680	3681	genealogy/3efab6f4_3681.txt
3681	3682	genealogy/77706521_3682.txt
3682	3683	genealogy/b1ab04dd_3683.txt
3683	3684	genealogy/9abcdb4c_3684.txt
3684	3685	genealogy/0e42aedb_3685.txt
3685	3686	genealogy/42103a74_3686.txt
3686	3687	genealogy/cdca6d3c_3687.txt
3687	3688	genealogy/36d6a8bd_3688.txt
3688	3689	genealogy/f925ecd1_3689.txt
3689	3690	genealogy/c4ed0511_3690.txt
3690	3691	genealogy/6d7a729e_3691.txt
3691	3692	genealogy/4e4b3155_3692.txt
3692	3693	genealogy/bedcf06c_3693.txt
3693	3694	genealogy/4f63ddb6_3694.txt
3694	3695	genealogy/9072cc3d_3695.txt
3695	3696	genealogy/161f26cc_3696.txt
3696	3697	genealogy/00be47ed_3697.txt
3697	3698	genealogy/f47a69b4_3698.txt
3698	3699	genealogy/d739b7bf_3699.txt
3699	3700	genealogy/2f7509a6_3700.txt
3700	3701	genealogy/66d191b5_3701.txt
3701	3702	genealogy/d5ec3186_3702.txt
3702	3703	genealogy/e06ca08d_3703.txt
3703	3704	genealogy/45f689ba_3704.txt
3704	3705	genealogy/383e8676_3705.txt
3705	3706	genealogy/c7a8a264_3706.txt
3706	3707	genealogy/0e3a859d_3707.txt
3707	3708	genealogy/7b04edd8_3708.txt
3708	3709	genealogy/42c7b5a8_3709.txt
3709	3710	genealogy/2fa5c17f_3710.txt
3710	3711	genealogy/979a25a3_3711.txt
3711	3712	genealogy/b5c149ee_3712.txt
3712	3713	genealogy/f8566413_3713.txt
3713	3714	genealogy/837c9029_3714.txt
3714	3715	genealogy/ee9ff8c5_3715.txt
3715	3716	genealogy/9cd9acc8_3716.txt
3716	3717	genealogy/74eb9e91_3717.txt
3717	3718	genealogy/55dcf0df_3718.txt
3718	3719	genealogy/806a3328_3719.txt
3719	3720	genealogy/5e2e21d3_3720.txt
3720	3721	genealogy/4b0223d3_3721.txt
3721	3722	genealogy/6e4fa95a_3722.txt
3722	3723	genealogy/6351cf56_3723.txt
3723	3724	genealogy/8ece7856_3724.txt
3724	3725	genealogy/b9e2fc4a_3725.txt
3725	3726	genealogy/d8204f6d_3726.txt
3726	3727	genealogy/66d956b9_3727.txt
3727	3728	genealogy/f85e7337_3728.txt
3728	3729	genealogy/650f8a11_3729.txt
3729	3730	genealogy/32a1b492_3730.txt
3730	3731	genealogy/b38cc700_3731.txt
3731	3732	genealogy/0984d152_3732.txt
3732	3733	genealogy/ead097b7_3733.txt
3733	3734	genealogy/df46f0a1_3734.txt
3734	3735	genealogy/9aa77d52_3735.txt
3735	3736	genealogy/f9f757fe_3736.txt
3736	3737	genealogy/f7f8fc6e_3737.txt
3737	3738	genealogy/3fa4bb06_3738.txt
3738	3739	genealogy/a7795407_3739.txt
3739	3740	genealogy/53bccc21_3740.txt
3740	3741	genealogy/e6306842_3741.txt
3741	3742	genealogy/a6a4b5b0_3742.txt
3742	3743	genealogy/6825e170_3743.txt
3743	3744	genealogy/33a88cf8_3744.txt
3744	3745	genealogy/4f1d2b37_3745.txt
3745	3746	genealogy/6c122320_3746.txt
3746	3747	genealogy/c5d2a742_3747.txt
3747	3748	genealogy/352fd1ce_3748.txt
3748	3749	genealogy/75109ef8_3749.txt
3749	3750	genealogy/825656be_3750.txt
3750	3751	genealogy/daeefe09_3751.txt
3751	3752	genealogy/08f3229e_3752.txt
3752	3753	genealogy/7751723d_3753.txt
3753	3754	genealogy/474e1231_3754.txt
3754	3755	genealogy/4c26830f_3755.txt
3755	3756	genealogy/0c6f5139_3756.txt
3756	3757	genealogy/3dd02966_3757.txt
3757	3758	genealogy/8174028f_3758.txt
3758	3759	genealogy/bd6a07ab_3759.txt
3759	3760	genealogy/14f8b6bb_3760.txt
3760	3761	genealogy/54cfe501_3761.txt
3761	3762	genealogy/747f5183_3762.txt
3762	3763	genealogy/2e5e9585_3763.txt
3763	3764	genealogy/6e3f1aa0_3764.txt
3764	3765	genealogy/ee2541da_3765.txt
3765	3766	genealogy/00acd3c1_3766.txt
3766	3767	genealogy/1e2018e8_3767.txt
3767	3768	genealogy/81b3ba52_3768.txt
3768	3769	genealogy/9e9a8599_3769.txt
3769	3770	genealogy/be444ebe_3770.txt
3770	3771	genealogy/27dedc74_3771.txt
3771	3772	genealogy/592107e3_3772.txt
3772	3773	genealogy/d03d91c7_3773.txt
3773	3774	genealogy/eba35df5_3774.txt
3774	3775	genealogy/31bc219c_3775.txt
3775	3776	genealogy/e7e399ad_3776.txt
3776	3777	genealogy/28413814_3777.txt
3777	3778	genealogy/79b7a42c_3778.txt
3778	3779	genealogy/3c4e74c4_3779.txt
3779	3780	genealogy/6b4ed180_3780.txt
3780	3781	genealogy/b63421f9_3781.txt
3781	3782	genealogy/4b019dae_3782.txt
3782	3783	genealogy/fd47f5ae_3783.txt
3783	3784	genealogy/04404e7f_3784.txt
3784	3785	genealogy/e9e8fef9_3785.txt
3785	3786	genealogy/bb6cca44_3786.txt
3786	3787	genealogy/24ae667b_3787.txt
3787	3788	genealogy/5a607f9e_3788.txt
3788	3789	genealogy/c49f9a4a_3789.txt
3789	3790	genealogy/88109271_3790.txt
3790	3791	genealogy/64e0878d_3791.txt
3791	3792	genealogy/c3a82d51_3792.txt
3792	3793	genealogy/e88210e3_3793.txt
3793	3794	genealogy/a930b92b_3794.txt
3794	3795	genealogy/8a8b1955_3795.txt
3795	3796	genealogy/66bb0b59_3796.txt
3796	3797	genealogy/c59cf3b8_3797.txt
3797	3798	genealogy/15009332_3798.txt
3798	3799	genealogy/a9cccd09_3799.txt
3799	3800	genealogy/543c04f3_3800.txt
3800	3801	genealogy/734cdf83_3801.txt
3801	3802	genealogy/1f771e90_3802.txt
3802	3803	genealogy/3b8818fa_3803.txt
3803	3804	genealogy/f4a97ea1_3804.txt
3804	3805	genealogy/e254f2a5_3805.txt
3805	3806	genealogy/f7ab6c64_3806.txt
3806	3807	genealogy/f5653f79_3807.txt
3807	3808	genealogy/07ab933b_3808.txt
3808	3809	genealogy/f3b626ba_3809.txt
3809	3810	genealogy/5dafc17f_3810.txt
3810	3811	genealogy/e3f32527_3811.txt
3811	3812	genealogy/ccf739a2_3812.txt
3812	3813	genealogy/f29d04ce_3813.txt
3813	3814	genealogy/9fd7ff68_3814.txt
3814	3815	genealogy/9d4c5791_3815.txt
3815	3816	genealogy/48def295_3816.txt
3816	3817	genealogy/d52a94b1_3817.txt
3817	3818	genealogy/0e1e943b_3818.txt
3818	3819	genealogy/229a6860_3819.txt
3819	3820	genealogy/277f6a45_3820.txt
3820	3821	genealogy/3b46d0dc_3821.txt
3821	3822	genealogy/35ca1ec0_3822.txt
3822	3823	genealogy/e949ac8f_3823.txt
3823	3824	genealogy/581b8fb8_3824.txt
3824	3825	genealogy/f92a3ed8_3825.txt
3825	3826	genealogy/510c239c_3826.txt
3826	3827	genealogy/15bc6ddb_3827.txt
3827	3828	genealogy/7fb64d80_3828.txt
3828	3829	genealogy/a73dc6de_3829.txt
3829	3830	genealogy/aa568f76_3830.txt
3830	3831	genealogy/d1ba074c_3831.txt
3831	3832	genealogy/267200d0_3832.txt
3832	3833	genealogy/0cc8e315_3833.txt
3833	3834	genealogy/008ddd7a_3834.txt
3834	3835	genealogy/4c836c2b_3835.txt
3835	3836	genealogy/c1386fc4_3836.txt
3836	3837	genealogy/c3765808_3837.txt
3837	3838	genealogy/dd5837d4_3838.txt
3838	3839	genealogy/6b6b26a8_3839.txt
3839	3840	genealogy/7bf8cf69_3840.txt
3840	3841	genealogy/ea077868_3841.txt
3841	3842	genealogy/d993cc8f_3842.txt
3842	3843	genealogy/145c6593_3843.txt
3843	3844	genealogy/5a18fc27_3844.txt
3844	3845	genealogy/9572879a_3845.txt
3845	3846	genealogy/18cd47d4_3846.txt
3846	3847	genealogy/c8f4fa73_3847.txt
3847	3848	genealogy/953103eb_3848.txt
3848	3849	genealogy/0c5e273b_3849.txt
3849	3850	genealogy/5c744919_3850.txt
3850	3851	genealogy/7ffb3467_3851.txt
3851	3852	genealogy/900ca3d6_3852.txt
3852	3853	genealogy/da183d4e_3853.txt
3853	3854	genealogy/5662ed71_3854.txt
3854	3855	genealogy/b9e539e8_3855.txt
3855	3856	genealogy/864ca273_3856.txt
3856	3857	genealogy/e0725158_3857.txt
3857	3858	genealogy/a58d51f3_3858.txt
3858	3859	genealogy/97de0e30_3859.txt
3859	3860	genealogy/04c249b8_3860.txt
3860	3861	genealogy/b15711a2_3861.txt
3861	3862	genealogy/3c615421_3862.txt
3862	3863	genealogy/61958689_3863.txt
3863	3864	genealogy/f87e852e_3864.txt
3864	3865	genealogy/8f889b86_3865.txt
3865	3866	genealogy/acbd7d9a_3866.txt
3866	3867	genealogy/d361484b_3867.txt
3867	3868	genealogy/fe22eb7e_3868.txt
3868	3869	genealogy/91cfff16_3869.txt
3869	3870	genealogy/ec1c4a65_3870.txt
3870	3871	genealogy/459f5b8d_3871.txt
3871	3872	genealogy/76571a13_3872.txt
3872	3873	genealogy/ddfcf6c9_3873.txt
3873	3874	genealogy/c6a2f6d8_3874.txt
3874	3875	genealogy/681f1bf0_3875.txt
3875	3876	genealogy/b016700c_3876.txt
3876	3877	genealogy/f6e32d2d_3877.txt
3877	3878	genealogy/fb8b98b8_3878.txt
3878	3879	genealogy/5ac7fb62_3879.txt
3879	3880	genealogy/a3e7db45_3880.txt
3880	3881	genealogy/e27b5bd7_3881.txt
3881	3882	genealogy/99adb717_3882.txt
3882	3883	genealogy/32b7b2db_3883.txt
3883	3884	genealogy/8c9b52a0_3884.txt
3884	3885	genealogy/040f9cf1_3885.txt
3885	3886	genealogy/47a4e9f3_3886.txt
3886	3887	genealogy/d7e78ca1_3887.txt
3887	3888	genealogy/737dff3a_3888.txt
3888	3889	genealogy/fc21732a_3889.txt
3889	3890	genealogy/9c432217_3890.txt
3890	3891	genealogy/ddec6952_3891.txt
3891	3892	genealogy/2c0d29ef_3892.txt
3892	3893	genealogy/dc677a9e_3893.txt
3893	3894	genealogy/225a0f59_3894.txt
3894	3895	genealogy/0fd49a7b_3895.txt
3895	3896	genealogy/630586b0_3896.txt
3896	3897	genealogy/62cbd7f4_3897.txt
3897	3898	genealogy/cd4eb628_3898.txt
3898	3899	genealogy/8d5575dc_3899.txt
3899	3900	genealogy/37830b26_3900.txt
3900	3901	genealogy/3784e1ab_3901.txt
3901	3902	genealogy/ec326518_3902.txt
3902	3903	genealogy/6ef3f762_3903.txt
3903	3904	genealogy/4312f7ad_3904.txt
3904	3905	genealogy/493c659f_3905.txt
3905	3906	genealogy/38d14008_3906.txt
3906	3907	genealogy/7ca9fd2c_3907.txt
3907	3908	genealogy/2bc7270a_3908.txt
3908	3909	genealogy/8a1eec8a_3909.txt
3909	3910	genealogy/6a566a8d_3910.txt
3910	3911	genealogy/09c09611_3911.txt
3911	3912	genealogy/98a43f1f_3912.txt
3912	3913	genealogy/ba9134f3_3913.txt
3913	3914	genealogy/fbee5ad0_3914.txt
3914	3915	genealogy/bd0d02fa_3915.txt
3915	3916	genealogy/a08a6b31_3916.txt
3916	3917	genealogy/0f754d68_3917.txt
3917	3918	genealogy/7a7d7ea8_3918.txt
3918	3919	genealogy/99704f31_3919.txt
3919	3920	genealogy/2e27bce6_3920.txt
3920	3921	genealogy/26c0b330_3921.txt
3921	3922	genealogy/9b868d1d_3922.txt
3922	3923	genealogy/4263011c_3923.txt
3923	3924	genealogy/c8b56c72_3924.txt
3924	3925	genealogy/f561c5b9_3925.txt
3925	3926	genealogy/76a9190e_3926.txt
3926	3927	genealogy/880eaca1_3927.txt
3927	3928	genealogy/44aef4a3_3928.txt
3928	3929	genealogy/ed74790d_3929.txt
3929	3930	genealogy/7d699a9d_3930.txt
3930	3931	genealogy/de49ef04_3931.txt
3931	3932	genealogy/20e67461_3932.txt
3932	3933	genealogy/3acf2274_3933.txt
3933	3934	genealogy/77b10cfc_3934.txt
3934	3935	genealogy/5e990600_3935.txt
3935	3936	genealogy/2342a9b1_3936.txt
3936	3937	genealogy/d949c7d9_3937.txt
3937	3938	genealogy/3163df88_3938.txt
3938	3939	genealogy/c236fe3c_3939.txt
3939	3940	genealogy/67ec374e_3940.txt
3940	3941	genealogy/d4c71bdb_3941.txt
3941	3942	genealogy/36403745_3942.txt
3942	3943	genealogy/67a6b61a_3943.txt
3943	3944	genealogy/856543e7_3944.txt
3944	3945	genealogy/bd87961a_3945.txt
3945	3946	genealogy/b16e8cae_3946.txt
3946	3947	genealogy/c10af8c1_3947.txt
3947	3948	genealogy/1509baf2_3948.txt
3948	3949	genealogy/7ef73fbc_3949.txt
3949	3950	genealogy/c1085f59_3950.txt
3950	3951	genealogy/8748d79b_3951.txt
3951	3952	genealogy/5f6a9dc4_3952.txt
3952	3953	genealogy/0579404c_3953.txt
3953	3954	genealogy/72162eb2_3954.txt
3954	3955	genealogy/539bb9e4_3955.txt
3955	3956	genealogy/e7f2c27f_3956.txt
3956	3957	genealogy/63e0d374_3957.txt
3957	3958	genealogy/e5e18c09_3958.txt
3958	3959	genealogy/345a0985_3959.txt
3959	3960	genealogy/b2ff5c95_3960.txt
3960	3961	genealogy/df6613db_3961.txt
3961	3962	genealogy/5a887964_3962.txt
3962	3963	genealogy/9f60efcf_3963.txt
3963	3964	genealogy/aecbc5b3_3964.txt
3964	3965	genealogy/1691f1cc_3965.txt
3965	3966	genealogy/dce618b4_3966.txt
3966	3967	genealogy/2a6ae40b_3967.txt
3967	3968	genealogy/7c09162b_3968.txt
3968	3969	genealogy/5fa1d3e9_3969.txt
3969	3970	genealogy/554e2f0a_3970.txt
3970	3971	genealogy/884a7a43_3971.txt
3971	3972	genealogy/93834ef2_3972.txt
3972	3973	genealogy/cc21328c_3973.txt
3973	3974	genealogy/f2ec1e99_3974.txt
3974	3975	genealogy/f086a16a_3975.txt
3975	3976	genealogy/222a81b5_3976.txt
3976	3977	genealogy/b7f43c60_3977.txt
3977	3978	genealogy/b8b15e38_3978.txt
3978	3979	genealogy/15c7120b_3979.txt
3979	3980	genealogy/2a452115_3980.txt
3980	3981	genealogy/3b535d81_3981.txt
3981	3982	genealogy/36c189ec_3982.txt
3982	3983	genealogy/a2058c76_3983.txt
3983	3984	genealogy/3ef69512_3984.txt
3984	3985	genealogy/9ea61f5f_3985.txt
3985	3986	genealogy/d2ffc4b9_3986.txt
3986	3987	genealogy/9f5ad792_3987.txt
3987	3988	genealogy/aa23c239_3988.txt
3988	3989	genealogy/8d1180b5_3989.txt
3989	3990	genealogy/debbbcd9_3990.txt
3990	3991	genealogy/208fe49a_3991.txt
3991	3992	genealogy/3e542b0e_3992.txt
3992	3993	genealogy/969ccfbb_3993.txt
3993	3994	genealogy/d6ece471_3994.txt
3994	3995	genealogy/69f6103f_3995.txt
3995	3996	genealogy/e5bb2f02_3996.txt
3996	3997	genealogy/6ff1c3b2_3997.txt
3997	3998	genealogy/53297e82_3998.txt
3998	3999	genealogy/007d487e_3999.txt
3999	4000	genealogy/3f4a28a3_4000.txt
4000	4001	genealogy/581dab99_4001.txt
4001	4002	genealogy/6d110e38_4002.txt
4002	4003	genealogy/cc8d4ec7_4003.txt
4003	4004	genealogy/abc2424d_4004.txt
4004	4005	genealogy/2be3a7d2_4005.txt
4005	4006	genealogy/65bfef65_4006.txt
4006	4007	genealogy/997518ba_4007.txt
4007	4008	genealogy/897a42ec_4008.txt
4008	4009	genealogy/79a159c7_4009.txt
4009	4010	genealogy/8fceaf24_4010.txt
4010	4011	genealogy/7bea141e_4011.txt
4011	4012	genealogy/d90f8e02_4012.txt
4012	4013	genealogy/0e867004_4013.txt
4013	4014	genealogy/09f81c05_4014.txt
4014	4015	genealogy/f32eb792_4015.txt
4015	4016	genealogy/549034a8_4016.txt
4016	4017	genealogy/3f096f37_4017.txt
4017	4018	genealogy/dad3d224_4018.txt
4018	4019	genealogy/7e4b1d06_4019.txt
4019	4020	genealogy/a95258fe_4020.txt
4020	4021	genealogy/bceaa25f_4021.txt
4021	4022	genealogy/d1188c20_4022.txt
4022	4023	genealogy/e0c8fbbe_4023.txt
4023	4024	genealogy/cd011e11_4024.txt
4024	4025	genealogy/e8d8f0c7_4025.txt
4025	4026	genealogy/3cbca03f_4026.txt
4026	4027	genealogy/4c4abefe_4027.txt
4027	4028	genealogy/02c58087_4028.txt
4028	4029	genealogy/fae86757_4029.txt
4029	4030	genealogy/e3cf9649_4030.txt
4030	4031	genealogy/311c02be_4031.txt
4031	4032	genealogy/40ec4f6b_4032.txt
4032	4033	genealogy/85472863_4033.txt
4033	4034	genealogy/ddf9798a_4034.txt
4034	4035	genealogy/c488b40a_4035.txt
4035	4036	genealogy/9a8caabb_4036.txt
4036	4037	genealogy/e6396fbd_4037.txt
4037	4038	genealogy/8919b948_4038.txt
4038	4039	genealogy/ed74e551_4039.txt
4039	4040	genealogy/841a9efe_4040.txt
4040	4041	genealogy/90b9c78c_4041.txt
4041	4042	genealogy/6544cd3a_4042.txt
4042	4043	genealogy/843f5797_4043.txt
4043	4044	genealogy/e74a9301_4044.txt
4044	4045	genealogy/e709f05a_4045.txt
4045	4046	genealogy/f2ecf14c_4046.txt
4046	4047	genealogy/4e8aebb6_4047.txt
4047	4048	genealogy/4ec43ac0_4048.txt
4048	4049	genealogy/d6f46bc8_4049.txt
4049	4050	genealogy/10d521af_4050.txt
4050	4051	genealogy/6848e6d8_4051.txt
4051	4052	genealogy/da0f3723_4052.txt
4052	4053	genealogy/9063a126_4053.txt
4053	4054	genealogy/f818ef37_4054.txt
4054	4055	genealogy/1491dd25_4055.txt
4055	4056	genealogy/81f2e13a_4056.txt
4056	4057	genealogy/c8251eac_4057.txt
4057	4058	genealogy/1b80afb9_4058.txt
4058	4059	genealogy/3ec61fd2_4059.txt
4059	4060	genealogy/ac8ed5a1_4060.txt
4060	4061	genealogy/a15feacc_4061.txt
4061	4062	genealogy/2e32d337_4062.txt
4062	4063	genealogy/30f04b58_4063.txt
4063	4064	genealogy/4b0def64_4064.txt
4064	4065	genealogy/4d12a599_4065.txt
4065	4066	genealogy/9d6bf4d3_4066.txt
4066	4067	genealogy/1a56b522_4067.txt
4067	4068	genealogy/08593193_4068.txt
4068	4069	genealogy/e91cfad7_4069.txt
4069	4070	genealogy/446ca3c2_4070.txt
4070	4071	genealogy/ff1e463c_4071.txt
4071	4072	genealogy/a5db59aa_4072.txt
4072	4073	genealogy/a74aada6_4073.txt
4073	4074	genealogy/bd13d14a_4074.txt
4074	4075	genealogy/6785904a_4075.txt
4075	4076	genealogy/f308137b_4076.txt
4076	4077	genealogy/cea2a367_4077.txt
4077	4078	genealogy/8295c4b0_4078.txt
4078	4079	genealogy/e18b7a98_4079.txt
4079	4080	genealogy/94b65503_4080.txt
4080	4081	genealogy/57e37ede_4081.txt
4081	4082	genealogy/97ec4dfa_4082.txt
4082	4083	genealogy/fee9b273_4083.txt
4083	4084	genealogy/9c1113eb_4084.txt
4084	4085	genealogy/1733aa1b_4085.txt
4085	4086	genealogy/fbfabf42_4086.txt
4086	4087	genealogy/7f686bd3_4087.txt
4087	4088	genealogy/0075559e_4088.txt
4088	4089	genealogy/c30d08e8_4089.txt
4089	4090	genealogy/14105c0c_4090.txt
4090	4091	genealogy/6049188e_4091.txt
4091	4092	genealogy/ec4ad7f1_4092.txt
4092	4093	genealogy/3e487606_4093.txt
4093	4094	genealogy/8a080706_4094.txt
4094	4095	genealogy/7c8bcc12_4095.txt
4095	4096	genealogy/dbcb8e74_4096.txt
4096	4097	genealogy/90f68e33_4097.txt
4097	4098	genealogy/b2d9f564_4098.txt
4098	4099	genealogy/825fd06f_4099.txt
4099	4100	genealogy/c6b8908f_4100.txt
4100	4101	genealogy/3321fb5c_4101.txt
4101	4102	genealogy/3d3482c5_4102.txt
4102	4103	genealogy/71db489c_4103.txt
4103	4104	genealogy/4ca3f7b9_4104.txt
4104	4105	genealogy/48109c3c_4105.txt
4105	4106	genealogy/a1e1fa32_4106.txt
4106	4107	genealogy/3bfb9b61_4107.txt
4107	4108	genealogy/eebfdc7c_4108.txt
4108	4109	genealogy/a7b60a40_4109.txt
4109	4110	genealogy/53512cbc_4110.txt
4110	4111	genealogy/432751ac_4111.txt
4111	4112	genealogy/9e589ae3_4112.txt
4112	4113	genealogy/0199ec79_4113.txt
4113	4114	genealogy/41874a5c_4114.txt
4114	4115	genealogy/91823aab_4115.txt
4115	4116	genealogy/08ab5360_4116.txt
4116	4117	genealogy/e83eb7a2_4117.txt
4117	4118	genealogy/f47f742d_4118.txt
4118	4119	genealogy/8f8f6c3b_4119.txt
4119	4120	genealogy/65c30d42_4120.txt
4120	4121	genealogy/8383abb1_4121.txt
4121	4122	genealogy/c270fd48_4122.txt
4122	4123	genealogy/b15cf444_4123.txt
4123	4124	genealogy/07c14966_4124.txt
4124	4125	genealogy/23a26a32_4125.txt
4125	4126	genealogy/ac1f148a_4126.txt
4126	4127	genealogy/e86d3768_4127.txt
4127	4128	genealogy/92302451_4128.txt
4128	4129	genealogy/11b00e80_4129.txt
4129	4130	genealogy/6ea850fd_4130.txt
4130	4131	genealogy/02cb4bb4_4131.txt
4131	4132	genealogy/09e1e6d9_4132.txt
4132	4133	genealogy/19e99e9c_4133.txt
4133	4134	genealogy/28819fa3_4134.txt
4134	4135	genealogy/42c0d590_4135.txt
4135	4136	genealogy/d5a791f2_4136.txt
4136	4137	genealogy/3a025a30_4137.txt
4137	4138	genealogy/2b2ba67d_4138.txt
4138	4139	genealogy/39c4b189_4139.txt
4139	4140	genealogy/b7d0b4b6_4140.txt
4140	4141	genealogy/2bf0b04d_4141.txt
4141	4142	genealogy/a24ed49c_4142.txt
4142	4143	genealogy/04d15be7_4143.txt
4143	4144	genealogy/89095cf9_4144.txt
4144	4145	genealogy/b73e2564_4145.txt
4145	4146	genealogy/973e2ddd_4146.txt
4146	4147	genealogy/5e4b6858_4147.txt
4147	4148	genealogy/e8b9b473_4148.txt
4148	4149	genealogy/3b6d2b1a_4149.txt
4149	4150	genealogy/3a5754a6_4150.txt
4150	4151	genealogy/5a0b73d6_4151.txt
4151	4152	genealogy/5761312a_4152.txt
4152	4153	genealogy/08961922_4153.txt
4153	4154	genealogy/19bb0ea7_4154.txt
4154	4155	genealogy/f1ffb88e_4155.txt
4155	4156	genealogy/0d3022ce_4156.txt
4156	4157	genealogy/2e7c5434_4157.txt
4157	4158	genealogy/8334cdd2_4158.txt
4158	4159	genealogy/5709132d_4159.txt
4159	4160	genealogy/1944e27b_4160.txt
4160	4161	genealogy/d53727e2_4161.txt
4161	4162	genealogy/a6df3e32_4162.txt
4162	4163	genealogy/6e24733f_4163.txt
4163	4164	genealogy/f0bda683_4164.txt
4164	4165	genealogy/1e62c920_4165.txt
4165	4166	genealogy/cd0f352d_4166.txt
4166	4167	genealogy/0224e9bd_4167.txt
4167	4168	genealogy/2a530691_4168.txt
4168	4169	genealogy/8d30b011_4169.txt
4169	4170	genealogy/d587ef05_4170.txt
4170	4171	genealogy/e8217a40_4171.txt
4171	4172	genealogy/0436376c_4172.txt
4172	4173	genealogy/2dcb86fd_4173.txt
4173	4174	genealogy/fc94422a_4174.txt
4174	4175	genealogy/41d99d13_4175.txt
4175	4176	genealogy/f92eaf98_4176.txt
4176	4177	genealogy/7e9ee04a_4177.txt
4177	4178	genealogy/44d4b34b_4178.txt
4178	4179	genealogy/2202e298_4179.txt
4179	4180	genealogy/8a3df180_4180.txt
4180	4181	genealogy/92dff925_4181.txt
4181	4182	genealogy/c9fce303_4182.txt
4182	4183	genealogy/1a55b08f_4183.txt
4183	4184	genealogy/0785f012_4184.txt
4184	4185	genealogy/58151feb_4185.txt
4185	4186	genealogy/df21a545_4186.txt
4186	4187	genealogy/0382ac19_4187.txt
4187	4188	genealogy/505bca25_4188.txt
4188	4189	genealogy/dd5ffbc0_4189.txt
4189	4190	genealogy/4645cd00_4190.txt
4190	4191	genealogy/3e3b5cb7_4191.txt
4191	4192	genealogy/ec902935_4192.txt
4192	4193	genealogy/526bba0d_4193.txt
4193	4194	genealogy/7c69dce7_4194.txt
4194	4195	genealogy/10e0e184_4195.txt
4195	4196	genealogy/b3c46a23_4196.txt
4196	4197	genealogy/e4d1bc58_4197.txt
4197	4198	genealogy/a91de344_4198.txt
4198	4199	genealogy/7d790209_4199.txt
4199	4200	genealogy/be39234b_4200.txt
4200	4201	genealogy/d30432ca_4201.txt
4201	4202	genealogy/60d7f93f_4202.txt
4202	4203	genealogy/665ca38f_4203.txt
4203	4204	genealogy/7903a728_4204.txt
4204	4205	genealogy/527973b3_4205.txt
4205	4206	genealogy/9e34f62a_4206.txt
4206	4207	genealogy/9cec5600_4207.txt
4207	4208	genealogy/0ff1c97b_4208.txt
4208	4209	genealogy/6f55994d_4209.txt
4209	4210	genealogy/34233fb7_4210.txt
4210	4211	genealogy/4bb726dc_4211.txt
4211	4212	genealogy/c2033244_4212.txt
4212	4213	genealogy/857c83b5_4213.txt
4213	4214	genealogy/69ead0db_4214.txt
4214	4215	genealogy/beff557d_4215.txt
4215	4216	genealogy/6bff7926_4216.txt
4216	4217	genealogy/b6b1bbfd_4217.txt
4217	4218	genealogy/c2bff7d1_4218.txt
4218	4219	genealogy/abb0c20d_4219.txt
4219	4220	genealogy/3e294155_4220.txt
4220	4221	genealogy/68659452_4221.txt
4221	4222	genealogy/2db2ad19_4222.txt
4222	4223	genealogy/6724132a_4223.txt
4223	4224	genealogy/fbefb843_4224.txt
4224	4225	genealogy/2bdf8397_4225.txt
4225	4226	genealogy/e3eb8f01_4226.txt
4226	4227	genealogy/d4d453c3_4227.txt
4227	4228	genealogy/f5fc4f9b_4228.txt
4228	4229	genealogy/cb5fe19d_4229.txt
4229	4230	genealogy/e365f745_4230.txt
4230	4231	genealogy/30670316_4231.txt
4231	4232	genealogy/5ca60fe2_4232.txt
4232	4233	genealogy/061df0b9_4233.txt
4233	4234	genealogy/1823a6b6_4234.txt
4234	4235	genealogy/9588ac90_4235.txt
4235	4236	genealogy/ef21ab0d_4236.txt
4236	4237	genealogy/b8a389e9_4237.txt
4237	4238	genealogy/efc38727_4238.txt
4238	4239	genealogy/e54f92b9_4239.txt
4239	4240	genealogy/c17a1dfc_4240.txt
4240	4241	genealogy/d143e34b_4241.txt
4241	4242	genealogy/8c4fb452_4242.txt
4242	4243	genealogy/eab13c05_4243.txt
4243	4244	genealogy/bd7edaa5_4244.txt
4244	4245	genealogy/c832efcd_4245.txt
4245	4246	genealogy/8164441a_4246.txt
4246	4247	genealogy/939a018b_4247.txt
4247	4248	genealogy/0176a54e_4248.txt
4248	4249	genealogy/45af5bd9_4249.txt
4249	4250	genealogy/5ea3ed4b_4250.txt
4250	4251	genealogy/6ad9d608_4251.txt
4251	4252	genealogy/ee1e0049_4252.txt
4252	4253	genealogy/cb0ef459_4253.txt
4253	4254	genealogy/660880cc_4254.txt
4254	4255	genealogy/1a97ee60_4255.txt
4255	4256	genealogy/2ed1dbcf_4256.txt
4256	4257	genealogy/151a571f_4257.txt
4257	4258	genealogy/ff8be574_4258.txt
4258	4259	genealogy/111c75d0_4259.txt
4259	4260	genealogy/665eb6e8_4260.txt
4260	4261	genealogy/a1afcca7_4261.txt
4261	4262	genealogy/1d0da4a6_4262.txt
4262	4263	genealogy/bfb0f244_4263.txt
4263	4264	genealogy/e1450efc_4264.txt
4264	4265	genealogy/38e5287a_4265.txt
4265	4266	genealogy/fa14b045_4266.txt
4266	4267	genealogy/dc70f8e4_4267.txt
4267	4268	genealogy/c33e9fdd_4268.txt
4268	4269	genealogy/be1d2183_4269.txt
4269	4270	genealogy/76b358e0_4270.txt
4270	4271	genealogy/4181415d_4271.txt
4271	4272	genealogy/56faee31_4272.txt
4272	4273	genealogy/375b9765_4273.txt
4273	4274	genealogy/747d7e02_4274.txt
4274	4275	genealogy/64f30052_4275.txt
4275	4276	genealogy/c56657b1_4276.txt
4276	4277	genealogy/94ceddb0_4277.txt
4277	4278	genealogy/50fbe695_4278.txt
4278	4279	genealogy/ea6534cc_4279.txt
4279	4280	genealogy/f495a26e_4280.txt
4280	4281	genealogy/fc26983a_4281.txt
4281	4282	genealogy/62f17e01_4282.txt
4282	4283	genealogy/1dda1026_4283.txt
4283	4284	genealogy/6395c82a_4284.txt
4284	4285	genealogy/5a13fa00_4285.txt
4285	4286	genealogy/4184383d_4286.txt
4286	4287	genealogy/91f6fd99_4287.txt
4287	4288	genealogy/c8d233c6_4288.txt
4288	4289	genealogy/695638af_4289.txt
4289	4290	genealogy/86e7d989_4290.txt
4290	4291	genealogy/42064787_4291.txt
4291	4292	genealogy/53f51856_4292.txt
4292	4293	genealogy/925c2ca3_4293.txt
4293	4294	genealogy/aeb944a7_4294.txt
4294	4295	genealogy/b38f1401_4295.txt
4295	4296	genealogy/5d31b37e_4296.txt
4296	4297	genealogy/400f38d4_4297.txt
4297	4298	genealogy/88ef6b79_4298.txt
4298	4299	genealogy/6fe11092_4299.txt
4299	4300	genealogy/b494e450_4300.txt
4300	4301	genealogy/2504b5f6_4301.txt
4301	4302	genealogy/08905bad_4302.txt
4302	4303	genealogy/2ae0afb5_4303.txt
4303	4304	genealogy/5119919b_4304.txt
4304	4305	genealogy/c79c5047_4305.txt
4305	4306	genealogy/b5d047ca_4306.txt
4306	4307	genealogy/f6aaffd4_4307.txt
4307	4308	genealogy/3ce0a89d_4308.txt
4308	4309	genealogy/3a2cc92f_4309.txt
4309	4310	genealogy/47572ce3_4310.txt
4310	4311	genealogy/d1a368c6_4311.txt
4311	4312	genealogy/f2fce207_4312.txt
4312	4313	genealogy/3830e6a4_4313.txt
4313	4314	genealogy/31c8b92b_4314.txt
4314	4315	genealogy/32f2652e_4315.txt
4315	4316	genealogy/f9d9c406_4316.txt
4316	4317	genealogy/f15e6d25_4317.txt
4317	4318	genealogy/106bd39c_4318.txt
4318	4319	genealogy/e4f7e167_4319.txt
4319	4320	genealogy/e3c22997_4320.txt
4320	4321	genealogy/0b9791d8_4321.txt
4321	4322	genealogy/fbd43ced_4322.txt
4322	4323	genealogy/c53f3225_4323.txt
4323	4324	genealogy/640b2982_4324.txt
4324	4325	genealogy/3bf649c0_4325.txt
4325	4326	genealogy/6ff82259_4326.txt
4326	4327	genealogy/85e0885c_4327.txt
4327	4328	genealogy/e69b060b_4328.txt
4328	4329	genealogy/58b0918b_4329.txt
4329	4330	genealogy/bfc39a9c_4330.txt
4330	4331	genealogy/e95b02c6_4331.txt
4331	4332	genealogy/73c82a4f_4332.txt
4332	4333	genealogy/818e76a8_4333.txt
4333	4334	genealogy/1a2ce8ed_4334.txt
4334	4335	genealogy/3e948436_4335.txt
4335	4336	genealogy/c0e88816_4336.txt
4336	4337	genealogy/eadd7350_4337.txt
4337	4338	genealogy/d231af78_4338.txt
4338	4339	genealogy/29f05259_4339.txt
4339	4340	genealogy/5a5dcd78_4340.txt
4340	4341	genealogy/af5a5f41_4341.txt
4341	4342	genealogy/e44b24bb_4342.txt
4342	4343	genealogy/b1ac09e6_4343.txt
4343	4344	genealogy/59b2b55e_4344.txt
4344	4345	genealogy/46da788c_4345.txt
4345	4346	genealogy/8b5286d3_4346.txt
4346	4347	genealogy/95a7439d_4347.txt
4347	4348	genealogy/419272a7_4348.txt
4348	4349	genealogy/9eb79cba_4349.txt
4349	4350	genealogy/9f16fb31_4350.txt
4350	4351	genealogy/8f8335bf_4351.txt
4351	4352	genealogy/3bc7d6f1_4352.txt
4352	4353	genealogy/6bfc9824_4353.txt
4353	4354	genealogy/ede85426_4354.txt
4354	4355	genealogy/1e855e6b_4355.txt
4355	4356	genealogy/c636b8f1_4356.txt
4356	4357	genealogy/f1924778_4357.txt
4357	4358	genealogy/2cd3513e_4358.txt
4358	4359	genealogy/24bc6258_4359.txt
4359	4360	genealogy/74f41ad4_4360.txt
4360	4361	genealogy/6e60c904_4361.txt
4361	4362	genealogy/e5e9f6a3_4362.txt
4362	4363	genealogy/24a37a53_4363.txt
4363	4364	genealogy/71b5f803_4364.txt
4364	4365	genealogy/a781e6df_4365.txt
4365	4366	genealogy/e8c277ba_4366.txt
4366	4367	genealogy/d46c4ac7_4367.txt
4367	4368	genealogy/6a60542a_4368.txt
4368	4369	genealogy/39199255_4369.txt
4369	4370	genealogy/2eb7eb9c_4370.txt
4370	4371	genealogy/68f1297d_4371.txt
4371	4372	genealogy/252a170c_4372.txt
4372	4373	genealogy/6d203fbe_4373.txt
4373	4374	genealogy/8a0c3965_4374.txt
4374	4375	genealogy/159575b1_4375.txt
4375	4376	genealogy/ba218c51_4376.txt
4376	4377	genealogy/f5408a67_4377.txt
4377	4378	genealogy/848c72ef_4378.txt
4378	4379	genealogy/d0664922_4379.txt
4379	4380	genealogy/ca821a98_4380.txt
4380	4381	genealogy/bacbeac5_4381.txt
4381	4382	genealogy/27136640_4382.txt
4382	4383	genealogy/cf0f3c03_4383.txt
4383	4384	genealogy/3e11d725_4384.txt
4384	4385	genealogy/4e3f9a1b_4385.txt
4385	4386	genealogy/8927d7bd_4386.txt
4386	4387	genealogy/5ebbb2a9_4387.txt
4387	4388	genealogy/b80cca06_4388.txt
4388	4389	genealogy/08559415_4389.txt
4389	4390	genealogy/870f2831_4390.txt
4390	4391	genealogy/e91e072c_4391.txt
4391	4392	genealogy/f868c199_4392.txt
4392	4393	genealogy/1e55dc29_4393.txt
4393	4394	genealogy/0663eb38_4394.txt
4394	4395	genealogy/628a2da2_4395.txt
4395	4396	genealogy/f289fb3b_4396.txt
4396	4397	genealogy/ca62652c_4397.txt
4397	4398	genealogy/da150f1c_4398.txt
4398	4399	genealogy/83720363_4399.txt
4399	4400	genealogy/c5c9278d_4400.txt
4400	4401	genealogy/6ff82bf8_4401.txt
4401	4402	genealogy/e9ecd5de_4402.txt
4402	4403	genealogy/7c00be98_4403.txt
4403	4404	genealogy/84881f28_4404.txt
4404	4405	genealogy/9d5542dc_4405.txt
4405	4406	genealogy/f70c4744_4406.txt
4406	4407	genealogy/b089697f_4407.txt
4407	4408	genealogy/a8f9756f_4408.txt
4408	4409	genealogy/a53caa0b_4409.txt
4409	4410	genealogy/1f8df291_4410.txt
4410	4411	genealogy/05eae231_4411.txt
4411	4412	genealogy/5f68170d_4412.txt
4412	4413	genealogy/c77b8f24_4413.txt
4413	4414	genealogy/87303f8c_4414.txt
4414	4415	genealogy/054bbeb5_4415.txt
4415	4416	genealogy/e4b1eb52_4416.txt
4416	4417	genealogy/c3c1acc1_4417.txt
4417	4418	genealogy/35c1570c_4418.txt
4418	4419	genealogy/c1d8e3a7_4419.txt
4419	4420	genealogy/522e36a6_4420.txt
4420	4421	genealogy/d57c4d91_4421.txt
4421	4422	genealogy/c06daa03_4422.txt
4422	4423	genealogy/31ee1f0d_4423.txt
4423	4424	genealogy/f837f10f_4424.txt
4424	4425	genealogy/0b4be26f_4425.txt
4425	4426	genealogy/7b732a6e_4426.txt
4426	4427	genealogy/29305e08_4427.txt
4427	4428	genealogy/8e18a01d_4428.txt
4428	4429	genealogy/007b89de_4429.txt
4429	4430	genealogy/3160a975_4430.txt
4430	4431	genealogy/61c27b84_4431.txt
4431	4432	genealogy/4e49c485_4432.txt
4432	4433	genealogy/dfd75909_4433.txt
4433	4434	genealogy/1fb8d395_4434.txt
4434	4435	genealogy/4b8f07ce_4435.txt
4435	4436	genealogy/f7666241_4436.txt
4436	4437	genealogy/4017d8a4_4437.txt
4437	4438	genealogy/806924fe_4438.txt
4438	4439	genealogy/ed5c9389_4439.txt
4439	4440	genealogy/636af12f_4440.txt
4440	4441	genealogy/474780aa_4441.txt
4441	4442	genealogy/91dd196d_4442.txt
4442	4443	genealogy/9934629e_4443.txt
4443	4444	genealogy/9934629e_4444.txt
4444	4445	genealogy/9934629e_4445.txt
4445	4446	genealogy/9934629e_4446.txt
4446	4447	genealogy/9934629e_4447.txt
4447	4448	genealogy/9934629e_4448.txt
4448	4449	genealogy/9934629e_4449.txt
4449	4450	genealogy/9934629e_4450.txt
4450	4451	genealogy/9934629e_4451.txt
4451	4452	genealogy/9934629e_4452.txt
4452	4453	genealogy/9934629e_4453.txt
4453	4454	genealogy/9934629e_4454.txt
4454	4455	genealogy/9934629e_4455.txt
4455	4456	genealogy/9934629e_4456.txt
4456	4457	genealogy/b06d5871_4457.txt
4457	4458	genealogy/799168ed_4458.txt
4458	4459	genealogy/ab606812_4459.txt
4459	4460	genealogy/1787c018_4460.txt
4460	4461	genealogy/ae9d59c7_4461.txt
4461	4462	genealogy/6f7d5211_4462.txt
4462	4463	genealogy/50dc828c_4463.txt
4463	4464	genealogy/0e2755eb_4464.txt
4464	4465	genealogy/dd543269_4465.txt
4465	4466	genealogy/f6436315_4466.txt
4466	4467	genealogy/3f899d40_4467.txt
4467	4468	genealogy/b65a4aab_4468.txt
4468	4469	genealogy/a6bf3672_4469.txt
4469	4470	genealogy/524ce200_4470.txt
4470	4471	genealogy/f690f1df_4471.txt
4471	4472	genealogy/126108fa_4472.txt
4472	4473	genealogy/6df906dc_4473.txt
4473	4474	genealogy/34fc062c_4474.txt
4474	4475	genealogy/b0e19f6c_4475.txt
4475	4476	genealogy/0f4c1396_4476.txt
4476	4477	genealogy/e6f9ba41_4477.txt
4477	4478	genealogy/e5be6a93_4478.txt
4478	4479	genealogy/9cbf69f8_4479.txt
4479	4480	genealogy/712085c5_4480.txt
4480	4481	genealogy/a2e6fbbe_4481.txt
4481	4482	genealogy/1ad3e77a_4482.txt
4482	4483	genealogy/ca292950_4483.txt
4483	4484	genealogy/22917413_4484.txt
4484	4485	genealogy/f0d4ec7b_4485.txt
4485	4486	genealogy/5245b2f5_4486.txt
4486	4487	genealogy/1e9d5618_4487.txt
4487	4488	genealogy/be63e776_4488.txt
4488	4489	genealogy/24e65dc1_4489.txt
4489	4490	genealogy/3842a16d_4490.txt
4490	4491	genealogy/d170ad90_4491.txt
4491	4492	genealogy/ff082e6e_4492.txt
4492	4493	genealogy/8c702900_4493.txt
4493	4494	genealogy/9a4bb43b_4494.txt
4494	4495	genealogy/f8d33051_4495.txt
4495	4496	genealogy/e3ca9948_4496.txt
4496	4497	genealogy/35c857f5_4497.txt
4497	4498	genealogy/c24f7476_4498.txt
4498	4499	genealogy/369c8f78_4499.txt
4499	4500	genealogy/4cb86ec2_4500.txt
4500	4501	genealogy/99dd0ea0_4501.txt
4501	4502	genealogy/4fac6c48_4502.txt
4502	4503	genealogy/54b1b03c_4503.txt
4503	4504	genealogy/c82afdbc_4504.txt
4504	4505	genealogy/2be73434_4505.txt
4505	4506	genealogy/d3c74909_4506.txt
4506	4507	genealogy/6be7d783_4507.txt
4507	4508	genealogy/dd17943a_4508.txt
4508	4509	genealogy/2cf915c9_4509.txt
4509	4510	genealogy/eb1bc027_4510.txt
4510	4511	genealogy/6f476412_4511.txt
4511	4512	genealogy/20c8e9c0_4512.txt
4512	4513	genealogy/bc1a2add_4513.txt
4513	4514	genealogy/0b377bde_4514.txt
4514	4515	genealogy/6c48fc73_4515.txt
4515	4516	genealogy/0375817e_4516.txt
4516	4517	genealogy/b1f208c5_4517.txt
4517	4518	genealogy/b4190d74_4518.txt
4518	4519	genealogy/4576a6fa_4519.txt
4519	4520	genealogy/972019f8_4520.txt
4520	4521	genealogy/d884140c_4521.txt
4521	4522	genealogy/4138077b_4522.txt
4522	4523	genealogy/0b536369_4523.txt
4523	4524	genealogy/806be3e0_4524.txt
4524	4525	genealogy/2c4adc64_4525.txt
4525	4526	genealogy/8fcb8838_4526.txt
4526	4527	genealogy/d0ba8eb6_4527.txt
4527	4528	genealogy/94d84fe6_4528.txt
4528	4529	genealogy/5adaba6e_4529.txt
4529	4530	genealogy/dbf95a3f_4530.txt
4530	4531	genealogy/c83c55da_4531.txt
4531	4532	genealogy/646fcf62_4532.txt
4532	4533	genealogy/0c0fca93_4533.txt
4533	4534	genealogy/adddffa1_4534.txt
4534	4535	genealogy/5483c42a_4535.txt
4535	4536	genealogy/de13d7d2_4536.txt
4536	4537	genealogy/801dc0c8_4537.txt
4537	4538	genealogy/797e5daf_4538.txt
4538	4539	genealogy/babe6ccf_4539.txt
4539	4540	genealogy/ba69caab_4540.txt
4540	4541	genealogy/a02d6190_4541.txt
4541	4542	genealogy/6912e2f5_4542.txt
4542	4543	genealogy/72e86533_4543.txt
4543	4544	genealogy/e731e3d8_4544.txt
4544	4545	genealogy/3f080b93_4545.txt
4545	4546	genealogy/d42ec9c1_4546.txt
4546	4547	genealogy/1921b0ad_4547.txt
4547	4548	genealogy/fad360f4_4548.txt
4548	4549	genealogy/6b93e2b9_4549.txt
4549	4550	genealogy/b326d637_4550.txt
4550	4551	genealogy/aafec65f_4551.txt
4551	4552	genealogy/45aada39_4552.txt
4552	4553	genealogy/1cad2823_4553.txt
4553	4554	genealogy/8dc1b865_4554.txt
4554	4555	genealogy/e8f2558e_4555.txt
4555	4556	genealogy/99c1fbec_4556.txt
4556	4557	genealogy/8e24317c_4557.txt
4557	4558	genealogy/bede2c11_4558.txt
4558	4559	genealogy/8909c08d_4559.txt
4559	4560	genealogy/dafcf492_4560.txt
4560	4561	genealogy/41dee821_4561.txt
4561	4562	genealogy/00795980_4562.txt
4562	4563	genealogy/1f917d30_4563.txt
4563	4564	genealogy/da0b3488_4564.txt
4564	4565	genealogy/98d8dc2a_4565.txt
4565	4566	genealogy/b4baa883_4566.txt
4566	4567	genealogy/94dcbe7a_4567.txt
4567	4568	genealogy/3481aa53_4568.txt
4568	4569	genealogy/317dd26c_4569.txt
4569	4570	genealogy/5fd65b47_4570.txt
4570	4571	genealogy/60c7a10f_4571.txt
4571	4572	genealogy/e9e481cf_4572.txt
4572	4573	genealogy/02046dc4_4573.txt
4573	4574	genealogy/3dfa12a8_4574.txt
4574	4575	genealogy/96d9401a_4575.txt
4575	4576	genealogy/3fb3140d_4576.txt
4576	4577	genealogy/91de69f4_4577.txt
4577	4578	genealogy/40404b23_4578.txt
4578	4579	genealogy/ca713b4f_4579.txt
4579	4580	genealogy/00cf81b2_4580.txt
4580	4581	genealogy/963b8655_4581.txt
4581	4582	genealogy/e4e2be19_4582.txt
4582	4583	genealogy/54ffd55d_4583.txt
4583	4584	genealogy/6eb2d383_4584.txt
4584	4585	genealogy/e16c82ca_4585.txt
4585	4586	genealogy/5447aea3_4586.txt
4586	4587	genealogy/0ddd3c73_4587.txt
4587	4588	genealogy/d94f55ae_4588.txt
4588	4589	genealogy/196173cb_4589.txt
4589	4590	genealogy/16db5cc4_4590.txt
4590	4591	genealogy/f59ecb5d_4591.txt
4591	4592	genealogy/bc124026_4592.txt
4592	4593	genealogy/953fd913_4593.txt
4593	4594	genealogy/32a100e3_4594.txt
4594	4595	genealogy/00bd15b8_4595.txt
4595	4596	genealogy/c5e31894_4596.txt
4596	4597	genealogy/f080a021_4597.txt
4597	4598	genealogy/3d9bd928_4598.txt
4598	4599	genealogy/6faca7c4_4599.txt
4599	4600	genealogy/6f4e7c3e_4600.txt
4600	4601	genealogy/483949a6_4601.txt
4601	4602	genealogy/5769b770_4602.txt
4602	4603	genealogy/7252a6a7_4603.txt
4603	4604	genealogy/cfb2f431_4604.txt
4604	4605	genealogy/46c70838_4605.txt
4605	4606	genealogy/178aeba7_4606.txt
4606	4607	genealogy/d74c41a1_4607.txt
4607	4608	genealogy/39fd4b87_4608.txt
4608	4609	genealogy/39d3d517_4609.txt
4609	4610	genealogy/60eee3a1_4610.txt
4610	4611	genealogy/5cb66fff_4611.txt
4611	4612	genealogy/5b655f2d_4612.txt
4612	4613	genealogy/3f1c665c_4613.txt
4613	4614	genealogy/4855567b_4614.txt
4614	4615	genealogy/9437fe5d_4615.txt
4615	4616	genealogy/c0177cfa_4616.txt
4616	4617	genealogy/c88207d7_4617.txt
4617	4618	genealogy/a8ec965d_4618.txt
4618	4619	genealogy/036679b9_4619.txt
4619	4620	genealogy/ecd6cb0d_4620.txt
4620	4621	genealogy/b31d61a2_4621.txt
4621	4622	genealogy/e920915a_4622.txt
4622	4623	genealogy/fa5e2757_4623.txt
4623	4624	genealogy/d400ca9f_4624.txt
4624	4625	genealogy/49fe0793_4625.txt
4625	4626	genealogy/06488134_4626.txt
4626	4627	genealogy/212b0793_4627.txt
4627	4628	genealogy/d9ca1c4c_4628.txt
4628	4629	genealogy/9a01bd95_4629.txt
4629	4630	genealogy/40d37717_4630.txt
4630	4631	genealogy/2fa62a84_4631.txt
4631	4632	genealogy/d38d4bb8_4632.txt
4632	4633	genealogy/3972d5a0_4633.txt
4633	4634	genealogy/c4423435_4634.txt
4634	4635	genealogy/094eeadd_4635.txt
4635	4636	genealogy/e0b0adf8_4636.txt
4636	4637	genealogy/95e33af3_4637.txt
4637	4638	genealogy/2b68b891_4638.txt
4638	4639	genealogy/f31eca6c_4639.txt
4639	4640	genealogy/63a0beeb_4640.txt
4640	4641	genealogy/72a2a07f_4641.txt
4641	4642	genealogy/4e5d9d31_4642.txt
4642	4643	genealogy/efe18e70_4643.txt
4643	4644	genealogy/040b49ec_4644.txt
4644	4645	genealogy/165c0edf_4645.txt
4645	4646	genealogy/ffea0afc_4646.txt
4646	4647	genealogy/7593c335_4647.txt
4647	4648	genealogy/069454fe_4648.txt
4648	4649	genealogy/2302a5cf_4649.txt
4649	4650	genealogy/4ac6d2a2_4650.txt
4650	4651	genealogy/613f7739_4651.txt
4651	4652	genealogy/e58c0465_4652.txt
4652	4653	genealogy/17045efd_4653.txt
4653	4654	genealogy/cb1cb54d_4654.txt
4654	4655	genealogy/2a3ba19a_4655.txt
4655	4656	genealogy/11b6146d_4656.txt
4656	4657	genealogy/3828adf2_4657.txt
4657	4658	genealogy/c5085803_4658.txt
4658	4659	genealogy/639adb91_4659.txt
4659	4660	genealogy/58b7aa67_4660.txt
4660	4661	genealogy/4af7270b_4661.txt
4661	4662	genealogy/7c3aadc4_4662.txt
4662	4663	genealogy/470a7e7b_4663.txt
4663	4664	genealogy/d0c42ba9_4664.txt
4664	4665	genealogy/3ce0ec67_4665.txt
4665	4666	genealogy/3c5835ec_4666.txt
4666	4667	genealogy/1ce01760_4667.txt
4667	4668	genealogy/cb83d497_4668.txt
4668	4669	genealogy/509432a2_4669.txt
4669	4670	genealogy/1c08fc71_4670.txt
4670	4671	genealogy/2876758a_4671.txt
4671	4672	genealogy/c6c371bd_4672.txt
4672	4673	genealogy/cd77e764_4673.txt
4673	4674	genealogy/f3528fe9_4674.txt
4674	4675	genealogy/d1405427_4675.txt
4675	4676	genealogy/b836c39d_4676.txt
4676	4677	genealogy/99f1e183_4677.txt
4677	4678	genealogy/8c6c1c55_4678.txt
4678	4679	genealogy/d05f9a11_4679.txt
4679	4680	genealogy/4033948a_4680.txt
4680	4681	genealogy/da5503f6_4681.txt
4681	4682	genealogy/bcae50de_4682.txt
4682	4683	genealogy/c3012034_4683.txt
4683	4684	genealogy/f0286f52_4684.txt
4684	4685	genealogy/6b74e302_4685.txt
4685	4686	genealogy/e610dc42_4686.txt
4686	4687	genealogy/b267f980_4687.txt
4687	4688	genealogy/83909306_4688.txt
4688	4689	genealogy/57671310_4689.txt
4689	4690	genealogy/4f3856dd_4690.txt
4690	4691	genealogy/57671310_4691.txt
4691	4692	genealogy/ab26bf9b_4692.txt
4692	4693	genealogy/ab26bf9b_4693.txt
4693	4694	genealogy/982c25b5_4694.txt
4694	4695	genealogy/ab26bf9b_4695.txt
4695	4696	genealogy/37098146_4696.txt
4696	4697	genealogy/ab26bf9b_4697.txt
4697	4698	genealogy/53cc2233_4698.txt
4698	4699	genealogy/ab26bf9b_4699.txt
4699	4700	genealogy/b76f1232_4700.txt
4700	4701	genealogy/ab26bf9b_4701.txt
4701	4702	genealogy/ab26bf9b_4702.txt
4702	4703	genealogy/ee337666_4703.txt
4703	4704	genealogy/be7437c0_4704.txt
4704	4705	genealogy/7f13f6ac_4705.txt
4705	4706	genealogy/1a67ba14_4706.txt
4706	4707	genealogy/0ce3437f_4707.txt
4707	4708	genealogy/903cd2be_4708.txt
4708	4709	genealogy/d5ee4de3_4709.txt
4709	4710	genealogy/6d27948b_4710.txt
4710	4711	genealogy/99bd0a39_4711.txt
4711	4712	genealogy/db03c3b0_4712.txt
4712	4713	genealogy/0d26b6dd_4713.txt
4713	4714	genealogy/ec270f75_4714.txt
4714	4715	genealogy/863858f4_4715.txt
4715	4716	genealogy/0d796fea_4716.txt
4716	4717	genealogy/ffff6062_4717.txt
4717	4718	genealogy/20808c39_4718.txt
4718	4719	genealogy/1414a427_4719.txt
4719	4720	genealogy/7cc326c6_4720.txt
4720	4721	genealogy/f86da47d_4721.txt
4721	4722	genealogy/cbac1d1e_4722.txt
4722	4723	genealogy/a3335104_4723.txt
4723	4724	genealogy/10531f6d_4724.txt
4724	4725	genealogy/342643a7_4725.txt
4725	4726	genealogy/7230a4a2_4726.txt
4726	4727	genealogy/dc4f2399_4727.txt
4727	4728	genealogy/31f6857e_4728.txt
4728	4729	genealogy/1fd644c9_4729.txt
4729	4730	genealogy/5ee5d5c1_4730.txt
4730	4731	genealogy/0c577c59_4731.txt
4731	4732	genealogy/04d4e173_4732.txt
4732	4733	genealogy/ccdfb430_4733.txt
4733	4734	genealogy/ee244cc5_4734.txt
4734	4735	genealogy/25671887_4735.txt
4735	4736	genealogy/fed291ab_4736.txt
4736	4737	genealogy/768ccbe3_4737.txt
4737	4738	genealogy/dc5820c2_4738.txt
4738	4739	genealogy/1d14a339_4739.txt
4739	4740	genealogy/27fb6cf6_4740.txt
4740	4741	genealogy/c3dbb2db_4741.txt
4741	4742	genealogy/7c1ebd55_4742.txt
4742	4743	genealogy/cb64f502_4743.txt
4743	4744	genealogy/c85a587c_4744.txt
4744	4745	genealogy/0ef32299_4745.txt
4745	4746	genealogy/db569713_4746.txt
4746	4747	genealogy/783ea302_4747.txt
4747	4748	genealogy/ef386916_4748.txt
4748	4749	genealogy/fa47f2be_4749.txt
4749	4750	genealogy/12cf9d6b_4750.txt
4750	4751	genealogy/e099766a_4751.txt
4751	4752	genealogy/5b5c2602_4752.txt
4752	4753	genealogy/953f97ae_4753.txt
4753	4754	genealogy/4dec91c4_4754.txt
4754	4755	genealogy/5622bd16_4755.txt
4755	4756	genealogy/3065e543_4756.txt
4756	4757	genealogy/4566407c_4757.txt
4757	4758	genealogy/d3d5651c_4758.txt
4758	4759	genealogy/417f9769_4759.txt
4759	4760	genealogy/76cbb1a3_4760.txt
4760	4761	genealogy/3c3feb93_4761.txt
4761	4762	genealogy/63c58325_4762.txt
4762	4763	genealogy/716b8d94_4763.txt
4763	4764	genealogy/1fe6f6a1_4764.txt
4764	4765	genealogy/3fcac59d_4765.txt
4765	4766	genealogy/2f182d85_4766.txt
4766	4767	genealogy/a4073c0e_4767.txt
4767	4768	genealogy/f21dc783_4768.txt
4768	4769	genealogy/758604d8_4769.txt
4769	4770	genealogy/7d931312_4770.txt
4770	4771	genealogy/e60f3e91_4771.txt
4771	4772	genealogy/4860ed24_4772.txt
4772	4773	genealogy/c05c5a8a_4773.txt
4773	4774	genealogy/62b8f6a3_4774.txt
4774	4775	genealogy/f1ab72ad_4775.txt
4775	4776	genealogy/905ed8d0_4776.txt
4776	4777	genealogy/ee39aa70_4777.txt
4777	4778	genealogy/1a9cc7d7_4778.txt
4778	4779	genealogy/487f549f_4779.txt
4779	4780	genealogy/be988a9c_4780.txt
4780	4781	genealogy/d7698511_4781.txt
4781	4782	genealogy/fd08cb13_4782.txt
4782	4783	genealogy/fd6e20c2_4783.txt
4783	4784	genealogy/86d7b3ca_4784.txt
4784	4785	genealogy/2a51bcfc_4785.txt
4785	4786	genealogy/865a04eb_4786.txt
4786	4787	genealogy/f2d11fcb_4787.txt
4787	4788	genealogy/ffdfdd60_4788.txt
4788	4789	genealogy/949e22c5_4789.txt
4789	4790	genealogy/46690c66_4790.txt
4790	4791	genealogy/8baaa396_4791.txt
4791	4792	genealogy/645425ba_4792.txt
4792	4793	genealogy/1df83cc7_4793.txt
4793	4794	genealogy/7d1004e0_4794.txt
4794	4795	genealogy/cf6bffbe_4795.txt
4795	4796	genealogy/e9201998_4796.txt
4796	4797	genealogy/9725b5f1_4797.txt
4797	4798	genealogy/74058fae_4798.txt
4798	4799	genealogy/9c7263dd_4799.txt
4799	4800	genealogy/d2becad2_4800.txt
4800	4801	genealogy/49bd055d_4801.txt
4801	4802	genealogy/5428f9a0_4802.txt
4802	4803	genealogy/4f673633_4803.txt
4803	4804	genealogy/4ec98420_4804.txt
4804	4805	genealogy/5ec4b9fe_4805.txt
4805	4806	genealogy/cb08e54d_4806.txt
4806	4807	genealogy/1106ae93_4807.txt
4807	4808	genealogy/620688ee_4808.txt
4808	4809	genealogy/1162a041_4809.txt
4809	4810	genealogy/1f5fade0_4810.txt
4810	4811	genealogy/1d6009db_4811.txt
4811	4812	genealogy/04bcb6ac_4812.txt
4812	4813	genealogy/6f3fa83d_4813.txt
4813	4814	genealogy/9863e4b4_4814.txt
4814	4815	genealogy/b22ae3db_4815.txt
4815	4816	genealogy/9f96e7d0_4816.txt
4816	4817	genealogy/721b60e8_4817.txt
4817	4818	genealogy/5839a387_4818.txt
4818	4819	genealogy/3882bd2e_4819.txt
4819	4820	genealogy/511e8c1d_4820.txt
4820	4821	genealogy/1d304db2_4821.txt
4821	4822	genealogy/218832b1_4822.txt
4822	4823	genealogy/8e09e7e4_4823.txt
4823	4824	genealogy/09a392af_4824.txt
4824	4825	genealogy/6786eb86_4825.txt
4825	4826	genealogy/3ca7e8da_4826.txt
4826	4827	genealogy/57c7b3b1_4827.txt
4827	4828	genealogy/1ebadd7b_4828.txt
4828	4829	genealogy/b128e63c_4829.txt
4829	4830	genealogy/928c59aa_4830.txt
4830	4831	genealogy/1f108dd5_4831.txt
4831	4832	genealogy/f41e3f34_4832.txt
4832	4833	genealogy/5608eb66_4833.txt
4833	4834	genealogy/5bf623a1_4834.txt
4834	4835	genealogy/278ecd46_4835.txt
4835	4836	genealogy/ba1f89bd_4836.txt
4836	4837	genealogy/409b8de0_4837.txt
4837	4838	genealogy/04d6235a_4838.txt
4838	4839	genealogy/9592e550_4839.txt
4839	4840	genealogy/cd8593bc_4840.txt
4840	4841	genealogy/b658ded8_4841.txt
4841	4842	genealogy/e911592c_4842.txt
4842	4843	genealogy/d8d78248_4843.txt
4843	4844	genealogy/b7467244_4844.txt
4844	4845	genealogy/701fb97a_4845.txt
4845	4846	genealogy/b05fc8ae_4846.txt
4846	4847	genealogy/08726d56_4847.txt
4847	4848	genealogy/3d8ddbd9_4848.txt
4848	4849	genealogy/a2018d82_4849.txt
4849	4850	genealogy/785a312a_4850.txt
4850	4851	genealogy/81901d20_4851.txt
4851	4852	genealogy/193a8c9c_4852.txt
4852	4853	genealogy/cbeb4fb0_4853.txt
4853	4854	genealogy/f4a7b985_4854.txt
4854	4855	genealogy/e1044e3c_4855.txt
4855	4856	genealogy/079b0358_4856.txt
4856	4857	genealogy/824524fb_4857.txt
4857	4858	genealogy/bb0475f7_4858.txt
4858	4859	genealogy/19722cc9_4859.txt
4859	4860	genealogy/ad407989_4860.txt
4860	4861	genealogy/d3dcebef_4861.txt
4861	4862	genealogy/a74cb2b6_4862.txt
4862	4863	genealogy/31fdeda9_4863.txt
4863	4864	genealogy/5d7e4b1a_4864.txt
4864	4865	genealogy/78b18d96_4865.txt
4865	4866	genealogy/1c53213b_4866.txt
4866	4867	genealogy/84cfa0a8_4867.txt
4867	4868	genealogy/39da3ad9_4868.txt
4868	4869	genealogy/cedcac07_4869.txt
4869	4870	genealogy/ccd4c01f_4870.txt
4870	4871	genealogy/49484c13_4871.txt
4871	4872	genealogy/d17f0e73_4872.txt
4872	4873	genealogy/201f7d94_4873.txt
4873	4874	genealogy/488d928b_4874.txt
4874	4875	genealogy/9c3db84d_4875.txt
4875	4876	genealogy/6f2fae52_4876.txt
4876	4877	genealogy/aa320158_4877.txt
4877	4878	genealogy/a7c1dca9_4878.txt
4878	4879	genealogy/d1989e3e_4879.txt
4879	4880	genealogy/e8854507_4880.txt
4880	4881	genealogy/e8854507_4881.txt
4881	4882	genealogy/555dd502_4882.txt
4882	4883	genealogy/af4e671f_4883.txt
4883	4884	genealogy/eb0c9f6e_4884.txt
4884	4885	genealogy/2f5fe1e2_4885.txt
4885	4886	genealogy/bcadb2b9_4886.txt
4886	4887	genealogy/2477861d_4887.txt
4887	4888	genealogy/ab1340fa_4888.txt
4888	4889	genealogy/b0b2dad1_4889.txt
4889	4890	genealogy/dea7f160_4890.txt
4890	4891	genealogy/9cdd8e33_4891.txt
4891	4892	genealogy/9a0be3ed_4892.txt
4892	4893	genealogy/c0644b58_4893.txt
4893	4894	genealogy/91db627c_4894.txt
4894	4895	genealogy/2e2555a1_4895.txt
4895	4896	genealogy/43daef82_4896.txt
4896	4897	genealogy/8313b6cb_4897.txt
4897	4898	genealogy/eeb7bc51_4898.txt
4898	4899	genealogy/9c000b50_4899.txt
4899	4900	genealogy/dffa5f2a_4900.txt
4900	4901	genealogy/7edef9f1_4901.txt
4901	4902	genealogy/f1544f95_4902.txt
4902	4903	genealogy/8d5575dc_4903.txt
4903	4904	genealogy/37830b26_4904.txt
4904	4905	genealogy/3784e1ab_4905.txt
4905	4906	genealogy/17cc4c4e_4906.txt
4906	4907	genealogy/6a89f937_4907.txt
4907	4908	genealogy/533f8ff5_4908.txt
4908	4909	genealogy/681fc360_4909.txt
4909	4910	genealogy/70c70ae1_4910.txt
4910	4911	genealogy/3e0c6c30_4911.txt
4911	4912	genealogy/8c6a4d60_4912.txt
4912	4913	genealogy/59b06aa8_4913.txt
4913	4914	genealogy/2fe41f7d_4914.txt
4914	4915	genealogy/3bba2223_4915.txt
4915	4916	genealogy/0df306c3_4916.txt
4916	4917	genealogy/8d79d407_4917.txt
4917	4918	genealogy/6dcbdf8c_4918.txt
4918	4919	genealogy/8a22aa3f_4919.txt
4919	4920	genealogy/65fc1777_4920.txt
4920	4921	genealogy/01c2d208_4921.txt
4921	4922	genealogy/bac1f1b2_4922.txt
4922	4923	genealogy/0b75105a_4923.txt
4923	4924	genealogy/6aa35d96_4924.txt
4924	4925	genealogy/9ebf1297_4925.txt
4925	4926	genealogy/5898689e_4926.txt
4926	4927	genealogy/c3068726_4927.txt
4927	4928	genealogy/ba7fa566_4928.txt
4928	4929	genealogy/beeb2658_4929.txt
4929	4930	genealogy/ea67c903_4930.txt
4930	4931	genealogy/5a9de415_4931.txt
4931	4932	genealogy/f76175ec_4932.txt
4932	4933	genealogy/30dd05fd_4933.txt
4933	4934	genealogy/bbb7a0cd_4934.txt
4934	4935	genealogy/53f40a9e_4935.txt
4935	4936	genealogy/d335980d_4936.txt
4936	4937	genealogy/f37fbbc2_4937.txt
4937	4938	genealogy/65bc75b3_4938.txt
4938	4939	genealogy/7f8c76e8_4939.txt
4939	4940	genealogy/c5a15f35_4940.txt
4940	4941	genealogy/17695ee8_4941.txt
4941	4942	genealogy/69c1b247_4942.txt
4942	4943	genealogy/8af00672_4943.txt
4943	4944	genealogy/bcdca7d8_4944.txt
4944	4945	genealogy/a2db7823_4945.txt
4945	4946	genealogy/33a83a50_4946.txt
4946	4947	genealogy/a1d1256b_4947.txt
4947	4948	genealogy/5c935d0b_4948.txt
4948	4949	genealogy/6cf59ae4_4949.txt
4949	4950	genealogy/32218326_4950.txt
4950	4951	genealogy/847bf338_4951.txt
4951	4952	genealogy/4995b2fc_4952.txt
4952	4953	genealogy/48c330a9_4953.txt
4953	4954	genealogy/d5194eed_4954.txt
4954	4955	genealogy/bf5e0429_4955.txt
4955	4956	genealogy/2542f2bd_4956.txt
4956	4957	genealogy/55358ca2_4957.txt
4957	4958	genealogy/58a05174_4958.txt
4958	4959	genealogy/f447006a_4959.txt
4959	4960	genealogy/8c533781_4960.txt
4960	4961	genealogy/3bcae4a0_4961.txt
4961	4962	genealogy/cece3587_4962.txt
4962	4963	genealogy/33c7a395_4963.txt
4963	4964	genealogy/b9236df0_4964.txt
4964	4965	genealogy/1a58a963_4965.txt
4965	4966	genealogy/fa66ef8d_4966.txt
4966	4967	genealogy/ac0b8ae7_4967.txt
4967	4968	genealogy/0afaf3fa_4968.txt
4968	4969	genealogy/be592d31_4969.txt
4969	4970	genealogy/5619090c_4970.txt
4970	4971	genealogy/9bad3f17_4971.txt
4971	4972	genealogy/adc92c41_4972.txt
4972	4973	genealogy/c9d9ecb0_4973.txt
4973	4974	genealogy/940fafec_4974.txt
4974	4975	genealogy/1309c3e7_4975.txt
4975	4976	genealogy/08ab6321_4976.txt
4976	4977	genealogy/7719ba44_4977.txt
4977	4978	genealogy/419d8c22_4978.txt
4978	4979	genealogy/92ec52a3_4979.txt
4979	4980	genealogy/0069beb2_4980.txt
4980	4981	genealogy/e9489648_4981.txt
4981	4982	genealogy/7fc9051f_4982.txt
4982	4983	genealogy/aa19fbbc_4983.txt
4983	4984	genealogy/1aa70ccd_4984.txt
4984	4985	genealogy/ba718ef3_4985.txt
4985	4986	genealogy/d88409be_4986.txt
4986	4987	genealogy/2aeaaa8a_4987.txt
4987	4988	genealogy/70cf4f89_4988.txt
4988	4989	genealogy/b1a8125d_4989.txt
4989	4990	genealogy/ae303671_4990.txt
4990	4991	genealogy/ee36f44d_4991.txt
4991	4992	genealogy/1cd0fba3_4992.txt
4992	4993	genealogy/e1d8bf6b_4993.txt
4993	4994	genealogy/771bec9e_4994.txt
4994	4995	genealogy/d82a6fce_4995.txt
4995	4996	genealogy/00c41e93_4996.txt
4996	4997	genealogy/d7df5650_4997.txt
4997	4998	genealogy/4ed928a3_4998.txt
4998	4999	genealogy/c1381cdd_4999.txt
4999	5000	genealogy/c408f6b6_5000.txt
5000	5001	genealogy/71124276_5001.txt
5001	5002	genealogy/4386a43b_5002.txt
5002	5003	genealogy/8b35ca47_5003.txt
5003	5004	genealogy/a5437c0f_5004.txt
5004	5005	genealogy/c9dc3ea9_5005.txt
5005	5006	genealogy/fbbd82b3_5006.txt
5006	5007	genealogy/78266b47_5007.txt
5007	5008	genealogy/2a5bac49_5008.txt
5008	5009	genealogy/a0f77114_5009.txt
5009	5010	genealogy/2e5a9f5d_5010.txt
5010	5011	genealogy/ddd7fa68_5011.txt
5011	5012	genealogy/cf17fa1b_5012.txt
5012	5013	genealogy/6130f155_5013.txt
5013	5014	genealogy/411451b5_5014.txt
5014	5015	genealogy/c4954c71_5015.txt
5015	5016	genealogy/01601d17_5016.txt
5016	5017	genealogy/2a43a727_5017.txt
5017	5018	genealogy/bdeee787_5018.txt
5018	5019	genealogy/2bb2eb19_5019.txt
5019	5020	genealogy/2c756553_5020.txt
5020	5021	genealogy/2ca9c366_5021.txt
5021	5022	genealogy/8f1882ab_5022.txt
5022	5023	genealogy/679d1768_5023.txt
5023	5024	genealogy/8c51df0b_5024.txt
5024	5025	genealogy/6c0f92d9_5025.txt
5025	5026	genealogy/567e482e_5026.txt
5026	5027	genealogy/96e033f9_5027.txt
5027	5028	genealogy/b3678238_5028.txt
5028	5029	genealogy/d54864b4_5029.txt
5029	5030	genealogy/c3c236a0_5030.txt
5030	5031	genealogy/25dd41e4_5031.txt
5031	5032	genealogy/3d1bbb28_5032.txt
5032	5033	genealogy/15608d31_5033.txt
5033	5034	genealogy/fa1a5a40_5034.txt
5034	5035	genealogy/cb0ce688_5035.txt
5035	5036	genealogy/abe35371_5036.txt
5036	5037	genealogy/f0cd107a_5037.txt
5037	5038	genealogy/5fa2442e_5038.txt
5038	5039	genealogy/13c016a0_5039.txt
5039	5040	genealogy/e802d17e_5040.txt
5040	5041	genealogy/21aa8a32_5041.txt
5041	5042	genealogy/9919a800_5042.txt
5042	5043	genealogy/f5c4f4c9_5043.txt
5043	5044	genealogy/01b5279c_5044.txt
5044	5045	genealogy/6b55c275_5045.txt
5045	5046	genealogy/98ad3a17_5046.txt
5046	5047	genealogy/9a53c33d_5047.txt
5047	5048	genealogy/8299ca1b_5048.txt
5048	5049	genealogy/1b62b6b2_5049.txt
5049	5050	genealogy/f24e75b9_5050.txt
5050	5051	genealogy/701cfd7e_5051.txt
5051	5052	genealogy/ca1eba03_5052.txt
5052	5053	genealogy/a09d4145_5053.txt
5053	5054	genealogy/3f3fbf9a_5054.txt
5054	5055	genealogy/2516aac6_5055.txt
5055	5056	genealogy/ff0bc01d_5056.txt
5056	5057	genealogy/70fadc9d_5057.txt
5057	5058	genealogy/ee81af39_5058.txt
5058	5059	genealogy/854ef54c_5059.txt
5059	5060	genealogy/2370304e_5060.txt
5060	5061	genealogy/5d632804_5061.txt
5061	5062	genealogy/8b06117b_5062.txt
5062	5063	genealogy/b76c385b_5063.txt
5063	5064	genealogy/4db45449_5064.txt
5064	5065	genealogy/0009a255_5065.txt
5065	5066	genealogy/7a1883da_5066.txt
5066	5067	genealogy/b2b57af5_5067.txt
5067	5068	genealogy/8d5575dc_5068.txt
5068	5069	genealogy/37830b26_5069.txt
5069	5070	genealogy/3784e1ab_5070.txt
5070	5071	genealogy/0ef7780f_5071.txt
5071	5072	genealogy/d742fd14_5072.txt
5072	5073	genealogy/e6e6d192_5073.txt
5073	5074	genealogy/b83827e2_5074.txt
5074	5075	genealogy/7d7039aa_5075.txt
5075	5076	genealogy/cc77bed1_5076.txt
5076	5077	genealogy/84dd1e8a_5077.txt
5077	5078	genealogy/82e2241f_5078.txt
5078	5079	genealogy/78cec0f4_5079.txt
5079	5080	genealogy/ba510460_5080.txt
5080	5081	genealogy/b4be9611_5081.txt
5081	5082	genealogy/89f067d1_5082.txt
5082	5083	genealogy/cb08d050_5083.txt
5083	5084	genealogy/e6c12471_5084.txt
5084	5085	genealogy/f57d810a_5085.txt
5085	5086	genealogy/6dd3afae_5086.txt
5086	5087	genealogy/0c312558_5087.txt
5087	5088	genealogy/47791f6c_5088.txt
5088	5089	genealogy/4348712a_5089.txt
5089	5090	genealogy/d5453c48_5090.txt
5090	5091	genealogy/f90c7abf_5091.txt
5091	5092	genealogy/6f9765cd_5092.txt
5092	5093	genealogy/987e9b5a_5093.txt
5093	5094	genealogy/8ddd2494_5094.txt
5094	5095	genealogy/becc6412_5095.txt
5095	5096	genealogy/68fb9f1a_5096.txt
5096	5097	genealogy/6a382e4e_5097.txt
5097	5098	genealogy/ff6dc772_5098.txt
5098	5099	genealogy/76dfb892_5099.txt
5099	5100	genealogy/48fec6dc_5100.txt
5100	5101	genealogy/5a2c5904_5101.txt
5101	5102	genealogy/50223ebe_5102.txt
5102	5103	genealogy/3e646ff7_5103.txt
5103	5104	genealogy/efc152c0_5104.txt
5104	5105	genealogy/219bcc7e_5105.txt
5105	5106	genealogy/972a2ae2_5106.txt
5106	5107	genealogy/865ad64e_5107.txt
5107	5108	genealogy/5fe8ef0e_5108.txt
5108	5109	genealogy/8a00329e_5109.txt
5109	5110	genealogy/8a42fc3c_5110.txt
5110	5111	genealogy/c59cc740_5111.txt
5111	5112	genealogy/6be601ae_5112.txt
5112	5113	genealogy/c9c783e5_5113.txt
5113	5114	genealogy/25b98f0f_5114.txt
5114	5115	genealogy/4046ea11_5115.txt
5115	5116	genealogy/f63af408_5116.txt
5116	5117	genealogy/12ec282e_5117.txt
5117	5118	genealogy/1ecdaf58_5118.txt
5118	5119	genealogy/13d8ce8b_5119.txt
5119	5120	genealogy/56a2edfc_5120.txt
5120	5121	genealogy/f384c834_5121.txt
5121	5122	genealogy/0c512e4f_5122.txt
5122	5123	genealogy/8aed47e0_5123.txt
5123	5124	genealogy/4fe20c28_5124.txt
5124	5125	genealogy/63759090_5125.txt
5125	5126	genealogy/4a425123_5126.txt
5126	5127	genealogy/5872c83b_5127.txt
5127	5128	genealogy/353053e1_5128.txt
5128	5129	genealogy/54318e2c_5129.txt
5129	5130	genealogy/402095d1_5130.txt
5130	5131	genealogy/4d01ce31_5131.txt
5131	5132	genealogy/c3a84bd2_5132.txt
5132	5133	genealogy/3eb0df7e_5133.txt
5133	5134	genealogy/9f45733f_5134.txt
5134	5135	genealogy/227c2693_5135.txt
5135	5136	genealogy/6f0de04c_5136.txt
5136	5137	genealogy/e39796d4_5137.txt
5137	5138	genealogy/4dbc5d4b_5138.txt
5138	5139	genealogy/374726a4_5139.txt
5139	5140	genealogy/99d823eb_5140.txt
5140	5141	genealogy/8958219f_5141.txt
5141	5142	genealogy/9f7a613b_5142.txt
5142	5143	genealogy/0bc5d809_5143.txt
5143	5144	genealogy/b112bcf8_5144.txt
5144	5145	genealogy/70020046_5145.txt
5145	5146	genealogy/1c476949_5146.txt
5146	5147	genealogy/a98ebb38_5147.txt
5147	5148	genealogy/ce09628e_5148.txt
5148	5149	genealogy/60ce9ef5_5149.txt
5149	5150	genealogy/1ca8ba06_5150.txt
5150	5151	genealogy/8431e285_5151.txt
5151	5152	genealogy/a4abc691_5152.txt
5152	5153	genealogy/ea0ad886_5153.txt
5153	5154	genealogy/3993ac93_5154.txt
5154	5155	genealogy/757fc8ea_5155.txt
5155	5156	genealogy/31dd2d59_5156.txt
5156	5157	genealogy/045b8aad_5157.txt
5157	5158	genealogy/8fcec943_5158.txt
5158	5159	genealogy/2720a7d3_5159.txt
5159	5160	genealogy/1ec74188_5160.txt
5160	5161	genealogy/267e4b15_5161.txt
5161	5162	genealogy/cda080e9_5162.txt
5162	5163	genealogy/5c58a4b3_5163.txt
5163	5164	genealogy/3457e71b_5164.txt
5164	5165	genealogy/59c9f606_5165.txt
5165	5166	genealogy/3c94e0b4_5166.txt
5166	5167	genealogy/6214769e_5167.txt
5167	5168	genealogy/f7301050_5168.txt
5168	5169	genealogy/159ec0f5_5169.txt
5169	5170	genealogy/7b6289df_5170.txt
5170	5171	genealogy/b4c75ea1_5171.txt
5171	5172	genealogy/a4d98360_5172.txt
5172	5173	genealogy/fe22a4c4_5173.txt
5173	5174	genealogy/04d6b70a_5174.txt
5174	5175	genealogy/00bb73cb_5175.txt
5175	5176	genealogy/abef63d8_5176.txt
5176	5177	genealogy/4286a849_5177.txt
5177	5178	genealogy/ff41ca38_5178.txt
5178	5179	genealogy/5f080ae1_5179.txt
5179	5180	genealogy/76294c28_5180.txt
5180	5181	genealogy/4207f22b_5181.txt
5181	5182	genealogy/c5dbed32_5182.txt
5182	5183	genealogy/1e73fb68_5183.txt
5183	5184	genealogy/dc070925_5184.txt
5184	5185	genealogy/95b9d468_5185.txt
5185	5186	genealogy/8eacdd08_5186.txt
5186	5187	genealogy/f0d8e9a3_5187.txt
5187	5188	genealogy/9af126ef_5188.txt
5188	5189	genealogy/2e406fd5_5189.txt
5189	5190	genealogy/7d21a5a5_5190.txt
5190	5191	genealogy/4b652b6a_5191.txt
5191	5192	genealogy/4f1a0541_5192.txt
5192	5193	genealogy/d2c3687f_5193.txt
5193	5194	genealogy/626c2066_5194.txt
5194	5195	genealogy/550ec70b_5195.txt
5195	5196	genealogy/1631cf32_5196.txt
5196	5197	genealogy/45561021_5197.txt
5197	5198	genealogy/6d457549_5198.txt
5198	5199	genealogy/aa4317a1_5199.txt
5199	5200	genealogy/36b467a1_5200.txt
5200	5201	genealogy/e3b0bd85_5201.txt
5201	5202	genealogy/48982310_5202.txt
5202	5203	genealogy/91b36d4c_5203.txt
5203	5204	genealogy/95f3a1f6_5204.txt
5204	5205	genealogy/73522935_5205.txt
5205	5206	genealogy/ec7399cf_5206.txt
5206	5207	genealogy/8003d646_5207.txt
5207	5208	genealogy/a3f3eb19_5208.txt
5208	5209	genealogy/3a2dcbe5_5209.txt
5209	5210	genealogy/5a83bad8_5210.txt
5210	5211	genealogy/278c4fc0_5211.txt
5211	5212	genealogy/303da061_5212.txt
5212	5213	genealogy/73274c9e_5213.txt
5213	5214	genealogy/1a57ce32_5214.txt
5214	5215	genealogy/7c57e3e9_5215.txt
5215	5216	genealogy/b3c0d7a3_5216.txt
5216	5217	genealogy/aa0feec1_5217.txt
5217	5218	genealogy/0a220b08_5218.txt
5218	5219	genealogy/6059bfa7_5219.txt
5219	5220	genealogy/94f3edba_5220.txt
5220	5221	genealogy/da2ac9d7_5221.txt
5221	5222	genealogy/e5a73c56_5222.txt
5222	5223	genealogy/225e3b2c_5223.txt
5223	5224	genealogy/59e359e1_5224.txt
5224	5225	genealogy/cb193b65_5225.txt
5225	5226	genealogy/693bc8e7_5226.txt
5226	5227	genealogy/ff9b21a1_5227.txt
5227	5228	genealogy/e98ed572_5228.txt
5228	5229	genealogy/469c7da8_5229.txt
5229	5230	genealogy/46c857cd_5230.txt
5230	5231	genealogy/1b256db9_5231.txt
5231	5232	genealogy/f9ecc76b_5232.txt
5232	5233	genealogy/ee825635_5233.txt
5233	5234	genealogy/cf162c15_5234.txt
5234	5235	genealogy/33f1f1e0_5235.txt
5235	5236	genealogy/e8818cc9_5236.txt
5236	5237	genealogy/ec15cfc7_5237.txt
5237	5238	genealogy/e1ccdabd_5238.txt
5238	5239	genealogy/b2cce5a3_5239.txt
5239	5240	genealogy/157b8039_5240.txt
5240	5241	genealogy/c38690d9_5241.txt
5241	5242	genealogy/9199e9bb_5242.txt
5242	5243	genealogy/374d3ec7_5243.txt
5243	5244	genealogy/e85b6a3d_5244.txt
5244	5245	genealogy/bfbbea7a_5245.txt
5245	5246	genealogy/ed7bdaab_5246.txt
5246	5247	genealogy/8c24046d_5247.txt
5247	5248	genealogy/313deeb6_5248.txt
5248	5249	genealogy/ca602d02_5249.txt
5249	5250	genealogy/3992bfad_5250.txt
5250	5251	genealogy/94a96b0f_5251.txt
5251	5252	genealogy/fdfe5dc2_5252.txt
5252	5253	genealogy/756162c2_5253.txt
5253	5254	genealogy/4439b60a_5254.txt
5254	5255	genealogy/92f38101_5255.txt
5255	5256	genealogy/726ccd86_5256.txt
5256	5257	genealogy/3a658779_5257.txt
5257	5258	genealogy/e196b580_5258.txt
5258	5259	genealogy/e41f1d52_5259.txt
5259	5260	genealogy/c09480c1_5260.txt
5260	5261	genealogy/eea0f8b0_5261.txt
5261	5262	genealogy/052bd8b6_5262.txt
5262	5263	genealogy/6345b4fe_5263.txt
5263	5264	genealogy/c41de033_5264.txt
5264	5265	genealogy/bf66e13d_5265.txt
5265	5266	genealogy/1361a060_5266.txt
5266	5267	genealogy/3d3ca2bd_5267.txt
5267	5268	genealogy/d2913bea_5268.txt
5268	5269	genealogy/0b249007_5269.txt
5269	5270	genealogy/7afe5789_5270.txt
5270	5271	genealogy/4237e7f4_5271.txt
5271	5272	genealogy/ad035a5c_5272.txt
5272	5273	genealogy/bd197374_5273.txt
5273	5274	genealogy/bd630c11_5274.txt
5274	5275	genealogy/79fc4be4_5275.txt
5275	5276	genealogy/05949ab2_5276.txt
5276	5277	genealogy/f85fd46f_5277.txt
5277	5278	genealogy/7ff2d1d6_5278.txt
5278	5279	genealogy/84fd0128_5279.txt
5279	5280	genealogy/1c347010_5280.txt
5280	5281	genealogy/b854a146_5281.txt
5281	5282	genealogy/a759789f_5282.txt
5282	5283	genealogy/7368ddfa_5283.txt
5283	5284	genealogy/b327f4f2_5284.txt
5284	5285	genealogy/7085bd7b_5285.txt
5285	5286	genealogy/534a5721_5286.txt
5286	5287	genealogy/97d8270e_5287.txt
5287	5288	genealogy/e1315af0_5288.txt
5288	5289	genealogy/d01b35a5_5289.txt
5289	5290	genealogy/877315ad_5290.txt
5290	5291	genealogy/2d04ad0a_5291.txt
5291	5292	genealogy/db08023c_5292.txt
5292	5293	genealogy/800b941d_5293.txt
5293	5294	genealogy/cc1e98b2_5294.txt
5294	5295	genealogy/89296ab7_5295.txt
5295	5296	genealogy/ad7400a5_5296.txt
5296	5297	genealogy/baa9bff2_5297.txt
5297	5298	genealogy/edc6befe_5298.txt
5298	5299	genealogy/1cd82443_5299.txt
5299	5300	genealogy/ea8d2f2a_5300.txt
5300	5301	genealogy/765c4b01_5301.txt
5301	5302	genealogy/268a2933_5302.txt
5302	5303	genealogy/51e46b61_5303.txt
5303	5304	genealogy/54e0507e_5304.txt
5304	5305	genealogy/4073a428_5305.txt
5305	5306	genealogy/edf72594_5306.txt
5306	5307	genealogy/3973d187_5307.txt
5307	5308	genealogy/99501421_5308.txt
5308	5309	genealogy/57f09aa9_5309.txt
5309	5310	genealogy/b101952b_5310.txt
5310	5311	genealogy/c0010910_5311.txt
5311	5312	genealogy/5ed2d4b3_5312.txt
5312	5313	genealogy/e9474359_5313.txt
5313	5314	genealogy/c506856a_5314.txt
5314	5315	genealogy/0f4df9b4_5315.txt
5315	5316	genealogy/d312ecd1_5316.txt
5316	5317	genealogy/8cd97d3b_5317.txt
5317	5318	genealogy/b3f34e9f_5318.txt
5318	5319	genealogy/040c9e75_5319.txt
5319	5320	genealogy/b0f6044f_5320.txt
5320	5321	genealogy/dc24c91a_5321.txt
5321	5322	genealogy/354572a2_5322.txt
5322	5323	genealogy/102fa38a_5323.txt
5323	5324	genealogy/11954dc5_5324.txt
5324	5325	genealogy/46e0f5be_5325.txt
5325	5326	genealogy/22f5d863_5326.txt
5326	5327	genealogy/f84db856_5327.txt
5327	5328	genealogy/32c7f4a2_5328.txt
5328	5329	genealogy/df735564_5329.txt
5329	5330	genealogy/43b7b799_5330.txt
5330	5331	genealogy/8ea342cf_5331.txt
5331	5332	genealogy/bb7ae817_5332.txt
5332	5333	genealogy/aa6d6315_5333.txt
5333	5334	genealogy/e5b42eb8_5334.txt
5334	5335	genealogy/77fbd56d_5335.txt
5335	5336	genealogy/076ea32d_5336.txt
5336	5337	genealogy/bb5b3ac5_5337.txt
5337	5338	genealogy/6b8758a0_5338.txt
5338	5339	genealogy/ef2fbebd_5339.txt
5339	5340	genealogy/b5d4fc89_5340.txt
5340	5341	genealogy/807fbace_5341.txt
5341	5342	genealogy/c97a11de_5342.txt
5342	5343	genealogy/75550d69_5343.txt
5343	5344	genealogy/4c2d5f9e_5344.txt
5344	5345	genealogy/b432e7db_5345.txt
5345	5346	genealogy/87fcade0_5346.txt
5346	5347	genealogy/a1d195c1_5347.txt
5347	5348	genealogy/b80918c0_5348.txt
5348	5349	genealogy/14aa63e5_5349.txt
5349	5350	genealogy/4c1315ba_5350.txt
5350	5351	genealogy/c30daa9d_5351.txt
5351	5352	genealogy/4949288d_5352.txt
5352	5353	genealogy/c1380ca0_5353.txt
5353	5354	genealogy/06f8b468_5354.txt
5354	5355	genealogy/555565b4_5355.txt
5355	5356	genealogy/33744d83_5356.txt
5356	5357	genealogy/2d5be909_5357.txt
5357	5358	genealogy/db4eeda0_5358.txt
5358	5359	genealogy/338f6321_5359.txt
5359	5360	genealogy/86787fc4_5360.txt
5360	5361	genealogy/d8afe65a_5361.txt
5361	5362	genealogy/e146f5d9_5362.txt
5362	5363	genealogy/ee8a87b0_5363.txt
5363	5364	genealogy/4fc04ba6_5364.txt
5364	5365	genealogy/642c2531_5365.txt
5365	5366	genealogy/c9aa600e_5366.txt
5366	5367	genealogy/0ac52eec_5367.txt
5367	5368	genealogy/82833c34_5368.txt
5368	5369	genealogy/95dbb245_5369.txt
5369	5370	genealogy/c30fb58f_5370.txt
5370	5371	genealogy/bd7e22a0_5371.txt
5371	5372	genealogy/a00079a4_5372.txt
5372	5373	genealogy/981d026c_5373.txt
5373	5374	genealogy/4a355a48_5374.txt
5374	5375	genealogy/558902dd_5375.txt
5375	5376	genealogy/44512241_5376.txt
5376	5377	genealogy/eccc7cbe_5377.txt
5377	5378	genealogy/98f857e7_5378.txt
5378	5379	genealogy/3c89261c_5379.txt
5379	5380	genealogy/a8de51f2_5380.txt
5380	5381	genealogy/5c1d9eec_5381.txt
5381	5382	genealogy/309b18fb_5382.txt
5382	5383	genealogy/fae7fac4_5383.txt
5383	5384	genealogy/1d2ac002_5384.txt
5384	5385	genealogy/ff2c83d9_5385.txt
5385	5386	genealogy/dc2beebe_5386.txt
5386	5387	genealogy/e33c5482_5387.txt
5387	5388	genealogy/1b06ab2c_5388.txt
5388	5389	genealogy/04853b47_5389.txt
5389	5390	genealogy/e4286be8_5390.txt
5390	5391	genealogy/9427ff9a_5391.txt
5391	5392	genealogy/ef49fd46_5392.txt
5392	5393	genealogy/95874c8e_5393.txt
5393	5394	genealogy/b0c9aa3b_5394.txt
5394	5395	genealogy/e12a43d1_5395.txt
5395	5396	genealogy/950cc02e_5396.txt
5396	5397	genealogy/ff8eb410_5397.txt
5397	5398	genealogy/632a828f_5398.txt
5398	5399	genealogy/ee64f693_5399.txt
5399	5400	genealogy/609668b1_5400.txt
5400	5401	genealogy/e8becd28_5401.txt
5401	5402	genealogy/9b008c77_5402.txt
5402	5403	genealogy/49d55510_5403.txt
5403	5404	genealogy/133816b4_5404.txt
5404	5405	genealogy/2813e060_5405.txt
5405	5406	genealogy/36aae905_5406.txt
5406	5407	genealogy/089dc693_5407.txt
5407	5408	genealogy/4c8bd865_5408.txt
5408	5409	genealogy/4fc37175_5409.txt
5409	5410	genealogy/f48639e2_5410.txt
5410	5411	genealogy/be5c5ce1_5411.txt
5411	5412	genealogy/ff8767a7_5412.txt
5412	5413	genealogy/96da4bdd_5413.txt
5413	5414	genealogy/c3f4d186_5414.txt
5414	5415	genealogy/70a5d226_5415.txt
5415	5416	genealogy/04f1598a_5416.txt
5416	5417	genealogy/49cfe5e2_5417.txt
5417	5418	genealogy/f9d97efb_5418.txt
5418	5419	genealogy/797db313_5419.txt
5419	5420	genealogy/cdb83b30_5420.txt
5420	5421	genealogy/fd52e146_5421.txt
5421	5422	genealogy/d251e864_5422.txt
5422	5423	genealogy/6a474fc9_5423.txt
5423	5424	genealogy/7b3dff58_5424.txt
5424	5425	genealogy/08cfea22_5425.txt
5425	5426	genealogy/67eee92b_5426.txt
5426	5427	genealogy/e2c51448_5427.txt
5427	5428	genealogy/50a213c0_5428.txt
5428	5429	genealogy/950a9022_5429.txt
5429	5430	genealogy/51a83ff7_5430.txt
5430	5431	genealogy/0ca23e67_5431.txt
5431	5432	genealogy/ad9f222c_5432.txt
5432	5433	genealogy/e53e46ea_5433.txt
5433	5434	genealogy/364a78a9_5434.txt
5434	5435	genealogy/1cf0db49_5435.txt
5435	5436	genealogy/23fd5094_5436.txt
5436	5437	genealogy/d7456c59_5437.txt
5437	5438	genealogy/b1bdb8d3_5438.txt
5438	5439	genealogy/bdaacc43_5439.txt
5439	5440	genealogy/da871a45_5440.txt
5440	5441	genealogy/731bc7ec_5441.txt
5441	5442	genealogy/52866507_5442.txt
5442	5443	genealogy/ad0efd43_5443.txt
5443	5444	genealogy/f99ea159_5444.txt
5444	5445	genealogy/7927d4aa_5445.txt
5445	5446	genealogy/8dc32fe1_5446.txt
5446	5447	genealogy/efc8c582_5447.txt
5447	5448	genealogy/dab40781_5448.txt
5448	5449	genealogy/77edc370_5449.txt
5449	5450	genealogy/ca2e5a5e_5450.txt
5450	5451	genealogy/3fd9184a_5451.txt
5451	5452	genealogy/6fae7cef_5452.txt
5452	5453	genealogy/26a3ce07_5453.txt
5453	5454	genealogy/5d6eee86_5454.txt
5454	5455	genealogy/17f72cdd_5455.txt
5455	5456	genealogy/04b7bb8d_5456.txt
5456	5457	genealogy/404d887f_5457.txt
5457	5458	genealogy/72061378_5458.txt
5458	5459	genealogy/85ba722c_5459.txt
5459	5460	genealogy/698dad3c_5460.txt
5460	5461	genealogy/0aafc340_5461.txt
5461	5462	genealogy/464f5420_5462.txt
5462	5463	genealogy/e46e5eab_5463.txt
5463	5464	genealogy/da514fa2_5464.txt
5464	5465	genealogy/12f2f3be_5465.txt
5465	5466	genealogy/5fa2a5dc_5466.txt
5466	5467	genealogy/4c539a82_5467.txt
5467	5468	genealogy/979b171e_5468.txt
5468	5469	genealogy/5a15dc6d_5469.txt
5469	5470	genealogy/6eaa2c16_5470.txt
5470	5471	genealogy/25def991_5471.txt
5471	5472	genealogy/41aa1205_5472.txt
5472	5473	genealogy/efb10b30_5473.txt
5473	5474	genealogy/0aa73260_5474.txt
5474	5475	genealogy/f1ec6889_5475.txt
5475	5476	genealogy/b56cde8c_5476.txt
5476	5477	genealogy/8bc19c9c_5477.txt
5477	5478	genealogy/71b3925e_5478.txt
5478	5479	genealogy/d8795f63_5479.txt
5479	5480	genealogy/08c897f0_5480.txt
5480	5481	genealogy/b7fcbf26_5481.txt
5481	5482	genealogy/56900179_5482.txt
5482	5483	genealogy/6e24733f_5483.txt
5483	5484	genealogy/f0bda683_5484.txt
5484	5485	genealogy/1e62c920_5485.txt
5485	5486	genealogy/cd0f352d_5486.txt
5486	5487	genealogy/0224e9bd_5487.txt
5487	5488	genealogy/2a530691_5488.txt
5488	5489	genealogy/8d30b011_5489.txt
5489	5490	genealogy/d587ef05_5490.txt
5490	5491	genealogy/e8217a40_5491.txt
5491	5492	genealogy/0436376c_5492.txt
5492	5493	genealogy/2dcb86fd_5493.txt
5493	5494	genealogy/fc94422a_5494.txt
5494	5495	genealogy/41d99d13_5495.txt
5495	5496	genealogy/f92eaf98_5496.txt
5496	5497	genealogy/7e9ee04a_5497.txt
5497	5498	genealogy/44d4b34b_5498.txt
5498	5499	genealogy/2202e298_5499.txt
5499	5500	genealogy/8a3df180_5500.txt
5500	5501	genealogy/92dff925_5501.txt
5501	5502	genealogy/c9fce303_5502.txt
5502	5503	genealogy/1a55b08f_5503.txt
5503	5504	genealogy/0785f012_5504.txt
5504	5505	genealogy/58151feb_5505.txt
5505	5506	genealogy/df21a545_5506.txt
5506	5507	genealogy/0382ac19_5507.txt
5507	5508	genealogy/505bca25_5508.txt
5508	5509	genealogy/dd5ffbc0_5509.txt
5509	5510	genealogy/4645cd00_5510.txt
5510	5511	genealogy/3e3b5cb7_5511.txt
5511	5512	genealogy/ec902935_5512.txt
5512	5513	genealogy/526bba0d_5513.txt
5513	5514	genealogy/7c69dce7_5514.txt
5514	5515	genealogy/10e0e184_5515.txt
5515	5516	genealogy/b3c46a23_5516.txt
5516	5517	genealogy/e4d1bc58_5517.txt
5517	5518	genealogy/a91de344_5518.txt
5518	5519	genealogy/7d790209_5519.txt
5519	5520	genealogy/be39234b_5520.txt
5520	5521	genealogy/d30432ca_5521.txt
5521	5522	genealogy/60d7f93f_5522.txt
5522	5523	genealogy/665ca38f_5523.txt
5523	5524	genealogy/7903a728_5524.txt
5524	5525	genealogy/527973b3_5525.txt
5525	5526	genealogy/9e34f62a_5526.txt
5526	5527	genealogy/9cec5600_5527.txt
5527	5528	genealogy/0ff1c97b_5528.txt
5528	5529	genealogy/6f55994d_5529.txt
5529	5530	genealogy/34233fb7_5530.txt
5530	5531	genealogy/4bb726dc_5531.txt
5531	5532	genealogy/c2033244_5532.txt
5532	5533	genealogy/857c83b5_5533.txt
5533	5534	genealogy/69ead0db_5534.txt
5534	5535	genealogy/beff557d_5535.txt
5535	5536	genealogy/6bff7926_5536.txt
5536	5537	genealogy/b6b1bbfd_5537.txt
5537	5538	genealogy/c2bff7d1_5538.txt
5538	5539	genealogy/abb0c20d_5539.txt
5539	5540	genealogy/3e294155_5540.txt
5540	5541	genealogy/68659452_5541.txt
5541	5542	genealogy/2db2ad19_5542.txt
5542	5543	genealogy/6724132a_5543.txt
5543	5544	genealogy/fbefb843_5544.txt
5544	5545	genealogy/2bdf8397_5545.txt
5545	5546	genealogy/e3eb8f01_5546.txt
5546	5547	genealogy/d4d453c3_5547.txt
5547	5548	genealogy/f5fc4f9b_5548.txt
5548	5549	genealogy/cb5fe19d_5549.txt
5549	5550	genealogy/e365f745_5550.txt
5550	5551	genealogy/30670316_5551.txt
5551	5552	genealogy/5ca60fe2_5552.txt
5552	5553	genealogy/061df0b9_5553.txt
5553	5554	genealogy/1823a6b6_5554.txt
5554	5555	genealogy/9588ac90_5555.txt
5555	5556	genealogy/ef21ab0d_5556.txt
5556	5557	genealogy/b8a389e9_5557.txt
5557	5558	genealogy/efc38727_5558.txt
5558	5559	genealogy/e54f92b9_5559.txt
5559	5560	genealogy/c17a1dfc_5560.txt
5560	5561	genealogy/d143e34b_5561.txt
5561	5562	genealogy/8c4fb452_5562.txt
5562	5563	genealogy/eab13c05_5563.txt
5563	5564	genealogy/bd7edaa5_5564.txt
5564	5565	genealogy/c832efcd_5565.txt
5565	5566	genealogy/8164441a_5566.txt
5566	5567	genealogy/939a018b_5567.txt
5567	5568	genealogy/0176a54e_5568.txt
5568	5569	genealogy/45af5bd9_5569.txt
5569	5570	genealogy/5ea3ed4b_5570.txt
5570	5571	genealogy/6ad9d608_5571.txt
5571	5572	genealogy/ee1e0049_5572.txt
5572	5573	genealogy/cb0ef459_5573.txt
5573	5574	genealogy/660880cc_5574.txt
5574	5575	genealogy/1a97ee60_5575.txt
5575	5576	genealogy/2ed1dbcf_5576.txt
5576	5577	genealogy/151a571f_5577.txt
5577	5578	genealogy/ff8be574_5578.txt
5578	5579	genealogy/111c75d0_5579.txt
5579	5580	genealogy/665eb6e8_5580.txt
5580	5581	genealogy/a1afcca7_5581.txt
5581	5582	genealogy/1d0da4a6_5582.txt
5582	5583	genealogy/cad74ed3_5583.txt
5583	5584	genealogy/e04a9b7d_5584.txt
5584	5585	genealogy/12ad8c82_5585.txt
5585	5586	genealogy/b00c3122_5586.txt
5586	5587	genealogy/d3766934_5587.txt
5587	5588	genealogy/11cda398_5588.txt
5588	5589	genealogy/26184c3c_5589.txt
5589	5590	genealogy/14ba1cb9_5590.txt
5590	5591	genealogy/e7e504ed_5591.txt
5591	5592	genealogy/a33c225f_5592.txt
5592	5593	genealogy/886f90db_5593.txt
5593	5594	genealogy/291ee2f1_5594.txt
5594	5595	genealogy/a0be6063_5595.txt
5595	5596	genealogy/894d86dd_5596.txt
5596	5597	genealogy/afa3c652_5597.txt
5597	5598	genealogy/53639ea4_5598.txt
5598	5599	genealogy/e1450efc_5599.txt
5599	5600	genealogy/38e5287a_5600.txt
5600	5601	genealogy/543a8a0e_5601.txt
5601	5602	genealogy/da1502aa_5602.txt
5602	5603	genealogy/c33e9fdd_5603.txt
5603	5604	genealogy/be1d2183_5604.txt
5604	5605	genealogy/76b358e0_5605.txt
5605	5606	genealogy/8ee6f930_5606.txt
5606	5607	genealogy/c7db27f1_5607.txt
5607	5608	genealogy/7ea77944_5608.txt
5608	5609	genealogy/6250d4ff_5609.txt
5609	5610	genealogy/341b2100_5610.txt
5610	5611	genealogy/b5366095_5611.txt
5611	5612	genealogy/9adac245_5612.txt
5612	5613	genealogy/885e95e4_5613.txt
5613	5614	genealogy/0c201186_5614.txt
5614	5615	genealogy/ae4d385b_5615.txt
5615	5616	genealogy/2ba9ff5c_5616.txt
5616	5617	genealogy/149d6713_5617.txt
5617	5618	genealogy/877925cb_5618.txt
5618	5619	genealogy/7b7d38bc_5619.txt
5619	5620	genealogy/28f89802_5620.txt
5620	5621	genealogy/1e2e44c6_5621.txt
5621	5622	genealogy/d39a8968_5622.txt
5622	5623	genealogy/3c42b838_5623.txt
5623	5624	genealogy/e1fa20d6_5624.txt
5624	5625	genealogy/8d4c7c12_5625.txt
5625	5626	genealogy/7ed05e1a_5626.txt
5626	5627	genealogy/33be3252_5627.txt
5627	5628	genealogy/fda1cce9_5628.txt
5628	5629	genealogy/55a1e4ce_5629.txt
5629	5630	genealogy/d24a1223_5630.txt
5630	5631	genealogy/c64e94db_5631.txt
5631	5632	genealogy/b46d5c0f_5632.txt
5632	5633	genealogy/1806ae7a_5633.txt
5633	5634	genealogy/70a6d0b9_5634.txt
5634	5635	genealogy/1665ed2c_5635.txt
5635	5636	genealogy/5c2cfaf8_5636.txt
5636	5637	genealogy/ac660c55_5637.txt
5637	5638	genealogy/22f0d079_5638.txt
5638	5639	genealogy/02fe86af_5639.txt
5639	5640	genealogy/686c1c18_5640.txt
5640	5641	genealogy/93ee2809_5641.txt
5641	5642	genealogy/325e01c0_5642.txt
5642	5643	genealogy/5bf82f71_5643.txt
5643	5644	genealogy/ae53b356_5644.txt
5644	5645	genealogy/c4e08ca6_5645.txt
5645	5646	genealogy/ad665a5b_5646.txt
5646	5647	genealogy/57ce134b_5647.txt
5647	5648	genealogy/bf7d79e2_5648.txt
5648	5649	genealogy/31f3a388_5649.txt
5649	5650	genealogy/5ffab1cd_5650.txt
5650	5651	genealogy/166d7144_5651.txt
5651	5652	genealogy/204caa4e_5652.txt
5652	5653	genealogy/9c274117_5653.txt
5653	5654	genealogy/5679dade_5654.txt
5654	5655	genealogy/2d779730_5655.txt
5655	5656	genealogy/8ae40782_5656.txt
5656	5657	genealogy/b3a54231_5657.txt
5657	5658	genealogy/84f287d7_5658.txt
5658	5659	genealogy/83818544_5659.txt
5659	5660	genealogy/1dd79b9e_5660.txt
5660	5661	genealogy/b5e299da_5661.txt
5661	5662	genealogy/343e9efc_5662.txt
5662	5663	genealogy/60db3612_5663.txt
5663	5664	genealogy/760013cc_5664.txt
5664	5665	genealogy/a79fdbad_5665.txt
5665	5666	genealogy/27681ed0_5666.txt
5666	5667	genealogy/e6a0ec6f_5667.txt
5667	5668	genealogy/ebc4a847_5668.txt
5668	5669	genealogy/5b06c67a_5669.txt
5669	5670	genealogy/49b53ddb_5670.txt
5670	5671	genealogy/b9c26063_5671.txt
5671	5672	genealogy/0d4dac57_5672.txt
5672	5673	genealogy/e50970a6_5673.txt
5673	5674	genealogy/92bed4f4_5674.txt
5674	5675	genealogy/5f4de639_5675.txt
5675	5676	genealogy/7bec0c7b_5676.txt
5676	5677	genealogy/7eac5d93_5677.txt
5677	5678	genealogy/756f04c7_5678.txt
5678	5679	genealogy/a3596c6b_5679.txt
5679	5680	genealogy/f4e7794c_5680.txt
5680	5681	genealogy/590aab4b_5681.txt
5681	5682	genealogy/fab3943a_5682.txt
5682	5683	genealogy/43b8e954_5683.txt
5683	5684	genealogy/70e3bb24_5684.txt
5684	5685	genealogy/7958e8c6_5685.txt
5685	5686	genealogy/389ccdb9_5686.txt
5686	5687	genealogy/0c3de71b_5687.txt
5687	5688	genealogy/da3cdfd4_5688.txt
5688	5689	genealogy/82d40edd_5689.txt
5689	5690	genealogy/7840ae37_5690.txt
5690	5691	genealogy/cefedbb4_5691.txt
5691	5692	genealogy/310e958d_5692.txt
5692	5693	genealogy/1d4962e3_5693.txt
5693	5694	genealogy/89c77a9b_5694.txt
5694	5695	genealogy/ddadd691_5695.txt
5695	5696	genealogy/bf7ae84c_5696.txt
5696	5697	genealogy/ba954e38_5697.txt
5697	5698	genealogy/f56827dd_5698.txt
5698	5699	genealogy/132a33de_5699.txt
5699	5700	genealogy/675642e1_5700.txt
5700	5701	genealogy/cbb500fa_5701.txt
5701	5702	genealogy/a9557dbb_5702.txt
5702	5703	genealogy/6b89f776_5703.txt
5703	5704	genealogy/a39f8ce4_5704.txt
5704	5705	genealogy/17af02c5_5705.txt
5705	5706	genealogy/7d312ca0_5706.txt
5706	5707	genealogy/b0d402d2_5707.txt
5707	5708	genealogy/bc9d3489_5708.txt
5708	5709	genealogy/4b18e358_5709.txt
5709	5710	genealogy/9f712447_5710.txt
5710	5711	genealogy/95f3654d_5711.txt
5711	5712	genealogy/5c76f150_5712.txt
5712	5713	genealogy/152ced44_5713.txt
5713	5714	genealogy/d7d589cd_5714.txt
5714	5715	genealogy/ac19e808_5715.txt
5715	5716	genealogy/bdbc1fd8_5716.txt
5716	5717	genealogy/5db81dfc_5717.txt
5717	5718	genealogy/26aaf989_5718.txt
5718	5719	genealogy/0a24f9d0_5719.txt
5719	5720	genealogy/67df85fb_5720.txt
5720	5721	genealogy/5330e233_5721.txt
5721	5722	genealogy/416c097e_5722.txt
5722	5723	genealogy/7b7810f6_5723.txt
5723	5724	genealogy/9202115e_5724.txt
5724	5725	genealogy/7b7ce167_5725.txt
5725	5726	genealogy/70b4c571_5726.txt
5726	5727	genealogy/63e9aa28_5727.txt
5727	5728	genealogy/6076558b_5728.txt
5728	5729	genealogy/cc80b9c9_5729.txt
5729	5730	genealogy/23ea154d_5730.txt
5730	5731	genealogy/f93ce854_5731.txt
5731	5732	genealogy/f86ed05e_5732.txt
5732	5733	genealogy/611ac9dd_5733.txt
5733	5734	genealogy/4b479cfd_5734.txt
5734	5735	genealogy/f0a6018e_5735.txt
5735	5736	genealogy/e4a9e782_5736.txt
5736	5737	genealogy/9f4ccc1c_5737.txt
5737	5738	genealogy/1e57d584_5738.txt
5738	5739	genealogy/b4fef333_5739.txt
5739	5740	genealogy/35be7be0_5740.txt
5740	5741	genealogy/cc64c341_5741.txt
5741	5742	genealogy/c0c9ee92_5742.txt
5742	5743	genealogy/e6bb0a05_5743.txt
5743	5744	genealogy/860d3b58_5744.txt
5744	5745	genealogy/6b478136_5745.txt
5745	5746	genealogy/77064f70_5746.txt
5746	5747	genealogy/3dc73c98_5747.txt
5747	5748	genealogy/83be1437_5748.txt
5748	5749	genealogy/4c27d83a_5749.txt
5749	5750	genealogy/19aabe28_5750.txt
5750	5751	genealogy/e9536950_5751.txt
5751	5752	genealogy/4708595e_5752.txt
5752	5753	genealogy/ff384b30_5753.txt
5753	5754	genealogy/02815db0_5754.txt
5754	5755	genealogy/fce7e2b2_5755.txt
5755	5756	genealogy/9cfaa630_5756.txt
5756	5757	genealogy/8b93b60b_5757.txt
5757	5758	genealogy/39101ab2_5758.txt
5758	5759	genealogy/bfba2f4b_5759.txt
5759	5760	genealogy/d203056d_5760.txt
5760	5761	genealogy/831cdc56_5761.txt
5761	5762	genealogy/09f5255f_5762.txt
5762	5763	genealogy/782e1f59_5763.txt
5763	5764	genealogy/6528f994_5764.txt
5764	5765	genealogy/3d59a0b5_5765.txt
5765	5766	genealogy/6b726b80_5766.txt
5766	5767	genealogy/3ed42951_5767.txt
5767	5768	genealogy/0787ee61_5768.txt
5768	5769	genealogy/e9c8a3ad_5769.txt
5769	5770	genealogy/c2097d4a_5770.txt
5770	5771	genealogy/1285a803_5771.txt
5771	5772	genealogy/07bf24e2_5772.txt
5772	5773	genealogy/006f6bb4_5773.txt
5773	5774	genealogy/ffba218b_5774.txt
5774	5775	genealogy/72d3931d_5775.txt
5775	5776	genealogy/9534daee_5776.txt
5776	5777	genealogy/4ea47fe7_5777.txt
5777	5778	genealogy/da827c74_5778.txt
5778	5779	genealogy/df264878_5779.txt
5779	5780	genealogy/0c4227b8_5780.txt
5780	5781	genealogy/29d1201c_5781.txt
5781	5782	genealogy/ebf36730_5782.txt
5782	5783	genealogy/9a74a85d_5783.txt
5783	5784	genealogy/deb63ca7_5784.txt
5784	5785	genealogy/16255f54_5785.txt
5785	5786	genealogy/803974e8_5786.txt
5786	5787	genealogy/dee99ee7_5787.txt
5787	5788	genealogy/9f4ed009_5788.txt
5788	5789	genealogy/fc5d31a2_5789.txt
5789	5790	genealogy/4d7259f8_5790.txt
5790	5791	genealogy/343e3dea_5791.txt
5791	5792	genealogy/f569e70c_5792.txt
5792	5793	genealogy/5197fd64_5793.txt
5793	5794	genealogy/3865a457_5794.txt
5794	5795	genealogy/0a9a8c07_5795.txt
5795	5796	genealogy/15af5766_5796.txt
5796	5797	genealogy/de0d7711_5797.txt
5797	5798	genealogy/ac546f9d_5798.txt
5798	5799	genealogy/38dd74e7_5799.txt
5799	5800	genealogy/38f11796_5800.txt
5800	5801	genealogy/8c5e35b3_5801.txt
5801	5802	genealogy/fe2f24b0_5802.txt
5802	5803	genealogy/fe2f24b0_5803.txt
5803	5804	genealogy/fe2f24b0_5804.txt
5804	5805	genealogy/fe2f24b0_5805.txt
5805	5806	genealogy/fe2f24b0_5806.txt
5806	5807	genealogy/fe2f24b0_5807.txt
5807	5808	genealogy/fe2f24b0_5808.txt
5808	5809	genealogy/fe2f24b0_5809.txt
5809	5810	genealogy/fe2f24b0_5810.txt
5810	5811	genealogy/fe2f24b0_5811.txt
5811	5812	genealogy/fe2f24b0_5812.txt
5812	5813	genealogy/fe2f24b0_5813.txt
5813	5814	genealogy/fe2f24b0_5814.txt
5814	5815	genealogy/fe2f24b0_5815.txt
5815	5816	genealogy/fe2f24b0_5816.txt
5816	5817	genealogy/fe2f24b0_5817.txt
5817	5818	genealogy/fe2f24b0_5818.txt
5818	5819	genealogy/fe2f24b0_5819.txt
5819	5820	genealogy/fe2f24b0_5820.txt
5820	5821	genealogy/fe2f24b0_5821.txt
5821	5822	genealogy/fe2f24b0_5822.txt
5822	5823	genealogy/4d73ace6_5823.txt
5823	5824	genealogy/e84aa73d_5824.txt
5824	5825	genealogy/833a7e1d_5825.txt
5825	5826	genealogy/0a8467ec_5826.txt
5826	5827	genealogy/81fa04e9_5827.txt
5827	5828	genealogy/cfed18c1_5828.txt
5828	5829	genealogy/ed6c2977_5829.txt
5829	5830	genealogy/cca9f77f_5830.txt
5830	5831	genealogy/0a4cf03a_5831.txt
5831	5832	genealogy/7607a5e0_5832.txt
5832	5833	genealogy/098da1cb_5833.txt
5833	5834	genealogy/b243a3d3_5834.txt
5834	5835	genealogy/9dea9c51_5835.txt
5835	5836	genealogy/a1b71da0_5836.txt
5836	5837	genealogy/0091530d_5837.txt
5837	5838	genealogy/c216842b_5838.txt
5838	5839	genealogy/03f544fb_5839.txt
5839	5840	genealogy/316a430e_5840.txt
5840	5841	genealogy/03e350bd_5841.txt
5841	5842	genealogy/b1a2d907_5842.txt
5842	5843	genealogy/5be09641_5843.txt
5843	5844	genealogy/0c03d6a2_5844.txt
5844	5845	genealogy/4de6937d_5845.txt
5845	5846	genealogy/6abfc0a1_5846.txt
5846	5847	genealogy/7a7d79b0_5847.txt
5847	5848	genealogy/9187bc55_5848.txt
5848	5849	genealogy/ef0c0419_5849.txt
5849	5850	genealogy/1a59e7c9_5850.txt
5850	5851	genealogy/a273e9a2_5851.txt
5851	5852	genealogy/70ce111a_5852.txt
5852	5853	genealogy/c72c26d2_5853.txt
5853	5854	genealogy/5ac5fb51_5854.txt
5854	5855	genealogy/59c8fdfc_5855.txt
5855	5856	genealogy/496493a2_5856.txt
5856	5857	genealogy/61c60728_5857.txt
5857	5858	genealogy/89d31fe2_5858.txt
5858	5859	genealogy/79cd6cf8_5859.txt
5859	5860	genealogy/0a09bb33_5860.txt
5860	5861	genealogy/7ccb8f06_5861.txt
5861	5862	genealogy/bb62313a_5862.txt
5862	5863	genealogy/e1c5a324_5863.txt
5863	5864	genealogy/1bcb607c_5864.txt
5864	5865	genealogy/fddea3b5_5865.txt
5865	5866	genealogy/2815e55f_5866.txt
5866	5867	genealogy/ad7b7eb7_5867.txt
5867	5868	genealogy/a6caa3cc_5868.txt
5868	5869	genealogy/b46c8951_5869.txt
5869	5870	genealogy/74018e11_5870.txt
5870	5871	genealogy/a235fe59_5871.txt
5871	5872	genealogy/f429788b_5872.txt
5872	5873	genealogy/c3aa969c_5873.txt
5873	5874	genealogy/7a9674cd_5874.txt
5874	5875	genealogy/4556dbfd_5875.txt
5875	5876	genealogy/2a51fe9f_5876.txt
5876	5877	genealogy/2f6dc885_5877.txt
5877	5878	genealogy/4e2f4b26_5878.txt
5878	5879	genealogy/e03e8515_5879.txt
5879	5880	genealogy/308406fa_5880.txt
5880	5881	genealogy/d0fc6707_5881.txt
5881	5882	genealogy/91c243b7_5882.txt
5882	5883	genealogy/1a60900c_5883.txt
5883	5884	genealogy/6e5dd496_5884.txt
5884	5885	genealogy/7cc35f91_5885.txt
5885	5886	genealogy/b341d265_5886.txt
5886	5887	genealogy/570e55b4_5887.txt
5887	5888	genealogy/692a9e49_5888.txt
5888	5889	genealogy/f4b57196_5889.txt
5889	5890	genealogy/36003708_5890.txt
5890	5891	genealogy/60d2f4d1_5891.txt
5891	5892	genealogy/d222059c_5892.txt
5892	5893	genealogy/3eebc155_5893.txt
5893	5894	genealogy/2f10148b_5894.txt
5894	5895	genealogy/58bf0f03_5895.txt
5895	5896	genealogy/0e045899_5896.txt
5896	5897	genealogy/5bcb3b21_5897.txt
5897	5898	genealogy/5f1cc334_5898.txt
5898	5899	genealogy/72a9c1d4_5899.txt
5899	5900	genealogy/bce063e1_5900.txt
5900	5901	genealogy/f5a3f7ba_5901.txt
5901	5902	genealogy/36bac319_5902.txt
5902	5903	genealogy/24d9ca7e_5903.txt
5903	5904	genealogy/f7f4a896_5904.txt
5904	5905	genealogy/c6246bf5_5905.txt
5905	5906	genealogy/58fd7404_5906.txt
5906	5907	genealogy/bb5cc16e_5907.txt
5907	5908	genealogy/f81a0509_5908.txt
5908	5909	genealogy/038f2347_5909.txt
5909	5910	genealogy/8b1b3447_5910.txt
5910	5911	genealogy/f0d2fdbc_5911.txt
5911	5912	genealogy/cf730c97_5912.txt
5912	5913	genealogy/ee635b61_5913.txt
5913	5914	genealogy/4b6a2198_5914.txt
5914	5915	genealogy/a35b33cd_5915.txt
5915	5916	genealogy/8c3f908c_5916.txt
5916	5917	genealogy/6d78cd46_5917.txt
5917	5918	genealogy/25af0405_5918.txt
5918	5919	genealogy/4076571b_5919.txt
5919	5920	genealogy/8096f9d9_5920.txt
5920	5921	genealogy/a2bde26a_5921.txt
5921	5922	genealogy/edfda777_5922.txt
5922	5923	genealogy/e7567e2c_5923.txt
5923	5924	genealogy/e5c2968d_5924.txt
5924	5925	genealogy/c1fbd8a9_5925.txt
5925	5926	genealogy/3d66d0dc_5926.txt
5926	5927	genealogy/7a9424cd_5927.txt
5927	5928	genealogy/b370e457_5928.txt
5928	5929	genealogy/8c4f95e9_5929.txt
5929	5930	genealogy/cbe646f2_5930.txt
5930	5931	genealogy/0f4743d0_5931.txt
5931	5932	genealogy/f41514ee_5932.txt
5932	5933	genealogy/d20a8263_5933.txt
5933	5934	genealogy/969b663d_5934.txt
5934	5935	genealogy/55fc249a_5935.txt
5935	5936	genealogy/229c419d_5936.txt
5936	5937	genealogy/3b7f0842_5937.txt
5937	5938	genealogy/58a340d8_5938.txt
5938	5939	genealogy/7ceffeb3_5939.txt
5939	5940	genealogy/7fa18bdd_5940.txt
5940	5941	genealogy/279ad681_5941.txt
5941	5942	genealogy/908acffc_5942.txt
5942	5943	genealogy/57edc837_5943.txt
5943	5944	genealogy/047d610b_5944.txt
5944	5945	genealogy/451b5bfa_5945.txt
5945	5946	genealogy/20fa81b8_5946.txt
5946	5947	genealogy/7c01a396_5947.txt
5947	5948	genealogy/fe3fad5f_5948.txt
5948	5949	genealogy/8d727d83_5949.txt
5949	5950	genealogy/7c21e7f2_5950.txt
5950	5951	genealogy/6775f45b_5951.txt
5951	5952	genealogy/2c8a1513_5952.txt
5952	5953	genealogy/0d7d2baf_5953.txt
5953	5954	genealogy/735ce893_5954.txt
5954	5955	genealogy/9d0bba80_5955.txt
5955	5956	genealogy/c0905b79_5956.txt
5956	5957	genealogy/2311d0a7_5957.txt
5957	5958	genealogy/09339281_5958.txt
5958	5959	genealogy/bb6808a8_5959.txt
5959	5960	genealogy/488af0a2_5960.txt
5960	5961	genealogy/f028a7dc_5961.txt
5961	5962	genealogy/b684bdce_5962.txt
5962	5963	genealogy/7b749132_5963.txt
5963	5964	genealogy/6c52e9da_5964.txt
5964	5965	genealogy/ae468f46_5965.txt
5965	5966	genealogy/bae214ed_5966.txt
5966	5967	genealogy/b454ce57_5967.txt
5967	5968	genealogy/341365a0_5968.txt
5968	5969	genealogy/baebd8ee_5969.txt
5969	5970	genealogy/f09aa2d3_5970.txt
5970	5971	genealogy/c4d04a3e_5971.txt
5971	5972	genealogy/39128243_5972.txt
5972	5973	genealogy/da853812_5973.txt
5973	5974	genealogy/0f997f0d_5974.txt
5974	5975	genealogy/32b77452_5975.txt
5975	5976	genealogy/2d4ec713_5976.txt
5976	5977	genealogy/27d96662_5977.txt
5977	5978	genealogy/40e4e321_5978.txt
5978	5979	genealogy/8936eb40_5979.txt
5979	5980	genealogy/b9756867_5980.txt
5980	5981	genealogy/e8bc322a_5981.txt
5981	5982	genealogy/229b01e8_5982.txt
5982	5983	genealogy/67ddc208_5983.txt
5983	5984	genealogy/1590ebe4_5984.txt
5984	5985	genealogy/3f16d59e_5985.txt
5985	5986	genealogy/cd3e72ef_5986.txt
5986	5987	genealogy/36fb10dd_5987.txt
5987	5988	genealogy/21c057ed_5988.txt
5988	5989	genealogy/6913920d_5989.txt
5989	5990	genealogy/04193bf8_5990.txt
5990	5991	genealogy/b334808e_5991.txt
5991	5992	genealogy/2b37ba73_5992.txt
5992	5993	genealogy/e4585b2d_5993.txt
5993	5994	genealogy/dd27a024_5994.txt
5994	5995	genealogy/30cfa12c_5995.txt
5995	5996	genealogy/1740912f_5996.txt
5996	5997	genealogy/6aaa8d2a_5997.txt
5997	5998	genealogy/18b187fa_5998.txt
5998	5999	genealogy/bc921ded_5999.txt
5999	6000	genealogy/b0367c16_6000.txt
6000	6001	genealogy/7273c307_6001.txt
6001	6002	genealogy/a1e38554_6002.txt
6002	6003	genealogy/89d7b33e_6003.txt
6003	6004	genealogy/0b5b8987_6004.txt
6004	6005	genealogy/031e283e_6005.txt
6005	6006	genealogy/76571a13_6006.txt
6006	6007	genealogy/0c8cd071_6007.txt
6007	6008	genealogy/0d7e4375_6008.txt
6008	6009	genealogy/7b92ca77_6009.txt
6009	6010	genealogy/8729c686_6010.txt
6010	6011	genealogy/1871766a_6011.txt
6011	6012	genealogy/6d7b166e_6012.txt
6012	6013	genealogy/c98ba4eb_6013.txt
6013	6014	genealogy/5cb21b7c_6014.txt
6014	6015	genealogy/aeeba42e_6015.txt
6015	6016	genealogy/16933d67_6016.txt
6016	6017	genealogy/471508dc_6017.txt
6017	6018	genealogy/61d61e3b_6018.txt
6018	6019	genealogy/fa09e976_6019.txt
6019	6020	genealogy/0248caed_6020.txt
6020	6021	genealogy/e1a6d49b_6021.txt
6021	6022	genealogy/19290c36_6022.txt
6022	6023	genealogy/eea4cc31_6023.txt
6023	6024	genealogy/da22dfdf_6024.txt
6024	6025	genealogy/ff4e42e6_6025.txt
6025	6026	genealogy/f4f182a4_6026.txt
6026	6027	genealogy/8148c6c1_6027.txt
6027	6028	genealogy/3c071ff3_6028.txt
6028	6029	genealogy/78ade627_6029.txt
6029	6030	genealogy/41739ca0_6030.txt
6030	6031	genealogy/a18be994_6031.txt
6031	6032	genealogy/2db02764_6032.txt
6032	6033	genealogy/81909304_6033.txt
6033	6034	genealogy/d6baea2f_6034.txt
6034	6035	genealogy/811edddd_6035.txt
6035	6036	genealogy/b1bde0ef_6036.txt
6036	6037	genealogy/0f5744ae_6037.txt
6037	6038	genealogy/798a879f_6038.txt
6038	6039	genealogy/421a246f_6039.txt
6039	6040	genealogy/a7c9a088_6040.txt
6040	6041	genealogy/76f8215c_6041.txt
6041	6042	genealogy/e9b3401d_6042.txt
6042	6043	genealogy/469ddedb_6043.txt
6043	6044	genealogy/96c0398c_6044.txt
6044	6045	genealogy/8f2b8795_6045.txt
6045	6046	genealogy/e4777a67_6046.txt
6046	6047	genealogy/516fc245_6047.txt
6047	6048	genealogy/6bdbbeb0_6048.txt
6048	6049	genealogy/9c95b837_6049.txt
6049	6050	genealogy/f153544f_6050.txt
6050	6051	genealogy/6c601135_6051.txt
6051	6052	genealogy/8cce295d_6052.txt
6052	6053	genealogy/af7e34b7_6053.txt
6053	6054	genealogy/21e0e42c_6054.txt
6054	6055	genealogy/3db0b59c_6055.txt
6055	6056	genealogy/e0dfa62a_6056.txt
6056	6057	genealogy/02d9fc87_6057.txt
6057	6058	genealogy/de6c5063_6058.txt
6058	6059	genealogy/bad0036e_6059.txt
6059	6060	genealogy/e1634ea2_6060.txt
6060	6061	genealogy/77d8f5a9_6061.txt
6061	6062	genealogy/40fdf9b5_6062.txt
6062	6063	genealogy/fa3eda22_6063.txt
6063	6064	genealogy/087824a9_6064.txt
6064	6065	genealogy/8c86c2dd_6065.txt
6065	6066	genealogy/5ac7fedf_6066.txt
6066	6067	genealogy/69fb5829_6067.txt
6067	6068	genealogy/73f27fe8_6068.txt
6068	6069	genealogy/90f40499_6069.txt
6069	6070	genealogy/94298082_6070.txt
6070	6071	genealogy/d1fa0e6e_6071.txt
6071	6072	genealogy/7cbd0b5f_6072.txt
6072	6073	genealogy/326924d1_6073.txt
6073	6074	genealogy/be3203b2_6074.txt
6074	6075	genealogy/722289bb_6075.txt
6075	6076	genealogy/2532dc7c_6076.txt
6076	6077	genealogy/e04f92b1_6077.txt
6077	6078	genealogy/f2a9b6ec_6078.txt
6078	6079	genealogy/920370f4_6079.txt
6079	6080	genealogy/5804d56f_6080.txt
6080	6081	genealogy/3dbb1ce3_6081.txt
6081	6082	genealogy/3e59c1d6_6082.txt
6082	6083	genealogy/ae457db0_6083.txt
6083	6084	genealogy/c7f91363_6084.txt
6084	6085	genealogy/cf0396c7_6085.txt
6085	6086	genealogy/bc68fee8_6086.txt
6086	6087	genealogy/5d8a8292_6087.txt
6087	6088	genealogy/e6564bbc_6088.txt
6088	6089	genealogy/e112b684_6089.txt
6089	6090	genealogy/0ab4bb76_6090.txt
6090	6091	genealogy/1f64c40a_6091.txt
6091	6092	genealogy/c7906c67_6092.txt
6092	6093	genealogy/282857c7_6093.txt
6093	6094	genealogy/42194906_6094.txt
6094	6095	genealogy/802cd3a6_6095.txt
6095	6096	genealogy/f89d2540_6096.txt
6096	6097	genealogy/ef2eb9fe_6097.txt
6097	6098	genealogy/eb0d49e0_6098.txt
6098	6099	genealogy/a8ee80dc_6099.txt
6099	6100	genealogy/1641466a_6100.txt
6100	6101	genealogy/442a6e21_6101.txt
6101	6102	genealogy/d1aa6588_6102.txt
6102	6103	genealogy/9140e20b_6103.txt
6103	6104	genealogy/3ec69acd_6104.txt
6104	6105	genealogy/fc2fd724_6105.txt
6105	6106	genealogy/c487f3d0_6106.txt
6106	6107	genealogy/50c73864_6107.txt
6107	6108	genealogy/0343cb8e_6108.txt
6108	6109	genealogy/0022e568_6109.txt
6109	6110	genealogy/b358b204_6110.txt
6110	6111	genealogy/c59cf0b6_6111.txt
6111	6112	genealogy/cc8cdf5e_6112.txt
6112	6113	genealogy/85f80d4b_6113.txt
6113	6114	genealogy/e084ea71_6114.txt
6114	6115	genealogy/26dacb63_6115.txt
6115	6116	genealogy/a94492d2_6116.txt
6116	6117	genealogy/a6ccda68_6117.txt
6117	6118	genealogy/d55622e0_6118.txt
6118	6119	genealogy/69429ebf_6119.txt
6119	6120	genealogy/f89d7c8a_6120.txt
6120	6121	genealogy/bd5e9b4b_6121.txt
6121	6122	genealogy/91854b25_6122.txt
6122	6123	genealogy/e7d8dd14_6123.txt
6123	6124	genealogy/20f1c379_6124.txt
6124	6125	genealogy/587cc349_6125.txt
6125	6126	genealogy/6ffc4aab_6126.txt
6126	6127	genealogy/2f64b30d_6127.txt
6127	6128	genealogy/7f2a0a18_6128.txt
6128	6129	genealogy/a88c7881_6129.txt
6129	6130	genealogy/146fcfe8_6130.txt
6130	6131	genealogy/9ab7da05_6131.txt
6131	6132	genealogy/dea42bc3_6132.txt
6132	6133	genealogy/c4c74b49_6133.txt
6133	6134	genealogy/f1544f95_6134.txt
6134	6135	genealogy/7b92ca77_6135.txt
6135	6136	genealogy/8729c686_6136.txt
6136	6137	genealogy/1871766a_6137.txt
6137	6138	genealogy/6d7b166e_6138.txt
6138	6139	genealogy/c98ba4eb_6139.txt
6139	6140	genealogy/5cb21b7c_6140.txt
6140	6141	genealogy/aeeba42e_6141.txt
6141	6142	genealogy/16933d67_6142.txt
6142	6143	genealogy/471508dc_6143.txt
6143	6144	genealogy/61d61e3b_6144.txt
6144	6145	genealogy/fa09e976_6145.txt
6145	6146	genealogy/0248caed_6146.txt
6146	6147	genealogy/e1a6d49b_6147.txt
6147	6148	genealogy/19290c36_6148.txt
6148	6149	genealogy/eea4cc31_6149.txt
6149	6150	genealogy/da22dfdf_6150.txt
6150	6151	genealogy/ff4e42e6_6151.txt
6151	6152	genealogy/f4f182a4_6152.txt
6152	6153	genealogy/8148c6c1_6153.txt
6153	6154	genealogy/3c071ff3_6154.txt
6154	6155	genealogy/78ade627_6155.txt
6155	6156	genealogy/238cd2d2_6156.txt
6156	6157	genealogy/a7970e45_6157.txt
6157	6158	genealogy/4ddc7bf6_6158.txt
6158	6159	genealogy/b6ffd9ed_6159.txt
6159	6160	genealogy/fe2a3cbc_6160.txt
6160	6161	genealogy/fe2a3cbc_6161.txt
6161	6162	genealogy/fe2a3cbc_6162.txt
6162	6163	genealogy/fe2a3cbc_6163.txt
6163	6164	genealogy/fe2a3cbc_6164.txt
6164	6165	genealogy/fe2a3cbc_6165.txt
6165	6166	genealogy/fe2a3cbc_6166.txt
6166	6167	genealogy/fe2a3cbc_6167.txt
6167	6168	genealogy/fe2a3cbc_6168.txt
6168	6169	genealogy/fe2a3cbc_6169.txt
6169	6170	genealogy/fe2a3cbc_6170.txt
6170	6171	genealogy/fe2a3cbc_6171.txt
6171	6172	genealogy/fe2a3cbc_6172.txt
6172	6173	genealogy/fe2a3cbc_6173.txt
6173	6174	genealogy/fe2a3cbc_6174.txt
6174	6175	genealogy/fe2a3cbc_6175.txt
6175	6176	genealogy/fe2a3cbc_6176.txt
6176	6177	genealogy/fe2a3cbc_6177.txt
6177	6178	genealogy/fe2a3cbc_6178.txt
6178	6179	genealogy/93945c94_6179.txt
6179	6180	genealogy/be79f44e_6180.txt
6180	6181	genealogy/326f9802_6181.txt
6181	6182	genealogy/03a15efe_6182.txt
6182	6183	genealogy/a07a1991_6183.txt
6183	6184	genealogy/99b1895c_6184.txt
6184	6185	genealogy/92afd564_6185.txt
6185	6186	genealogy/469f8d80_6186.txt
6186	6187	genealogy/118b591e_6187.txt
6187	6188	genealogy/eadf1c09_6188.txt
6188	6189	genealogy/a9626dff_6189.txt
6189	6190	genealogy/7a5c1bae_6190.txt
6190	6191	genealogy/f883ac17_6191.txt
6191	6192	genealogy/b6983ed8_6192.txt
6192	6193	genealogy/db8ec9dc_6193.txt
6193	6194	genealogy/db8ec9dc_6194.txt
6194	6195	genealogy/d9dd04d9_6195.txt
6195	6196	genealogy/b9d8ecd2_6196.txt
6196	6197	genealogy/da039048_6197.txt
6197	6198	genealogy/2d8c91f1_6198.txt
6198	6199	genealogy/f699d8e5_6199.txt
6199	6200	genealogy/c9ad2c33_6200.txt
6200	6201	genealogy/99832e68_6201.txt
6201	6202	genealogy/dd8a9cd4_6202.txt
6202	6203	genealogy/0dec9ae3_6203.txt
6203	6204	genealogy/0b5fdb69_6204.txt
6204	6205	genealogy/d4e02078_6205.txt
6205	6206	genealogy/6436f81e_6206.txt
6206	6207	genealogy/a45090cc_6207.txt
6207	6208	genealogy/c584a9f5_6208.txt
6208	6209	genealogy/676eda60_6209.txt
6209	6210	genealogy/c2380a61_6210.txt
6210	6211	genealogy/643e884d_6211.txt
6211	6212	genealogy/1286eafa_6212.txt
6212	6213	genealogy/ecef94fa_6213.txt
6213	6214	genealogy/c1e66a54_6214.txt
6214	6215	genealogy/ab73068f_6215.txt
6215	6216	genealogy/3e4a435b_6216.txt
6216	6217	genealogy/ce5bc568_6217.txt
6217	6218	genealogy/4a27429d_6218.txt
6218	6219	genealogy/a98566c0_6219.txt
6219	6220	genealogy/b3e45def_6220.txt
6220	6221	genealogy/8f41b5d2_6221.txt
6221	6222	genealogy/1629e9ae_6222.txt
6222	6223	genealogy/80c71099_6223.txt
6223	6224	genealogy/502d72bf_6224.txt
6224	6225	genealogy/7b55f1e4_6225.txt
6225	6226	genealogy/c856ed53_6226.txt
6226	6227	genealogy/f77cc9f6_6227.txt
6227	6228	genealogy/abb54480_6228.txt
6228	6229	genealogy/416e96ff_6229.txt
6229	6230	genealogy/191d3a26_6230.txt
6230	6231	genealogy/a4bb072d_6231.txt
6231	6232	genealogy/83da4076_6232.txt
6232	6233	genealogy/9b32c895_6233.txt
6233	6234	genealogy/29d0b19d_6234.txt
6234	6235	genealogy/b171d88b_6235.txt
6235	6236	genealogy/adb9e36c_6236.txt
6236	6237	genealogy/fd222ff3_6237.txt
6237	6238	genealogy/889fe2d6_6238.txt
6238	6239	genealogy/f2dff700_6239.txt
6239	6240	genealogy/edf1eaa9_6240.txt
6240	6241	genealogy/23423fed_6241.txt
6241	6242	genealogy/fba797be_6242.txt
6242	6243	genealogy/62784fba_6243.txt
6243	6244	genealogy/ad2cfb6a_6244.txt
6244	6245	genealogy/f5bbc3d6_6245.txt
6245	6246	genealogy/7ab98321_6246.txt
6246	6247	genealogy/921565af_6247.txt
6247	6248	genealogy/f1874e41_6248.txt
6248	6249	genealogy/a5d8762e_6249.txt
6249	6250	genealogy/fc24a41f_6250.txt
6250	6251	genealogy/fe2f6637_6251.txt
6251	6252	genealogy/9a17af11_6252.txt
6252	6253	genealogy/e33d910a_6253.txt
6253	6254	genealogy/fad26d0b_6254.txt
6254	6255	genealogy/8c98dacd_6255.txt
6255	6256	genealogy/7d5dd725_6256.txt
6256	6257	genealogy/39df2da8_6257.txt
6257	6258	genealogy/7b81a776_6258.txt
6258	6259	genealogy/019ff724_6259.txt
6259	6260	genealogy/c411a852_6260.txt
6260	6261	genealogy/cd506196_6261.txt
6261	6262	genealogy/c6cd3a58_6262.txt
6262	6263	genealogy/4d9c283e_6263.txt
6263	6264	genealogy/4ea06528_6264.txt
6264	6265	genealogy/239d5afe_6265.txt
6265	6266	genealogy/9bc11235_6266.txt
6266	6267	genealogy/18d29845_6267.txt
6267	6268	genealogy/ec5f7930_6268.txt
6268	6269	genealogy/36475916_6269.txt
6269	6270	genealogy/f22cf706_6270.txt
6270	6271	genealogy/2826270d_6271.txt
6271	6272	genealogy/8faaa113_6272.txt
6272	6273	genealogy/800874fe_6273.txt
6273	6274	genealogy/351ec1ff_6274.txt
6274	6275	genealogy/e38d3fc4_6275.txt
6275	6276	genealogy/eb40407b_6276.txt
6276	6277	genealogy/e434df74_6277.txt
6277	6278	genealogy/50629d2e_6278.txt
6278	6279	genealogy/50f82f6d_6279.txt
6279	6280	genealogy/812fc1d1_6280.txt
6280	6281	genealogy/72e32cbc_6281.txt
6281	6282	genealogy/2593ec69_6282.txt
6282	6283	genealogy/4e6060f0_6283.txt
6283	6284	genealogy/1e5f5ff8_6284.txt
6284	6285	genealogy/ee63ba53_6285.txt
6285	6286	genealogy/ba271616_6286.txt
6286	6287	genealogy/3bb555c5_6287.txt
6287	6288	genealogy/23cdbf93_6288.txt
6288	6289	genealogy/ebb1733a_6289.txt
6289	6290	genealogy/100d5984_6290.txt
6290	6291	genealogy/064b8ded_6291.txt
6291	6292	genealogy/2a075a5c_6292.txt
6292	6293	genealogy/5e449d1a_6293.txt
6293	6294	genealogy/2c76adb7_6294.txt
6294	6295	genealogy/ec5fbe44_6295.txt
6295	6296	genealogy/12dd3e1b_6296.txt
6296	6297	genealogy/c6eeb77d_6297.txt
6297	6298	genealogy/52fa08f8_6298.txt
6298	6299	genealogy/320fc993_6299.txt
6299	6300	genealogy/1dd8cfb6_6300.txt
6300	6301	genealogy/8e5aaa90_6301.txt
6301	6302	genealogy/6195d3bd_6302.txt
6302	6303	genealogy/e5f9f8ca_6303.txt
6303	6304	genealogy/ff7fcaf9_6304.txt
6304	6305	genealogy/1486868b_6305.txt
6305	6306	genealogy/f0539545_6306.txt
6306	6307	genealogy/bf1360ec_6307.txt
6307	6308	genealogy/4f5e4798_6308.txt
6308	6309	genealogy/5bc80b09_6309.txt
6309	6310	genealogy/7a5b8a49_6310.txt
6310	6311	genealogy/1ed6f66b_6311.txt
6311	6312	genealogy/2575b297_6312.txt
6312	6313	genealogy/38e345ec_6313.txt
6313	6314	genealogy/ac7b12da_6314.txt
6314	6315	genealogy/8843598b_6315.txt
6315	6316	genealogy/9abece69_6316.txt
6316	6317	genealogy/8b805ec2_6317.txt
6317	6318	genealogy/d39cc1ad_6318.txt
6318	6319	genealogy/acd09dd7_6319.txt
6319	6320	genealogy/f196df30_6320.txt
6320	6321	genealogy/d7d5d908_6321.txt
6321	6322	genealogy/9f710a56_6322.txt
6322	6323	genealogy/d89dbee8_6323.txt
6323	6324	genealogy/b468cd0a_6324.txt
6324	6325	genealogy/08a12863_6325.txt
6325	6326	genealogy/0b6d2c10_6326.txt
6326	6327	genealogy/7f647b0c_6327.txt
6327	6328	genealogy/70a5c73a_6328.txt
6328	6329	genealogy/a5830320_6329.txt
6329	6330	genealogy/0380b451_6330.txt
6330	6331	genealogy/4f0ffb1a_6331.txt
6331	6332	genealogy/44fe14ad_6332.txt
6332	6333	genealogy/7e01296d_6333.txt
6333	6334	genealogy/6bda8826_6334.txt
6334	6335	genealogy/f9cc465e_6335.txt
6335	6336	genealogy/da548ca8_6336.txt
6336	6337	genealogy/f4538107_6337.txt
6337	6338	genealogy/3d997b1d_6338.txt
6338	6339	genealogy/589ab0a3_6339.txt
6339	6340	genealogy/6cab3778_6340.txt
6340	6341	genealogy/23229e07_6341.txt
6341	6342	genealogy/e161468a_6342.txt
6342	6343	genealogy/06559fb2_6343.txt
6343	6344	genealogy/44fab5a8_6344.txt
6344	6345	genealogy/95ae5835_6345.txt
6345	6346	genealogy/eb4c1d8a_6346.txt
6346	6347	genealogy/38a7d1c6_6347.txt
6347	6348	genealogy/05beab4d_6348.txt
6348	6349	genealogy/f1af4b79_6349.txt
6349	6350	genealogy/25bf7633_6350.txt
6350	6351	genealogy/802da98a_6351.txt
6351	6352	genealogy/074bf037_6352.txt
6352	6353	genealogy/2d425bd0_6353.txt
6353	6354	genealogy/8d80f227_6354.txt
6354	6355	genealogy/12697cd0_6355.txt
6355	6356	genealogy/c34c78f6_6356.txt
6356	6357	genealogy/0180a5bc_6357.txt
6357	6358	genealogy/8c0e0cc8_6358.txt
6358	6359	genealogy/782eff30_6359.txt
6359	6360	genealogy/2240d64a_6360.txt
6360	6361	genealogy/47b80bb3_6361.txt
6361	6362	genealogy/94f5b8ea_6362.txt
6362	6363	genealogy/7e8a9f35_6363.txt
6363	6364	genealogy/31028d85_6364.txt
6364	6365	genealogy/57f91106_6365.txt
6365	6366	genealogy/b17bef65_6366.txt
6366	6367	genealogy/6f47ab49_6367.txt
6367	6368	genealogy/96993450_6368.txt
6368	6369	genealogy/e1450efc_6369.txt
6369	6370	genealogy/38e5287a_6370.txt
6370	6371	genealogy/374fd662_6371.txt
6371	6372	genealogy/c33e9fdd_6372.txt
6372	6373	genealogy/be1d2183_6373.txt
6373	6374	genealogy/76b358e0_6374.txt
6374	6375	genealogy/a1e9f78e_6375.txt
6375	6376	genealogy/59e72ee2_6376.txt
6376	6377	genealogy/a07c67f6_6377.txt
6377	6378	genealogy/25e5253c_6378.txt
6378	6379	genealogy/8bd8dccb_6379.txt
6379	6380	genealogy/cd85518d_6380.txt
6380	6381	genealogy/5f25b0d7_6381.txt
6381	6382	genealogy/baa39590_6382.txt
6382	6383	genealogy/30c29403_6383.txt
6383	6384	genealogy/00fcdedb_6384.txt
6384	6385	genealogy/7f0d9e50_6385.txt
6385	6386	genealogy/dedca342_6386.txt
6386	6387	genealogy/e17c4f58_6387.txt
6387	6388	genealogy/41df816e_6388.txt
6388	6389	genealogy/dbd1ddb7_6389.txt
6389	6390	genealogy/26f23fd5_6390.txt
6390	6391	genealogy/5500883c_6391.txt
6391	6392	genealogy/f4461b57_6392.txt
6392	6393	genealogy/e67eda65_6393.txt
6393	6394	genealogy/f8afe6e8_6394.txt
6394	6395	genealogy/49981259_6395.txt
6395	6396	genealogy/bfb5ca13_6396.txt
6396	6397	genealogy/501f57b0_6397.txt
6397	6398	genealogy/f82f4b05_6398.txt
6398	6399	genealogy/3536bb75_6399.txt
6399	6400	genealogy/48014a50_6400.txt
6400	6401	genealogy/48014a50_6401.txt
6401	6402	genealogy/12b6f619_6402.txt
6402	6403	genealogy/69be646d_6403.txt
6403	6404	genealogy/9f669dcc_6404.txt
6404	6405	genealogy/b6b508ec_6405.txt
6405	6406	genealogy/9c64d763_6406.txt
6406	6407	genealogy/7a4e939c_6407.txt
6407	6408	genealogy/dca7b9cc_6408.txt
6408	6409	genealogy/5991c91f_6409.txt
6409	6410	genealogy/71bba1d3_6410.txt
6410	6411	genealogy/4be48aa8_6411.txt
6411	6412	genealogy/e20d287c_6412.txt
6412	6413	genealogy/046e21cf_6413.txt
6413	6414	genealogy/48a938aa_6414.txt
6414	6415	genealogy/d575e804_6415.txt
6415	6416	genealogy/ca16c1d4_6416.txt
6416	6417	genealogy/0c0a66aa_6417.txt
6417	6418	genealogy/216ffcab_6418.txt
6418	6419	genealogy/91eba1a5_6419.txt
6419	6420	genealogy/8c8b8981_6420.txt
6420	6421	genealogy/7688f7fa_6421.txt
6421	6422	genealogy/84442306_6422.txt
6422	6423	genealogy/33042196_6423.txt
6423	6424	genealogy/0232f709_6424.txt
6424	6425	genealogy/00edc318_6425.txt
6425	6426	genealogy/c329ac80_6426.txt
6426	6427	genealogy/7d96eb5a_6427.txt
6427	6428	genealogy/757e3040_6428.txt
6428	6429	genealogy/ec2ec769_6429.txt
6429	6430	genealogy/3f7580a2_6430.txt
6430	6431	genealogy/a690e357_6431.txt
6431	6432	genealogy/f026403d_6432.txt
6432	6433	genealogy/8133eeaa_6433.txt
6433	6434	genealogy/cfa5aa62_6434.txt
6434	6435	genealogy/663c01dd_6435.txt
6435	6436	genealogy/fd58219f_6436.txt
6436	6437	genealogy/9a342c2d_6437.txt
6437	6438	genealogy/09d2c3d9_6438.txt
6438	6439	genealogy/c2fd321e_6439.txt
6439	6440	genealogy/10759990_6440.txt
6440	6441	genealogy/8ca98392_6441.txt
6441	6442	genealogy/0c26c09f_6442.txt
6442	6443	genealogy/8974d01b_6443.txt
6443	6444	genealogy/8610bb8a_6444.txt
6444	6445	genealogy/0ccb2879_6445.txt
6445	6446	genealogy/ad03be27_6446.txt
6446	6447	genealogy/2e1b2523_6447.txt
6447	6448	genealogy/74c2053c_6448.txt
6448	6449	genealogy/55af9bee_6449.txt
6449	6450	genealogy/f8e59595_6450.txt
6450	6451	genealogy/3efcd18f_6451.txt
6451	6452	genealogy/e0b81d01_6452.txt
6452	6453	genealogy/5b0c3753_6453.txt
6453	6454	genealogy/b34ee83e_6454.txt
6454	6455	genealogy/384224c7_6455.txt
6455	6456	genealogy/eaa4b511_6456.txt
6456	6457	genealogy/bf54ee26_6457.txt
6457	6458	genealogy/b6e76122_6458.txt
6458	6459	genealogy/4768524a_6459.txt
6459	6460	genealogy/293bc66d_6460.txt
6460	6461	genealogy/57895b65_6461.txt
6461	6462	genealogy/2678cb9a_6462.txt
6462	6463	genealogy/dfeced85_6463.txt
6463	6464	genealogy/372af140_6464.txt
6464	6465	genealogy/96c7be29_6465.txt
6465	6466	genealogy/a0fc252c_6466.txt
6466	6467	genealogy/b2b2aed1_6467.txt
6467	6468	genealogy/8d9db7ec_6468.txt
6468	6469	genealogy/04670d1d_6469.txt
6469	6470	genealogy/71f74e41_6470.txt
6470	6471	genealogy/0b1a02a7_6471.txt
6471	6472	genealogy/4c7dcac6_6472.txt
6472	6473	genealogy/69c0a0c1_6473.txt
6473	6474	genealogy/fcd5484a_6474.txt
6474	6475	genealogy/480ff187_6475.txt
6475	6476	genealogy/adbf3d52_6476.txt
6476	6477	genealogy/e47f7f34_6477.txt
6477	6478	genealogy/f7f360aa_6478.txt
6478	6479	genealogy/df5b744e_6479.txt
6479	6480	genealogy/c8914021_6480.txt
6480	6481	genealogy/b6df4f96_6481.txt
6481	6482	genealogy/6b3f33c7_6482.txt
6482	6483	genealogy/f6078ea2_6483.txt
6483	6484	genealogy/0e341eeb_6484.txt
6484	6485	genealogy/5db4b247_6485.txt
6485	6486	genealogy/61c6b4c0_6486.txt
6486	6487	genealogy/3ae987c4_6487.txt
6487	6488	genealogy/9fa52090_6488.txt
6488	6489	genealogy/6b2a9ae5_6489.txt
6489	6490	genealogy/8b8e108e_6490.txt
6490	6491	genealogy/d2be190c_6491.txt
6491	6492	genealogy/cf5cfb33_6492.txt
6492	6493	genealogy/0bee4f98_6493.txt
6493	6494	genealogy/ea43a005_6494.txt
6494	6495	genealogy/6dd55fd3_6495.txt
6495	6496	genealogy/5402e24b_6496.txt
6496	6497	genealogy/11f590cf_6497.txt
6497	6498	genealogy/a9932733_6498.txt
6498	6499	genealogy/5c761176_6499.txt
6499	6500	genealogy/a32fc048_6500.txt
6500	6501	genealogy/d0b31d36_6501.txt
6501	6502	genealogy/f163c715_6502.txt
6502	6503	genealogy/6c1dc82c_6503.txt
6503	6504	genealogy/bec662dc_6504.txt
6504	6505	genealogy/be6b4904_6505.txt
6505	6506	genealogy/8910d0b8_6506.txt
6506	6507	genealogy/15fb821b_6507.txt
6507	6508	genealogy/2c8c3ed7_6508.txt
6508	6509	genealogy/9d0452f9_6509.txt
6509	6510	genealogy/2476b85e_6510.txt
6510	6511	genealogy/0b76330f_6511.txt
6511	6512	genealogy/d4101a58_6512.txt
6512	6513	genealogy/38e0c1ed_6513.txt
6513	6514	genealogy/04b469e8_6514.txt
6514	6515	genealogy/c68b6ca1_6515.txt
6515	6516	genealogy/a77160a6_6516.txt
6516	6517	genealogy/4c04b826_6517.txt
6517	6518	genealogy/c981b072_6518.txt
6518	6519	genealogy/f955da4f_6519.txt
6519	6520	genealogy/9827af02_6520.txt
6520	6521	genealogy/498321c9_6521.txt
6521	6522	genealogy/274f744a_6522.txt
6522	6523	genealogy/8240998a_6523.txt
6523	6524	genealogy/fe719e0b_6524.txt
6524	6525	genealogy/e7416cd0_6525.txt
6525	6526	genealogy/13ec420f_6526.txt
6526	6527	genealogy/deb80158_6527.txt
6527	6528	genealogy/26f5e91f_6528.txt
6528	6529	genealogy/8b334881_6529.txt
6529	6530	genealogy/eb94c8de_6530.txt
6530	6531	genealogy/15bba405_6531.txt
6531	6532	genealogy/e684d52a_6532.txt
6532	6533	genealogy/714dd59d_6533.txt
6533	6534	genealogy/0b0e40dd_6534.txt
6534	6535	genealogy/c53bfcc4_6535.txt
6535	6536	genealogy/9a9bb3dd_6536.txt
6536	6537	genealogy/0e56cab0_6537.txt
6537	6538	genealogy/4fe451cb_6538.txt
6538	6539	genealogy/8f633458_6539.txt
6539	6540	genealogy/02b53c88_6540.txt
6540	6541	genealogy/db3184c7_6541.txt
6541	6542	genealogy/d7ce720d_6542.txt
6542	6543	genealogy/faf2710f_6543.txt
6543	6544	genealogy/90aa9a34_6544.txt
6544	6545	genealogy/bf25c387_6545.txt
6545	6546	genealogy/8bd8dccb_6546.txt
6546	6547	genealogy/e5e0fb7b_6547.txt
6547	6548	genealogy/b65c07f6_6548.txt
6548	6549	genealogy/035e3ca7_6549.txt
6549	6550	genealogy/035e3ca7_6550.txt
6550	6551	genealogy/80676da6_6551.txt
6551	6552	genealogy/833fc098_6552.txt
6552	6553	genealogy/35e75edb_6553.txt
6553	6554	genealogy/e9e97c8a_6554.txt
6554	6555	genealogy/e9e97c8a_6555.txt
6555	6556	genealogy/84ed2434_6556.txt
6556	6557	genealogy/6a2f3c78_6557.txt
6557	6558	genealogy/5db494f8_6558.txt
6558	6559	genealogy/2445a2ee_6559.txt
6559	6560	genealogy/c3530124_6560.txt
6560	6561	genealogy/d4beb7e3_6561.txt
6561	6562	genealogy/dd0a5e28_6562.txt
6562	6563	genealogy/9de007f4_6563.txt
6563	6564	genealogy/8cce87d0_6564.txt
6564	6565	genealogy/86668b52_6565.txt
6565	6566	genealogy/076c737a_6566.txt
6566	6567	genealogy/88253ea6_6567.txt
6567	6568	genealogy/b73f1d05_6568.txt
6568	6569	genealogy/81221ff3_6569.txt
6569	6570	genealogy/6ed8fd76_6570.txt
6570	6571	genealogy/6ed8fd76_6571.txt
6571	6572	genealogy/e419cad0_6572.txt
6572	6573	genealogy/a0750429_6573.txt
6573	6574	genealogy/4ec43ac0_6574.txt
6574	6575	genealogy/2f4003d8_6575.txt
6575	6576	genealogy/32660ef0_6576.txt
6576	6577	genealogy/4c5ba2d4_6577.txt
6577	6578	genealogy/280f8056_6578.txt
6578	6579	genealogy/1d1ed152_6579.txt
6579	6580	genealogy/2ed8383e_6580.txt
6580	6581	genealogy/ba892e18_6581.txt
6581	6582	genealogy/f76661e8_6582.txt
6582	6583	genealogy/972f14cb_6583.txt
6583	6584	genealogy/abec8d65_6584.txt
6584	6585	genealogy/da686210_6585.txt
6585	6586	genealogy/addb7944_6586.txt
6586	6587	genealogy/fa169298_6587.txt
6587	6588	genealogy/66c36aef_6588.txt
6588	6589	genealogy/21b832b4_6589.txt
6589	6590	genealogy/c67401b2_6590.txt
6590	6591	genealogy/9749a56d_6591.txt
6591	6592	genealogy/5a446a28_6592.txt
6592	6593	genealogy/62e320a4_6593.txt
6593	6594	genealogy/2c47c602_6594.txt
6594	6595	genealogy/0589b706_6595.txt
6595	6596	genealogy/d3c5e3f9_6596.txt
6596	6597	genealogy/e97d8fac_6597.txt
6597	6598	genealogy/4bd42260_6598.txt
6598	6599	genealogy/f77ba2fa_6599.txt
6599	6600	genealogy/088e1999_6600.txt
6600	6601	genealogy/8eaa30b5_6601.txt
6601	6602	genealogy/3c67f0b8_6602.txt
6602	6603	genealogy/ec7d43b6_6603.txt
6603	6604	genealogy/7baf318e_6604.txt
6604	6605	genealogy/70c0315d_6605.txt
6605	6606	genealogy/d7dfb358_6606.txt
6606	6607	genealogy/1e5931cf_6607.txt
6607	6608	genealogy/2d089a56_6608.txt
6608	6609	genealogy/2e9d7538_6609.txt
6609	6610	genealogy/9c091656_6610.txt
6610	6611	genealogy/3697c63a_6611.txt
6611	6612	genealogy/370d0e6b_6612.txt
6612	6613	genealogy/e62e4c5f_6613.txt
6613	6614	genealogy/9e2a92f8_6614.txt
6614	6615	genealogy/84182ee1_6615.txt
6615	6616	genealogy/3146b525_6616.txt
6616	6617	genealogy/ca034e0b_6617.txt
6617	6618	genealogy/2589ee29_6618.txt
6618	6619	genealogy/59de37e4_6619.txt
6619	6620	genealogy/6e131584_6620.txt
6620	6621	genealogy/14992fc2_6621.txt
6621	6622	genealogy/6418935a_6622.txt
6622	6623	genealogy/92448254_6623.txt
6623	6624	genealogy/f4974271_6624.txt
6624	6625	genealogy/b0ad2b26_6625.txt
6625	6626	genealogy/8367332b_6626.txt
6626	6627	genealogy/05bb31d2_6627.txt
6627	6628	genealogy/7a913325_6628.txt
6628	6629	genealogy/1a19bca2_6629.txt
6629	6630	genealogy/7fbb45f7_6630.txt
6630	6631	genealogy/c0a44eac_6631.txt
6631	6632	genealogy/38218042_6632.txt
6632	6633	genealogy/f49694b5_6633.txt
6633	6634	genealogy/b396a776_6634.txt
6634	6635	genealogy/a9367420_6635.txt
6635	6636	genealogy/fb37662b_6636.txt
6636	6637	genealogy/f8cd2126_6637.txt
6637	6638	genealogy/2add6a79_6638.txt
6638	6639	genealogy/3aa26888_6639.txt
6639	6640	genealogy/1cc7b602_6640.txt
6640	6641	genealogy/6f2c2008_6641.txt
6641	6642	genealogy/6bedff81_6642.txt
6642	6643	genealogy/56099e07_6643.txt
6643	6644	genealogy/51bd58d5_6644.txt
6644	6645	genealogy/446e5278_6645.txt
6645	6646	genealogy/16208673_6646.txt
6646	6647	genealogy/980db060_6647.txt
6647	6648	genealogy/ea317507_6648.txt
6648	6649	genealogy/a77bea9e_6649.txt
6649	6650	genealogy/74f069df_6650.txt
6650	6651	genealogy/3cb0006f_6651.txt
6651	6652	genealogy/a768a2cb_6652.txt
6652	6653	genealogy/b4849db9_6653.txt
6653	6654	genealogy/02136ce4_6654.txt
6654	6655	genealogy/ac53cd51_6655.txt
6655	6656	genealogy/bca3554f_6656.txt
6656	6657	genealogy/bca3554f_6657.txt
6657	6658	genealogy/bca3554f_6658.txt
6658	6659	genealogy/bca3554f_6659.txt
6659	6660	genealogy/bca3554f_6660.txt
6660	6661	genealogy/bca3554f_6661.txt
6661	6662	genealogy/bca3554f_6662.txt
6662	6663	genealogy/bca3554f_6663.txt
6663	6664	genealogy/bca3554f_6664.txt
6664	6665	genealogy/bca3554f_6665.txt
6665	6666	genealogy/bca3554f_6666.txt
6666	6667	genealogy/bca3554f_6667.txt
6667	6668	genealogy/bca3554f_6668.txt
6668	6669	genealogy/bca3554f_6669.txt
6669	6670	genealogy/bca3554f_6670.txt
6670	6671	genealogy/bca3554f_6671.txt
6671	6672	genealogy/bca3554f_6672.txt
6672	6673	genealogy/bca3554f_6673.txt
6673	6674	genealogy/bca3554f_6674.txt
6674	6675	genealogy/bca3554f_6675.txt
6675	6676	genealogy/bca3554f_6676.txt
6676	6677	genealogy/bca3554f_6677.txt
6677	6678	genealogy/bca3554f_6678.txt
6678	6679	genealogy/bca3554f_6679.txt
6679	6680	genealogy/581ce32f_6680.txt
6680	6681	genealogy/60723284_6681.txt
6681	6682	genealogy/a6630fc8_6682.txt
6682	6683	genealogy/e7cf9cfd_6683.txt
6683	6684	genealogy/3477b63b_6684.txt
6684	6685	genealogy/8c6e7bdc_6685.txt
6685	6686	genealogy/2c09ac2a_6686.txt
6686	6687	genealogy/cd5f497d_6687.txt
6687	6688	genealogy/bc214d27_6688.txt
6688	6689	genealogy/0888629e_6689.txt
6689	6690	genealogy/af13fc08_6690.txt
6690	6691	genealogy/25d9dec8_6691.txt
6691	6692	genealogy/00956be3_6692.txt
6692	6693	genealogy/5ab8fcc9_6693.txt
6693	6694	genealogy/a5ce67e9_6694.txt
6694	6695	genealogy/707eab58_6695.txt
6695	6696	genealogy/a19f1bfe_6696.txt
6696	6697	genealogy/0e615e45_6697.txt
6697	6698	genealogy/95f99d2e_6698.txt
6698	6699	genealogy/f981e5f6_6699.txt
6699	6700	genealogy/7f9c4312_6700.txt
6700	6701	genealogy/23a350d8_6701.txt
6701	6702	genealogy/5ef06806_6702.txt
6702	6703	genealogy/dad46ddd_6703.txt
6703	6704	genealogy/4ea940f3_6704.txt
6704	6705	genealogy/f97a56fe_6705.txt
6705	6706	genealogy/b1652a9b_6706.txt
6706	6707	genealogy/d1deb28a_6707.txt
6707	6708	genealogy/c8427224_6708.txt
6708	6709	genealogy/9b174f47_6709.txt
6709	6710	genealogy/59c5da0a_6710.txt
6710	6711	genealogy/5eb26d69_6711.txt
6711	6712	genealogy/772fa666_6712.txt
6712	6713	genealogy/d219202f_6713.txt
6713	6714	genealogy/f7754a5b_6714.txt
6714	6715	genealogy/0507c215_6715.txt
6715	6716	genealogy/2d58473a_6716.txt
6716	6717	genealogy/64ae2c97_6717.txt
6717	6718	genealogy/babb37cc_6718.txt
6718	6719	genealogy/0fc5730c_6719.txt
6719	6720	genealogy/db40f87a_6720.txt
6720	6721	genealogy/48f4faca_6721.txt
6721	6722	genealogy/05addd48_6722.txt
6722	6723	genealogy/c36c92c3_6723.txt
6723	6724	genealogy/c3cb1c64_6724.txt
6724	6725	genealogy/65d63c7a_6725.txt
6725	6726	genealogy/7eb8e99b_6726.txt
6726	6727	genealogy/45d655ba_6727.txt
6727	6728	genealogy/47c743f2_6728.txt
6728	6729	genealogy/0efb883d_6729.txt
6729	6730	genealogy/423f09c6_6730.txt
6730	6731	genealogy/f204dc7d_6731.txt
6731	6732	genealogy/da4f8635_6732.txt
6732	6733	genealogy/06241696_6733.txt
6733	6734	genealogy/3b188bb3_6734.txt
6734	6735	genealogy/68e899cf_6735.txt
6735	6736	genealogy/de2e36cf_6736.txt
6736	6737	genealogy/9330a647_6737.txt
6737	6738	genealogy/939c0e16_6738.txt
6738	6739	genealogy/3c94fb1e_6739.txt
6739	6740	genealogy/c35d36b1_6740.txt
6740	6741	genealogy/69d7533d_6741.txt
6741	6742	genealogy/9e2de91b_6742.txt
6742	6743	genealogy/9428f819_6743.txt
6743	6744	genealogy/9e687eec_6744.txt
6744	6745	genealogy/d0c95a1d_6745.txt
6745	6746	genealogy/ae84046e_6746.txt
6746	6747	genealogy/02328e32_6747.txt
6747	6748	genealogy/5f94ebaa_6748.txt
6748	6749	genealogy/a4c85054_6749.txt
6749	6750	genealogy/91b3cdaa_6750.txt
6750	6751	genealogy/1c81e55b_6751.txt
6751	6752	genealogy/409d194c_6752.txt
6752	6753	genealogy/20ddaa5f_6753.txt
6753	6754	genealogy/96ee9da3_6754.txt
6754	6755	genealogy/74eb4df1_6755.txt
6755	6756	genealogy/ec026424_6756.txt
6756	6757	genealogy/eeb81faa_6757.txt
6757	6758	genealogy/d04cef2d_6758.txt
6758	6759	genealogy/fef0e927_6759.txt
6759	6760	genealogy/5c3293cc_6760.txt
6760	6761	genealogy/27fa1d24_6761.txt
6761	6762	genealogy/36fe9226_6762.txt
6762	6763	genealogy/93ec5e30_6763.txt
6763	6764	genealogy/943d84dd_6764.txt
6764	6765	genealogy/c21ae764_6765.txt
6765	6766	genealogy/57e783fd_6766.txt
6766	6767	genealogy/05f75a69_6767.txt
6767	6768	genealogy/5e3306ef_6768.txt
6768	6769	genealogy/1560b38b_6769.txt
6769	6770	genealogy/1e94cdfd_6770.txt
6770	6771	genealogy/1832e7e8_6771.txt
6771	6772	genealogy/9883f1b6_6772.txt
6772	6773	genealogy/3d262b32_6773.txt
6773	6774	genealogy/5c239e0e_6774.txt
6774	6775	genealogy/60baed9b_6775.txt
6775	6776	genealogy/4efd1929_6776.txt
6776	6777	genealogy/66e68a27_6777.txt
6777	6778	genealogy/57ef8c11_6778.txt
6778	6779	genealogy/ac14f25f_6779.txt
6779	6780	genealogy/7f55d9d7_6780.txt
6780	6781	genealogy/cd1eed87_6781.txt
6781	6782	genealogy/9deca27f_6782.txt
6782	6783	genealogy/48256adc_6783.txt
6783	6784	genealogy/df8513df_6784.txt
6784	6785	genealogy/8209fd8e_6785.txt
6785	6786	genealogy/a7f01734_6786.txt
6786	6787	genealogy/d2bb7bbb_6787.txt
6787	6788	genealogy/50537aa8_6788.txt
6788	6789	genealogy/99789913_6789.txt
6789	6790	genealogy/73179123_6790.txt
6790	6791	genealogy/33329975_6791.txt
6791	6792	genealogy/62f03065_6792.txt
6792	6793	genealogy/a08a0450_6793.txt
6793	6794	genealogy/e0dbd3c0_6794.txt
6794	6795	genealogy/719e0bc6_6795.txt
6795	6796	genealogy/0aca7298_6796.txt
6796	6797	genealogy/1500d599_6797.txt
6797	6798	genealogy/3e367e66_6798.txt
6798	6799	genealogy/3a7a2ce3_6799.txt
6799	6800	genealogy/2b5ed5da_6800.txt
6800	6801	genealogy/c3181e6c_6801.txt
6801	6802	genealogy/f0a20a41_6802.txt
6802	6803	genealogy/48a8ea71_6803.txt
6803	6804	genealogy/6e331dd7_6804.txt
6804	6805	genealogy/61ab287d_6805.txt
6805	6806	genealogy/e04eb011_6806.txt
6806	6807	genealogy/63be6d3e_6807.txt
6807	6808	genealogy/b35bfb72_6808.txt
6808	6809	genealogy/5817d68f_6809.txt
6809	6810	genealogy/d3a1e1c9_6810.txt
6810	6811	genealogy/c4214585_6811.txt
6811	6812	genealogy/7502c1d0_6812.txt
6812	6813	genealogy/95c7da8e_6813.txt
6813	6814	genealogy/b9fd719f_6814.txt
6814	6815	genealogy/0d2cfe6d_6815.txt
6815	6816	genealogy/d2e0407e_6816.txt
6816	6817	genealogy/5bd889fa_6817.txt
6817	6818	genealogy/3b68e51b_6818.txt
6818	6819	genealogy/56c1d7f0_6819.txt
6819	6820	genealogy/d24e9bef_6820.txt
6820	6821	genealogy/803ad1df_6821.txt
6821	6822	genealogy/55cb03df_6822.txt
6822	6823	genealogy/f3909174_6823.txt
6823	6824	genealogy/5bc8cfe8_6824.txt
6824	6825	genealogy/c4b3859e_6825.txt
6825	6826	genealogy/305c99d6_6826.txt
6826	6827	genealogy/ba5dec0a_6827.txt
6827	6828	genealogy/8c3d8f23_6828.txt
6828	6829	genealogy/4d44d108_6829.txt
6829	6830	genealogy/58085d82_6830.txt
6830	6831	genealogy/caf5d3ca_6831.txt
6831	6832	genealogy/24db88bd_6832.txt
6832	6833	genealogy/b64e2cb5_6833.txt
6833	6834	genealogy/fe96706a_6834.txt
6834	6835	genealogy/c29149c3_6835.txt
6835	6836	genealogy/d4dae7fe_6836.txt
6836	6837	genealogy/350d1a2b_6837.txt
6837	6838	genealogy/49cd62b2_6838.txt
6838	6839	genealogy/f9f8b710_6839.txt
6839	6840	genealogy/338b2230_6840.txt
6840	6841	genealogy/f6017e39_6841.txt
6841	6842	genealogy/a4538827_6842.txt
6842	6843	genealogy/f1a22b38_6843.txt
6843	6844	genealogy/3ed12e67_6844.txt
6844	6845	genealogy/39b35e90_6845.txt
6845	6846	genealogy/50ece540_6846.txt
6846	6847	genealogy/81cbc580_6847.txt
6847	6848	genealogy/95ec4ef7_6848.txt
6848	6849	genealogy/bf2c30bc_6849.txt
6849	6850	genealogy/d68f6c97_6850.txt
6850	6851	genealogy/e8fd15cb_6851.txt
6851	6852	genealogy/90bbd986_6852.txt
6852	6853	genealogy/e0dff4b6_6853.txt
6853	6854	genealogy/586a5a0e_6854.txt
6854	6855	genealogy/0fc137ac_6855.txt
6855	6856	genealogy/4ead34cf_6856.txt
6856	6857	genealogy/8dfc0458_6857.txt
6857	6858	genealogy/fe074e62_6858.txt
6858	6859	genealogy/41ae9c9e_6859.txt
6859	6860	genealogy/2f2945e9_6860.txt
6860	6861	genealogy/dc8a12e4_6861.txt
6861	6862	genealogy/c314babe_6862.txt
6862	6863	genealogy/771d0516_6863.txt
6863	6864	genealogy/81865a81_6864.txt
6864	6865	genealogy/2cb9ff44_6865.txt
6865	6866	genealogy/a09b13b4_6866.txt
6866	6867	genealogy/7ec54259_6867.txt
6867	6868	genealogy/3d0e5c0e_6868.txt
6868	6869	genealogy/5ba1c4bb_6869.txt
6869	6870	genealogy/879c3968_6870.txt
6870	6871	genealogy/369d9c95_6871.txt
6871	6872	genealogy/04c4ffeb_6872.txt
6872	6873	genealogy/7b2cf837_6873.txt
6873	6874	genealogy/4dda8211_6874.txt
6874	6875	genealogy/56b8d163_6875.txt
6875	6876	genealogy/497b6963_6876.txt
6876	6877	genealogy/56bbbce9_6877.txt
6877	6878	genealogy/c79c8346_6878.txt
6878	6879	genealogy/bdda0921_6879.txt
6879	6880	genealogy/09b8e0e7_6880.txt
6880	6881	genealogy/f9d97efb_6881.txt
6881	6882	genealogy/cf856a5d_6882.txt
6882	6883	genealogy/cdb83b30_6883.txt
6883	6884	genealogy/eeb674ef_6884.txt
6884	6885	genealogy/eeb674ef_6885.txt
6885	6886	genealogy/c2986e39_6886.txt
6886	6887	genealogy/fe1a8fb7_6887.txt
6887	6888	genealogy/67a91593_6888.txt
6888	6889	genealogy/d73b3d3e_6889.txt
6889	6890	genealogy/806cd9ce_6890.txt
6890	6891	genealogy/fc1a9a7e_6891.txt
6891	6892	genealogy/866e7f4c_6892.txt
6892	6893	genealogy/9dd354d9_6893.txt
6893	6894	genealogy/40871e1f_6894.txt
6894	6895	genealogy/d03269d3_6895.txt
6895	6896	genealogy/a16360bd_6896.txt
6896	6897	genealogy/54321e88_6897.txt
6897	6898	genealogy/fe787875_6898.txt
6898	6899	genealogy/d0c0f056_6899.txt
6899	6900	genealogy/5bc2c25f_6900.txt
6900	6901	genealogy/3ce8e80c_6901.txt
6901	6902	genealogy/883614c2_6902.txt
6902	6903	genealogy/e25b988b_6903.txt
6903	6904	genealogy/71a57176_6904.txt
6904	6905	genealogy/58627fb4_6905.txt
6905	6906	genealogy/11126cfb_6906.txt
6906	6907	genealogy/3a037156_6907.txt
6907	6908	genealogy/3350800c_6908.txt
6908	6909	genealogy/2c2e03a7_6909.txt
6909	6910	genealogy/e96b36ce_6910.txt
6910	6911	genealogy/602bf169_6911.txt
6911	6912	genealogy/775e2425_6912.txt
6912	6913	genealogy/7d0c5f55_6913.txt
6913	6914	genealogy/f362af78_6914.txt
6914	6915	genealogy/4fdd5580_6915.txt
6915	6916	genealogy/c59c01f8_6916.txt
6916	6917	genealogy/6fefda35_6917.txt
6917	6918	genealogy/a368919c_6918.txt
6918	6919	genealogy/f1881834_6919.txt
6919	6920	genealogy/5b59b5eb_6920.txt
6920	6921	genealogy/0f3210d3_6921.txt
6921	6922	genealogy/ab671806_6922.txt
6922	6923	genealogy/5af198d4_6923.txt
6923	6924	genealogy/a7561e09_6924.txt
6924	6925	genealogy/f1544f95_6925.txt
6925	6926	genealogy/3852097e_6926.txt
6926	6927	genealogy/4d7b432d_6927.txt
6927	6928	genealogy/18dbe2ed_6928.txt
6928	6929	genealogy/3f986a8c_6929.txt
6929	6930	genealogy/726eaeca_6930.txt
6930	6931	genealogy/6fa87bf5_6931.txt
6931	6932	genealogy/85065ef7_6932.txt
6932	6933	genealogy/14e5d64e_6933.txt
6933	6934	genealogy/71b195bc_6934.txt
6934	6935	genealogy/45bc9f6d_6935.txt
6935	6936	genealogy/91353d71_6936.txt
6936	6937	genealogy/04b4d76c_6937.txt
6937	6938	genealogy/736d7e7a_6938.txt
6938	6939	genealogy/491c1b2f_6939.txt
6939	6940	genealogy/77941cf3_6940.txt
6940	6941	genealogy/8e5ef0a5_6941.txt
6941	6942	genealogy/4952b81b_6942.txt
6942	6943	genealogy/7c94edd3_6943.txt
6943	6944	genealogy/289534a9_6944.txt
6944	6945	genealogy/184cbae3_6945.txt
6945	6946	genealogy/e0a4c1bc_6946.txt
6946	6947	genealogy/f300d923_6947.txt
6947	6948	genealogy/e6b642df_6948.txt
6948	6949	genealogy/64926966_6949.txt
6949	6950	genealogy/58c6ce60_6950.txt
6950	6951	genealogy/ce6eb939_6951.txt
6951	6952	genealogy/ffcb0d76_6952.txt
6952	6953	genealogy/cf444a60_6953.txt
6953	6954	genealogy/2d651cb5_6954.txt
6954	6955	genealogy/58e99876_6955.txt
6955	6956	genealogy/561c6133_6956.txt
6956	6957	genealogy/6a0864d1_6957.txt
6957	6958	genealogy/3d58e7bc_6958.txt
6958	6959	genealogy/505a22df_6959.txt
6959	6960	genealogy/64e9c53d_6960.txt
6960	6961	genealogy/3924e6cd_6961.txt
6961	6962	genealogy/4f60a804_6962.txt
6962	6963	genealogy/12a78ea7_6963.txt
6963	6964	genealogy/bf8a73ea_6964.txt
6964	6965	genealogy/7e50219d_6965.txt
6965	6966	genealogy/3e90e370_6966.txt
6966	6967	genealogy/e5fb0f62_6967.txt
6967	6968	genealogy/dc40d433_6968.txt
6968	6969	genealogy/60f05f89_6969.txt
6969	6970	genealogy/6e0993e7_6970.txt
6970	6971	genealogy/91617abb_6971.txt
6971	6972	genealogy/076192f6_6972.txt
6972	6973	genealogy/47530daa_6973.txt
6973	6974	genealogy/dca9e767_6974.txt
6974	6975	genealogy/a7abafce_6975.txt
6975	6976	genealogy/f20e4326_6976.txt
6976	6977	genealogy/80afb442_6977.txt
6977	6978	genealogy/19ea2286_6978.txt
6978	6979	genealogy/36746c2f_6979.txt
6979	6980	genealogy/b9df7d88_6980.txt
6980	6981	genealogy/0d26b6dd_6981.txt
6981	6982	genealogy/3dee841b_6982.txt
6982	6983	genealogy/a9e1509e_6983.txt
6983	6984	genealogy/84e19eb8_6984.txt
6984	6985	genealogy/0222eb3f_6985.txt
6985	6986	genealogy/0d26b6dd_6986.txt
6986	6987	genealogy/14431dd2_6987.txt
6987	6988	genealogy/7fd27911_6988.txt
6988	6989	genealogy/6f7a36a1_6989.txt
6989	6990	genealogy/584f646a_6990.txt
6990	6991	genealogy/6db80d02_6991.txt
6991	6992	genealogy/de9ad4fc_6992.txt
6992	6993	genealogy/e88d33be_6993.txt
6993	6994	genealogy/733d4d68_6994.txt
6994	6995	genealogy/8bd8dccb_6995.txt
6995	6996	genealogy/e5e0fb7b_6996.txt
6996	6997	genealogy/3bfa0f60_6997.txt
6997	6998	genealogy/c361d7b6_6998.txt
6998	6999	genealogy/57d63c01_6999.txt
6999	7000	genealogy/46354d19_7000.txt
7000	7001	genealogy/88457ce3_7001.txt
7001	7002	genealogy/c3433020_7002.txt
7002	7003	genealogy/fc17998e_7003.txt
7003	7004	genealogy/5210ca67_7004.txt
7004	7005	genealogy/ca4c235c_7005.txt
7005	7006	genealogy/6cf125bc_7006.txt
7006	7007	genealogy/ec3a9f64_7007.txt
7007	7008	genealogy/511006c7_7008.txt
7008	7009	genealogy/0feeeefd_7009.txt
7009	7010	genealogy/97969f0f_7010.txt
7010	7011	genealogy/bd57fcf1_7011.txt
7011	7012	genealogy/213ce852_7012.txt
7012	7013	genealogy/46b2b839_7013.txt
7013	7014	genealogy/015bf278_7014.txt
7014	7015	genealogy/d22edbde_7015.txt
7015	7016	genealogy/7d0c9a4f_7016.txt
7016	7017	genealogy/97767245_7017.txt
7017	7018	genealogy/b396a776_7018.txt
7018	7019	genealogy/4f81134d_7019.txt
7019	7020	genealogy/ed6bb56b_7020.txt
7020	7021	genealogy/aa04a3e5_7021.txt
7021	7022	genealogy/39dad713_7022.txt
7022	7023	genealogy/56e357f2_7023.txt
7023	7024	genealogy/b3239951_7024.txt
7024	7025	genealogy/7a8190cc_7025.txt
7025	7026	genealogy/06723ef0_7026.txt
7026	7027	genealogy/c185cf85_7027.txt
7027	7028	genealogy/7f228d84_7028.txt
7028	7029	genealogy/861cef98_7029.txt
7029	7030	genealogy/b1f71d79_7030.txt
7030	7031	genealogy/8c2696eb_7031.txt
7031	7032	genealogy/4c84d04b_7032.txt
7032	7033	genealogy/ccf722d8_7033.txt
7033	7034	genealogy/ea8c852d_7034.txt
7034	7035	genealogy/a05e0dd0_7035.txt
7035	7036	genealogy/7cbd804c_7036.txt
7036	7037	genealogy/4835fba0_7037.txt
7037	7038	genealogy/ac8f2490_7038.txt
7038	7039	genealogy/cfd1d05d_7039.txt
7039	7040	genealogy/63913cea_7040.txt
7040	7041	genealogy/4d49bc66_7041.txt
7041	7042	genealogy/f126eec8_7042.txt
7042	7043	genealogy/9838b6a8_7043.txt
7043	7044	genealogy/0f7780d1_7044.txt
7044	7045	genealogy/d47d5621_7045.txt
7045	7046	genealogy/5261b467_7046.txt
7046	7047	genealogy/a53d8efc_7047.txt
7047	7048	genealogy/e684d52a_7048.txt
7048	7049	genealogy/1279b396_7049.txt
7049	7050	genealogy/c6a067ae_7050.txt
7050	7051	genealogy/d1ce4595_7051.txt
7051	7052	genealogy/a76eb912_7052.txt
7052	7053	genealogy/2709f04d_7053.txt
7053	7054	genealogy/7b554998_7054.txt
7054	7055	genealogy/967c3a4c_7055.txt
7055	7056	genealogy/d398bf22_7056.txt
7056	7057	genealogy/e84a9811_7057.txt
7057	7058	genealogy/41d0ec55_7058.txt
7058	7059	genealogy/69e0befb_7059.txt
7059	7060	genealogy/91b63a83_7060.txt
7060	7061	genealogy/d5ab66a5_7061.txt
7061	7062	genealogy/41a94e12_7062.txt
7062	7063	genealogy/40f30f8e_7063.txt
7063	7064	genealogy/c5d18084_7064.txt
7064	7065	genealogy/478a4130_7065.txt
7065	7066	genealogy/29b7610e_7066.txt
7066	7067	genealogy/f22f521b_7067.txt
7067	7068	genealogy/83433ee9_7068.txt
7068	7069	genealogy/2859d301_7069.txt
7069	7070	genealogy/654daa7b_7070.txt
7070	7071	genealogy/7835fb51_7071.txt
7071	7072	genealogy/0793448e_7072.txt
7072	7073	genealogy/4e8ba814_7073.txt
7073	7074	genealogy/3616e8a4_7074.txt
7074	7075	genealogy/1edc931e_7075.txt
7075	7076	genealogy/7d3b5385_7076.txt
7076	7077	genealogy/f882d5ba_7077.txt
7077	7078	genealogy/2469c110_7078.txt
7078	7079	genealogy/49bbc606_7079.txt
7079	7080	genealogy/50d38c37_7080.txt
7080	7081	genealogy/d4a78ad7_7081.txt
7081	7082	genealogy/07d8f36d_7082.txt
7082	7083	genealogy/00ba4259_7083.txt
7083	7084	genealogy/552609c6_7084.txt
7084	7085	genealogy/bfe4874c_7085.txt
7085	7086	genealogy/7033b496_7086.txt
7086	7087	genealogy/e61ebede_7087.txt
7087	7088	genealogy/5b094015_7088.txt
7088	7089	genealogy/40e1a7ee_7089.txt
7089	7090	genealogy/d1b99f30_7090.txt
7090	7091	genealogy/f521ade6_7091.txt
7091	7092	genealogy/0cdba005_7092.txt
7092	7093	genealogy/87040b47_7093.txt
7093	7094	genealogy/96d760b3_7094.txt
7094	7095	genealogy/e226d185_7095.txt
7095	7096	genealogy/4c0a72f1_7096.txt
7096	7097	genealogy/6bedff81_7097.txt
7097	7098	genealogy/a5e07020_7098.txt
7098	7099	genealogy/24ba8060_7099.txt
7099	7100	genealogy/f403d0f6_7100.txt
7100	7101	genealogy/f41158ac_7101.txt
7101	7102	genealogy/d1c0a000_7102.txt
7102	7103	genealogy/dda57a4e_7103.txt
7103	7104	genealogy/620c6494_7104.txt
7104	7105	genealogy/3b4847e3_7105.txt
7105	7106	genealogy/6c107577_7106.txt
7106	7107	genealogy/e174480b_7107.txt
7107	7108	genealogy/858cde83_7108.txt
7108	7109	genealogy/8e353144_7109.txt
7109	7110	genealogy/8e413342_7110.txt
7110	7111	genealogy/2bdddfe1_7111.txt
7111	7112	genealogy/9ddfa391_7112.txt
7112	7113	genealogy/993e8f4f_7113.txt
7113	7114	genealogy/4b4d4f9d_7114.txt
7114	7115	genealogy/8bf1817a_7115.txt
7115	7116	genealogy/0f7f8e8f_7116.txt
7116	7117	genealogy/34bcb9c7_7117.txt
7117	7118	genealogy/bee56ccf_7118.txt
7118	7119	genealogy/640dea9e_7119.txt
7119	7120	genealogy/90230104_7120.txt
7120	7121	genealogy/2199e65f_7121.txt
7121	7122	genealogy/ae1a9df9_7122.txt
7122	7123	genealogy/fbba2d6e_7123.txt
7123	7124	genealogy/c564e808_7124.txt
7124	7125	genealogy/c59ff3ed_7125.txt
7125	7126	genealogy/6f9a5cb8_7126.txt
7126	7127	genealogy/b5effb1c_7127.txt
7127	7128	genealogy/df0f295c_7128.txt
7128	7129	genealogy/98994cb0_7129.txt
7129	7130	genealogy/fb0f12db_7130.txt
7130	7131	genealogy/10e0f798_7131.txt
7131	7132	genealogy/014bbe15_7132.txt
7132	7133	genealogy/d29e925f_7133.txt
7133	7134	genealogy/3d17d9be_7134.txt
7134	7135	genealogy/ba521db9_7135.txt
7135	7136	genealogy/b5080137_7136.txt
7136	7137	genealogy/6f166a7f_7137.txt
7137	7138	genealogy/9a52502a_7138.txt
7138	7139	genealogy/acd933ca_7139.txt
7139	7140	genealogy/53dc6d67_7140.txt
7140	7141	genealogy/67f54572_7141.txt
7141	7142	genealogy/3c013374_7142.txt
7142	7143	genealogy/0e9b09dd_7143.txt
7143	7144	genealogy/fb4f4e85_7144.txt
7144	7145	genealogy/33311355_7145.txt
7145	7146	genealogy/d9d7c86b_7146.txt
7146	7147	genealogy/3eae8f04_7147.txt
7147	7148	genealogy/e684d52a_7148.txt
7148	7149	genealogy/eff9c06c_7149.txt
7149	7150	genealogy/a02dfbe2_7150.txt
7150	7151	genealogy/7d3bbc00_7151.txt
7151	7152	genealogy/ebec96af_7152.txt
7152	7153	genealogy/cf92da43_7153.txt
7153	7154	genealogy/8bd8dccb_7154.txt
7154	7155	genealogy/e5e0fb7b_7155.txt
7155	7156	genealogy/40cd8f32_7156.txt
7156	7157	genealogy/b48b48c7_7157.txt
7157	7158	genealogy/9d99b13a_7158.txt
7158	7159	genealogy/34abbe4c_7159.txt
7159	7160	genealogy/9e738824_7160.txt
7160	7161	genealogy/de49860f_7161.txt
7161	7162	genealogy/24ad55cf_7162.txt
7162	7163	genealogy/c843ce66_7163.txt
7163	7164	genealogy/cbbb82de_7164.txt
7164	7165	genealogy/fdf7e2ca_7165.txt
7165	7166	genealogy/06f1369d_7166.txt
7166	7167	genealogy/79e56416_7167.txt
7167	7168	genealogy/a38c54bb_7168.txt
7168	7169	genealogy/35bb1361_7169.txt
7169	7170	genealogy/09507b2c_7170.txt
7170	7171	genealogy/e278ac9e_7171.txt
7171	7172	genealogy/c1fad8c9_7172.txt
7172	7173	genealogy/79bb12c3_7173.txt
7173	7174	genealogy/a2ebf7d6_7174.txt
7174	7175	genealogy/1c661fb5_7175.txt
7175	7176	genealogy/b235d566_7176.txt
7176	7177	genealogy/edadb5f6_7177.txt
7177	7178	genealogy/9e493dbb_7178.txt
7178	7179	genealogy/3d6e66fa_7179.txt
7179	7180	genealogy/4209a4c7_7180.txt
7180	7181	genealogy/98f7e974_7181.txt
7181	7182	genealogy/d33d01e4_7182.txt
7182	7183	genealogy/0634d65a_7183.txt
7183	7184	genealogy/a5119851_7184.txt
7184	7185	genealogy/e8e54249_7185.txt
7185	7186	genealogy/508b24d2_7186.txt
7186	7187	genealogy/dff403fe_7187.txt
7187	7188	genealogy/501abb7e_7188.txt
7188	7189	genealogy/3039673d_7189.txt
7189	7190	genealogy/45e16ef4_7190.txt
7190	7191	genealogy/ca7d4184_7191.txt
7191	7192	genealogy/54f4d557_7192.txt
7192	7193	genealogy/d3fe072e_7193.txt
7193	7194	genealogy/581238a0_7194.txt
7194	7195	genealogy/863d8eb0_7195.txt
7195	7196	genealogy/4f54b319_7196.txt
7196	7197	genealogy/bbbd27fa_7197.txt
7197	7198	genealogy/7c496e52_7198.txt
7198	7199	genealogy/09af0137_7199.txt
7199	7200	genealogy/9cc73df3_7200.txt
7200	7201	genealogy/8ec3f4af_7201.txt
7201	7202	genealogy/a6844ab8_7202.txt
7202	7203	genealogy/6939b541_7203.txt
7203	7204	genealogy/0c164133_7204.txt
7204	7205	genealogy/8afd3a85_7205.txt
7205	7206	genealogy/ca03bbdc_7206.txt
7206	7207	genealogy/3d56ebce_7207.txt
7207	7208	genealogy/bd682ea3_7208.txt
7208	7209	genealogy/05ee900b_7209.txt
7209	7210	genealogy/8c7db0ce_7210.txt
7210	7211	genealogy/05481b6f_7211.txt
7211	7212	genealogy/4a1cd064_7212.txt
7212	7213	genealogy/329511f7_7213.txt
7213	7214	genealogy/6484fb18_7214.txt
7214	7215	genealogy/c1838395_7215.txt
7215	7216	genealogy/122d9657_7216.txt
7216	7217	genealogy/331466c0_7217.txt
7217	7218	genealogy/24f67783_7218.txt
7218	7219	genealogy/8a3942ba_7219.txt
7219	7220	genealogy/e898195e_7220.txt
7220	7221	genealogy/eb70b8e9_7221.txt
7221	7222	genealogy/7d0a65f1_7222.txt
7222	7223	genealogy/70819f52_7223.txt
7223	7224	genealogy/987e77a2_7224.txt
7224	7225	genealogy/b84ef0bd_7225.txt
7225	7226	genealogy/c3d3ab74_7226.txt
7226	7227	genealogy/cc6da815_7227.txt
7227	7228	genealogy/b0ac1149_7228.txt
7228	7229	genealogy/b2224312_7229.txt
7229	7230	genealogy/d5fffcc5_7230.txt
7230	7231	genealogy/ea329abb_7231.txt
7231	7232	genealogy/07e99c86_7232.txt
7232	7233	genealogy/f1df8cdf_7233.txt
7233	7234	genealogy/2f72d085_7234.txt
7234	7235	genealogy/9d5e7ab6_7235.txt
7235	7236	genealogy/da07cb58_7236.txt
7236	7237	genealogy/7ccc6600_7237.txt
7237	7238	genealogy/59156425_7238.txt
7238	7239	genealogy/a691d5b5_7239.txt
7239	7240	genealogy/5ff74f9f_7240.txt
7240	7241	genealogy/fff55f3e_7241.txt
7241	7242	genealogy/6a779291_7242.txt
7242	7243	genealogy/1af06650_7243.txt
7243	7244	genealogy/935a888d_7244.txt
7244	7245	genealogy/cb2b7f64_7245.txt
7245	7246	genealogy/b14f572d_7246.txt
7246	7247	genealogy/e5ccc63c_7247.txt
7247	7248	genealogy/da824de1_7248.txt
7248	7249	genealogy/55f22b6a_7249.txt
7249	7250	genealogy/441f94a3_7250.txt
7250	7251	genealogy/72db956e_7251.txt
7251	7252	genealogy/412342f3_7252.txt
7252	7253	genealogy/c040d570_7253.txt
7253	7254	genealogy/2aed8e60_7254.txt
7254	7255	genealogy/96cdbf43_7255.txt
7255	7256	genealogy/da1070e4_7256.txt
7256	7257	genealogy/6c206d7b_7257.txt
7257	7258	genealogy/56aaa90a_7258.txt
7258	7259	genealogy/f8bd46cb_7259.txt
7259	7260	genealogy/732aeaf3_7260.txt
7260	7261	genealogy/992a6d0b_7261.txt
7261	7262	genealogy/dadc21c2_7262.txt
7262	7263	genealogy/363bcba3_7263.txt
7263	7264	genealogy/79b3b5fa_7264.txt
7264	7265	genealogy/0a6df4a4_7265.txt
7265	7266	genealogy/ae1d8f54_7266.txt
7266	7267	genealogy/49c3fd59_7267.txt
7267	7268	genealogy/fd61542b_7268.txt
7268	7269	genealogy/8125cbd7_7269.txt
7269	7270	genealogy/8125cbd7_7270.txt
7270	7271	genealogy/8125cbd7_7271.txt
7271	7272	genealogy/8125cbd7_7272.txt
7272	7273	genealogy/1247c064_7273.txt
7273	7274	genealogy/1b2d86eb_7274.txt
7274	7275	genealogy/b4146d81_7275.txt
7275	7276	genealogy/e7215a43_7276.txt
7276	7277	genealogy/fede1eda_7277.txt
7277	7278	genealogy/e770897e_7278.txt
7278	7279	genealogy/eb244a3b_7279.txt
7279	7280	genealogy/53485802_7280.txt
7280	7281	genealogy/f314e217_7281.txt
7281	7282	genealogy/5faa8c8c_7282.txt
7282	7283	genealogy/2ac9c91c_7283.txt
7283	7284	genealogy/08ecbdd9_7284.txt
7284	7285	genealogy/e215e015_7285.txt
7285	7286	genealogy/c77ce2cd_7286.txt
7286	7287	genealogy/db22bf8c_7287.txt
7287	7288	genealogy/d588b8dd_7288.txt
7288	7289	genealogy/a7d90264_7289.txt
7289	7290	genealogy/5855ed31_7290.txt
7290	7291	genealogy/c8bea84f_7291.txt
7291	7292	genealogy/d8a00588_7292.txt
7292	7293	genealogy/99340d13_7293.txt
7293	7294	genealogy/7ac7769a_7294.txt
7294	7295	genealogy/76fd6104_7295.txt
7295	7296	genealogy/44d76ef7_7296.txt
7296	7297	genealogy/2cdd6d81_7297.txt
7297	7298	genealogy/23056dce_7298.txt
7298	7299	genealogy/b10cff39_7299.txt
7299	7300	genealogy/6dba6df4_7300.txt
7300	7301	genealogy/b2ad1ed2_7301.txt
7301	7302	genealogy/f98a6880_7302.txt
7302	7303	genealogy/c4641dd2_7303.txt
7303	7304	genealogy/2e46d42b_7304.txt
7304	7305	genealogy/4c1ad388_7305.txt
7305	7306	genealogy/96edcfe4_7306.txt
7306	7307	genealogy/96edcfe4_7307.txt
7307	7308	genealogy/eeb8fb7a_7308.txt
7308	7309	genealogy/eeb8fb7a_7309.txt
7309	7310	genealogy/8ced65f7_7310.txt
7310	7311	genealogy/8ced65f7_7311.txt
7311	7312	genealogy/daedca3a_7312.txt
7312	7313	genealogy/daedca3a_7313.txt
7313	7314	genealogy/5d891b65_7314.txt
7314	7315	genealogy/8fceee9c_7315.txt
7315	7316	genealogy/d76a7706_7316.txt
7316	7317	genealogy/5d0aa02f_7317.txt
7317	7318	genealogy/7442b90d_7318.txt
7318	7319	genealogy/828f10fb_7319.txt
7319	7320	genealogy/a95b5fa0_7320.txt
7320	7321	genealogy/74b9acff_7321.txt
7321	7322	genealogy/74b9acff_7322.txt
7322	7323	genealogy/74b9acff_7323.txt
7323	7324	genealogy/66f89b55_7324.txt
7324	7325	genealogy/f487a6fc_7325.txt
7325	7326	genealogy/1695d229_7326.txt
7326	7327	genealogy/8bc77468_7327.txt
7327	7328	genealogy/6f62dd55_7328.txt
7328	7329	genealogy/b33ec30d_7329.txt
7329	7330	genealogy/b33ec30d_7330.txt
7330	7331	genealogy/54a7eade_7331.txt
7331	7332	genealogy/54a7eade_7332.txt
7332	7333	genealogy/29bd5846_7333.txt
7333	7334	genealogy/29bd5846_7334.txt
7334	7335	genealogy/61bbd138_7335.txt
7335	7336	genealogy/61bbd138_7336.txt
7336	7337	genealogy/f8c64291_7337.txt
7337	7338	genealogy/f8c64291_7338.txt
7338	7339	genealogy/f8c64291_7339.txt
7339	7340	genealogy/429b0b34_7340.txt
7340	7341	genealogy/e0820c75_7341.txt
7341	7342	genealogy/4b5112b7_7342.txt
7342	7343	genealogy/4b5112b7_7343.txt
7343	7344	genealogy/1b2d9584_7344.txt
7344	7345	genealogy/950f0f36_7345.txt
7345	7346	genealogy/950f0f36_7346.txt
7346	7347	genealogy/f5d62d37_7347.txt
7347	7348	genealogy/f5d62d37_7348.txt
7348	7349	genealogy/e38e18d6_7349.txt
7349	7350	genealogy/f2dd3198_7350.txt
7350	7351	genealogy/f2dd3198_7351.txt
7351	7352	genealogy/f2dd3198_7352.txt
7352	7353	genealogy/f2dd3198_7353.txt
7353	7354	genealogy/38b8c11e_7354.txt
7354	7355	genealogy/38b8c11e_7355.txt
7355	7356	genealogy/38b8c11e_7356.txt
7356	7357	genealogy/38b8c11e_7357.txt
7357	7358	genealogy/38b8c11e_7358.txt
7358	7359	genealogy/f9374539_7359.txt
7359	7360	genealogy/f9374539_7360.txt
7360	7361	genealogy/f9374539_7361.txt
7361	7362	genealogy/f9374539_7362.txt
7362	7363	genealogy/f9374539_7363.txt
7363	7364	genealogy/b6a0bfb8_7364.txt
7364	7365	genealogy/7e8131db_7365.txt
7365	7366	genealogy/cf38533f_7366.txt
7366	7367	genealogy/cf38533f_7367.txt
7367	7368	genealogy/d87bd3e1_7368.txt
7368	7369	genealogy/ab90f3e6_7369.txt
7369	7370	genealogy/f45eeceb_7370.txt
7370	7371	genealogy/d4d91033_7371.txt
7371	7372	genealogy/602b7c30_7372.txt
7372	7373	genealogy/d580467a_7373.txt
7373	7374	genealogy/e85e16cd_7374.txt
7374	7375	genealogy/bb6593bb_7375.txt
7375	7376	genealogy/e9bf140b_7376.txt
7376	7377	genealogy/0c9cc360_7377.txt
7377	7378	genealogy/b17be90d_7378.txt
7378	7379	genealogy/ec94f969_7379.txt
7379	7380	genealogy/8bd8dccb_7380.txt
7380	7381	genealogy/e5e0fb7b_7381.txt
7381	7382	genealogy/c7e5b6c5_7382.txt
7382	7383	genealogy/187e64dd_7383.txt
7383	7384	genealogy/deb10bfc_7384.txt
7384	7385	genealogy/3e1fa8c7_7385.txt
7385	7386	genealogy/a6178576_7386.txt
7386	7387	genealogy/86ccce80_7387.txt
7387	7388	genealogy/5fe05d6a_7388.txt
7388	7389	genealogy/0725e17d_7389.txt
7389	7390	genealogy/55ea6a97_7390.txt
7390	7391	genealogy/39cc496c_7391.txt
7391	7392	genealogy/3a9ad9a0_7392.txt
7392	7393	genealogy/05bc3fad_7393.txt
7393	7394	genealogy/a684a1ae_7394.txt
7394	7395	genealogy/84fff2ef_7395.txt
7395	7396	genealogy/7fa85d1a_7396.txt
7396	7397	genealogy/8bd8dccb_7397.txt
7397	7398	genealogy/4afdeaac_7398.txt
7398	7399	genealogy/0cbdb333_7399.txt
7399	7400	genealogy/78340cb8_7400.txt
7400	7401	genealogy/08b9373a_7401.txt
7401	7402	genealogy/224ab437_7402.txt
7402	7403	genealogy/83681fb1_7403.txt
7403	7404	genealogy/03d5131c_7404.txt
7404	7405	genealogy/e1a04fb6_7405.txt
7405	7406	genealogy/5ca1d66a_7406.txt
7406	7407	genealogy/4bb838c0_7407.txt
7407	7408	genealogy/b303903d_7408.txt
7408	7409	genealogy/8b4ad2c7_7409.txt
7409	7410	genealogy/5abd04f5_7410.txt
7410	7411	genealogy/1f4b6385_7411.txt
7411	7412	genealogy/b8113323_7412.txt
7412	7413	genealogy/a29865e9_7413.txt
7413	7414	genealogy/e6e99f43_7414.txt
7414	7415	genealogy/f019cac1_7415.txt
7415	7416	genealogy/a6d14ed7_7416.txt
7416	7417	genealogy/fd059fd4_7417.txt
7417	7418	genealogy/b8826232_7418.txt
7418	7419	genealogy/dec1a9ee_7419.txt
7419	7420	genealogy/762341c9_7420.txt
7420	7421	genealogy/c9ff8db6_7421.txt
7421	7422	genealogy/ca421d22_7422.txt
7422	7423	genealogy/d277b3d6_7423.txt
7423	7424	genealogy/068e615c_7424.txt
7424	7425	genealogy/849ee7db_7425.txt
7425	7426	genealogy/3285461c_7426.txt
7426	7427	genealogy/2f3d3701_7427.txt
7427	7428	genealogy/74ad81c9_7428.txt
7428	7429	genealogy/9bfedbbe_7429.txt
7429	7430	genealogy/8a3ae8df_7430.txt
7430	7431	genealogy/e69e68a8_7431.txt
7431	7432	genealogy/fd778e49_7432.txt
7432	7433	genealogy/614f9d44_7433.txt
7433	7434	genealogy/ffe23a6e_7434.txt
7434	7435	genealogy/42aa4cb0_7435.txt
7435	7436	genealogy/23cf5d2f_7436.txt
7436	7437	genealogy/3a43c67e_7437.txt
7437	7438	genealogy/1bd19e85_7438.txt
7438	7439	genealogy/0d939017_7439.txt
7439	7440	genealogy/f22a1399_7440.txt
7440	7441	genealogy/c93412a3_7441.txt
7441	7442	genealogy/7e6e374f_7442.txt
7442	7443	genealogy/c36ac782_7443.txt
7443	7444	genealogy/bb298449_7444.txt
7444	7445	genealogy/bdc7d95c_7445.txt
7445	7446	genealogy/48b214d2_7446.txt
7446	7447	genealogy/1e92ab6e_7447.txt
7447	7448	genealogy/baeb6996_7448.txt
7448	7449	genealogy/be26d468_7449.txt
7449	7450	genealogy/4adc5078_7450.txt
7450	7451	genealogy/f33c3abd_7451.txt
7451	7452	genealogy/fc27949f_7452.txt
7452	7453	genealogy/6ac0f990_7453.txt
7453	7454	genealogy/e144984a_7454.txt
7454	7455	genealogy/302edae0_7455.txt
7455	7456	genealogy/35517633_7456.txt
7456	7457	genealogy/14ba1cb9_7457.txt
7457	7458	genealogy/6bb6d215_7458.txt
7458	7459	genealogy/4116ae9c_7459.txt
7459	7460	genealogy/2c2e35f5_7460.txt
7460	7461	genealogy/3c1c8faa_7461.txt
7461	7462	genealogy/afdbf6be_7462.txt
7462	7463	genealogy/6f8ad4c6_7463.txt
7463	7464	genealogy/8e045155_7464.txt
7464	7465	genealogy/efd54f43_7465.txt
7465	7466	genealogy/2e1b9ee6_7466.txt
7466	7467	genealogy/a63896bd_7467.txt
7467	7468	genealogy/41984b0b_7468.txt
7468	7469	genealogy/cd7fbb36_7469.txt
7469	7470	genealogy/c240c824_7470.txt
7470	7471	genealogy/d69ee737_7471.txt
7471	7472	genealogy/dd932944_7472.txt
7472	7473	genealogy/9f1cb217_7473.txt
7473	7474	genealogy/53a5437b_7474.txt
7474	7475	genealogy/da6242c9_7475.txt
7475	7476	genealogy/5ac47bef_7476.txt
7476	7477	genealogy/3943f5de_7477.txt
7477	7478	genealogy/fba38855_7478.txt
7478	7479	genealogy/72d3094e_7479.txt
7479	7480	genealogy/c1d1c22b_7480.txt
7480	7481	genealogy/24eafcc0_7481.txt
7481	7482	genealogy/02edf27c_7482.txt
7482	7483	genealogy/b6311ca6_7483.txt
7483	7484	genealogy/38a16871_7484.txt
7484	7485	genealogy/3d722bac_7485.txt
7485	7486	genealogy/8acdf807_7486.txt
7486	7487	genealogy/a7bb88a0_7487.txt
7487	7488	genealogy/1772a8ad_7488.txt
7488	7489	genealogy/619059f7_7489.txt
7489	7490	genealogy/174083ae_7490.txt
7490	7491	genealogy/83ebd731_7491.txt
7491	7492	genealogy/9d282535_7492.txt
7492	7493	genealogy/57484392_7493.txt
7493	7494	genealogy/d0d1013b_7494.txt
7494	7495	genealogy/4e80419e_7495.txt
7495	7496	genealogy/b2c625d9_7496.txt
7496	7497	genealogy/6600ae86_7497.txt
7497	7498	genealogy/78e8d747_7498.txt
7498	7499	genealogy/1ff7ea79_7499.txt
7499	7500	genealogy/486f5f78_7500.txt
7500	7501	genealogy/25d9761b_7501.txt
7501	7502	genealogy/6154b7b8_7502.txt
7502	7503	genealogy/fc5b4f8f_7503.txt
7503	7504	genealogy/35995702_7504.txt
7504	7505	genealogy/8fc0c96a_7505.txt
7505	7506	genealogy/66c37811_7506.txt
7506	7507	genealogy/ecffa47b_7507.txt
7507	7508	genealogy/b7cad930_7508.txt
7508	7509	genealogy/45c0e94a_7509.txt
7509	7510	genealogy/4030ebea_7510.txt
7510	7511	genealogy/cd0d9f32_7511.txt
7511	7512	genealogy/c4f872ba_7512.txt
7512	7513	genealogy/52c50900_7513.txt
7513	7514	genealogy/9008abcb_7514.txt
7514	7515	genealogy/5bb31413_7515.txt
7515	7516	genealogy/19c75a7f_7516.txt
7516	7517	genealogy/25856f38_7517.txt
7517	7518	genealogy/7d486960_7518.txt
7518	7519	genealogy/f6c4bd2b_7519.txt
7519	7520	genealogy/229d28e9_7520.txt
7520	7521	genealogy/fc4ded38_7521.txt
7521	7522	genealogy/62a27ae2_7522.txt
7522	7523	genealogy/89b75f27_7523.txt
7523	7524	genealogy/fde041ce_7524.txt
7524	7525	genealogy/9c084bfc_7525.txt
7525	7526	genealogy/42c58153_7526.txt
7526	7527	genealogy/e92419a1_7527.txt
7527	7528	genealogy/6002096b_7528.txt
7528	7529	genealogy/55c8eb82_7529.txt
7529	7530	genealogy/0175df6a_7530.txt
7530	7531	genealogy/f1e566f5_7531.txt
7531	7532	genealogy/7f543f81_7532.txt
7532	7533	genealogy/2878d829_7533.txt
7533	7534	genealogy/33fbfe1c_7534.txt
7534	7535	genealogy/dedbcf2c_7535.txt
7535	7536	genealogy/afb1adb2_7536.txt
7536	7537	genealogy/d0c3dda4_7537.txt
7537	7538	genealogy/3ba58d14_7538.txt
7538	7539	genealogy/c9140c47_7539.txt
7539	7540	genealogy/c65a0a04_7540.txt
7540	7541	genealogy/e54102f9_7541.txt
7541	7542	genealogy/418a9a95_7542.txt
7542	7543	genealogy/667d8a4e_7543.txt
7543	7544	genealogy/6a881d05_7544.txt
7544	7545	genealogy/029d000c_7545.txt
7545	7546	genealogy/c9d09127_7546.txt
7546	7547	genealogy/76b6f65e_7547.txt
7547	7548	genealogy/ff7d9740_7548.txt
7548	7549	genealogy/310f8647_7549.txt
7549	7550	genealogy/9deb5758_7550.txt
7550	7551	genealogy/45fd1f82_7551.txt
7551	7552	genealogy/ae2fad34_7552.txt
7552	7553	genealogy/51e69e19_7553.txt
7553	7554	genealogy/de474ab6_7554.txt
7554	7555	genealogy/16c090fd_7555.txt
7555	7556	genealogy/1b251d1b_7556.txt
7556	7557	genealogy/6b04a94b_7557.txt
7557	7558	genealogy/6cdd9f68_7558.txt
7558	7559	genealogy/70a2a255_7559.txt
7559	7560	genealogy/8bd8dccb_7560.txt
7560	7561	genealogy/953fd86f_7561.txt
7561	7562	genealogy/df468c38_7562.txt
7562	7563	genealogy/93eb1619_7563.txt
7563	7564	genealogy/5f150105_7564.txt
7564	7565	genealogy/9752bd07_7565.txt
7565	7566	genealogy/b6169175_7566.txt
7566	7567	genealogy/5d670027_7567.txt
7567	7568	genealogy/d5314ada_7568.txt
7568	7569	genealogy/730b5eaf_7569.txt
7569	7570	genealogy/77280fca_7570.txt
7570	7571	genealogy/e8f11880_7571.txt
7571	7572	genealogy/749699a6_7572.txt
7572	7573	genealogy/d901a113_7573.txt
7573	7574	genealogy/8e38fe34_7574.txt
7574	7575	genealogy/d87ea4bd_7575.txt
7575	7576	genealogy/1449ee5c_7576.txt
7576	7577	genealogy/880dc191_7577.txt
7577	7578	genealogy/e47d6252_7578.txt
7578	7579	genealogy/7155f79b_7579.txt
7579	7580	genealogy/8883309b_7580.txt
7580	7581	genealogy/2d28223f_7581.txt
7581	7582	genealogy/e9da6188_7582.txt
7582	7583	genealogy/0658b717_7583.txt
7583	7584	genealogy/c0b6fa93_7584.txt
7584	7585	genealogy/a1a9015a_7585.txt
7585	7586	genealogy/e1450efc_7586.txt
7586	7587	genealogy/38e5287a_7587.txt
7587	7588	genealogy/6b42e096_7588.txt
7588	7589	genealogy/03727aa0_7589.txt
7589	7590	genealogy/c33e9fdd_7590.txt
7590	7591	genealogy/be1d2183_7591.txt
7591	7592	genealogy/76b358e0_7592.txt
7592	7593	genealogy/86ebb00a_7593.txt
7593	7594	genealogy/4c8dd6e2_7594.txt
7594	7595	genealogy/da29bf89_7595.txt
7595	7596	genealogy/8a47adce_7596.txt
7596	7597	genealogy/f4d00df1_7597.txt
7597	7598	genealogy/96b0b689_7598.txt
7598	7599	genealogy/f2544d9f_7599.txt
7599	7600	genealogy/3afb24cb_7600.txt
7600	7601	genealogy/92108777_7601.txt
7601	7602	genealogy/3d07c2b7_7602.txt
7602	7603	genealogy/08fb3a99_7603.txt
7603	7604	genealogy/ce6d20ab_7604.txt
7604	7605	genealogy/3db2c89b_7605.txt
7605	7606	genealogy/a028aa44_7606.txt
7606	7607	genealogy/cf353afd_7607.txt
7607	7608	genealogy/a010ee12_7608.txt
7608	7609	genealogy/5a81fa78_7609.txt
7609	7610	genealogy/6270ee9f_7610.txt
7610	7611	genealogy/2ef42ba2_7611.txt
7611	7612	genealogy/46c62c7c_7612.txt
7612	7613	genealogy/89198f73_7613.txt
7613	7614	genealogy/63ef8c79_7614.txt
7614	7615	genealogy/f9cae7b1_7615.txt
7615	7616	genealogy/ba0d722c_7616.txt
7616	7617	genealogy/0b7ccc29_7617.txt
7617	7618	genealogy/aa99d200_7618.txt
7618	7619	genealogy/1de732cb_7619.txt
7619	7620	genealogy/dd5d6514_7620.txt
7620	7621	genealogy/f3e8dc25_7621.txt
7621	7622	genealogy/2e97863b_7622.txt
7622	7623	genealogy/3c91d69e_7623.txt
7623	7624	genealogy/c924e3aa_7624.txt
7624	7625	genealogy/d06d92d9_7625.txt
7625	7626	genealogy/05441c51_7626.txt
7626	7627	genealogy/10426e57_7627.txt
7627	7628	genealogy/f610f69d_7628.txt
7628	7629	genealogy/ca17ddf2_7629.txt
7629	7630	genealogy/b68f6e63_7630.txt
7630	7631	genealogy/046675c0_7631.txt
7631	7632	genealogy/6910dd02_7632.txt
7632	7633	genealogy/c0b7bc57_7633.txt
7633	7634	genealogy/bb12db82_7634.txt
7634	7635	genealogy/ae0f961a_7635.txt
7635	7636	genealogy/7d5e4828_7636.txt
7636	7637	genealogy/f65eabaf_7637.txt
7637	7638	genealogy/62ccef95_7638.txt
7638	7639	genealogy/3fb03557_7639.txt
7639	7640	genealogy/30226675_7640.txt
7640	7641	genealogy/990d946b_7641.txt
7641	7642	genealogy/81ad179c_7642.txt
7642	7643	genealogy/ffc19d0f_7643.txt
7643	7644	genealogy/7e03f795_7644.txt
7644	7645	genealogy/79a35f6d_7645.txt
7645	7646	genealogy/3e143301_7646.txt
7646	7647	genealogy/30586334_7647.txt
7647	7648	genealogy/8ccaab26_7648.txt
7648	7649	genealogy/43403102_7649.txt
7649	7650	genealogy/662dcb87_7650.txt
7650	7651	genealogy/74e130da_7651.txt
7651	7652	genealogy/d6c191a9_7652.txt
7652	7653	genealogy/ca3cab2c_7653.txt
7653	7654	genealogy/5433e71e_7654.txt
7654	7655	genealogy/9b93d229_7655.txt
7655	7656	genealogy/7456b9df_7656.txt
7656	7657	genealogy/82c355b9_7657.txt
7657	7658	genealogy/b7c9ac78_7658.txt
7658	7659	genealogy/97d23446_7659.txt
7659	7660	genealogy/702fed0e_7660.txt
7660	7661	genealogy/595bdc25_7661.txt
7661	7662	genealogy/a6221a8c_7662.txt
7662	7663	genealogy/f5fc9e90_7663.txt
7663	7664	genealogy/b6c81a95_7664.txt
7664	7665	genealogy/c7be1ede_7665.txt
7665	7666	genealogy/02e27347_7666.txt
7666	7667	genealogy/604436a4_7667.txt
7667	7668	genealogy/746fb8cb_7668.txt
7668	7669	genealogy/8f81597d_7669.txt
7669	7670	genealogy/7d8b9ac3_7670.txt
7670	7671	genealogy/e39e04e8_7671.txt
7671	7672	genealogy/479acbde_7672.txt
7672	7673	genealogy/f38a231a_7673.txt
7673	7674	genealogy/7ad3c1e3_7674.txt
7674	7675	genealogy/4812a466_7675.txt
7675	7676	genealogy/fa1f2c47_7676.txt
7676	7677	genealogy/9c22e8e9_7677.txt
7677	7678	genealogy/6b75593d_7678.txt
7678	7679	genealogy/e7155d2c_7679.txt
7679	7680	genealogy/d94c5c6e_7680.txt
7680	7681	genealogy/ad372fd3_7681.txt
7681	7682	genealogy/6d9ae49a_7682.txt
7682	7683	genealogy/c6c1bd4c_7683.txt
7683	7684	genealogy/b597b5d4_7684.txt
7684	7685	genealogy/a874df52_7685.txt
7685	7686	genealogy/be8158bb_7686.txt
7686	7687	genealogy/2e006031_7687.txt
7687	7688	genealogy/c25b7e23_7688.txt
7688	7689	genealogy/c9b0e462_7689.txt
7689	7690	genealogy/e8a560f8_7690.txt
7690	7691	genealogy/6c474a66_7691.txt
7691	7692	genealogy/7df632f9_7692.txt
7692	7693	genealogy/09c1a533_7693.txt
7693	7694	genealogy/1a5fd81a_7694.txt
7694	7695	genealogy/aa13cca8_7695.txt
7695	7696	genealogy/4232c3dd_7696.txt
7696	7697	genealogy/ab1f6de3_7697.txt
7697	7698	genealogy/8b332230_7698.txt
7698	7699	genealogy/dfd6801f_7699.txt
7699	7700	genealogy/d5d1040d_7700.txt
7700	7701	genealogy/c582fb36_7701.txt
7701	7702	genealogy/e234a3af_7702.txt
7702	7703	genealogy/8fa54bbf_7703.txt
7703	7704	genealogy/d0deb5cf_7704.txt
7704	7705	genealogy/83b49dd7_7705.txt
7705	7706	genealogy/58a8d763_7706.txt
7706	7707	genealogy/7ff76355_7707.txt
7707	7708	genealogy/6a89e4d2_7708.txt
7708	7709	genealogy/00a9f99b_7709.txt
7709	7710	genealogy/1eecb344_7710.txt
7710	7711	genealogy/c1b4ecc5_7711.txt
7711	7712	genealogy/883d02ac_7712.txt
7712	7713	genealogy/da5c60be_7713.txt
7713	7714	genealogy/8c7b8639_7714.txt
7714	7715	genealogy/1f5220f6_7715.txt
7715	7716	genealogy/93fffa81_7716.txt
7716	7717	genealogy/8e956400_7717.txt
7717	7718	genealogy/4356e361_7718.txt
7718	7719	genealogy/5b209f2b_7719.txt
7719	7720	genealogy/becb799e_7720.txt
7720	7721	genealogy/699761d3_7721.txt
7721	7722	genealogy/5ce88e44_7722.txt
7722	7723	genealogy/4554d405_7723.txt
7723	7724	genealogy/3edd2378_7724.txt
7724	7725	genealogy/f9faed20_7725.txt
7725	7726	genealogy/ba930294_7726.txt
7726	7727	genealogy/379acaf7_7727.txt
7727	7728	genealogy/68e13893_7728.txt
7728	7729	genealogy/402a56dc_7729.txt
7729	7730	genealogy/f0705a09_7730.txt
7730	7731	genealogy/55f842c4_7731.txt
7731	7732	genealogy/5ad481f5_7732.txt
7732	7733	genealogy/97f94022_7733.txt
7733	7734	genealogy/756d5b76_7734.txt
7734	7735	genealogy/22d24c5c_7735.txt
7735	7736	genealogy/ebfb68b6_7736.txt
7736	7737	genealogy/fe9febf6_7737.txt
7737	7738	genealogy/9bacc4cd_7738.txt
7738	7739	genealogy/e38eff8a_7739.txt
7739	7740	genealogy/93506856_7740.txt
7740	7741	genealogy/0538d71c_7741.txt
7741	7742	genealogy/2e97aad3_7742.txt
7742	7743	genealogy/528d8d75_7743.txt
7743	7744	genealogy/323beb99_7744.txt
7744	7745	genealogy/ee2ce9c9_7745.txt
7745	7746	genealogy/7997fc22_7746.txt
7746	7747	genealogy/a09def51_7747.txt
7747	7748	genealogy/7dab0c7f_7748.txt
7748	7749	genealogy/0c83f409_7749.txt
7749	7750	genealogy/431ab691_7750.txt
7750	7751	genealogy/1d3e39e9_7751.txt
7751	7752	genealogy/e5c573e2_7752.txt
7752	7753	genealogy/08529cae_7753.txt
7753	7754	genealogy/996bdc35_7754.txt
7754	7755	genealogy/f96304d7_7755.txt
7755	7756	genealogy/1787b6e9_7756.txt
7756	7757	genealogy/76dff288_7757.txt
7757	7758	genealogy/66cba00b_7758.txt
7758	7759	genealogy/f5b92f1a_7759.txt
7759	7760	genealogy/40a2be18_7760.txt
7760	7761	genealogy/5fe26bcb_7761.txt
7761	7762	genealogy/84015884_7762.txt
7762	7763	genealogy/b2a131c3_7763.txt
7763	7764	genealogy/d0a76e09_7764.txt
7764	7765	genealogy/f63835d3_7765.txt
7765	7766	genealogy/cf3f147f_7766.txt
7766	7767	genealogy/617e41b9_7767.txt
7767	7768	genealogy/c769f378_7768.txt
7768	7769	genealogy/96723e7d_7769.txt
7769	7770	genealogy/4df203ee_7770.txt
7770	7771	genealogy/7497cdc5_7771.txt
7771	7772	genealogy/b95bb359_7772.txt
7772	7773	genealogy/25724e80_7773.txt
7773	7774	genealogy/5ddb7b72_7774.txt
7774	7775	genealogy/f2047e25_7775.txt
7775	7776	genealogy/51ab61f5_7776.txt
7776	7777	genealogy/af567715_7777.txt
7777	7778	genealogy/543243c2_7778.txt
7778	7779	genealogy/c59065c3_7779.txt
7779	7780	genealogy/c16a0eac_7780.txt
7780	7781	genealogy/6db6bba2_7781.txt
7781	7782	genealogy/d894f858_7782.txt
7782	7783	genealogy/dc8580ef_7783.txt
7783	7784	genealogy/055352bb_7784.txt
7784	7785	genealogy/8d1dc5c3_7785.txt
7785	7786	genealogy/db99f41c_7786.txt
7786	7787	genealogy/1f8725f7_7787.txt
7787	7788	genealogy/e74bb88d_7788.txt
7788	7789	genealogy/70db8f49_7789.txt
7789	7790	genealogy/6aa851a9_7790.txt
7790	7791	genealogy/334ff5a7_7791.txt
7791	7792	genealogy/e26b53f4_7792.txt
7792	7793	genealogy/ceea7df3_7793.txt
7793	7794	genealogy/2a89f646_7794.txt
7794	7795	genealogy/567071da_7795.txt
7795	7796	genealogy/8f5b29e9_7796.txt
7796	7797	genealogy/05c1e37b_7797.txt
7797	7798	genealogy/966c8611_7798.txt
7798	7799	genealogy/47cc36c4_7799.txt
7799	7800	genealogy/17937346_7800.txt
7800	7801	genealogy/02433dc6_7801.txt
7801	7802	genealogy/1b34e419_7802.txt
7802	7803	genealogy/58e7c972_7803.txt
7803	7804	genealogy/dcf35085_7804.txt
7804	7805	genealogy/da575718_7805.txt
7805	7806	genealogy/b3d6363a_7806.txt
7806	7807	genealogy/dc8b0cc5_7807.txt
7807	7808	genealogy/6deac221_7808.txt
7808	7809	genealogy/19c42f30_7809.txt
7809	7810	genealogy/515ef05f_7810.txt
7810	7811	genealogy/7f71126c_7811.txt
7811	7812	genealogy/2acc2593_7812.txt
7812	7813	genealogy/d8cb6521_7813.txt
7813	7814	genealogy/1fb0494b_7814.txt
7814	7815	genealogy/89a52d0a_7815.txt
7815	7816	genealogy/e41f17ca_7816.txt
7816	7817	genealogy/6a57d011_7817.txt
7817	7818	genealogy/6cc2dea4_7818.txt
7818	7819	genealogy/dbbb0abb_7819.txt
7819	7820	genealogy/a5b20397_7820.txt
7820	7821	genealogy/d5f7177c_7821.txt
7821	7822	genealogy/6ec613e6_7822.txt
7822	7823	genealogy/95edcd32_7823.txt
7823	7824	genealogy/d3c5ee0d_7824.txt
7824	7825	genealogy/6b0c19b9_7825.txt
7825	7826	genealogy/6f00d3f9_7826.txt
7826	7827	genealogy/c00e7e3c_7827.txt
7827	7828	genealogy/935b590f_7828.txt
7828	7829	genealogy/12131dec_7829.txt
7829	7830	genealogy/d138835f_7830.txt
7830	7831	genealogy/3fd2d594_7831.txt
7831	7832	genealogy/e4e328ed_7832.txt
7832	7833	genealogy/5fc20130_7833.txt
7833	7834	genealogy/ec395f76_7834.txt
7834	7835	genealogy/d54308d1_7835.txt
7835	7836	genealogy/4e53102b_7836.txt
7836	7837	genealogy/ff49bd08_7837.txt
7837	7838	genealogy/c5459f96_7838.txt
7838	7839	genealogy/dc490f31_7839.txt
7839	7840	genealogy/7d6a5bba_7840.txt
7840	7841	genealogy/f3c5edc6_7841.txt
7841	7842	genealogy/122bbdb0_7842.txt
7842	7843	genealogy/cbdb0667_7843.txt
7843	7844	genealogy/3e75ad0b_7844.txt
7844	7845	genealogy/224a18e4_7845.txt
7845	7846	genealogy/9c0eb326_7846.txt
7846	7847	genealogy/3136effc_7847.txt
7847	7848	genealogy/0dc386b4_7848.txt
7848	7849	genealogy/cb663c9e_7849.txt
7849	7850	genealogy/269457d9_7850.txt
7850	7851	genealogy/373dd7b7_7851.txt
7851	7852	genealogy/917d5f47_7852.txt
7852	7853	genealogy/55c98b8b_7853.txt
7853	7854	genealogy/da45fcc6_7854.txt
7854	7855	genealogy/696d44d8_7855.txt
7855	7856	genealogy/57417004_7856.txt
7856	7857	genealogy/de8660a3_7857.txt
7857	7858	genealogy/83e65696_7858.txt
7858	7859	genealogy/ac46d67d_7859.txt
7859	7860	genealogy/6f21ccc0_7860.txt
7860	7861	genealogy/1387dc0e_7861.txt
7861	7862	genealogy/ae797602_7862.txt
7862	7863	genealogy/7b783b10_7863.txt
7863	7864	genealogy/a0bb12ea_7864.txt
7864	7865	genealogy/eb648c89_7865.txt
7865	7866	genealogy/2a9fb580_7866.txt
7866	7867	genealogy/9bdc12d2_7867.txt
7867	7868	genealogy/81fc2693_7868.txt
7868	7869	genealogy/97671e0e_7869.txt
7869	7870	genealogy/6f31d1d1_7870.txt
7870	7871	genealogy/d8e285b1_7871.txt
7871	7872	genealogy/81185761_7872.txt
7872	7873	genealogy/bfbff484_7873.txt
7873	7874	genealogy/02209681_7874.txt
7874	7875	genealogy/8d7c7288_7875.txt
7875	7876	genealogy/ca8872a9_7876.txt
7876	7877	genealogy/a1d9e39f_7877.txt
7877	7878	genealogy/b0ca0a9f_7878.txt
7878	7879	genealogy/5b620d3a_7879.txt
7879	7880	genealogy/197d7b61_7880.txt
7880	7881	genealogy/838477df_7881.txt
7881	7882	genealogy/ee861a17_7882.txt
7882	7883	genealogy/95ff276c_7883.txt
7883	7884	genealogy/4645f108_7884.txt
7884	7885	genealogy/837fa62e_7885.txt
7885	7886	genealogy/4df7f9a8_7886.txt
7886	7887	genealogy/cc0f3f34_7887.txt
7887	7888	genealogy/f0a9d6ec_7888.txt
7888	7889	genealogy/7e7bd697_7889.txt
7889	7890	genealogy/6a3096e2_7890.txt
7890	7891	genealogy/a4578a80_7891.txt
7891	7892	genealogy/646a7e46_7892.txt
7892	7893	genealogy/ca6ff90f_7893.txt
7893	7894	genealogy/6ef21ca6_7894.txt
7894	7895	genealogy/9c53b943_7895.txt
7895	7896	genealogy/97cc024d_7896.txt
7896	7897	genealogy/c543d78d_7897.txt
7897	7898	genealogy/8f9d904b_7898.txt
7898	7899	genealogy/86e88935_7899.txt
7899	7900	genealogy/ddcd9c84_7900.txt
7900	7901	genealogy/c668a9a4_7901.txt
7901	7902	genealogy/3f82514f_7902.txt
7902	7903	genealogy/0920678d_7903.txt
7903	7904	genealogy/cb6d4efe_7904.txt
7904	7905	genealogy/aaa23f3a_7905.txt
7905	7906	genealogy/4a0f461a_7906.txt
7906	7907	genealogy/ad1ad9d2_7907.txt
7907	7908	genealogy/8dc02f5b_7908.txt
7908	7909	genealogy/d2a312f5_7909.txt
7909	7910	genealogy/5afeb5b4_7910.txt
7910	7911	genealogy/6d14f201_7911.txt
7911	7912	genealogy/5b401852_7912.txt
7912	7913	genealogy/fc510f40_7913.txt
7913	7914	genealogy/6127db08_7914.txt
7914	7915	genealogy/b4c7053f_7915.txt
7915	7916	genealogy/40dc5ea8_7916.txt
7916	7917	genealogy/34d0db75_7917.txt
7917	7918	genealogy/3864ef43_7918.txt
7918	7919	genealogy/915bc074_7919.txt
7919	7920	genealogy/3b431063_7920.txt
7920	7921	genealogy/1b37dc9e_7921.txt
7921	7922	genealogy/e0258a29_7922.txt
7922	7923	genealogy/9c9ed5a4_7923.txt
7923	7924	genealogy/35658a09_7924.txt
7924	7925	genealogy/50e735ad_7925.txt
7925	7926	genealogy/16a6eeaa_7926.txt
7926	7927	genealogy/0cf0dae4_7927.txt
7927	7928	genealogy/a824dc53_7928.txt
7928	7929	genealogy/091dc85b_7929.txt
7929	7930	genealogy/3f3d81d6_7930.txt
7930	7931	genealogy/0cb8dfe3_7931.txt
7931	7932	genealogy/15d59c11_7932.txt
7932	7933	genealogy/a729bd2e_7933.txt
7933	7934	genealogy/38d1614a_7934.txt
7934	7935	genealogy/0145c6f5_7935.txt
7935	7936	genealogy/81e44e40_7936.txt
7936	7937	genealogy/f74ee819_7937.txt
7937	7938	genealogy/a82f2057_7938.txt
7938	7939	genealogy/0a90c5b4_7939.txt
7939	7940	genealogy/cec9a795_7940.txt
7940	7941	genealogy/eabb668e_7941.txt
7941	7942	genealogy/6e8cdaef_7942.txt
7942	7943	genealogy/c9d51721_7943.txt
7943	7944	genealogy/1d81b64d_7944.txt
7944	7945	genealogy/9e641927_7945.txt
7945	7946	genealogy/73eea418_7946.txt
7946	7947	genealogy/0ff9c57b_7947.txt
7947	7948	genealogy/5522690a_7948.txt
7948	7949	genealogy/fe7914fa_7949.txt
7949	7950	genealogy/95c0b150_7950.txt
7950	7951	genealogy/9e2578f7_7951.txt
7951	7952	genealogy/1724efbe_7952.txt
7952	7953	genealogy/0175144d_7953.txt
7953	7954	genealogy/c1a8259e_7954.txt
7954	7955	genealogy/a941cb35_7955.txt
7955	7956	genealogy/e981597d_7956.txt
7956	7957	genealogy/2e003a97_7957.txt
7957	7958	genealogy/f8dff6e8_7958.txt
7958	7959	genealogy/c14a7ac5_7959.txt
7959	7960	genealogy/22292f56_7960.txt
7960	7961	genealogy/5d0dcf78_7961.txt
7961	7962	genealogy/bf17463b_7962.txt
7962	7963	genealogy/8ecc1690_7963.txt
7963	7964	genealogy/5bed6257_7964.txt
7964	7965	genealogy/e4da9459_7965.txt
7965	7966	genealogy/14efbbcd_7966.txt
7966	7967	genealogy/ec60c94c_7967.txt
7967	7968	genealogy/5172626c_7968.txt
7968	7969	genealogy/dd92343d_7969.txt
7969	7970	genealogy/21cb7b54_7970.txt
7970	7971	genealogy/fb36c5d7_7971.txt
7971	7972	genealogy/3a79fcbc_7972.txt
7972	7973	genealogy/c8e57539_7973.txt
7973	7974	genealogy/b0a54115_7974.txt
7974	7975	genealogy/314b7f86_7975.txt
7975	7976	genealogy/f479964f_7976.txt
7976	7977	genealogy/ca32f041_7977.txt
7977	7978	genealogy/df470400_7978.txt
7978	7979	genealogy/e2695332_7979.txt
7979	7980	genealogy/d0fea68b_7980.txt
7980	7981	genealogy/481b131f_7981.txt
7981	7982	genealogy/9438c33a_7982.txt
7982	7983	genealogy/1377c4ea_7983.txt
7983	7984	genealogy/41d8b816_7984.txt
7984	7985	genealogy/015022dc_7985.txt
7985	7986	genealogy/6dc79acd_7986.txt
7986	7987	genealogy/90475eda_7987.txt
7987	7988	genealogy/64c36fc1_7988.txt
7988	7989	genealogy/d1a118c1_7989.txt
7989	7990	genealogy/fd3857dd_7990.txt
7990	7991	genealogy/a287c8f5_7991.txt
7991	7992	genealogy/ab95fbed_7992.txt
7992	7993	genealogy/ded5015d_7993.txt
7993	7994	genealogy/5fd15fd5_7994.txt
7994	7995	genealogy/f6e4a2e4_7995.txt
7995	7996	genealogy/c954aabb_7996.txt
7996	7997	genealogy/583eff4b_7997.txt
7997	7998	genealogy/4368994c_7998.txt
7998	7999	genealogy/f80861fd_7999.txt
7999	8000	genealogy/e844c05c_8000.txt
8000	8001	genealogy/8ae9b566_8001.txt
8001	8002	genealogy/5246a235_8002.txt
8002	8003	genealogy/28d5b539_8003.txt
8003	8004	genealogy/a0512ee0_8004.txt
8004	8005	genealogy/fc762ed1_8005.txt
8005	8006	genealogy/7d0087b1_8006.txt
8006	8007	genealogy/ab8d3041_8007.txt
8007	8008	genealogy/7cb7d940_8008.txt
8008	8009	genealogy/74a79a31_8009.txt
8009	8010	genealogy/209c2adc_8010.txt
8010	8011	genealogy/88350811_8011.txt
8011	8012	genealogy/42646ea5_8012.txt
8012	8013	genealogy/0f5e22ea_8013.txt
8013	8014	genealogy/80b4717a_8014.txt
8014	8015	genealogy/2f538aad_8015.txt
8015	8016	genealogy/785167fc_8016.txt
8016	8017	genealogy/ede3b023_8017.txt
8017	8018	genealogy/a66faf02_8018.txt
8018	8019	genealogy/3437e5a2_8019.txt
8019	8020	genealogy/9eb23983_8020.txt
8020	8021	genealogy/325d8473_8021.txt
8021	8022	genealogy/942896fe_8022.txt
8022	8023	genealogy/21004d1b_8023.txt
8023	8024	genealogy/bb0d60d6_8024.txt
8024	8025	genealogy/2392fdc5_8025.txt
8025	8026	genealogy/f792c578_8026.txt
8026	8027	genealogy/7d3d1b5a_8027.txt
8027	8028	genealogy/a2ba46b5_8028.txt
8028	8029	genealogy/52fd55da_8029.txt
8029	8030	genealogy/3fe12bb1_8030.txt
8030	8031	genealogy/2772929b_8031.txt
8031	8032	genealogy/8cc0cd2e_8032.txt
8032	8033	genealogy/32030b71_8033.txt
8033	8034	genealogy/484b6ce6_8034.txt
8034	8035	genealogy/ba1992b0_8035.txt
8035	8036	genealogy/b3610b77_8036.txt
8036	8037	genealogy/08bcb376_8037.txt
8037	8038	genealogy/88f16249_8038.txt
8038	8039	genealogy/15159571_8039.txt
8039	8040	genealogy/c02dbf5d_8040.txt
8040	8041	genealogy/c42c9392_8041.txt
8041	8042	genealogy/36d6fbe6_8042.txt
8042	8043	genealogy/bc0b206a_8043.txt
8043	8044	genealogy/7b784b23_8044.txt
8044	8045	genealogy/7e50b6c7_8045.txt
8045	8046	genealogy/25bdcf33_8046.txt
8046	8047	genealogy/25bdcf33_8047.txt
8047	8048	genealogy/cb1f576b_8048.txt
8048	8049	genealogy/7c337f3f_8049.txt
8049	8050	genealogy/7c337f3f_8050.txt
8050	8051	genealogy/9bd06d07_8051.txt
8051	8052	genealogy/9bd06d07_8052.txt
8052	8053	genealogy/9bd06d07_8053.txt
8053	8054	genealogy/9bd06d07_8054.txt
8054	8055	genealogy/a68a46d6_8055.txt
8055	8056	genealogy/93673900_8056.txt
8056	8057	genealogy/46183d91_8057.txt
8057	8058	genealogy/872d3620_8058.txt
8058	8059	genealogy/b37204c5_8059.txt
8059	8060	genealogy/3259a85b_8060.txt
8060	8061	genealogy/f6b53288_8061.txt
8061	8062	genealogy/91b19d70_8062.txt
8062	8063	genealogy/2bcd70e8_8063.txt
8063	8064	genealogy/8aec3f02_8064.txt
8064	8065	genealogy/ddbc4109_8065.txt
8065	8066	genealogy/1925b513_8066.txt
8066	8067	genealogy/f1544f95_8067.txt
8067	8068	genealogy/a8fbbbcd_8068.txt
8068	8069	genealogy/6d530126_8069.txt
8069	8070	genealogy/ae945cb9_8070.txt
8070	8071	genealogy/b3625df6_8071.txt
8071	8072	genealogy/0c58f68f_8072.txt
8072	8073	genealogy/68301ea9_8073.txt
8073	8074	genealogy/b905c020_8074.txt
8074	8075	genealogy/ce959726_8075.txt
8075	8076	genealogy/63bee88d_8076.txt
8076	8077	genealogy/c18710e6_8077.txt
8077	8078	genealogy/19202684_8078.txt
8078	8079	genealogy/f0c6c2b9_8079.txt
8079	8080	genealogy/1164a973_8080.txt
8080	8081	genealogy/83c517e5_8081.txt
8081	8082	genealogy/c52fef73_8082.txt
8082	8083	genealogy/cf553100_8083.txt
8083	8084	genealogy/7c186c87_8084.txt
8084	8085	genealogy/7259f56f_8085.txt
8085	8086	genealogy/e8a4d128_8086.txt
8086	8087	genealogy/5a815fff_8087.txt
8087	8088	genealogy/24f1796a_8088.txt
8088	8089	genealogy/be84534b_8089.txt
8089	8090	genealogy/3a54eb43_8090.txt
8090	8091	genealogy/ece44f8e_8091.txt
8091	8092	genealogy/64f63b78_8092.txt
8092	8093	genealogy/75dfa9a4_8093.txt
8093	8094	genealogy/c5d8f0e5_8094.txt
8094	8095	genealogy/7b7c9e9d_8095.txt
8095	8096	genealogy/69297758_8096.txt
8096	8097	genealogy/2e0faed5_8097.txt
8097	8098	genealogy/e3c83a5b_8098.txt
8098	8099	genealogy/853d55ca_8099.txt
8099	8100	genealogy/191768e3_8100.txt
8100	8101	genealogy/274195ad_8101.txt
8101	8102	genealogy/0c0bfc83_8102.txt
8102	8103	genealogy/920e0722_8103.txt
8103	8104	genealogy/7847c6cf_8104.txt
8104	8105	genealogy/0886d039_8105.txt
8105	8106	genealogy/20cfa133_8106.txt
8106	8107	genealogy/15627308_8107.txt
8107	8108	genealogy/65c98fdd_8108.txt
8108	8109	genealogy/1cbdfd28_8109.txt
8109	8110	genealogy/e49a670e_8110.txt
8110	8111	genealogy/6cb71712_8111.txt
8111	8112	genealogy/cc2db95b_8112.txt
8112	8113	genealogy/cf850402_8113.txt
8113	8114	genealogy/f010988f_8114.txt
8114	8115	genealogy/90236de0_8115.txt
8115	8116	genealogy/ca7d3a35_8116.txt
8116	8117	genealogy/107aca65_8117.txt
8117	8118	genealogy/d99bb60e_8118.txt
8118	8119	genealogy/566bc2e5_8119.txt
8119	8120	genealogy/341315c5_8120.txt
8120	8121	genealogy/36998a7b_8121.txt
8121	8122	genealogy/0ab4ebd7_8122.txt
8122	8123	genealogy/743f4aa4_8123.txt
8123	8124	genealogy/891a749f_8124.txt
8124	8125	genealogy/7e0f0b68_8125.txt
8125	8126	genealogy/b89bfafd_8126.txt
8126	8127	genealogy/6fa27f33_8127.txt
8127	8128	genealogy/e58da25f_8128.txt
8128	8129	genealogy/86b7cfe2_8129.txt
8129	8130	genealogy/e3d6050b_8130.txt
8130	8131	genealogy/e849aadc_8131.txt
8131	8132	genealogy/9f7f8b3a_8132.txt
8132	8133	genealogy/568ff53b_8133.txt
8133	8134	genealogy/573f6b08_8134.txt
8134	8135	genealogy/310976bb_8135.txt
8135	8136	genealogy/54806c5c_8136.txt
8136	8137	genealogy/e2f8fba1_8137.txt
8137	8138	genealogy/71d9afbe_8138.txt
8138	8139	genealogy/cb9f75c5_8139.txt
8139	8140	genealogy/84f0d0a2_8140.txt
8140	8141	genealogy/2d9f7564_8141.txt
8141	8142	genealogy/de5cb84c_8142.txt
8142	8143	genealogy/d26b1f0f_8143.txt
8143	8144	genealogy/52b7b8eb_8144.txt
8144	8145	genealogy/eef74633_8145.txt
8145	8146	genealogy/c650f1a9_8146.txt
8146	8147	genealogy/b4d3cd6d_8147.txt
8147	8148	genealogy/bfc9a2f2_8148.txt
8148	8149	genealogy/18e3325f_8149.txt
8149	8150	genealogy/b1c9df6e_8150.txt
8150	8151	genealogy/dd744e73_8151.txt
8151	8152	genealogy/888def96_8152.txt
8152	8153	genealogy/5c573e4d_8153.txt
8153	8154	genealogy/2e28619f_8154.txt
8154	8155	genealogy/a08b8b50_8155.txt
8155	8156	genealogy/969d9031_8156.txt
8156	8157	genealogy/f55cab38_8157.txt
8157	8158	genealogy/cab3ff5d_8158.txt
8158	8159	genealogy/cbb62af6_8159.txt
8159	8160	genealogy/df012690_8160.txt
8160	8161	genealogy/8f4ec371_8161.txt
8161	8162	genealogy/f63f12b2_8162.txt
8162	8163	genealogy/445bbdc7_8163.txt
8163	8164	genealogy/4f87b16c_8164.txt
8164	8165	genealogy/992bcaa8_8165.txt
8165	8166	genealogy/57a624e2_8166.txt
8166	8167	genealogy/2634786e_8167.txt
8167	8168	genealogy/12c193ec_8168.txt
8168	8169	genealogy/f4745361_8169.txt
8169	8170	genealogy/71f38634_8170.txt
8170	8171	genealogy/d3a61749_8171.txt
8171	8172	genealogy/3a2f4a46_8172.txt
8172	8173	genealogy/6bde8c22_8173.txt
8173	8174	genealogy/ebb82eba_8174.txt
8174	8175	genealogy/cb06e9cf_8175.txt
8175	8176	genealogy/65c1b5d3_8176.txt
8176	8177	genealogy/bc17ab83_8177.txt
8177	8178	genealogy/2663d371_8178.txt
8178	8179	genealogy/2eabff52_8179.txt
8179	8180	genealogy/3067fc08_8180.txt
8180	8181	genealogy/c5c726d5_8181.txt
8181	8182	genealogy/3eb7dbf0_8182.txt
8182	8183	genealogy/334c5058_8183.txt
8183	8184	genealogy/d8a24e80_8184.txt
8184	8185	genealogy/0a8dfcb2_8185.txt
8185	8186	genealogy/ed45d221_8186.txt
8186	8187	genealogy/b4729528_8187.txt
8187	8188	genealogy/c51b5c09_8188.txt
8188	8189	genealogy/baf0fe3d_8189.txt
8189	8190	genealogy/fec0cbcf_8190.txt
8190	8191	genealogy/9fa6dd16_8191.txt
8191	8192	genealogy/2fd8cc07_8192.txt
8192	8193	genealogy/c455e3ab_8193.txt
8193	8194	genealogy/e4250e0b_8194.txt
8194	8195	genealogy/ff6aeb6b_8195.txt
8195	8196	genealogy/bbd2fb46_8196.txt
8196	8197	genealogy/006afe8e_8197.txt
8197	8198	genealogy/83ea1a5d_8198.txt
8198	8199	genealogy/c8d1ebd5_8199.txt
8199	8200	genealogy/9e6d3ebd_8200.txt
8200	8201	genealogy/97380274_8201.txt
8201	8202	genealogy/62742ed1_8202.txt
8202	8203	genealogy/9110bf04_8203.txt
8203	8204	genealogy/4a4a36c9_8204.txt
8204	8205	genealogy/96474176_8205.txt
8205	8206	genealogy/0e3a6f0e_8206.txt
8206	8207	genealogy/a64ed592_8207.txt
8207	8208	genealogy/591a4528_8208.txt
8208	8209	genealogy/891ccbb7_8209.txt
8209	8210	genealogy/721e6710_8210.txt
8210	8211	genealogy/9b279d7c_8211.txt
8211	8212	genealogy/e3255f9c_8212.txt
8212	8213	genealogy/435bca9e_8213.txt
8213	8214	genealogy/0aa41632_8214.txt
8214	8215	genealogy/59e8d6b0_8215.txt
8215	8216	genealogy/681588d6_8216.txt
8216	8217	genealogy/10fbb721_8217.txt
8217	8218	genealogy/6ed4c386_8218.txt
8218	8219	genealogy/dae2fdb1_8219.txt
8219	8220	genealogy/124bb376_8220.txt
8220	8221	genealogy/9835de76_8221.txt
8221	8222	genealogy/e3f1240d_8222.txt
8222	8223	genealogy/dfd9edff_8223.txt
8223	8224	genealogy/35e3060b_8224.txt
8224	8225	genealogy/64610da2_8225.txt
8225	8226	genealogy/8c2846ab_8226.txt
8226	8227	genealogy/82aaffd8_8227.txt
8227	8228	genealogy/b222cd6c_8228.txt
8228	8229	genealogy/89673345_8229.txt
8229	8230	genealogy/07a1dfbc_8230.txt
8230	8231	genealogy/b518ba1c_8231.txt
8231	8232	genealogy/240f38b1_8232.txt
8232	8233	genealogy/414a1c64_8233.txt
8233	8234	genealogy/8cbbaa84_8234.txt
8234	8235	genealogy/4fbbfebb_8235.txt
8235	8236	genealogy/8dfcf0c6_8236.txt
8236	8237	genealogy/65c723b0_8237.txt
8237	8238	genealogy/d8c6b0ce_8238.txt
8238	8239	genealogy/d607dd96_8239.txt
8239	8240	genealogy/5c0674c6_8240.txt
8240	8241	genealogy/7ce9ee51_8241.txt
8241	8242	genealogy/b152952e_8242.txt
8242	8243	genealogy/326e2409_8243.txt
8243	8244	genealogy/688db066_8244.txt
8244	8245	genealogy/dc909c5e_8245.txt
8245	8246	genealogy/4bc8ea83_8246.txt
8246	8247	genealogy/ae260f0f_8247.txt
8247	8248	genealogy/f7547663_8248.txt
8248	8249	genealogy/883d5f43_8249.txt
8249	8250	genealogy/460bb1f6_8250.txt
8250	8251	genealogy/90f6a747_8251.txt
8251	8252	genealogy/d387bce5_8252.txt
8252	8253	genealogy/a46ad015_8253.txt
8253	8254	genealogy/2f50ad27_8254.txt
8254	8255	genealogy/b0fe579d_8255.txt
8255	8256	genealogy/7c3c58ff_8256.txt
8256	8257	genealogy/181fef1b_8257.txt
8257	8258	genealogy/e343f6a8_8258.txt
8258	8259	genealogy/d9e531b3_8259.txt
8259	8260	genealogy/ff0d660d_8260.txt
8260	8261	genealogy/2b8e77dc_8261.txt
8261	8262	genealogy/10eda222_8262.txt
8262	8263	genealogy/ce707f6a_8263.txt
8263	8264	genealogy/00c79fa3_8264.txt
8264	8265	genealogy/e2dc5e93_8265.txt
8265	8266	genealogy/6e49545b_8266.txt
8266	8267	genealogy/16c536f0_8267.txt
8267	8268	genealogy/660cc529_8268.txt
8268	8269	genealogy/e76a8b93_8269.txt
8269	8270	genealogy/6c8ad082_8270.txt
8270	8271	genealogy/8f055a1c_8271.txt
8271	8272	genealogy/17d388bf_8272.txt
8272	8273	genealogy/d76fe78b_8273.txt
8273	8274	genealogy/cf560f5e_8274.txt
8274	8275	genealogy/7a760d0c_8275.txt
8275	8276	genealogy/fc6db97b_8276.txt
8276	8277	genealogy/ff6b58d8_8277.txt
8277	8278	genealogy/3d1a9f03_8278.txt
8278	8279	genealogy/3c720aec_8279.txt
8279	8280	genealogy/a229b29f_8280.txt
8280	8281	genealogy/63d3e6a0_8281.txt
8281	8282	genealogy/d5498f79_8282.txt
8282	8283	genealogy/6395c2e2_8283.txt
8283	8284	genealogy/cdc3f9b1_8284.txt
8284	8285	genealogy/677e5ad2_8285.txt
8285	8286	genealogy/35c5b384_8286.txt
8286	8287	genealogy/30457843_8287.txt
8287	8288	genealogy/46ca0924_8288.txt
8288	8289	genealogy/b3a27d7e_8289.txt
8289	8290	genealogy/ad7c1056_8290.txt
8290	8291	genealogy/27f727a0_8291.txt
8291	8292	genealogy/099efae5_8292.txt
8292	8293	genealogy/7e717d2a_8293.txt
8293	8294	genealogy/ef93b236_8294.txt
8294	8295	genealogy/a5bf5c59_8295.txt
8295	8296	genealogy/f0da3f57_8296.txt
8296	8297	genealogy/ceca95f0_8297.txt
8297	8298	genealogy/e64b92a2_8298.txt
8298	8299	genealogy/6caa17cf_8299.txt
8299	8300	genealogy/e1907f84_8300.txt
8300	8301	genealogy/1dae355e_8301.txt
8301	8302	genealogy/95d2f28b_8302.txt
8302	8303	genealogy/8d1f2eb6_8303.txt
8303	8304	genealogy/78d7b2e8_8304.txt
8304	8305	genealogy/37aade2a_8305.txt
8305	8306	genealogy/498993fc_8306.txt
8306	8307	genealogy/67b8b77e_8307.txt
8307	8308	genealogy/79fc107c_8308.txt
8308	8309	genealogy/f95b08eb_8309.txt
8309	8310	genealogy/12629368_8310.txt
8310	8311	genealogy/5f8f5cab_8311.txt
8311	8312	genealogy/31be852f_8312.txt
8312	8313	genealogy/cbb57d34_8313.txt
8313	8314	genealogy/da3975f6_8314.txt
8314	8315	genealogy/7d59375e_8315.txt
8315	8316	genealogy/6d444f3d_8316.txt
8316	8317	genealogy/4d7ef748_8317.txt
8317	8318	genealogy/43240806_8318.txt
8318	8319	genealogy/81f4d49c_8319.txt
8319	8320	genealogy/f30212ea_8320.txt
8320	8321	genealogy/2b0665fc_8321.txt
8321	8322	genealogy/322f08c1_8322.txt
8322	8323	genealogy/57561cdb_8323.txt
8323	8324	genealogy/53784f88_8324.txt
8324	8325	genealogy/f65d1ded_8325.txt
8325	8326	genealogy/fa5eb8d8_8326.txt
8326	8327	genealogy/6e54fd7c_8327.txt
8327	8328	genealogy/4362d837_8328.txt
8328	8329	genealogy/e53284f9_8329.txt
8329	8330	genealogy/339a644b_8330.txt
8330	8331	genealogy/38d60078_8331.txt
8331	8332	genealogy/050d0af2_8332.txt
8332	8333	genealogy/66ebce46_8333.txt
8333	8334	genealogy/f583452e_8334.txt
8334	8335	genealogy/d87ccd7d_8335.txt
8335	8336	genealogy/bf84a539_8336.txt
8336	8337	genealogy/7f4d9066_8337.txt
8337	8338	genealogy/757a4b30_8338.txt
8338	8339	genealogy/bb64afa3_8339.txt
8339	8340	genealogy/f0850de0_8340.txt
8340	8341	genealogy/c20292e8_8341.txt
8341	8342	genealogy/dc967525_8342.txt
8342	8343	genealogy/e66d6bd3_8343.txt
8343	8344	genealogy/cf3fc116_8344.txt
8344	8345	genealogy/0039a46a_8345.txt
8345	8346	genealogy/b85acaa7_8346.txt
8346	8347	genealogy/264ad68a_8347.txt
8347	8348	genealogy/65dd115c_8348.txt
8348	8349	genealogy/6e7932c0_8349.txt
8349	8350	genealogy/52f7f934_8350.txt
8350	8351	genealogy/fdd1801b_8351.txt
8351	8352	genealogy/aabb46c1_8352.txt
8352	8353	genealogy/6d5b0541_8353.txt
8353	8354	genealogy/192ba5bc_8354.txt
8354	8355	genealogy/6b9ab339_8355.txt
8355	8356	genealogy/e73973e6_8356.txt
8356	8357	genealogy/4cc6f777_8357.txt
8357	8358	genealogy/706dc63f_8358.txt
8358	8359	genealogy/b61c9be6_8359.txt
8359	8360	genealogy/533f8ff5_8360.txt
8360	8361	genealogy/681fc360_8361.txt
8361	8362	genealogy/70c70ae1_8362.txt
8362	8363	genealogy/3e0c6c30_8363.txt
8363	8364	genealogy/8c6a4d60_8364.txt
8364	8365	genealogy/59b06aa8_8365.txt
8365	8366	genealogy/2fe41f7d_8366.txt
8366	8367	genealogy/3bba2223_8367.txt
8367	8368	genealogy/0df306c3_8368.txt
8368	8369	genealogy/8d79d407_8369.txt
8369	8370	genealogy/6dcbdf8c_8370.txt
8370	8371	genealogy/8a22aa3f_8371.txt
8371	8372	genealogy/65fc1777_8372.txt
8372	8373	genealogy/01c2d208_8373.txt
8373	8374	genealogy/bac1f1b2_8374.txt
8374	8375	genealogy/0b75105a_8375.txt
8375	8376	genealogy/6aa35d96_8376.txt
8376	8377	genealogy/9ebf1297_8377.txt
8377	8378	genealogy/5898689e_8378.txt
8378	8379	genealogy/c3068726_8379.txt
8379	8380	genealogy/ba7fa566_8380.txt
8380	8381	genealogy/beeb2658_8381.txt
8381	8382	genealogy/ea67c903_8382.txt
8382	8383	genealogy/5a9de415_8383.txt
8383	8384	genealogy/f76175ec_8384.txt
8384	8385	genealogy/30dd05fd_8385.txt
8385	8386	genealogy/bbb7a0cd_8386.txt
8386	8387	genealogy/53f40a9e_8387.txt
8387	8388	genealogy/d335980d_8388.txt
8388	8389	genealogy/f37fbbc2_8389.txt
8389	8390	genealogy/65bc75b3_8390.txt
8390	8391	genealogy/7f8c76e8_8391.txt
8391	8392	genealogy/c5a15f35_8392.txt
8392	8393	genealogy/17695ee8_8393.txt
8393	8394	genealogy/69c1b247_8394.txt
8394	8395	genealogy/8af00672_8395.txt
8395	8396	genealogy/bcdca7d8_8396.txt
8396	8397	genealogy/a2db7823_8397.txt
8397	8398	genealogy/33a83a50_8398.txt
8398	8399	genealogy/a1d1256b_8399.txt
8399	8400	genealogy/5c935d0b_8400.txt
8400	8401	genealogy/6cf59ae4_8401.txt
8401	8402	genealogy/32218326_8402.txt
8402	8403	genealogy/847bf338_8403.txt
8403	8404	genealogy/4995b2fc_8404.txt
8404	8405	genealogy/48c330a9_8405.txt
8405	8406	genealogy/d5194eed_8406.txt
8406	8407	genealogy/bf5e0429_8407.txt
8407	8408	genealogy/2542f2bd_8408.txt
8408	8409	genealogy/55358ca2_8409.txt
8409	8410	genealogy/58a05174_8410.txt
8410	8411	genealogy/f447006a_8411.txt
8411	8412	genealogy/8c533781_8412.txt
8412	8413	genealogy/3bcae4a0_8413.txt
8413	8414	genealogy/cece3587_8414.txt
8414	8415	genealogy/33c7a395_8415.txt
8415	8416	genealogy/b9236df0_8416.txt
8416	8417	genealogy/1a58a963_8417.txt
8417	8418	genealogy/fa66ef8d_8418.txt
8418	8419	genealogy/ac0b8ae7_8419.txt
8419	8420	genealogy/0afaf3fa_8420.txt
8420	8421	genealogy/be592d31_8421.txt
8421	8422	genealogy/5619090c_8422.txt
8422	8423	genealogy/9bad3f17_8423.txt
8423	8424	genealogy/adc92c41_8424.txt
8424	8425	genealogy/c9d9ecb0_8425.txt
8425	8426	genealogy/940fafec_8426.txt
8426	8427	genealogy/1309c3e7_8427.txt
8427	8428	genealogy/08ab6321_8428.txt
8428	8429	genealogy/7719ba44_8429.txt
8429	8430	genealogy/419d8c22_8430.txt
8430	8431	genealogy/92ec52a3_8431.txt
8431	8432	genealogy/0069beb2_8432.txt
8432	8433	genealogy/e9489648_8433.txt
8433	8434	genealogy/7fc9051f_8434.txt
8434	8435	genealogy/aa19fbbc_8435.txt
8435	8436	genealogy/1aa70ccd_8436.txt
8436	8437	genealogy/ba718ef3_8437.txt
8437	8438	genealogy/d88409be_8438.txt
8438	8439	genealogy/2aeaaa8a_8439.txt
8439	8440	genealogy/70cf4f89_8440.txt
8440	8441	genealogy/b1a8125d_8441.txt
8441	8442	genealogy/ae303671_8442.txt
8442	8443	genealogy/ee36f44d_8443.txt
8443	8444	genealogy/1cd0fba3_8444.txt
8444	8445	genealogy/e1d8bf6b_8445.txt
8445	8446	genealogy/771bec9e_8446.txt
8446	8447	genealogy/d82a6fce_8447.txt
8447	8448	genealogy/00c41e93_8448.txt
8448	8449	genealogy/d7df5650_8449.txt
8449	8450	genealogy/4ed928a3_8450.txt
8450	8451	genealogy/c1381cdd_8451.txt
8451	8452	genealogy/c408f6b6_8452.txt
8452	8453	genealogy/71124276_8453.txt
8453	8454	genealogy/4386a43b_8454.txt
8454	8455	genealogy/8b35ca47_8455.txt
8455	8456	genealogy/a5437c0f_8456.txt
8456	8457	genealogy/c9dc3ea9_8457.txt
8457	8458	genealogy/fbbd82b3_8458.txt
8458	8459	genealogy/78266b47_8459.txt
8459	8460	genealogy/edabe4bf_8460.txt
8460	8461	genealogy/2ef46306_8461.txt
8461	8462	genealogy/5cebd8c2_8462.txt
8462	8463	genealogy/4b2dd817_8463.txt
8463	8464	genealogy/eb017c64_8464.txt
8464	8465	genealogy/d246d054_8465.txt
8465	8466	genealogy/9ad18bdc_8466.txt
8466	8467	genealogy/470f1014_8467.txt
8467	8468	genealogy/ce08e2b0_8468.txt
8468	8469	genealogy/92b66816_8469.txt
8469	8470	genealogy/c7aa432f_8470.txt
8470	8471	genealogy/f877b4e3_8471.txt
8471	8472	genealogy/19903320_8472.txt
8472	8473	genealogy/6cab89bb_8473.txt
8473	8474	genealogy/8c4d57dc_8474.txt
8474	8475	genealogy/e8e027c7_8475.txt
8475	8476	genealogy/092aa7e3_8476.txt
8476	8477	genealogy/b178207f_8477.txt
8477	8478	genealogy/0a39c2d9_8478.txt
8478	8479	genealogy/a5b9deb5_8479.txt
8479	8480	genealogy/d4b684ca_8480.txt
8480	8481	genealogy/2b87e888_8481.txt
8481	8482	genealogy/c7863086_8482.txt
8482	8483	genealogy/b0243ee4_8483.txt
8483	8484	genealogy/d605b37e_8484.txt
8484	8485	genealogy/842feace_8485.txt
8485	8486	genealogy/8d19e7ed_8486.txt
8486	8487	genealogy/9ee13d19_8487.txt
8487	8488	genealogy/42618d95_8488.txt
8488	8489	genealogy/b09e7b60_8489.txt
8489	8490	genealogy/02d31241_8490.txt
8490	8491	genealogy/58564878_8491.txt
8491	8492	genealogy/bf390b5b_8492.txt
8492	8493	genealogy/1e197388_8493.txt
8493	8494	genealogy/7df48658_8494.txt
8494	8495	genealogy/65746bf1_8495.txt
8495	8496	genealogy/4ec43ac0_8496.txt
8496	8497	genealogy/8bd8dccb_8497.txt
8497	8498	genealogy/e5e0fb7b_8498.txt
8498	8499	genealogy/abc3cdd8_8499.txt
8499	8500	genealogy/80c7be0d_8500.txt
8500	8501	genealogy/1504f242_8501.txt
8501	8502	genealogy/7216f209_8502.txt
8502	8503	genealogy/3e3b09af_8503.txt
8503	8504	genealogy/ee8e7175_8504.txt
8504	8505	genealogy/7e03c904_8505.txt
8505	8506	genealogy/d59b3cf0_8506.txt
8506	8507	genealogy/6ea38404_8507.txt
8507	8508	genealogy/6253eca5_8508.txt
8508	8509	genealogy/065a4ea6_8509.txt
8509	8510	genealogy/53b2f629_8510.txt
8510	8511	genealogy/9f60ac75_8511.txt
8511	8512	genealogy/7e113d94_8512.txt
8512	8513	genealogy/fa798e1a_8513.txt
8513	8514	genealogy/057be774_8514.txt
8514	8515	genealogy/e76a5504_8515.txt
8515	8516	genealogy/fa8ce896_8516.txt
8516	8517	genealogy/16c0ac76_8517.txt
8517	8518	genealogy/91d117cc_8518.txt
8518	8519	genealogy/82616f6c_8519.txt
8519	8520	genealogy/7dcf42db_8520.txt
8520	8521	genealogy/f9214408_8521.txt
8521	8522	genealogy/6eeabb57_8522.txt
8522	8523	genealogy/e10027e1_8523.txt
8523	8524	genealogy/9c4159df_8524.txt
8524	8525	genealogy/bb80987c_8525.txt
8525	8526	genealogy/c0677c79_8526.txt
8526	8527	genealogy/80d1afc3_8527.txt
8527	8528	genealogy/b7c9479d_8528.txt
8528	8529	genealogy/c80e46fb_8529.txt
8529	8530	genealogy/e5b2ba70_8530.txt
8530	8531	genealogy/947af1ed_8531.txt
8531	8532	genealogy/ae59844a_8532.txt
8532	8533	genealogy/1c22e4ee_8533.txt
8533	8534	genealogy/ec597810_8534.txt
8534	8535	genealogy/4e5ad3fa_8535.txt
8535	8536	genealogy/c84612b5_8536.txt
8536	8537	genealogy/ddead97e_8537.txt
8537	8538	genealogy/7420de86_8538.txt
8538	8539	genealogy/c28056c0_8539.txt
8539	8540	genealogy/26b90410_8540.txt
8540	8541	genealogy/99e22a9d_8541.txt
8541	8542	genealogy/934edb76_8542.txt
8542	8543	genealogy/05ffb36f_8543.txt
8543	8544	genealogy/b64736de_8544.txt
8544	8545	genealogy/62a31f5f_8545.txt
8545	8546	genealogy/cb907574_8546.txt
8546	8547	genealogy/bc7e2962_8547.txt
8547	8548	genealogy/ab549fd2_8548.txt
8548	8549	genealogy/689f35fc_8549.txt
8549	8550	genealogy/a27ae4f6_8550.txt
8550	8551	genealogy/68af9f73_8551.txt
8551	8552	genealogy/2214ca69_8552.txt
8552	8553	genealogy/f56b20a6_8553.txt
8553	8554	genealogy/4a697dc8_8554.txt
8554	8555	genealogy/ae672ac9_8555.txt
8555	8556	genealogy/e9dae807_8556.txt
8556	8557	genealogy/d218dbab_8557.txt
8557	8558	genealogy/2a4d0aa7_8558.txt
8558	8559	genealogy/e3d9d13d_8559.txt
8559	8560	genealogy/3a5041bd_8560.txt
8560	8561	genealogy/0dfdc696_8561.txt
8561	8562	genealogy/40039f73_8562.txt
8562	8563	genealogy/d3dabea2_8563.txt
8563	8564	genealogy/544b28d7_8564.txt
8564	8565	genealogy/f7cf6c4c_8565.txt
8565	8566	genealogy/19a744c0_8566.txt
8566	8567	genealogy/c43ca4b8_8567.txt
8567	8568	genealogy/959742f9_8568.txt
8568	8569	genealogy/bf7ac425_8569.txt
8569	8570	genealogy/858fdc30_8570.txt
8570	8571	genealogy/77bd0f54_8571.txt
8571	8572	genealogy/16f7415e_8572.txt
8572	8573	genealogy/16d47b60_8573.txt
8573	8574	genealogy/86c18758_8574.txt
8574	8575	genealogy/78d14da2_8575.txt
8575	8576	genealogy/c327b627_8576.txt
8576	8577	genealogy/df787642_8577.txt
8577	8578	genealogy/89af61c1_8578.txt
8578	8579	genealogy/c97be470_8579.txt
8579	8580	genealogy/0ab0c7db_8580.txt
8580	8581	genealogy/3ea34f6d_8581.txt
8581	8582	genealogy/b1ed7067_8582.txt
8582	8583	genealogy/f3b8b68f_8583.txt
8583	8584	genealogy/b619eb72_8584.txt
8584	8585	genealogy/4d37b6b1_8585.txt
8585	8586	genealogy/3a95e33e_8586.txt
8586	8587	genealogy/c53bfcb3_8587.txt
8587	8588	genealogy/b6fce680_8588.txt
8588	8589	genealogy/850fc811_8589.txt
8589	8590	genealogy/f8a190fd_8590.txt
8590	8591	genealogy/a2335509_8591.txt
8591	8592	genealogy/d2250b73_8592.txt
8592	8593	genealogy/835f0ef9_8593.txt
8593	8594	genealogy/b8ea73a2_8594.txt
8594	8595	genealogy/a29734ef_8595.txt
8595	8596	genealogy/338e8462_8596.txt
8596	8597	genealogy/cb822da5_8597.txt
8597	8598	genealogy/7195405d_8598.txt
8598	8599	genealogy/6fc148e9_8599.txt
8599	8600	genealogy/ad8843b5_8600.txt
8600	8601	genealogy/e43958fb_8601.txt
8601	8602	genealogy/5fecb31b_8602.txt
8602	8603	genealogy/768fe966_8603.txt
8603	8604	genealogy/65f77f85_8604.txt
8604	8605	genealogy/bf02476f_8605.txt
8605	8606	genealogy/d7215295_8606.txt
8606	8607	genealogy/a18830c6_8607.txt
8607	8608	genealogy/187f4a25_8608.txt
8608	8609	genealogy/6309ddcf_8609.txt
8609	8610	genealogy/ce3ea850_8610.txt
8610	8611	genealogy/8dfae61c_8611.txt
8611	8612	genealogy/a82772db_8612.txt
8612	8613	genealogy/e61c0b59_8613.txt
8613	8614	genealogy/74a83908_8614.txt
8614	8615	genealogy/f55c56a7_8615.txt
8615	8616	genealogy/0e65998e_8616.txt
8616	8617	genealogy/19de5b37_8617.txt
8617	8618	genealogy/b4e9ec2b_8618.txt
8618	8619	genealogy/0bc8e572_8619.txt
8619	8620	genealogy/57237f94_8620.txt
8620	8621	genealogy/6bad5c3f_8621.txt
8621	8622	genealogy/340c01c9_8622.txt
8622	8623	genealogy/cd0b7e4e_8623.txt
8623	8624	genealogy/94d66657_8624.txt
8624	8625	genealogy/4f914117_8625.txt
8625	8626	genealogy/0ac34fa7_8626.txt
8626	8627	genealogy/d293418e_8627.txt
8627	8628	genealogy/bbbbd158_8628.txt
8628	8629	genealogy/c5c34deb_8629.txt
8629	8630	genealogy/10652784_8630.txt
8630	8631	genealogy/f5219757_8631.txt
8631	8632	genealogy/442c309c_8632.txt
8632	8633	genealogy/94d66657_8633.txt
8633	8634	genealogy/94d66657_8634.txt
8634	8635	genealogy/e72a3983_8635.txt
8635	8636	genealogy/20e69809_8636.txt
8636	8637	genealogy/333b179c_8637.txt
8637	8638	genealogy/4ff70515_8638.txt
8638	8639	genealogy/15b8ceb0_8639.txt
8639	8640	genealogy/94d66657_8640.txt
8640	8641	genealogy/c9505d13_8641.txt
8641	8642	genealogy/94d66657_8642.txt
8642	8643	genealogy/76a2c919_8643.txt
8643	8644	genealogy/e938e50f_8644.txt
8644	8645	genealogy/5f90e8a6_8645.txt
8645	8646	genealogy/40da73e1_8646.txt
8646	8647	genealogy/af26edb1_8647.txt
8647	8648	genealogy/b3220f9f_8648.txt
8648	8649	genealogy/3db59743_8649.txt
8649	8650	genealogy/94d66657_8650.txt
8650	8651	genealogy/ba4c3cae_8651.txt
8651	8652	genealogy/f85d44fb_8652.txt
8652	8653	genealogy/849375e4_8653.txt
8653	8654	genealogy/b66b27e8_8654.txt
8654	8655	genealogy/bd466137_8655.txt
8655	8656	genealogy/8353f768_8656.txt
8656	8657	genealogy/c9e4cb2d_8657.txt
8657	8658	genealogy/39e63c12_8658.txt
8658	8659	genealogy/94d66657_8659.txt
8659	8660	genealogy/9d3ba3eb_8660.txt
8660	8661	genealogy/dfbe46ad_8661.txt
8661	8662	genealogy/506221c0_8662.txt
8662	8663	genealogy/7f55e1c2_8663.txt
8663	8664	genealogy/c80bba9e_8664.txt
8664	8665	genealogy/a4ceb4d2_8665.txt
8665	8666	genealogy/32979468_8666.txt
8666	8667	genealogy/1ffb5778_8667.txt
8667	8668	genealogy/6d77be37_8668.txt
8668	8669	genealogy/3e76ee15_8669.txt
8669	8670	genealogy/54520fd9_8670.txt
8670	8671	genealogy/54520fd9_8671.txt
8671	8672	genealogy/54520fd9_8672.txt
8672	8673	genealogy/54520fd9_8673.txt
8673	8674	genealogy/54520fd9_8674.txt
8674	8675	genealogy/54520fd9_8675.txt
8675	8676	genealogy/8a5951f3_8676.txt
8676	8677	genealogy/344991f8_8677.txt
8677	8678	genealogy/975b99bd_8678.txt
8678	8679	genealogy/c169a8d0_8679.txt
8679	8680	genealogy/f73891ce_8680.txt
8680	8681	genealogy/acb931ec_8681.txt
8681	8682	genealogy/968f4039_8682.txt
8682	8683	genealogy/1afbfe35_8683.txt
8683	8684	genealogy/5884037e_8684.txt
8684	8685	genealogy/82a1be28_8685.txt
8685	8686	genealogy/6b783ada_8686.txt
8686	8687	genealogy/0155ef19_8687.txt
8687	8688	genealogy/561a94ad_8688.txt
8688	8689	genealogy/3b6036e4_8689.txt
8689	8690	genealogy/9198d949_8690.txt
8690	8691	genealogy/7f51a00c_8691.txt
8691	8692	genealogy/9074c194_8692.txt
8692	8693	genealogy/7dd4b8d6_8693.txt
8693	8694	genealogy/43abd62b_8694.txt
8694	8695	genealogy/e6fcd87c_8695.txt
8695	8696	genealogy/88b9b976_8696.txt
8696	8697	genealogy/971198ff_8697.txt
8697	8698	genealogy/d2307024_8698.txt
8698	8699	genealogy/08cd63dc_8699.txt
8699	8700	genealogy/94d66657_8700.txt
8700	8701	genealogy/4dbe8409_8701.txt
8701	8702	genealogy/1b71b491_8702.txt
8702	8703	genealogy/818d4f86_8703.txt
8703	8704	genealogy/cb99271f_8704.txt
8704	8705	genealogy/40c259da_8705.txt
8705	8706	genealogy/267c2f68_8706.txt
8706	8707	genealogy/cc68d0c3_8707.txt
8707	8708	genealogy/c53b19a8_8708.txt
8708	8709	genealogy/236680a2_8709.txt
8709	8710	genealogy/e9ba8ae3_8710.txt
8710	8711	genealogy/5ec3abad_8711.txt
8711	8712	genealogy/0426da3e_8712.txt
8712	8713	genealogy/93486bf2_8713.txt
8713	8714	genealogy/fd41dadb_8714.txt
8714	8715	genealogy/4fd40e49_8715.txt
8715	8716	genealogy/75518652_8716.txt
8716	8717	genealogy/75518652_8717.txt
8717	8718	genealogy/1cc5da3f_8718.txt
8718	8719	genealogy/0f6ce097_8719.txt
8719	8720	genealogy/056b832e_8720.txt
8720	8721	genealogy/83fc1158_8721.txt
8721	8722	genealogy/d28e89ee_8722.txt
8722	8723	genealogy/e3786279_8723.txt
8723	8724	genealogy/642c6873_8724.txt
8724	8725	genealogy/75924829_8725.txt
8725	8726	genealogy/e6538c2a_8726.txt
8726	8727	genealogy/2822aef1_8727.txt
8727	8728	genealogy/0061086a_8728.txt
8728	8729	genealogy/b053cd18_8729.txt
8729	8730	genealogy/a98b7dcc_8730.txt
8730	8731	genealogy/fa7e0311_8731.txt
8731	8732	genealogy/8aec496b_8732.txt
8732	8733	genealogy/8e2575e3_8733.txt
8733	8734	genealogy/dcc1fbc0_8734.txt
8734	8735	genealogy/a9888245_8735.txt
8735	8736	genealogy/f8148e11_8736.txt
8736	8737	genealogy/f1544f95_8737.txt
8737	8738	genealogy/7b92ca77_8738.txt
8738	8739	genealogy/8729c686_8739.txt
8739	8740	genealogy/1871766a_8740.txt
8740	8741	genealogy/6d7b166e_8741.txt
8741	8742	genealogy/c98ba4eb_8742.txt
8742	8743	genealogy/5cb21b7c_8743.txt
8743	8744	genealogy/aeeba42e_8744.txt
8744	8745	genealogy/16933d67_8745.txt
8745	8746	genealogy/471508dc_8746.txt
8746	8747	genealogy/61d61e3b_8747.txt
8747	8748	genealogy/fa09e976_8748.txt
8748	8749	genealogy/0248caed_8749.txt
8749	8750	genealogy/e1a6d49b_8750.txt
8750	8751	genealogy/19290c36_8751.txt
8751	8752	genealogy/eea4cc31_8752.txt
8752	8753	genealogy/da22dfdf_8753.txt
8753	8754	genealogy/ff4e42e6_8754.txt
8754	8755	genealogy/f4f182a4_8755.txt
8755	8756	genealogy/8148c6c1_8756.txt
8756	8757	genealogy/3c071ff3_8757.txt
8757	8758	genealogy/78ade627_8758.txt
8758	8759	genealogy/10ed79ec_8759.txt
8759	8760	genealogy/c3e4c0e0_8760.txt
8760	8761	genealogy/e0e8f69c_8761.txt
8761	8762	genealogy/f10f66a5_8762.txt
8762	8763	genealogy/21a5d5c2_8763.txt
8763	8764	genealogy/32f509eb_8764.txt
8764	8765	genealogy/04832c01_8765.txt
8765	8766	genealogy/b1297af1_8766.txt
8766	8767	genealogy/2c0b3984_8767.txt
8767	8768	genealogy/7283698b_8768.txt
8768	8769	genealogy/a72be2f9_8769.txt
8769	8770	genealogy/6ff3f514_8770.txt
8770	8771	genealogy/756f4112_8771.txt
8771	8772	genealogy/91e45f4b_8772.txt
8772	8773	genealogy/9181e7fd_8773.txt
8773	8774	genealogy/4278af33_8774.txt
8774	8775	genealogy/36180fa5_8775.txt
8775	8776	genealogy/7c148b03_8776.txt
8776	8777	genealogy/906c0fed_8777.txt
8777	8778	genealogy/ddda393b_8778.txt
8778	8779	genealogy/53524687_8779.txt
8779	8780	genealogy/7237c655_8780.txt
8780	8781	genealogy/093054b6_8781.txt
8781	8782	genealogy/4c0b30a5_8782.txt
8782	8783	genealogy/0e502a55_8783.txt
8783	8784	genealogy/07d2443c_8784.txt
8784	8785	genealogy/fae9f09c_8785.txt
8785	8786	genealogy/44759df7_8786.txt
8786	8787	genealogy/08d6f109_8787.txt
8787	8788	genealogy/3cfb2ba8_8788.txt
8788	8789	genealogy/74a29f46_8789.txt
8789	8790	genealogy/65014d16_8790.txt
8790	8791	genealogy/53829cca_8791.txt
8791	8792	genealogy/e52636a0_8792.txt
8792	8793	genealogy/118be816_8793.txt
8793	8794	genealogy/488db9e4_8794.txt
8794	8795	genealogy/1bd4f0d8_8795.txt
8795	8796	genealogy/c419f58f_8796.txt
8796	8797	genealogy/b4d5d617_8797.txt
8797	8798	genealogy/b6bcfd22_8798.txt
8798	8799	genealogy/cadc9a6a_8799.txt
8799	8800	genealogy/f9d97efb_8800.txt
8800	8801	genealogy/b92077a8_8801.txt
8801	8802	genealogy/cdb83b30_8802.txt
8802	8803	genealogy/73f5c651_8803.txt
8803	8804	genealogy/73f5c651_8804.txt
8804	8805	genealogy/a58a20f5_8805.txt
8805	8806	genealogy/a58a20f5_8806.txt
8806	8807	genealogy/2329aff5_8807.txt
8807	8808	genealogy/48bb84cb_8808.txt
8808	8809	genealogy/a7773683_8809.txt
8809	8810	genealogy/b30edc7b_8810.txt
8810	8811	genealogy/f0983961_8811.txt
8811	8812	genealogy/8157899c_8812.txt
8812	8813	genealogy/74c86278_8813.txt
8813	8814	genealogy/84f5ff1b_8814.txt
8814	8815	genealogy/6dcb0f3f_8815.txt
8815	8816	genealogy/45e618da_8816.txt
8816	8817	genealogy/53703466_8817.txt
8817	8818	genealogy/47f29b5d_8818.txt
8818	8819	genealogy/2d109433_8819.txt
8819	8820	genealogy/da8589ed_8820.txt
8820	8821	genealogy/f6e23ff7_8821.txt
8821	8822	genealogy/54ba48df_8822.txt
8822	8823	genealogy/b8c10e1c_8823.txt
8823	8824	genealogy/7f394987_8824.txt
8824	8825	genealogy/b3923f18_8825.txt
8825	8826	genealogy/2a60d490_8826.txt
8826	8827	genealogy/d2337883_8827.txt
8827	8828	genealogy/421a77ee_8828.txt
8828	8829	genealogy/5df3f651_8829.txt
8829	8830	genealogy/28ef9f48_8830.txt
8830	8831	genealogy/677c5dc1_8831.txt
8831	8832	genealogy/b8d21112_8832.txt
8832	8833	genealogy/63f3dbc1_8833.txt
8833	8834	genealogy/075e7447_8834.txt
8834	8835	genealogy/074724d4_8835.txt
8835	8836	genealogy/acf9fbf0_8836.txt
8836	8837	genealogy/471d5a24_8837.txt
8837	8838	genealogy/5cc4543c_8838.txt
8838	8839	genealogy/0de1c0cd_8839.txt
8839	8840	genealogy/f0276984_8840.txt
8840	8841	genealogy/3dfa4bfa_8841.txt
8841	8842	genealogy/db7d0252_8842.txt
8842	8843	genealogy/9f4100a2_8843.txt
8843	8844	genealogy/89ac183f_8844.txt
8844	8845	genealogy/0d560c01_8845.txt
8845	8846	genealogy/98ad0b5c_8846.txt
8846	8847	genealogy/5a3f431f_8847.txt
8847	8848	genealogy/7a2e49ed_8848.txt
8848	8849	genealogy/c68f95a8_8849.txt
8849	8850	genealogy/4b95a12c_8850.txt
8850	8851	genealogy/4b95a12c_8851.txt
8851	8852	genealogy/189c89eb_8852.txt
8852	8853	genealogy/7b5cd0cc_8853.txt
8853	8854	genealogy/44de64e0_8854.txt
8854	8855	genealogy/327fd9a5_8855.txt
8855	8856	genealogy/ca5fbcb0_8856.txt
8856	8857	genealogy/70aaf8f4_8857.txt
8857	8858	genealogy/44d5a564_8858.txt
8858	8859	genealogy/8945b492_8859.txt
8859	8860	genealogy/5530f5b8_8860.txt
8860	8861	genealogy/d67b2c3d_8861.txt
8861	8862	genealogy/1d730450_8862.txt
8862	8863	genealogy/119ec83b_8863.txt
8863	8864	genealogy/fcbc8c9e_8864.txt
8864	8865	genealogy/65760fed_8865.txt
8865	8866	genealogy/9aa96085_8866.txt
8866	8867	genealogy/2673ca82_8867.txt
8867	8868	genealogy/079150ac_8868.txt
8868	8869	genealogy/632f2c47_8869.txt
8869	8870	genealogy/12a5b64e_8870.txt
8870	8871	genealogy/84b25030_8871.txt
8871	8872	genealogy/55af2530_8872.txt
8872	8873	genealogy/c5847a0f_8873.txt
8873	8874	genealogy/909d3529_8874.txt
8874	8875	genealogy/b05c1a14_8875.txt
8875	8876	genealogy/fb880055_8876.txt
8876	8877	genealogy/0d57cc57_8877.txt
8877	8878	genealogy/4a4111ec_8878.txt
8878	8879	genealogy/59f3172e_8879.txt
8879	8880	genealogy/d934b8bc_8880.txt
8880	8881	genealogy/303e5f76_8881.txt
8881	8882	genealogy/1f5d3da4_8882.txt
8882	8883	genealogy/b16bf2db_8883.txt
8883	8884	genealogy/f9dc0dcf_8884.txt
8884	8885	genealogy/e9e43afe_8885.txt
8885	8886	genealogy/b07c0391_8886.txt
8886	8887	genealogy/24132e0d_8887.txt
8887	8888	genealogy/b75a6ef8_8888.txt
8888	8889	genealogy/2a1f2003_8889.txt
8889	8890	genealogy/670bc3ca_8890.txt
8890	8891	genealogy/d8c1f790_8891.txt
8891	8892	genealogy/a9b9c3bb_8892.txt
8892	8893	genealogy/b62fb452_8893.txt
8893	8894	genealogy/0388d2e2_8894.txt
8894	8895	genealogy/ef65b2d1_8895.txt
8895	8896	genealogy/2992d429_8896.txt
8896	8897	genealogy/faadee80_8897.txt
8897	8898	genealogy/edab7257_8898.txt
8898	8899	genealogy/8bde23a7_8899.txt
8899	8900	genealogy/5d9d361d_8900.txt
8900	8901	genealogy/75271df3_8901.txt
8901	8902	genealogy/44819bf9_8902.txt
8902	8903	genealogy/911ff523_8903.txt
8903	8904	genealogy/9475009b_8904.txt
8904	8905	genealogy/5d040ce6_8905.txt
8905	8906	genealogy/4b1eedd9_8906.txt
8906	8907	genealogy/ee30f2bb_8907.txt
8907	8908	genealogy/bb032ec6_8908.txt
8908	8909	genealogy/6be6a2fc_8909.txt
8909	8910	genealogy/cd857810_8910.txt
8910	8911	genealogy/bd283ae6_8911.txt
8911	8912	genealogy/8a3a90ed_8912.txt
8912	8913	genealogy/42dd4f6d_8913.txt
8913	8914	genealogy/460dd21b_8914.txt
8914	8915	genealogy/f1544f95_8915.txt
8915	8916	genealogy/286e6223_8916.txt
8916	8917	genealogy/b4e0a022_8917.txt
8917	8918	genealogy/ec1bc83f_8918.txt
8918	8919	genealogy/6ef7897b_8919.txt
8919	8920	genealogy/032b1dc0_8920.txt
8920	8921	genealogy/614195a7_8921.txt
8921	8922	genealogy/d09f16f9_8922.txt
8922	8923	genealogy/a9696642_8923.txt
8923	8924	genealogy/e93675ea_8924.txt
8924	8925	genealogy/58feb9b7_8925.txt
8925	8926	genealogy/7e57e2f2_8926.txt
8926	8927	genealogy/8cbdb552_8927.txt
8927	8928	genealogy/e4ffec05_8928.txt
8928	8929	genealogy/e0a50320_8929.txt
8929	8930	genealogy/8bd8dccb_8930.txt
8930	8931	genealogy/e5e0fb7b_8931.txt
8931	8932	genealogy/c08357f3_8932.txt
8932	8933	genealogy/ae607c09_8933.txt
8933	8934	genealogy/7997c933_8934.txt
8934	8935	genealogy/83a9dfde_8935.txt
8935	8936	genealogy/8e7b6b1d_8936.txt
8936	8937	genealogy/fe280602_8937.txt
8937	8938	genealogy/118baa83_8938.txt
8938	8939	genealogy/32f9d48a_8939.txt
8939	8940	genealogy/cb6a1764_8940.txt
8940	8941	genealogy/c4d9109e_8941.txt
8941	8942	genealogy/a702c74a_8942.txt
8942	8943	genealogy/5439ac80_8943.txt
8943	8944	genealogy/8005e445_8944.txt
8944	8945	genealogy/d3faab74_8945.txt
8945	8946	genealogy/09fbb6c2_8946.txt
8946	8947	genealogy/09fbb6c2_8947.txt
8947	8948	genealogy/5bea9a73_8948.txt
8948	8949	genealogy/adb81d0b_8949.txt
8949	8950	genealogy/70bc2c83_8950.txt
8950	8951	genealogy/f9c8d685_8951.txt
8951	8952	genealogy/81c31931_8952.txt
8952	8953	genealogy/3fa84d4c_8953.txt
8953	8954	genealogy/3fa84d4c_8954.txt
8954	8955	genealogy/6a6f7096_8955.txt
8955	8956	genealogy/6cf4d09c_8956.txt
8956	8957	genealogy/6cf4d09c_8957.txt
8957	8958	genealogy/03c47522_8958.txt
8958	8959	genealogy/07931bb1_8959.txt
8959	8960	genealogy/ed37e760_8960.txt
8960	8961	genealogy/ca96b224_8961.txt
8961	8962	genealogy/914f7ffc_8962.txt
8962	8963	genealogy/9103ce06_8963.txt
8963	8964	genealogy/387ddffe_8964.txt
8964	8965	genealogy/47ae75d3_8965.txt
8965	8966	genealogy/a94b81b9_8966.txt
8966	8967	genealogy/4bcbabdc_8967.txt
8967	8968	genealogy/b905ad4b_8968.txt
8968	8969	genealogy/4091adbd_8969.txt
8969	8970	genealogy/757a9c22_8970.txt
8970	8971	genealogy/7a5e95fa_8971.txt
8971	8972	genealogy/561ff1ef_8972.txt
8972	8973	genealogy/2420c31f_8973.txt
8973	8974	genealogy/f45405e8_8974.txt
8974	8975	genealogy/53cc5fd3_8975.txt
8975	8976	genealogy/0ed19652_8976.txt
8976	8977	genealogy/1e007ef6_8977.txt
8977	8978	genealogy/e2d53334_8978.txt
8978	8979	genealogy/38ec51e1_8979.txt
8979	8980	genealogy/0b962d5a_8980.txt
8980	8981	genealogy/dcdc1434_8981.txt
8981	8982	genealogy/8bd8dccb_8982.txt
8982	8983	genealogy/48fed209_8983.txt
8983	8984	genealogy/e35e8663_8984.txt
8984	8985	genealogy/6ff987ce_8985.txt
8985	8986	genealogy/1802e147_8986.txt
8986	8987	genealogy/70dc585d_8987.txt
8987	8988	genealogy/14880080_8988.txt
8988	8989	genealogy/1623aab2_8989.txt
8989	8990	genealogy/9ee62cad_8990.txt
8990	8991	genealogy/8555f69f_8991.txt
8991	8992	genealogy/d39081c0_8992.txt
8992	8993	genealogy/71c0a45d_8993.txt
8993	8994	genealogy/5da9edb9_8994.txt
8994	8995	genealogy/d2d67400_8995.txt
8995	8996	genealogy/522933e9_8996.txt
8996	8997	genealogy/e880d616_8997.txt
8997	8998	genealogy/6261699e_8998.txt
8998	8999	genealogy/7ac366f3_8999.txt
8999	9000	genealogy/0ad94561_9000.txt
9000	9001	genealogy/0008e2a2_9001.txt
9001	9002	genealogy/0a0a4296_9002.txt
9002	9003	genealogy/d4eb3cd4_9003.txt
9003	9004	genealogy/26d21000_9004.txt
9004	9005	genealogy/fd7603dd_9005.txt
9005	9006	genealogy/d9c301d3_9006.txt
9006	9007	genealogy/a9338967_9007.txt
9007	9008	genealogy/51c3ef7b_9008.txt
9008	9009	genealogy/8d1acbb4_9009.txt
9009	9010	genealogy/4e8a1fec_9010.txt
9010	9011	genealogy/a2cd9cf2_9011.txt
9011	9012	genealogy/49562588_9012.txt
9012	9013	genealogy/e5fa7108_9013.txt
9013	9014	genealogy/7f6d37a8_9014.txt
9014	9015	genealogy/b467d3be_9015.txt
9015	9016	genealogy/724a64ac_9016.txt
9016	9017	genealogy/b5e683c0_9017.txt
9017	9018	genealogy/18ab6aaf_9018.txt
9018	9019	genealogy/1b9e9e47_9019.txt
9019	9020	genealogy/364564aa_9020.txt
9020	9021	genealogy/afb4a04f_9021.txt
9021	9022	genealogy/fe6301d5_9022.txt
9022	9023	genealogy/8e6c2453_9023.txt
9023	9024	genealogy/998a691f_9024.txt
9024	9025	genealogy/14a9bef5_9025.txt
9025	9026	genealogy/395da65f_9026.txt
9026	9027	genealogy/e7dc935c_9027.txt
9027	9028	genealogy/0a3313f5_9028.txt
9028	9029	genealogy/22054eab_9029.txt
9029	9030	genealogy/6134137c_9030.txt
9030	9031	genealogy/eb6aa12b_9031.txt
9031	9032	genealogy/07b03780_9032.txt
9032	9033	genealogy/bdfb25ea_9033.txt
9033	9034	genealogy/5edbb79d_9034.txt
9034	9035	genealogy/64c15907_9035.txt
9035	9036	genealogy/4f4e943f_9036.txt
9036	9037	genealogy/bde758f3_9037.txt
9037	9038	genealogy/3fec46d5_9038.txt
9038	9039	genealogy/83af4b02_9039.txt
9039	9040	genealogy/a04630f4_9040.txt
9040	9041	genealogy/c5f8c815_9041.txt
9041	9042	genealogy/d6f49361_9042.txt
9042	9043	genealogy/0418fc80_9043.txt
9043	9044	genealogy/c945dc8d_9044.txt
9044	9045	genealogy/098df376_9045.txt
9045	9046	genealogy/0d4fd82a_9046.txt
9046	9047	genealogy/0a3e1339_9047.txt
9047	9048	genealogy/87a1e5b6_9048.txt
9048	9049	genealogy/fedf867a_9049.txt
9049	9050	genealogy/d57f20c6_9050.txt
9050	9051	genealogy/40bd4311_9051.txt
9051	9052	genealogy/280568d9_9052.txt
9052	9053	genealogy/c0914274_9053.txt
9053	9054	genealogy/03794ed1_9054.txt
9054	9055	genealogy/96a391a1_9055.txt
9055	9056	genealogy/943a04e2_9056.txt
9056	9057	genealogy/4b774171_9057.txt
9057	9058	genealogy/d6da9bdf_9058.txt
9058	9059	genealogy/0a41c4ea_9059.txt
9059	9060	genealogy/8b7fc942_9060.txt
9060	9061	genealogy/2ccdbfff_9061.txt
9061	9062	genealogy/5a6f6ab8_9062.txt
9062	9063	genealogy/fdde6a63_9063.txt
9063	9064	genealogy/080f337d_9064.txt
9064	9065	genealogy/58cfd071_9065.txt
9065	9066	genealogy/f5bb4008_9066.txt
9066	9067	genealogy/364cd9f7_9067.txt
9067	9068	genealogy/c939873f_9068.txt
9068	9069	genealogy/33b329dd_9069.txt
9069	9070	genealogy/1abc0847_9070.txt
9070	9071	genealogy/f698c24b_9071.txt
9071	9072	genealogy/90977937_9072.txt
9072	9073	genealogy/bd253aea_9073.txt
9073	9074	genealogy/d72a37a7_9074.txt
9074	9075	genealogy/b1452678_9075.txt
9075	9076	genealogy/1e6dfe6a_9076.txt
9076	9077	genealogy/94a22f2e_9077.txt
9077	9078	genealogy/6d2f7b96_9078.txt
9078	9079	genealogy/0fd992c2_9079.txt
9079	9080	genealogy/495dc63f_9080.txt
9080	9081	genealogy/ec5defd2_9081.txt
9081	9082	genealogy/e37831ae_9082.txt
9082	9083	genealogy/749db108_9083.txt
9083	9084	genealogy/4436ea63_9084.txt
9084	9085	genealogy/07e5bc7d_9085.txt
9085	9086	genealogy/b51b35ea_9086.txt
9086	9087	genealogy/ac771018_9087.txt
9087	9088	genealogy/d2152aa8_9088.txt
9088	9089	genealogy/f23e1530_9089.txt
9089	9090	genealogy/f7a8a01b_9090.txt
9090	9091	genealogy/64964db8_9091.txt
9091	9092	genealogy/1d71fd58_9092.txt
9092	9093	genealogy/f9db686d_9093.txt
9093	9094	genealogy/facc7a1c_9094.txt
9094	9095	genealogy/f6ba1bda_9095.txt
9095	9096	genealogy/2305d949_9096.txt
9096	9097	genealogy/9e2aff56_9097.txt
9097	9098	genealogy/7c4d332a_9098.txt
9098	9099	genealogy/2f864bd9_9099.txt
9099	9100	genealogy/e9ac2fe6_9100.txt
9100	9101	genealogy/5aeeb10d_9101.txt
9101	9102	genealogy/650df238_9102.txt
9102	9103	genealogy/1a8b6888_9103.txt
9103	9104	genealogy/5fdb1f1d_9104.txt
9104	9105	genealogy/85596d07_9105.txt
9105	9106	genealogy/e57839b1_9106.txt
9106	9107	genealogy/ea57db33_9107.txt
9107	9108	genealogy/d96562a6_9108.txt
9108	9109	genealogy/c91656e0_9109.txt
9109	9110	genealogy/cb04f377_9110.txt
9110	9111	genealogy/52060d08_9111.txt
9111	9112	genealogy/23c3e4ab_9112.txt
9112	9113	genealogy/f6edd244_9113.txt
9113	9114	genealogy/75807173_9114.txt
9114	9115	genealogy/ba49f587_9115.txt
9115	9116	genealogy/47db6509_9116.txt
9116	9117	genealogy/14ba1cb9_9117.txt
9117	9118	genealogy/c3fc029a_9118.txt
9118	9119	genealogy/4bd32a83_9119.txt
9119	9120	genealogy/c379bf6f_9120.txt
9120	9121	genealogy/5c7b16c9_9121.txt
9121	9122	genealogy/19573546_9122.txt
9122	9123	genealogy/aee09a9b_9123.txt
9123	9124	genealogy/fad634a2_9124.txt
9124	9125	genealogy/c2bba3f1_9125.txt
9125	9126	genealogy/deed7cb4_9126.txt
9126	9127	genealogy/9c51af1c_9127.txt
9127	9128	genealogy/8e045155_9128.txt
9128	9129	genealogy/692114cc_9129.txt
9129	9130	genealogy/f67f0806_9130.txt
9130	9131	genealogy/9fd807b7_9131.txt
9131	9132	genealogy/77c08780_9132.txt
9132	9133	genealogy/11fe65ac_9133.txt
9133	9134	genealogy/44edf374_9134.txt
9134	9135	genealogy/56147c51_9135.txt
9135	9136	genealogy/1d43f527_9136.txt
9136	9137	genealogy/67def13a_9137.txt
9137	9138	genealogy/d98c4905_9138.txt
9138	9139	genealogy/da841b85_9139.txt
9139	9140	genealogy/caa4ebb7_9140.txt
9140	9141	genealogy/1df80480_9141.txt
9141	9142	genealogy/f00508b0_9142.txt
9142	9143	genealogy/ba359288_9143.txt
9143	9144	genealogy/009dbd09_9144.txt
9144	9145	genealogy/b1fd3a30_9145.txt
9145	9146	genealogy/8515fe85_9146.txt
9146	9147	genealogy/ae4cd2ac_9147.txt
9147	9148	genealogy/341230b6_9148.txt
9148	9149	genealogy/42efae38_9149.txt
9149	9150	genealogy/f27f1cc7_9150.txt
9150	9151	genealogy/9ee739f1_9151.txt
9151	9152	genealogy/b50d0d20_9152.txt
9152	9153	genealogy/c642170d_9153.txt
9153	9154	genealogy/4b4e25de_9154.txt
9154	9155	genealogy/b3191a80_9155.txt
9155	9156	genealogy/8c9a4e9e_9156.txt
9156	9157	genealogy/d0a5eec3_9157.txt
9157	9158	genealogy/68a7849d_9158.txt
9158	9159	genealogy/9100130e_9159.txt
9159	9160	genealogy/f89cdae1_9160.txt
9160	9161	genealogy/c40df98d_9161.txt
9161	9162	genealogy/f0bdd74c_9162.txt
9162	9163	genealogy/b905f538_9163.txt
9163	9164	genealogy/392bab11_9164.txt
9164	9165	genealogy/44a83897_9165.txt
9165	9166	genealogy/b4a792be_9166.txt
9166	9167	genealogy/7f041132_9167.txt
9167	9168	genealogy/63c15a36_9168.txt
9168	9169	genealogy/0c973647_9169.txt
9169	9170	genealogy/2eba5a66_9170.txt
9170	9171	genealogy/dcd40dcc_9171.txt
9171	9172	genealogy/015be1ed_9172.txt
9172	9173	genealogy/c978d627_9173.txt
9173	9174	genealogy/f312e413_9174.txt
9174	9175	genealogy/8871e208_9175.txt
9175	9176	genealogy/c5cf0986_9176.txt
9176	9177	genealogy/c786da12_9177.txt
9177	9178	genealogy/2cd0d8de_9178.txt
9178	9179	genealogy/43ce2955_9179.txt
9179	9180	genealogy/6066c0b0_9180.txt
9180	9181	genealogy/e684d52a_9181.txt
9181	9182	genealogy/327ad667_9182.txt
9182	9183	genealogy/d1d6480b_9183.txt
9183	9184	genealogy/c4b5e8a6_9184.txt
9184	9185	genealogy/caef40f9_9185.txt
9185	9186	genealogy/9ae2f3f7_9186.txt
9186	9187	genealogy/55f4ac36_9187.txt
9187	9188	genealogy/d9f549d5_9188.txt
9188	9189	genealogy/b0f198f5_9189.txt
9189	9190	genealogy/e8508432_9190.txt
9190	9191	genealogy/bbf93a27_9191.txt
9191	9192	genealogy/51f761c1_9192.txt
9192	9193	genealogy/c5b64630_9193.txt
9193	9194	genealogy/598981e3_9194.txt
9194	9195	genealogy/8a608ad9_9195.txt
9195	9196	genealogy/04c1f986_9196.txt
9196	9197	genealogy/01aa6c3b_9197.txt
9197	9198	genealogy/c38336e5_9198.txt
9198	9199	genealogy/7504dc82_9199.txt
9199	9200	genealogy/98ed050b_9200.txt
9200	9201	genealogy/8193054b_9201.txt
9201	9202	genealogy/86b81618_9202.txt
9202	9203	genealogy/fe3b8731_9203.txt
9203	9204	genealogy/1f3038b3_9204.txt
9204	9205	genealogy/8256ae17_9205.txt
9205	9206	genealogy/9c240460_9206.txt
9206	9207	genealogy/42415a66_9207.txt
9207	9208	genealogy/7902f4e9_9208.txt
9208	9209	genealogy/b41234c6_9209.txt
9209	9210	genealogy/b62e889c_9210.txt
9210	9211	genealogy/f91465c3_9211.txt
9211	9212	genealogy/ff95f941_9212.txt
9212	9213	genealogy/0054e9e7_9213.txt
9213	9214	genealogy/a12cb684_9214.txt
9214	9215	genealogy/50857c94_9215.txt
9215	9216	genealogy/6a6f4d75_9216.txt
9216	9217	genealogy/7d4e7b8d_9217.txt
9217	9218	genealogy/32d2dd60_9218.txt
9218	9219	genealogy/788ba80c_9219.txt
9219	9220	genealogy/11c60181_9220.txt
9220	9221	genealogy/27b440ce_9221.txt
9221	9222	genealogy/c856a260_9222.txt
9222	9223	genealogy/b64c9874_9223.txt
9223	9224	genealogy/5f17df69_9224.txt
9224	9225	genealogy/3c3f85f6_9225.txt
9225	9226	genealogy/877dfe91_9226.txt
9226	9227	genealogy/3648d673_9227.txt
9227	9228	genealogy/4dd5a0e4_9228.txt
9228	9229	genealogy/12a7d1e1_9229.txt
9229	9230	genealogy/fe8ab58e_9230.txt
9230	9231	genealogy/e5529470_9231.txt
9231	9232	genealogy/e702b65f_9232.txt
9232	9233	genealogy/ebbbbdcc_9233.txt
9233	9234	genealogy/e7511d74_9234.txt
9234	9235	genealogy/9c6784e9_9235.txt
9235	9236	genealogy/ea8d83be_9236.txt
9236	9237	genealogy/96ac022b_9237.txt
9237	9238	genealogy/4e05947a_9238.txt
9238	9239	genealogy/127050d7_9239.txt
9239	9240	genealogy/0bbc5280_9240.txt
9240	9241	genealogy/1c566b63_9241.txt
9241	9242	genealogy/98de47b2_9242.txt
9242	9243	genealogy/2b3216ed_9243.txt
9243	9244	genealogy/a9346840_9244.txt
9244	9245	genealogy/bf0d8a25_9245.txt
9245	9246	genealogy/bc7e51fb_9246.txt
9246	9247	genealogy/cf780da2_9247.txt
9247	9248	genealogy/340bb19e_9248.txt
9248	9249	genealogy/1b9b0049_9249.txt
9249	9250	genealogy/90fc49fd_9250.txt
9250	9251	genealogy/e9954cf9_9251.txt
9251	9252	genealogy/cc463b54_9252.txt
9252	9253	genealogy/2140d9ac_9253.txt
9253	9254	genealogy/68882026_9254.txt
9254	9255	genealogy/95b22ac4_9255.txt
9255	9256	genealogy/f385e235_9256.txt
9256	9257	genealogy/68a49c65_9257.txt
9257	9258	genealogy/982755ad_9258.txt
9258	9259	genealogy/65e2a073_9259.txt
9259	9260	genealogy/6dca0310_9260.txt
9260	9261	genealogy/cc2b4720_9261.txt
9261	9262	genealogy/91859143_9262.txt
9262	9263	genealogy/e811f062_9263.txt
9263	9264	genealogy/04cb4f5b_9264.txt
9264	9265	genealogy/de1870d4_9265.txt
9265	9266	genealogy/b504a41e_9266.txt
9266	9267	genealogy/8b8b4b9f_9267.txt
9267	9268	genealogy/0ec205f7_9268.txt
9268	9269	genealogy/3c71f3e2_9269.txt
9269	9270	genealogy/e63c789e_9270.txt
9270	9271	genealogy/90f53a08_9271.txt
9271	9272	genealogy/b957dfd9_9272.txt
9272	9273	genealogy/d73497b0_9273.txt
9273	9274	genealogy/9ed3a005_9274.txt
9274	9275	genealogy/844e9ad6_9275.txt
9275	9276	genealogy/8b70e37b_9276.txt
9276	9277	genealogy/c84ef81a_9277.txt
9277	9278	genealogy/ac57e6a7_9278.txt
9278	9279	genealogy/e0205425_9279.txt
9279	9280	genealogy/53639fe0_9280.txt
9280	9281	genealogy/e2281518_9281.txt
9281	9282	genealogy/adb57099_9282.txt
9282	9283	genealogy/d6b4ddf8_9283.txt
9283	9284	genealogy/d6b4ddf8_9284.txt
9284	9285	genealogy/3c3d9c5f_9285.txt
9285	9286	genealogy/bcb2f57f_9286.txt
9286	9287	genealogy/bf45f491_9287.txt
9287	9288	genealogy/f06898bf_9288.txt
9288	9289	genealogy/71120c14_9289.txt
9289	9290	genealogy/58bdb580_9290.txt
9290	9291	genealogy/58bdb580_9291.txt
9291	9292	genealogy/791cbbd4_9292.txt
9292	9293	genealogy/db9f94bc_9293.txt
9293	9294	genealogy/c5ba339f_9294.txt
9294	9295	genealogy/f9fe0fb4_9295.txt
9295	9296	genealogy/f9fe0fb4_9296.txt
9296	9297	genealogy/87fef291_9297.txt
9297	9298	genealogy/87fef291_9298.txt
9298	9299	genealogy/e7842498_9299.txt
9299	9300	genealogy/2eb5821d_9300.txt
9300	9301	genealogy/aa01155f_9301.txt
9301	9302	genealogy/6fa22ca8_9302.txt
9302	9303	genealogy/1eb40845_9303.txt
9303	9304	genealogy/83d6f042_9304.txt
9304	9305	genealogy/a4982c72_9305.txt
9305	9306	genealogy/b0d67d58_9306.txt
9306	9307	genealogy/a584717f_9307.txt
9307	9308	genealogy/00ffc9a0_9308.txt
9308	9309	genealogy/c2d0369c_9309.txt
9309	9310	genealogy/e6715924_9310.txt
9310	9311	genealogy/6ea98bd9_9311.txt
9311	9312	genealogy/42db7f42_9312.txt
9312	9313	genealogy/a2393b07_9313.txt
9313	9314	genealogy/ac02ef65_9314.txt
9314	9315	genealogy/649424b8_9315.txt
9315	9316	genealogy/950b06aa_9316.txt
9316	9317	genealogy/9ff6f831_9317.txt
9317	9318	genealogy/205b8e8e_9318.txt
9318	9319	genealogy/99b1d820_9319.txt
9319	9320	genealogy/709e036c_9320.txt
9320	9321	genealogy/5ac1526c_9321.txt
9321	9322	genealogy/dbe6de83_9322.txt
9322	9323	genealogy/e0d65b11_9323.txt
9323	9324	genealogy/78bc125a_9324.txt
9324	9325	genealogy/5a4662c4_9325.txt
9325	9326	genealogy/4b1622e3_9326.txt
9326	9327	genealogy/53082cef_9327.txt
9327	9328	genealogy/3fe58cad_9328.txt
9328	9329	genealogy/0cb636d4_9329.txt
9329	9330	genealogy/9d145935_9330.txt
9330	9331	genealogy/11637cd7_9331.txt
9331	9332	genealogy/6276173e_9332.txt
9332	9333	genealogy/03f50d30_9333.txt
9333	9334	genealogy/19949909_9334.txt
9334	9335	genealogy/94e61f79_9335.txt
9335	9336	genealogy/6e7dd6e0_9336.txt
9336	9337	genealogy/f84fe729_9337.txt
9337	9338	genealogy/f93bcd08_9338.txt
9338	9339	genealogy/2f934c79_9339.txt
9339	9340	genealogy/76571a13_9340.txt
9340	9341	genealogy/890ad196_9341.txt
9341	9342	genealogy/f1544f95_9342.txt
9342	9343	genealogy/77e2cae7_9343.txt
9343	9344	genealogy/319822ca_9344.txt
9344	9345	genealogy/0605ea3e_9345.txt
9345	9346	genealogy/6f06eb18_9346.txt
9346	9347	genealogy/80fe5f92_9347.txt
9347	9348	genealogy/6380fb6f_9348.txt
9348	9349	genealogy/be0eb98d_9349.txt
9349	9350	genealogy/a64c6839_9350.txt
9350	9351	genealogy/212b0ae8_9351.txt
9351	9352	genealogy/870f0123_9352.txt
9352	9353	genealogy/2405ca83_9353.txt
9353	9354	genealogy/36eb4557_9354.txt
9354	9355	genealogy/01a93a50_9355.txt
9355	9356	genealogy/bb54e89f_9356.txt
9356	9357	genealogy/94b494da_9357.txt
9357	9358	genealogy/c1677853_9358.txt
9358	9359	genealogy/84dcb47c_9359.txt
9359	9360	genealogy/6f0554c3_9360.txt
9360	9361	genealogy/3d8b3321_9361.txt
9361	9362	genealogy/5c68679f_9362.txt
9362	9363	genealogy/863ad875_9363.txt
9363	9364	genealogy/2afbb072_9364.txt
9364	9365	genealogy/1d6293d7_9365.txt
9365	9366	genealogy/528175d7_9366.txt
9366	9367	genealogy/e77ba4a3_9367.txt
9367	9368	genealogy/11f78ffb_9368.txt
9368	9369	genealogy/243e8698_9369.txt
9369	9370	genealogy/cf1b814d_9370.txt
9370	9371	genealogy/f25bd59d_9371.txt
9371	9372	genealogy/4977ecfe_9372.txt
9372	9373	genealogy/2ae17c7a_9373.txt
9373	9374	genealogy/14b26a06_9374.txt
9374	9375	genealogy/76b612b0_9375.txt
9375	9376	genealogy/92a7a793_9376.txt
9376	9377	genealogy/4e857e55_9377.txt
9377	9378	genealogy/e401f12b_9378.txt
9378	9379	genealogy/0954ebe9_9379.txt
9379	9380	genealogy/f3ab129c_9380.txt
9380	9381	genealogy/ff21e8be_9381.txt
9381	9382	genealogy/99ec9650_9382.txt
9382	9383	genealogy/74591ea7_9383.txt
9383	9384	genealogy/d5cf61b8_9384.txt
9384	9385	genealogy/170ba878_9385.txt
9385	9386	genealogy/f4c1a541_9386.txt
9386	9387	genealogy/7affc636_9387.txt
9387	9388	genealogy/26f32942_9388.txt
9388	9389	genealogy/367bc8d8_9389.txt
9389	9390	genealogy/dd2b0c80_9390.txt
9390	9391	genealogy/d0989c67_9391.txt
9391	9392	genealogy/27b8d342_9392.txt
9392	9393	genealogy/429b9f43_9393.txt
9393	9394	genealogy/6ed9441f_9394.txt
9394	9395	genealogy/fd19ac6f_9395.txt
9395	9396	genealogy/eb6a3d26_9396.txt
9396	9397	genealogy/0a4c301a_9397.txt
9397	9398	genealogy/3fa676bd_9398.txt
9398	9399	genealogy/0810264b_9399.txt
9399	9400	genealogy/78ab18fb_9400.txt
9400	9401	genealogy/d529b188_9401.txt
9401	9402	genealogy/d4100043_9402.txt
9402	9403	genealogy/c62d5f89_9403.txt
9403	9404	genealogy/b97b503d_9404.txt
9404	9405	genealogy/529c8887_9405.txt
9405	9406	genealogy/c03a497a_9406.txt
9406	9407	genealogy/9970c413_9407.txt
9407	9408	genealogy/ed838131_9408.txt
9408	9409	genealogy/7b92ca77_9409.txt
9409	9410	genealogy/8729c686_9410.txt
9410	9411	genealogy/1871766a_9411.txt
9411	9412	genealogy/6d7b166e_9412.txt
9412	9413	genealogy/c98ba4eb_9413.txt
9413	9414	genealogy/5cb21b7c_9414.txt
9414	9415	genealogy/aeeba42e_9415.txt
9415	9416	genealogy/16933d67_9416.txt
9416	9417	genealogy/471508dc_9417.txt
9417	9418	genealogy/61d61e3b_9418.txt
9418	9419	genealogy/fa09e976_9419.txt
9419	9420	genealogy/0248caed_9420.txt
9420	9421	genealogy/e1a6d49b_9421.txt
9421	9422	genealogy/19290c36_9422.txt
9422	9423	genealogy/eea4cc31_9423.txt
9423	9424	genealogy/da22dfdf_9424.txt
9424	9425	genealogy/ff4e42e6_9425.txt
9425	9426	genealogy/f4f182a4_9426.txt
9426	9427	genealogy/8148c6c1_9427.txt
9427	9428	genealogy/3c071ff3_9428.txt
9428	9429	genealogy/78ade627_9429.txt
9429	9430	genealogy/6f66a5a0_9430.txt
9430	9431	genealogy/6ff9fae5_9431.txt
9431	9432	genealogy/34b38db4_9432.txt
9432	9433	genealogy/df3ca9c8_9433.txt
9433	9434	genealogy/ebcd1a1f_9434.txt
9434	9435	genealogy/9ebab22e_9435.txt
9435	9436	genealogy/10d57835_9436.txt
9436	9437	genealogy/22b228f4_9437.txt
9437	9438	genealogy/4c013532_9438.txt
9438	9439	genealogy/131dafd2_9439.txt
9439	9440	genealogy/c4d8bb6e_9440.txt
9440	9441	genealogy/eec2d83b_9441.txt
9441	9442	genealogy/ae34d4be_9442.txt
9442	9443	genealogy/318d4093_9443.txt
9443	9444	genealogy/ad55da7d_9444.txt
9444	9445	genealogy/74dd30d3_9445.txt
9445	9446	genealogy/9276907a_9446.txt
9446	9447	genealogy/94adad69_9447.txt
9447	9448	genealogy/ce01ea57_9448.txt
9448	9449	genealogy/af71d82f_9449.txt
9449	9450	genealogy/bbfb0b01_9450.txt
9450	9451	genealogy/2a37ad8c_9451.txt
9451	9452	genealogy/bb14d9ea_9452.txt
9452	9453	genealogy/f9be0de5_9453.txt
9453	9454	genealogy/552cfc36_9454.txt
9454	9455	genealogy/af094bc4_9455.txt
9455	9456	genealogy/2a415f80_9456.txt
9456	9457	genealogy/a885492d_9457.txt
9457	9458	genealogy/c0573c62_9458.txt
9458	9459	genealogy/2aa2edd9_9459.txt
9459	9460	genealogy/daf9455c_9460.txt
9460	9461	genealogy/8b274abc_9461.txt
9461	9462	genealogy/6f8a34ed_9462.txt
9462	9463	genealogy/82078283_9463.txt
9463	9464	genealogy/c29db370_9464.txt
9464	9465	genealogy/91b6c74a_9465.txt
9465	9466	genealogy/73afbedd_9466.txt
9466	9467	genealogy/21188102_9467.txt
9467	9468	genealogy/fa0016c2_9468.txt
9468	9469	genealogy/1f973fda_9469.txt
9469	9470	genealogy/8e0ff2fd_9470.txt
9470	9471	genealogy/248cb850_9471.txt
9471	9472	genealogy/7e47d7a5_9472.txt
9472	9473	genealogy/4d51428b_9473.txt
9473	9474	genealogy/7b6452aa_9474.txt
9474	9475	genealogy/6977aff1_9475.txt
9475	9476	genealogy/10ed79ec_9476.txt
9476	9477	genealogy/c3e4c0e0_9477.txt
9477	9478	genealogy/e0e8f69c_9478.txt
9478	9479	genealogy/f10f66a5_9479.txt
9479	9480	genealogy/21a5d5c2_9480.txt
9480	9481	genealogy/b4cae0ac_9481.txt
9481	9482	genealogy/2a5bac49_9482.txt
9482	9483	genealogy/a0f77114_9483.txt
9483	9484	genealogy/2e5a9f5d_9484.txt
9484	9485	genealogy/ddd7fa68_9485.txt
9485	9486	genealogy/cf17fa1b_9486.txt
9486	9487	genealogy/6130f155_9487.txt
9487	9488	genealogy/411451b5_9488.txt
9488	9489	genealogy/c4954c71_9489.txt
9489	9490	genealogy/01601d17_9490.txt
9490	9491	genealogy/2a43a727_9491.txt
9491	9492	genealogy/bdeee787_9492.txt
9492	9493	genealogy/2bb2eb19_9493.txt
9493	9494	genealogy/2c756553_9494.txt
9494	9495	genealogy/2ca9c366_9495.txt
9495	9496	genealogy/8f1882ab_9496.txt
9496	9497	genealogy/679d1768_9497.txt
9497	9498	genealogy/8c51df0b_9498.txt
9498	9499	genealogy/6c0f92d9_9499.txt
9499	9500	genealogy/567e482e_9500.txt
9500	9501	genealogy/96e033f9_9501.txt
9501	9502	genealogy/b3678238_9502.txt
9502	9503	genealogy/d54864b4_9503.txt
9503	9504	genealogy/c3c236a0_9504.txt
9504	9505	genealogy/25dd41e4_9505.txt
9505	9506	genealogy/3d1bbb28_9506.txt
9506	9507	genealogy/15608d31_9507.txt
9507	9508	genealogy/fa1a5a40_9508.txt
9508	9509	genealogy/cb0ce688_9509.txt
9509	9510	genealogy/abe35371_9510.txt
9510	9511	genealogy/f0cd107a_9511.txt
9511	9512	genealogy/5fa2442e_9512.txt
9512	9513	genealogy/13c016a0_9513.txt
9513	9514	genealogy/e802d17e_9514.txt
9514	9515	genealogy/21aa8a32_9515.txt
9515	9516	genealogy/9919a800_9516.txt
9516	9517	genealogy/f5c4f4c9_9517.txt
9517	9518	genealogy/01b5279c_9518.txt
9518	9519	genealogy/6b55c275_9519.txt
9519	9520	genealogy/98ad3a17_9520.txt
9520	9521	genealogy/9a53c33d_9521.txt
9521	9522	genealogy/8299ca1b_9522.txt
9522	9523	genealogy/1b62b6b2_9523.txt
9523	9524	genealogy/f24e75b9_9524.txt
9524	9525	genealogy/701cfd7e_9525.txt
9525	9526	genealogy/ca1eba03_9526.txt
9526	9527	genealogy/a09d4145_9527.txt
9527	9528	genealogy/3f3fbf9a_9528.txt
9528	9529	genealogy/2516aac6_9529.txt
9529	9530	genealogy/ff0bc01d_9530.txt
9530	9531	genealogy/70fadc9d_9531.txt
9531	9532	genealogy/ee81af39_9532.txt
9532	9533	genealogy/854ef54c_9533.txt
9533	9534	genealogy/2370304e_9534.txt
9534	9535	genealogy/5d632804_9535.txt
9535	9536	genealogy/8b06117b_9536.txt
9536	9537	genealogy/b76c385b_9537.txt
9537	9538	genealogy/4db45449_9538.txt
9538	9539	genealogy/0009a255_9539.txt
9539	9540	genealogy/7a1883da_9540.txt
9540	9541	genealogy/aea0b654_9541.txt
9541	9542	genealogy/aea0b654_9542.txt
9542	9543	genealogy/a2d12cfc_9543.txt
9543	9544	genealogy/efbee54d_9544.txt
9544	9545	genealogy/47000a58_9545.txt
9545	9546	genealogy/2a74cd6c_9546.txt
9546	9547	genealogy/757bc727_9547.txt
9547	9548	genealogy/310b67af_9548.txt
9548	9549	genealogy/e690d40d_9549.txt
9549	9550	genealogy/a8daf79b_9550.txt
9550	9551	genealogy/bd6ac0e2_9551.txt
9551	9552	genealogy/5087e0f7_9552.txt
9552	9553	genealogy/48e4baf4_9553.txt
9553	9554	genealogy/75afb1e6_9554.txt
9554	9555	genealogy/02428db6_9555.txt
9555	9556	genealogy/680c97bc_9556.txt
9556	9557	genealogy/0cbd5de0_9557.txt
9557	9558	genealogy/e229a408_9558.txt
9558	9559	genealogy/20b53fa0_9559.txt
9559	9560	genealogy/25cff13e_9560.txt
9560	9561	genealogy/ba535169_9561.txt
9561	9562	genealogy/3e93642f_9562.txt
9562	9563	genealogy/47db6509_9563.txt
9563	9564	genealogy/14ba1cb9_9564.txt
9564	9565	genealogy/28f90389_9565.txt
9565	9566	genealogy/b19d94c2_9566.txt
9566	9567	genealogy/c5096c05_9567.txt
9567	9568	genealogy/a8227aaa_9568.txt
9568	9569	genealogy/90fd18f9_9569.txt
9569	9570	genealogy/b23328fa_9570.txt
9570	9571	genealogy/ee605bf9_9571.txt
9571	9572	genealogy/d14190f6_9572.txt
9572	9573	genealogy/08cab243_9573.txt
9573	9574	genealogy/054858d3_9574.txt
9574	9575	genealogy/448cd2df_9575.txt
9575	9576	genealogy/39bd3ca5_9576.txt
9576	9577	genealogy/f7e3e51e_9577.txt
9577	9578	genealogy/6ea705fb_9578.txt
9578	9579	genealogy/4b3fa52a_9579.txt
9579	9580	genealogy/bf24eada_9580.txt
9580	9581	genealogy/2c2e6b36_9581.txt
9581	9582	genealogy/1ec2c217_9582.txt
9582	9583	genealogy/3a657049_9583.txt
9583	9584	genealogy/b1ba9c14_9584.txt
9584	9585	genealogy/b648f2bd_9585.txt
9585	9586	genealogy/d5a8f8b5_9586.txt
9586	9587	genealogy/8e045155_9587.txt
9587	9588	genealogy/0fd81028_9588.txt
9588	9589	genealogy/e2c9f330_9589.txt
9589	9590	genealogy/e1450efc_9590.txt
9590	9591	genealogy/38e5287a_9591.txt
9591	9592	genealogy/a10b2f38_9592.txt
9592	9593	genealogy/aa7de410_9593.txt
9593	9594	genealogy/c33e9fdd_9594.txt
9594	9595	genealogy/be1d2183_9595.txt
9595	9596	genealogy/76b358e0_9596.txt
9596	9597	genealogy/6d9cca87_9597.txt
9597	9598	genealogy/bce998ce_9598.txt
9598	9599	genealogy/18ce9c78_9599.txt
9599	9600	genealogy/43a194ce_9600.txt
9600	9601	genealogy/8faa4c65_9601.txt
9601	9602	genealogy/e3ef58bd_9602.txt
9602	9603	genealogy/04997b33_9603.txt
9603	9604	genealogy/47c9f6e0_9604.txt
9604	9605	genealogy/70059e4a_9605.txt
9605	9606	genealogy/23f7b5b0_9606.txt
9606	9607	genealogy/ba391642_9607.txt
9607	9608	genealogy/d841b30e_9608.txt
9608	9609	genealogy/814eabeb_9609.txt
9609	9610	genealogy/46655849_9610.txt
9610	9611	genealogy/16fe2ebe_9611.txt
9611	9612	genealogy/36a23bcf_9612.txt
9612	9613	genealogy/c168d250_9613.txt
9613	9614	genealogy/fa1c35ce_9614.txt
9614	9615	genealogy/d804f9da_9615.txt
9615	9616	genealogy/c72582f2_9616.txt
9616	9617	genealogy/2ab0de7f_9617.txt
9617	9618	genealogy/a9fd594f_9618.txt
9618	9619	genealogy/e2a3959f_9619.txt
9619	9620	genealogy/c6c5e6c6_9620.txt
9620	9621	genealogy/5d7b1f43_9621.txt
9621	9622	genealogy/8d619ef0_9622.txt
9622	9623	genealogy/0527acf0_9623.txt
9623	9624	genealogy/ca651a19_9624.txt
9624	9625	genealogy/9d9105ba_9625.txt
9625	9626	genealogy/af3ba564_9626.txt
9626	9627	genealogy/d2a6140d_9627.txt
9627	9628	genealogy/d2a6140d_9628.txt
9628	9629	genealogy/8df74575_9629.txt
9629	9630	genealogy/53e6e268_9630.txt
9630	9631	genealogy/e1814625_9631.txt
9631	9632	genealogy/c338496a_9632.txt
9632	9633	genealogy/0b62b56d_9633.txt
9633	9634	genealogy/c536ed6f_9634.txt
9634	9635	genealogy/7d25bea0_9635.txt
9635	9636	genealogy/e5580c23_9636.txt
9636	9637	genealogy/b6fce14c_9637.txt
9637	9638	genealogy/08aa5193_9638.txt
9638	9639	genealogy/6df05d38_9639.txt
9639	9640	genealogy/2ca8f9f9_9640.txt
9640	9641	genealogy/e87f11e9_9641.txt
9641	9642	genealogy/7b25b077_9642.txt
9642	9643	genealogy/c5f41407_9643.txt
9643	9644	genealogy/1fafbc7b_9644.txt
9644	9645	genealogy/56a66585_9645.txt
9645	9646	genealogy/10dcc905_9646.txt
9646	9647	genealogy/62249740_9647.txt
9647	9648	genealogy/c661bbc2_9648.txt
9648	9649	genealogy/e045abe4_9649.txt
9649	9650	genealogy/e045abe4_9650.txt
9650	9651	genealogy/ecad0b80_9651.txt
9651	9652	genealogy/3de69a60_9652.txt
9652	9653	genealogy/3a10ba7b_9653.txt
9653	9654	genealogy/a62e3e2a_9654.txt
9654	9655	genealogy/f22adf0d_9655.txt
9655	9656	genealogy/28c3c1fc_9656.txt
9656	9657	genealogy/0b67b167_9657.txt
9657	9658	genealogy/be17e8a0_9658.txt
9658	9659	genealogy/0605e956_9659.txt
9659	9660	genealogy/aa81e644_9660.txt
9660	9661	genealogy/0030dd12_9661.txt
9661	9662	genealogy/30688e5c_9662.txt
9662	9663	genealogy/6b09ef67_9663.txt
9663	9664	genealogy/48f56c3f_9664.txt
9664	9665	genealogy/ee1b04bc_9665.txt
9665	9666	genealogy/720b80c5_9666.txt
9666	9667	genealogy/49656c1f_9667.txt
9667	9668	genealogy/9b08ae7c_9668.txt
9668	9669	genealogy/b032271e_9669.txt
9669	9670	genealogy/4af5b4cc_9670.txt
9670	9671	genealogy/16d03b65_9671.txt
9671	9672	genealogy/ece6af00_9672.txt
9672	9673	genealogy/90df2fb8_9673.txt
9673	9674	genealogy/347db613_9674.txt
9674	9675	genealogy/347db613_9675.txt
9675	9676	genealogy/eddb1536_9676.txt
9676	9677	genealogy/ce730058_9677.txt
9677	9678	genealogy/b5371d74_9678.txt
9678	9679	genealogy/b5371d74_9679.txt
9679	9680	genealogy/827027c7_9680.txt
9680	9681	genealogy/04d88bff_9681.txt
9681	9682	genealogy/0d2c3a27_9682.txt
9682	9683	genealogy/c9753082_9683.txt
9683	9684	genealogy/dc8710dd_9684.txt
9684	9685	genealogy/343defd3_9685.txt
9685	9686	genealogy/da874ade_9686.txt
9686	9687	genealogy/6fe871d7_9687.txt
9687	9688	genealogy/6dea8d39_9688.txt
9688	9689	genealogy/cb457cb1_9689.txt
9689	9690	genealogy/2b4f96fa_9690.txt
9690	9691	genealogy/6627ea4a_9691.txt
9691	9692	genealogy/6627ea4a_9692.txt
9692	9693	genealogy/d0f25591_9693.txt
9693	9694	genealogy/e91728b5_9694.txt
9694	9695	genealogy/10812b3d_9695.txt
9695	9696	genealogy/c300065e_9696.txt
9696	9697	genealogy/20371650_9697.txt
9697	9698	genealogy/03a1e2d9_9698.txt
9698	9699	genealogy/9987d760_9699.txt
9699	9700	genealogy/ae3fee6c_9700.txt
9700	9701	genealogy/9906f807_9701.txt
9701	9702	genealogy/e3d51f2e_9702.txt
9702	9703	genealogy/90fc9e77_9703.txt
9703	9704	genealogy/6bf8f161_9704.txt
9704	9705	genealogy/46cdec4f_9705.txt
9705	9706	genealogy/acedccbb_9706.txt
9706	9707	genealogy/27a4e78d_9707.txt
9707	9708	genealogy/6a33d4ff_9708.txt
9708	9709	genealogy/791f57a2_9709.txt
9709	9710	genealogy/eaee7610_9710.txt
9710	9711	genealogy/ec4dbc95_9711.txt
9711	9712	genealogy/a864f6b6_9712.txt
9712	9713	genealogy/9331ba23_9713.txt
9713	9714	genealogy/712608c5_9714.txt
9714	9715	genealogy/0d45fd76_9715.txt
9715	9716	genealogy/4ab718a2_9716.txt
9716	9717	genealogy/00ca0aec_9717.txt
9717	9718	genealogy/da9f2830_9718.txt
9718	9719	genealogy/6c64f0ab_9719.txt
9719	9720	genealogy/e1a608f9_9720.txt
9720	9721	genealogy/9aa983aa_9721.txt
9721	9722	genealogy/c35f042d_9722.txt
9722	9723	genealogy/94e53dfb_9723.txt
9723	9724	genealogy/e5ff4158_9724.txt
9724	9725	genealogy/3e4e0bcb_9725.txt
9725	9726	genealogy/25bf6eb8_9726.txt
9726	9727	genealogy/84f9eaf5_9727.txt
9727	9728	genealogy/909fe610_9728.txt
9728	9729	genealogy/2300c084_9729.txt
9729	9730	genealogy/d1e544db_9730.txt
9730	9731	genealogy/f7638823_9731.txt
9731	9732	genealogy/9f7d2bf0_9732.txt
9732	9733	genealogy/0a832da2_9733.txt
9733	9734	genealogy/40f00f0b_9734.txt
9734	9735	genealogy/5fb30a61_9735.txt
9735	9736	genealogy/56219e5d_9736.txt
9736	9737	genealogy/3c540ceb_9737.txt
9737	9738	genealogy/7e5f1587_9738.txt
9738	9739	genealogy/aebc4026_9739.txt
9739	9740	genealogy/2b05d268_9740.txt
9740	9741	genealogy/50428e98_9741.txt
9741	9742	genealogy/471102ae_9742.txt
9742	9743	genealogy/5c5ab832_9743.txt
9743	9744	genealogy/aac39050_9744.txt
9744	9745	genealogy/89529c8d_9745.txt
9745	9746	genealogy/c064bfbc_9746.txt
9746	9747	genealogy/3d9637c9_9747.txt
9747	9748	genealogy/d351b3c9_9748.txt
9748	9749	genealogy/87e6c0b8_9749.txt
9749	9750	genealogy/a9f38d31_9750.txt
9750	9751	genealogy/b26b9e0f_9751.txt
9751	9752	genealogy/219a64d7_9752.txt
9752	9753	genealogy/3a6f16fe_9753.txt
9753	9754	genealogy/7550b154_9754.txt
9754	9755	genealogy/698da48c_9755.txt
9755	9756	genealogy/be177d9f_9756.txt
9756	9757	genealogy/737e95c4_9757.txt
9757	9758	genealogy/56382607_9758.txt
9758	9759	genealogy/62494e7b_9759.txt
9759	9760	genealogy/179badf3_9760.txt
9760	9761	genealogy/9180c48f_9761.txt
9761	9762	genealogy/bb051d7a_9762.txt
9762	9763	genealogy/f9de94b2_9763.txt
9763	9764	genealogy/c8e53647_9764.txt
9764	9765	genealogy/4abba75e_9765.txt
9765	9766	genealogy/ad16cd9a_9766.txt
9766	9767	genealogy/9019e191_9767.txt
9767	9768	genealogy/436d4be6_9768.txt
9768	9769	genealogy/067bf850_9769.txt
9769	9770	genealogy/574f2576_9770.txt
9770	9771	genealogy/c67866db_9771.txt
9771	9772	genealogy/2c9647a9_9772.txt
9772	9773	genealogy/94427699_9773.txt
9773	9774	genealogy/c0a4006f_9774.txt
9774	9775	genealogy/a7dac3fe_9775.txt
9775	9776	genealogy/8a05adeb_9776.txt
9776	9777	genealogy/a60eca05_9777.txt
9777	9778	genealogy/fdcddc1d_9778.txt
9778	9779	genealogy/5603cd9a_9779.txt
9779	9780	genealogy/04cc1328_9780.txt
9780	9781	genealogy/19b1e41d_9781.txt
9781	9782	genealogy/cf0c8d31_9782.txt
9782	9783	genealogy/1816ea5b_9783.txt
9783	9784	genealogy/783cae1c_9784.txt
9784	9785	genealogy/f989498a_9785.txt
9785	9786	genealogy/b93e5597_9786.txt
9786	9787	genealogy/f492f598_9787.txt
9787	9788	genealogy/d4582744_9788.txt
9788	9789	genealogy/79f976b0_9789.txt
9789	9790	genealogy/daaa40f2_9790.txt
9790	9791	genealogy/2804ade3_9791.txt
9791	9792	genealogy/9ee2c5ba_9792.txt
9792	9793	genealogy/584f369d_9793.txt
9793	9794	genealogy/fdddea96_9794.txt
9794	9795	genealogy/4fa3ae40_9795.txt
9795	9796	genealogy/6a5db673_9796.txt
9796	9797	genealogy/aea54318_9797.txt
9797	9798	genealogy/1b4f86df_9798.txt
9798	9799	genealogy/ec1fe993_9799.txt
9799	9800	genealogy/22ab0801_9800.txt
9800	9801	genealogy/a11b2153_9801.txt
9801	9802	genealogy/64447a09_9802.txt
9802	9803	genealogy/a19936fb_9803.txt
9803	9804	genealogy/4ec43ac0_9804.txt
9804	9805	genealogy/e9dfeb00_9805.txt
9805	9806	genealogy/ac034d2b_9806.txt
9806	9807	genealogy/70d877f6_9807.txt
9807	9808	genealogy/596f6664_9808.txt
9808	9809	genealogy/90c2989c_9809.txt
9809	9810	genealogy/3396da2d_9810.txt
9810	9811	genealogy/fa6a02c1_9811.txt
9811	9812	genealogy/177fd641_9812.txt
9812	9813	genealogy/0a01b377_9813.txt
9813	9814	genealogy/c0a9cb1a_9814.txt
9814	9815	genealogy/5a43bd78_9815.txt
9815	9816	genealogy/c47bba43_9816.txt
9816	9817	genealogy/134729da_9817.txt
9817	9818	genealogy/eb25f0d5_9818.txt
9818	9819	genealogy/8529a87f_9819.txt
9819	9820	genealogy/99f8f3db_9820.txt
9820	9821	genealogy/50780bca_9821.txt
9821	9822	genealogy/d0449e6c_9822.txt
9822	9823	genealogy/bf465e55_9823.txt
9823	9824	genealogy/fd8b4068_9824.txt
9824	9825	genealogy/60a17191_9825.txt
9825	9826	genealogy/85ab922f_9826.txt
9826	9827	genealogy/50665066_9827.txt
9827	9828	genealogy/6e248646_9828.txt
9828	9829	genealogy/4da9b219_9829.txt
9829	9830	genealogy/1b0efa69_9830.txt
9830	9831	genealogy/10e34905_9831.txt
9831	9832	genealogy/b78af4cb_9832.txt
9832	9833	genealogy/581ce32f_9833.txt
9833	9834	genealogy/15af5766_9834.txt
9834	9835	genealogy/de0d7711_9835.txt
9835	9836	genealogy/ac546f9d_9836.txt
9836	9837	genealogy/38dd74e7_9837.txt
9837	9838	genealogy/38f11796_9838.txt
9838	9839	genealogy/8c5e35b3_9839.txt
9839	9840	genealogy/fe2f24b0_9840.txt
9840	9841	genealogy/fe2f24b0_9841.txt
9841	9842	genealogy/fe2f24b0_9842.txt
9842	9843	genealogy/fe2f24b0_9843.txt
9843	9844	genealogy/fe2f24b0_9844.txt
9844	9845	genealogy/fe2f24b0_9845.txt
9845	9846	genealogy/fe2f24b0_9846.txt
9846	9847	genealogy/fe2f24b0_9847.txt
9847	9848	genealogy/fe2f24b0_9848.txt
9848	9849	genealogy/fe2f24b0_9849.txt
9849	9850	genealogy/fe2f24b0_9850.txt
9850	9851	genealogy/fe2f24b0_9851.txt
9851	9852	genealogy/fe2f24b0_9852.txt
9852	9853	genealogy/fe2f24b0_9853.txt
9853	9854	genealogy/fe2f24b0_9854.txt
9854	9855	genealogy/fe2f24b0_9855.txt
9855	9856	genealogy/fe2f24b0_9856.txt
9856	9857	genealogy/fe2f24b0_9857.txt
9857	9858	genealogy/fe2f24b0_9858.txt
9858	9859	genealogy/fe2f24b0_9859.txt
9859	9860	genealogy/fe2f24b0_9860.txt
9860	9861	genealogy/4d73ace6_9861.txt
9861	9862	genealogy/e84aa73d_9862.txt
9862	9863	genealogy/d09bc70f_9863.txt
9863	9864	genealogy/f1b5311a_9864.txt
9864	9865	genealogy/d537ebf3_9865.txt
9865	9866	genealogy/b8ce86cb_9866.txt
9866	9867	genealogy/dd7395d6_9867.txt
9867	9868	genealogy/74984462_9868.txt
9868	9869	genealogy/78505cf3_9869.txt
9869	9870	genealogy/971f1855_9870.txt
9870	9871	genealogy/d783cc46_9871.txt
9871	9872	genealogy/c4c86608_9872.txt
9872	9873	genealogy/d9623f70_9873.txt
9873	9874	genealogy/af758e25_9874.txt
9874	9875	genealogy/b676a337_9875.txt
9875	9876	genealogy/70049a2f_9876.txt
9876	9877	genealogy/3c71cf0d_9877.txt
9877	9878	genealogy/ca8fa3b7_9878.txt
9878	9879	genealogy/1a41ab06_9879.txt
9879	9880	genealogy/eb35a524_9880.txt
9880	9881	genealogy/21a94b60_9881.txt
9881	9882	genealogy/33e66f9d_9882.txt
9882	9883	genealogy/57e97821_9883.txt
9883	9884	genealogy/8c3aaea2_9884.txt
9884	9885	genealogy/6281253d_9885.txt
9885	9886	genealogy/f62c5bf0_9886.txt
9886	9887	genealogy/336bd157_9887.txt
9887	9888	genealogy/4fc34de3_9888.txt
9888	9889	genealogy/4ef0e411_9889.txt
9889	9890	genealogy/4dca3e44_9890.txt
9890	9891	genealogy/4d52d4c5_9891.txt
9891	9892	genealogy/5020d046_9892.txt
9892	9893	genealogy/4d56968c_9893.txt
9893	9894	genealogy/720dbfc2_9894.txt
9894	9895	genealogy/a9c9fb4b_9895.txt
9895	9896	genealogy/bcfe5e11_9896.txt
9896	9897	genealogy/0750ab8f_9897.txt
9897	9898	genealogy/1bf6f78b_9898.txt
9898	9899	genealogy/28e911ea_9899.txt
9899	9900	genealogy/a0663b82_9900.txt
9900	9901	genealogy/dbccf0a4_9901.txt
9901	9902	genealogy/9f992582_9902.txt
9902	9903	genealogy/908ccf0e_9903.txt
9903	9904	genealogy/c71a89f4_9904.txt
9904	9905	genealogy/79fa850d_9905.txt
9905	9906	genealogy/8e139137_9906.txt
9906	9907	genealogy/b3ff1ede_9907.txt
9907	9908	genealogy/a1f0650a_9908.txt
9908	9909	genealogy/e58edc3e_9909.txt
9909	9910	genealogy/43ba26af_9910.txt
9910	9911	genealogy/9b852f4f_9911.txt
9911	9912	genealogy/4f99240c_9912.txt
9912	9913	genealogy/d090a81a_9913.txt
9913	9914	genealogy/7943a2e4_9914.txt
9914	9915	genealogy/c12eb36b_9915.txt
9915	9916	genealogy/6bf800c2_9916.txt
9916	9917	genealogy/38497be0_9917.txt
9917	9918	genealogy/63ca9c45_9918.txt
9918	9919	genealogy/68e3c988_9919.txt
9919	9920	genealogy/cd361ad4_9920.txt
9920	9921	genealogy/0e081478_9921.txt
9921	9922	genealogy/55ce2feb_9922.txt
9922	9923	genealogy/75cd8ae4_9923.txt
9923	9924	genealogy/995dc524_9924.txt
9924	9925	genealogy/7f57e397_9925.txt
9925	9926	genealogy/915c1152_9926.txt
9926	9927	genealogy/7fc1e8eb_9927.txt
9927	9928	genealogy/da784028_9928.txt
9928	9929	genealogy/936b9775_9929.txt
9929	9930	genealogy/69cc284c_9930.txt
9930	9931	genealogy/ed45560b_9931.txt
9931	9932	genealogy/552557bc_9932.txt
9932	9933	genealogy/0595dff3_9933.txt
9933	9934	genealogy/a1a6c963_9934.txt
9934	9935	genealogy/1c68fdee_9935.txt
9935	9936	genealogy/efa9e2c3_9936.txt
9936	9937	genealogy/d86166a5_9937.txt
9937	9938	genealogy/9ea18473_9938.txt
9938	9939	genealogy/816bfeaa_9939.txt
9939	9940	genealogy/70b77167_9940.txt
9940	9941	genealogy/f8751161_9941.txt
9941	9942	genealogy/7c161afb_9942.txt
9942	9943	genealogy/be6ccfbb_9943.txt
9943	9944	genealogy/38596e86_9944.txt
9944	9945	genealogy/3d50fdad_9945.txt
9945	9946	genealogy/148c2e97_9946.txt
9946	9947	genealogy/71eaf5f5_9947.txt
9947	9948	genealogy/cd69cc35_9948.txt
9948	9949	genealogy/cee2ae8d_9949.txt
9949	9950	genealogy/00efb0b9_9950.txt
9950	9951	genealogy/578d2992_9951.txt
9951	9952	genealogy/a2cf3388_9952.txt
9952	9953	genealogy/21e992e0_9953.txt
9953	9954	genealogy/bd5350c9_9954.txt
9954	9955	genealogy/29032efe_9955.txt
9955	9956	genealogy/e9e53ae6_9956.txt
9956	9957	genealogy/98e9ca20_9957.txt
9957	9958	genealogy/66d2e5a1_9958.txt
9958	9959	genealogy/19c908a2_9959.txt
9959	9960	genealogy/0d6373aa_9960.txt
9960	9961	genealogy/f2faf2ad_9961.txt
9961	9962	genealogy/acd9d7fc_9962.txt
9962	9963	genealogy/d0be3f99_9963.txt
9963	9964	genealogy/d35eb12a_9964.txt
9964	9965	genealogy/30a4593b_9965.txt
9965	9966	genealogy/069ac81b_9966.txt
9966	9967	genealogy/d7674861_9967.txt
9967	9968	genealogy/5d075466_9968.txt
9968	9969	genealogy/80cf78e5_9969.txt
9969	9970	genealogy/8f0d7055_9970.txt
9970	9971	genealogy/c1bc6136_9971.txt
9971	9972	genealogy/ceab3905_9972.txt
9972	9973	genealogy/2cf70719_9973.txt
9973	9974	genealogy/681860a8_9974.txt
9974	9975	genealogy/4e5bf373_9975.txt
9975	9976	genealogy/6a3c0047_9976.txt
9976	9977	genealogy/6a3c0047_9977.txt
9977	9978	genealogy/e7b1e9f7_9978.txt
9978	9979	genealogy/a5b0da81_9979.txt
9979	9980	genealogy/b6c58602_9980.txt
9980	9981	genealogy/65295b6d_9981.txt
9981	9982	genealogy/3e938d75_9982.txt
9982	9983	genealogy/3e938d75_9983.txt
9983	9984	genealogy/14d786a4_9984.txt
9984	9985	genealogy/94dabe40_9985.txt
9985	9986	genealogy/227c506f_9986.txt
9986	9987	genealogy/ae75daaf_9987.txt
9987	9988	genealogy/485c4ac0_9988.txt
9988	9989	genealogy/45effa80_9989.txt
9989	9990	genealogy/5bdd1067_9990.txt
9990	9991	genealogy/29ae34bf_9991.txt
9991	9992	genealogy/be2d6938_9992.txt
9992	9993	genealogy/1c19dfe5_9993.txt
9993	9994	genealogy/0d26b6dd_9994.txt
9994	9995	genealogy/6137b979_9995.txt
9995	9996	genealogy/73ed97aa_9996.txt
9996	9997	genealogy/4ec43ac0_9997.txt
9997	9998	genealogy/27093da6_9998.txt
9998	9999	genealogy/fe7b2fd7_9999.txt
9999	10000	genealogy/0cab2b79_10000.txt
10000	10001	genealogy/c4c77393_10001.txt
10001	10002	genealogy/53988b34_10002.txt
10002	10003	genealogy/1197e9eb_10003.txt
10003	10004	genealogy/48c7c77d_10004.txt
10004	10005	genealogy/082c2717_10005.txt
10005	10006	genealogy/75e893a2_10006.txt
10006	10007	genealogy/3183c7a6_10007.txt
10007	10008	genealogy/380546a3_10008.txt
10008	10009	genealogy/9ed3f1d9_10009.txt
10009	10010	genealogy/8fd0be35_10010.txt
10010	10011	genealogy/bf41bd9a_10011.txt
10011	10012	genealogy/7772db4c_10012.txt
10012	10013	genealogy/a49c9701_10013.txt
10013	10014	genealogy/cbc75e7c_10014.txt
10014	10015	genealogy/d0abc369_10015.txt
10015	10016	genealogy/d6126776_10016.txt
10016	10017	genealogy/c3965aa5_10017.txt
10017	10018	genealogy/902f3370_10018.txt
10018	10019	genealogy/c05c6a26_10019.txt
10019	10020	genealogy/4a282046_10020.txt
10020	10021	genealogy/5da89bab_10021.txt
10021	10022	genealogy/6b3e29cd_10022.txt
10022	10023	genealogy/92070d14_10023.txt
10023	10024	genealogy/22ba86c5_10024.txt
10024	10025	genealogy/ccb7b79b_10025.txt
10025	10026	genealogy/b3677d74_10026.txt
10026	10027	genealogy/679dd5c2_10027.txt
10027	10028	genealogy/d9dbaa21_10028.txt
10028	10029	genealogy/e5584fce_10029.txt
10029	10030	genealogy/8df537e2_10030.txt
10030	10031	genealogy/9f3cd5d6_10031.txt
10031	10032	genealogy/52a97556_10032.txt
10032	10033	genealogy/23855467_10033.txt
10033	10034	genealogy/8668eda5_10034.txt
10034	10035	genealogy/eeaf4502_10035.txt
10035	10036	genealogy/148ecc5f_10036.txt
10036	10037	genealogy/1b4b58c8_10037.txt
10037	10038	genealogy/1132fc79_10038.txt
10038	10039	genealogy/56b9d4d7_10039.txt
10039	10040	genealogy/d96546dc_10040.txt
10040	10041	genealogy/56b9d4d7_10041.txt
10041	10042	genealogy/d96546dc_10042.txt
10042	10043	genealogy/da3e2036_10043.txt
10043	10044	genealogy/87c50db7_10044.txt
10044	10045	genealogy/05142044_10045.txt
10045	10046	genealogy/cecf3fd0_10046.txt
10046	10047	genealogy/8362fe69_10047.txt
10047	10048	genealogy/02aeda31_10048.txt
10048	10049	genealogy/0a7830e3_10049.txt
10049	10050	genealogy/96291d25_10050.txt
10050	10051	genealogy/e91f410c_10051.txt
10051	10052	genealogy/789cc627_10052.txt
10052	10053	genealogy/77bbf12f_10053.txt
10053	10054	genealogy/a22b5b48_10054.txt
10054	10055	genealogy/5dbecdc9_10055.txt
10055	10056	genealogy/475d532e_10056.txt
10056	10057	genealogy/a74162bc_10057.txt
10057	10058	genealogy/07776eab_10058.txt
10058	10059	genealogy/d7e36818_10059.txt
10059	10060	genealogy/ac7aeb7f_10060.txt
10060	10061	genealogy/25f29bdf_10061.txt
10061	10062	genealogy/4d5f1665_10062.txt
10062	10063	genealogy/4a9d3be2_10063.txt
10063	10064	genealogy/c42aaa16_10064.txt
10064	10065	genealogy/4bcfad69_10065.txt
10065	10066	genealogy/d6608f51_10066.txt
10066	10067	genealogy/a45c0b50_10067.txt
10067	10068	genealogy/5be0e053_10068.txt
10068	10069	genealogy/1499cead_10069.txt
10069	10070	genealogy/aeab3657_10070.txt
10070	10071	genealogy/c858b2e7_10071.txt
10071	10072	genealogy/8fce88ef_10072.txt
10072	10073	genealogy/b3f84fc3_10073.txt
10073	10074	genealogy/b53285e3_10074.txt
10074	10075	genealogy/6bf1dc72_10075.txt
10075	10076	genealogy/eefde987_10076.txt
10076	10077	genealogy/d0a7fcc4_10077.txt
10077	10078	genealogy/76312168_10078.txt
10078	10079	genealogy/58e6ed85_10079.txt
10079	10080	genealogy/02d9d05a_10080.txt
10080	10081	genealogy/33169ef1_10081.txt
10081	10082	genealogy/ed55ee0e_10082.txt
10082	10083	genealogy/f56e4c50_10083.txt
10083	10084	genealogy/f8ee1c30_10084.txt
10084	10085	genealogy/98087bc7_10085.txt
10085	10086	genealogy/dcbfdd71_10086.txt
10086	10087	genealogy/c4635a07_10087.txt
10087	10088	genealogy/247be336_10088.txt
10088	10089	genealogy/8fda3ddc_10089.txt
10089	10090	genealogy/9a7ceece_10090.txt
10090	10091	genealogy/8243afc3_10091.txt
10091	10092	genealogy/54bd254e_10092.txt
10092	10093	genealogy/0766f9d7_10093.txt
10093	10094	genealogy/e56581ca_10094.txt
10094	10095	genealogy/965cb800_10095.txt
10095	10096	genealogy/af696bca_10096.txt
10096	10097	genealogy/095081d0_10097.txt
10097	10098	genealogy/d01425b5_10098.txt
10098	10099	genealogy/b3005620_10099.txt
10099	10100	genealogy/b4cb7dec_10100.txt
10100	10101	genealogy/b90ab4d8_10101.txt
10101	10102	genealogy/ab4e78a6_10102.txt
10102	10103	genealogy/a81f8c00_10103.txt
10103	10104	genealogy/40e64957_10104.txt
10104	10105	genealogy/2cdba3fb_10105.txt
10105	10106	genealogy/df655d0f_10106.txt
10106	10107	genealogy/58fba0c0_10107.txt
10107	10108	genealogy/d10eb511_10108.txt
10108	10109	genealogy/4b298944_10109.txt
10109	10110	genealogy/55fe87ee_10110.txt
10110	10111	genealogy/df22ccc7_10111.txt
10111	10112	genealogy/26d7ddbb_10112.txt
10112	10113	genealogy/f6a8f7f8_10113.txt
10113	10114	genealogy/d677c8c9_10114.txt
10114	10115	genealogy/b139ac72_10115.txt
10115	10116	genealogy/b6cb6af2_10116.txt
10116	10117	genealogy/30e7fa9f_10117.txt
10117	10118	genealogy/969a1708_10118.txt
10118	10119	genealogy/510d42b1_10119.txt
10119	10120	genealogy/3081f58d_10120.txt
10120	10121	genealogy/6d543646_10121.txt
10121	10122	genealogy/fb601c13_10122.txt
10122	10123	genealogy/bcf83241_10123.txt
10123	10124	genealogy/97396995_10124.txt
10124	10125	genealogy/3389e152_10125.txt
10125	10126	genealogy/5d30364e_10126.txt
10126	10127	genealogy/4c90481e_10127.txt
10127	10128	genealogy/599525f4_10128.txt
10128	10129	genealogy/2824b5f8_10129.txt
10129	10130	genealogy/859d7cfa_10130.txt
10130	10131	genealogy/7298a70e_10131.txt
10131	10132	genealogy/a7b42f39_10132.txt
10132	10133	genealogy/26d7a695_10133.txt
10133	10134	genealogy/803a976e_10134.txt
10134	10135	genealogy/5f94294e_10135.txt
10135	10136	genealogy/c6c5f188_10136.txt
10136	10137	genealogy/8c3e6d28_10137.txt
10137	10138	genealogy/8b28444a_10138.txt
10138	10139	genealogy/649e305b_10139.txt
10139	10140	genealogy/e618374c_10140.txt
10140	10141	genealogy/e17768b1_10141.txt
10141	10142	genealogy/597f87cd_10142.txt
10142	10143	genealogy/d5dd8850_10143.txt
10143	10144	genealogy/57cb4a6a_10144.txt
10144	10145	genealogy/5352b48e_10145.txt
10145	10146	genealogy/5839cdf0_10146.txt
10146	10147	genealogy/24db88bd_10147.txt
10147	10148	genealogy/d72b34f5_10148.txt
10148	10149	genealogy/1d2903ae_10149.txt
10149	10150	genealogy/456d0f24_10150.txt
10150	10151	genealogy/f30709c1_10151.txt
10151	10152	genealogy/69584371_10152.txt
10152	10153	genealogy/1ef4b396_10153.txt
10153	10154	genealogy/e804249e_10154.txt
10154	10155	genealogy/ac960900_10155.txt
10155	10156	genealogy/e2403716_10156.txt
10156	10157	genealogy/2f42aaa8_10157.txt
10157	10158	genealogy/eb7334cd_10158.txt
10158	10159	genealogy/a3dbbd71_10159.txt
10159	10160	genealogy/f9611c0d_10160.txt
10160	10161	genealogy/e26f23a1_10161.txt
10161	10162	genealogy/e564c1cc_10162.txt
10162	10163	genealogy/6914c46d_10163.txt
10163	10164	genealogy/5ed7f9e2_10164.txt
10164	10165	genealogy/5ed7f9e2_10165.txt
10165	10166	genealogy/5ed7f9e2_10166.txt
10166	10167	genealogy/5ed7f9e2_10167.txt
10167	10168	genealogy/5ed7f9e2_10168.txt
10168	10169	genealogy/5ed7f9e2_10169.txt
10169	10170	genealogy/5ed7f9e2_10170.txt
10170	10171	genealogy/5ed7f9e2_10171.txt
10171	10172	genealogy/5ed7f9e2_10172.txt
10172	10173	genealogy/5ed7f9e2_10173.txt
10173	10174	genealogy/5ed7f9e2_10174.txt
10174	10175	genealogy/5ed7f9e2_10175.txt
10175	10176	genealogy/5ed7f9e2_10176.txt
10176	10177	genealogy/5ed7f9e2_10177.txt
10177	10178	genealogy/5ed7f9e2_10178.txt
10178	10179	genealogy/4e8d357d_10179.txt
10179	10180	genealogy/4e8d357d_10180.txt
10180	10181	genealogy/4e8d357d_10181.txt
10181	10182	genealogy/4e8d357d_10182.txt
10182	10183	genealogy/4e8d357d_10183.txt
10183	10184	genealogy/4e8d357d_10184.txt
10184	10185	genealogy/4e8d357d_10185.txt
10185	10186	genealogy/4e8d357d_10186.txt
10186	10187	genealogy/0e22607e_10187.txt
10187	10188	genealogy/6d03d0da_10188.txt
10188	10189	genealogy/6189f0bf_10189.txt
10189	10190	genealogy/22716b43_10190.txt
10190	10191	genealogy/c3745a2c_10191.txt
10191	10192	genealogy/c3745a2c_10192.txt
10192	10193	genealogy/c3745a2c_10193.txt
10193	10194	genealogy/c3745a2c_10194.txt
10194	10195	genealogy/c3745a2c_10195.txt
10195	10196	genealogy/c3745a2c_10196.txt
10196	10197	genealogy/c3745a2c_10197.txt
10197	10198	genealogy/c3745a2c_10198.txt
10198	10199	genealogy/c3745a2c_10199.txt
10199	10200	genealogy/c3745a2c_10200.txt
10200	10201	genealogy/c3745a2c_10201.txt
10201	10202	genealogy/c3745a2c_10202.txt
10202	10203	genealogy/c3745a2c_10203.txt
10203	10204	genealogy/c3745a2c_10204.txt
10204	10205	genealogy/c3745a2c_10205.txt
10205	10206	genealogy/c3745a2c_10206.txt
10206	10207	genealogy/c3745a2c_10207.txt
10207	10208	genealogy/c3745a2c_10208.txt
10208	10209	genealogy/c3745a2c_10209.txt
10209	10210	genealogy/c3745a2c_10210.txt
10210	10211	genealogy/c3745a2c_10211.txt
10211	10212	genealogy/c3745a2c_10212.txt
10212	10213	genealogy/c3745a2c_10213.txt
10213	10214	genealogy/c3745a2c_10214.txt
10214	10215	genealogy/c3745a2c_10215.txt
10215	10216	genealogy/54536867_10216.txt
10216	10217	genealogy/2785ea95_10217.txt
10217	10218	genealogy/f4d79dec_10218.txt
10218	10219	genealogy/91e13bc8_10219.txt
10219	10220	genealogy/72539dd3_10220.txt
10220	10221	genealogy/67f3bfcd_10221.txt
10221	10222	genealogy/82d35db4_10222.txt
10222	10223	genealogy/a5c6242b_10223.txt
10223	10224	genealogy/3b24ce3b_10224.txt
10224	10225	genealogy/57101571_10225.txt
10225	10226	genealogy/c4c46cc8_10226.txt
10226	10227	genealogy/6e109393_10227.txt
10227	10228	genealogy/d2af62fe_10228.txt
10228	10229	genealogy/09c12930_10229.txt
10229	10230	genealogy/7ebf3350_10230.txt
10230	10231	genealogy/6251eb0b_10231.txt
10231	10232	genealogy/0aa89a35_10232.txt
10232	10233	genealogy/085ea3b4_10233.txt
10233	10234	genealogy/2c67becf_10234.txt
10234	10235	genealogy/c43d0115_10235.txt
10235	10236	genealogy/5d9b9cec_10236.txt
10236	10237	genealogy/860296a2_10237.txt
10237	10238	genealogy/3d7e6b81_10238.txt
10238	10239	genealogy/964dc506_10239.txt
10239	10240	genealogy/d93854c0_10240.txt
10240	10241	genealogy/623285e6_10241.txt
10241	10242	genealogy/e10c97aa_10242.txt
10242	10243	genealogy/0400a4c7_10243.txt
10243	10244	genealogy/fc84df2a_10244.txt
10244	10245	genealogy/4698f11f_10245.txt
10245	10246	genealogy/0f6d61d3_10246.txt
10246	10247	genealogy/7776eaa2_10247.txt
10247	10248	genealogy/ea048444_10248.txt
10248	10249	genealogy/a1d5a6c8_10249.txt
10249	10250	genealogy/d047d631_10250.txt
10250	10251	genealogy/c08d8eb2_10251.txt
10251	10252	genealogy/c498a882_10252.txt
10252	10253	genealogy/3c5b6dae_10253.txt
10253	10254	genealogy/7e69ac05_10254.txt
10254	10255	genealogy/1f25f304_10255.txt
10255	10256	genealogy/72efe81f_10256.txt
10256	10257	genealogy/02cf9d07_10257.txt
10257	10258	genealogy/47f25d4a_10258.txt
10258	10259	genealogy/f1c01ef7_10259.txt
10259	10260	genealogy/22ad67ed_10260.txt
10260	10261	genealogy/64f1fa25_10261.txt
10261	10262	genealogy/5ea5cf0a_10262.txt
10262	10263	genealogy/1e714b6f_10263.txt
10263	10264	genealogy/803eaa5e_10264.txt
10264	10265	genealogy/6f028830_10265.txt
10265	10266	genealogy/f44c47ca_10266.txt
10266	10267	genealogy/a0d1b319_10267.txt
10267	10268	genealogy/68e3a9fe_10268.txt
10268	10269	genealogy/5561fbb2_10269.txt
10269	10270	genealogy/4e3487d5_10270.txt
10270	10271	genealogy/8e4f08c1_10271.txt
10271	10272	genealogy/38682c51_10272.txt
10272	10273	genealogy/76e8c36e_10273.txt
10273	10274	genealogy/77fd98c8_10274.txt
10274	10275	genealogy/ab29003c_10275.txt
10275	10276	genealogy/5d2b8c8c_10276.txt
10276	10277	genealogy/fa001f6e_10277.txt
10277	10278	genealogy/34a4a06c_10278.txt
10278	10279	genealogy/24c3c2a0_10279.txt
10279	10280	genealogy/30fac79f_10280.txt
10280	10281	genealogy/7c5ca75f_10281.txt
10281	10282	genealogy/5b7778bd_10282.txt
10282	10283	genealogy/873ae089_10283.txt
10283	10284	genealogy/b8e29c52_10284.txt
10284	10285	genealogy/c98d0ab4_10285.txt
10285	10286	genealogy/abdab92d_10286.txt
10286	10287	genealogy/ef0a9531_10287.txt
10287	10288	genealogy/d9dd9fd3_10288.txt
10288	10289	genealogy/e7613c11_10289.txt
10289	10290	genealogy/e46c01db_10290.txt
10290	10291	genealogy/80df6d1e_10291.txt
10291	10292	genealogy/89d35a74_10292.txt
10292	10293	genealogy/ed4b25c9_10293.txt
10293	10294	genealogy/841b060e_10294.txt
10294	10295	genealogy/32fb86c1_10295.txt
10295	10296	genealogy/732ebe20_10296.txt
10296	10297	genealogy/554fc166_10297.txt
10297	10298	genealogy/c3f715a8_10298.txt
10298	10299	genealogy/4a0983f7_10299.txt
10299	10300	genealogy/29f77387_10300.txt
10300	10301	genealogy/85581584_10301.txt
10301	10302	genealogy/749de24d_10302.txt
10302	10303	genealogy/bf2150d4_10303.txt
10303	10304	genealogy/4d11bbc7_10304.txt
10304	10305	genealogy/8433ffbe_10305.txt
10305	10306	genealogy/c85d7f2f_10306.txt
10306	10307	genealogy/31a00b0f_10307.txt
10307	10308	genealogy/07fea34f_10308.txt
10308	10309	genealogy/edce7324_10309.txt
10309	10310	genealogy/509a4b1b_10310.txt
10310	10311	genealogy/2c527d96_10311.txt
10311	10312	genealogy/2792e409_10312.txt
10312	10313	genealogy/f3b9d8e3_10313.txt
10313	10314	genealogy/8040b36a_10314.txt
10314	10315	genealogy/f3f63652_10315.txt
10315	10316	genealogy/894ba54d_10316.txt
10316	10317	genealogy/1a75ffe6_10317.txt
10317	10318	genealogy/94518a0c_10318.txt
10318	10319	genealogy/05416bb6_10319.txt
10319	10320	genealogy/77d71614_10320.txt
10320	10321	genealogy/d6d623b1_10321.txt
10321	10322	genealogy/9efe76ec_10322.txt
10322	10323	genealogy/de3bd7ba_10323.txt
10323	10324	genealogy/223f6274_10324.txt
10324	10325	genealogy/7cfed5b0_10325.txt
10325	10326	genealogy/7ce4664e_10326.txt
10326	10327	genealogy/719436e7_10327.txt
10327	10328	genealogy/aa4e87eb_10328.txt
10328	10329	genealogy/5417fb6f_10329.txt
10329	10330	genealogy/b5548f39_10330.txt
10330	10331	genealogy/bec38702_10331.txt
10331	10332	genealogy/20b964f9_10332.txt
10332	10333	genealogy/3fa2408d_10333.txt
10333	10334	genealogy/6251eb0b_10334.txt
10334	10335	genealogy/69398d88_10335.txt
10335	10336	genealogy/2b5cb71d_10336.txt
10336	10337	genealogy/703d510e_10337.txt
10337	10338	genealogy/89efa1d4_10338.txt
10338	10339	genealogy/633216d7_10339.txt
10339	10340	genealogy/4771c5d5_10340.txt
10340	10341	genealogy/af300d7e_10341.txt
10341	10342	genealogy/522c0d2e_10342.txt
10342	10343	genealogy/47f072cd_10343.txt
10343	10344	genealogy/673bd914_10344.txt
10344	10345	genealogy/117e696a_10345.txt
10345	10346	genealogy/3c7de574_10346.txt
10346	10347	genealogy/abaf85b9_10347.txt
10347	10348	genealogy/29bcf7f7_10348.txt
10348	10349	genealogy/e248f7cb_10349.txt
10349	10350	genealogy/82e505b3_10350.txt
10350	10351	genealogy/db0b4823_10351.txt
10351	10352	genealogy/097b5374_10352.txt
10352	10353	genealogy/f450734c_10353.txt
10353	10354	genealogy/fbea943d_10354.txt
10354	10355	genealogy/719559fb_10355.txt
10355	10356	genealogy/6d14d898_10356.txt
10356	10357	genealogy/1bae7b1b_10357.txt
10357	10358	genealogy/0a9ebd6a_10358.txt
10358	10359	genealogy/4f8a27ae_10359.txt
10359	10360	genealogy/673bd914_10360.txt
10360	10361	genealogy/76b3134c_10361.txt
10361	10362	genealogy/99578eaf_10362.txt
10362	10363	genealogy/abaf85b9_10363.txt
10363	10364	genealogy/d797853a_10364.txt
10364	10365	genealogy/8ac7b764_10365.txt
10365	10366	genealogy/d11adc08_10366.txt
10366	10367	genealogy/b26f71c6_10367.txt
10367	10368	genealogy/995752a4_10368.txt
10368	10369	genealogy/abaf85b9_10369.txt
10369	10370	genealogy/f14705ac_10370.txt
10370	10371	genealogy/4340c790_10371.txt
10371	10372	genealogy/e7970ad9_10372.txt
10372	10373	genealogy/dd8cbf31_10373.txt
10373	10374	genealogy/47ab7a56_10374.txt
10374	10375	genealogy/8f4b6de0_10375.txt
10375	10376	genealogy/abaf85b9_10376.txt
10376	10377	genealogy/ddbb4043_10377.txt
10377	10378	genealogy/91fec7e3_10378.txt
10378	10379	genealogy/8189e118_10379.txt
10379	10380	genealogy/95870152_10380.txt
10380	10381	genealogy/27995af2_10381.txt
10381	10382	genealogy/b866719d_10382.txt
10382	10383	genealogy/abaf85b9_10383.txt
10383	10384	genealogy/29bcf7f7_10384.txt
10384	10385	genealogy/58921114_10385.txt
10385	10386	genealogy/95ee5dab_10386.txt
10386	10387	genealogy/b37621b7_10387.txt
10387	10388	genealogy/cd49fd44_10388.txt
10388	10389	genealogy/a5991b9c_10389.txt
10389	10390	genealogy/06d19da1_10390.txt
10390	10391	genealogy/f5e20613_10391.txt
10391	10392	genealogy/6f8c54d1_10392.txt
10392	10393	genealogy/c10d7693_10393.txt
10393	10394	genealogy/29bcf7f7_10394.txt
10394	10395	genealogy/27f2a1b0_10395.txt
10395	10396	genealogy/8a596e57_10396.txt
10396	10397	genealogy/3996d045_10397.txt
10397	10398	genealogy/5aa98109_10398.txt
10398	10399	genealogy/1e4ca563_10399.txt
10399	10400	genealogy/bb044de1_10400.txt
10400	10401	genealogy/529f8840_10401.txt
10401	10402	genealogy/3b1fe31b_10402.txt
10402	10403	genealogy/c39c5816_10403.txt
10403	10404	genealogy/9ff29615_10404.txt
10404	10405	genealogy/65b4de81_10405.txt
10405	10406	genealogy/d2f7eff5_10406.txt
10406	10407	genealogy/145d1527_10407.txt
10407	10408	genealogy/c4f7ec08_10408.txt
10408	10409	genealogy/1a14ba9a_10409.txt
10409	10410	genealogy/a95ec9ad_10410.txt
10410	10411	genealogy/5cdb49c6_10411.txt
10411	10412	genealogy/751f02d1_10412.txt
10412	10413	genealogy/50251bd1_10413.txt
10413	10414	genealogy/8761d214_10414.txt
10414	10415	genealogy/10c29fbc_10415.txt
10415	10416	genealogy/5c00bb0c_10416.txt
10416	10417	genealogy/1bd17a5c_10417.txt
10417	10418	genealogy/10bfa024_10418.txt
10418	10419	genealogy/77570521_10419.txt
10419	10420	genealogy/db9aa445_10420.txt
10420	10421	genealogy/c34a2e11_10421.txt
10421	10422	genealogy/8973c7bd_10422.txt
10422	10423	genealogy/8d120dae_10423.txt
10423	10424	genealogy/c3fb091e_10424.txt
10424	10425	genealogy/d5580291_10425.txt
10425	10426	genealogy/a4fb3dad_10426.txt
10426	10427	genealogy/09bb9921_10427.txt
10427	10428	genealogy/0e63c401_10428.txt
10428	10429	genealogy/8e4e9660_10429.txt
10429	10430	genealogy/e2f59449_10430.txt
10430	10431	genealogy/7a97be2a_10431.txt
10431	10432	genealogy/4b02d991_10432.txt
10432	10433	genealogy/8f138b49_10433.txt
10433	10434	genealogy/72d27088_10434.txt
10434	10435	genealogy/87a21efc_10435.txt
10435	10436	genealogy/652442b3_10436.txt
10436	10437	genealogy/99f19c82_10437.txt
10437	10438	genealogy/e81e7b11_10438.txt
10438	10439	genealogy/9ef13a99_10439.txt
10439	10440	genealogy/c302c5c0_10440.txt
10440	10441	genealogy/be663602_10441.txt
10441	10442	genealogy/bce7e6d8_10442.txt
10442	10443	genealogy/6989c4d1_10443.txt
10443	10444	genealogy/3d04500d_10444.txt
10444	10445	genealogy/9999dc9c_10445.txt
10445	10446	genealogy/025db3b9_10446.txt
10446	10447	genealogy/e2b34414_10447.txt
10447	10448	genealogy/93bace7e_10448.txt
10448	10449	genealogy/91852d53_10449.txt
10449	10450	genealogy/f5f97c75_10450.txt
10450	10451	genealogy/3cd0359b_10451.txt
10451	10452	genealogy/e90e9c21_10452.txt
10452	10453	genealogy/891f74f2_10453.txt
10453	10454	genealogy/97ea007f_10454.txt
10454	10455	genealogy/cacb1530_10455.txt
10455	10456	genealogy/7b63ab88_10456.txt
10456	10457	genealogy/ffc99ea9_10457.txt
10457	10458	genealogy/d87a6798_10458.txt
10458	10459	genealogy/64adbd77_10459.txt
10459	10460	genealogy/a7bcbec1_10460.txt
10460	10461	genealogy/34b7ce5f_10461.txt
10461	10462	genealogy/17cc4c4e_10462.txt
10462	10463	genealogy/6a89f937_10463.txt
10463	10464	genealogy/292da431_10464.txt
10464	10465	genealogy/3f95699e_10465.txt
10465	10466	genealogy/ad6b93b6_10466.txt
10466	10467	genealogy/fde54afa_10467.txt
10467	10468	genealogy/d1dee732_10468.txt
10468	10469	genealogy/ff9d4aac_10469.txt
10469	10470	genealogy/21c9cd4c_10470.txt
10470	10471	genealogy/2c5dcb51_10471.txt
10471	10472	genealogy/a9d1afc5_10472.txt
10472	10473	genealogy/ad4d06af_10473.txt
10473	10474	genealogy/0e7b2cf2_10474.txt
10474	10475	genealogy/86d0d3b0_10475.txt
10475	10476	genealogy/22fd12f2_10476.txt
10476	10477	genealogy/e18f1533_10477.txt
10477	10478	genealogy/f5cac0e7_10478.txt
10478	10479	genealogy/47541b10_10479.txt
10479	10480	genealogy/ed3fa8e1_10480.txt
10480	10481	genealogy/3af6d391_10481.txt
10481	10482	genealogy/8576df51_10482.txt
10482	10483	genealogy/a56e7a88_10483.txt
10483	10484	genealogy/83ed4318_10484.txt
10484	10485	genealogy/7e118eee_10485.txt
10485	10486	genealogy/440f1d93_10486.txt
10486	10487	genealogy/99249735_10487.txt
10487	10488	genealogy/8f8d4904_10488.txt
10488	10489	genealogy/c0de1234_10489.txt
10489	10490	genealogy/40a2811c_10490.txt
10490	10491	genealogy/17f62e7a_10491.txt
10491	10492	genealogy/b06d501a_10492.txt
10492	10493	genealogy/b9d2f85d_10493.txt
10493	10494	genealogy/10fa9dc7_10494.txt
10494	10495	genealogy/02ca70ed_10495.txt
10495	10496	genealogy/d0126cd5_10496.txt
10496	10497	genealogy/311f7d62_10497.txt
10497	10498	genealogy/fbe52cd0_10498.txt
10498	10499	genealogy/d15a9466_10499.txt
10499	10500	genealogy/06ec3049_10500.txt
10500	10501	genealogy/61dee3ea_10501.txt
10501	10502	genealogy/1ed49c9e_10502.txt
10502	10503	genealogy/a934f157_10503.txt
10503	10504	genealogy/2c87cce9_10504.txt
10504	10505	genealogy/305ea5d6_10505.txt
10505	10506	genealogy/638146bf_10506.txt
10506	10507	genealogy/8b2d0adb_10507.txt
10507	10508	genealogy/6c0afffc_10508.txt
10508	10509	genealogy/c8b85a2d_10509.txt
10509	10510	genealogy/62328de9_10510.txt
10510	10511	genealogy/8cc3e9fd_10511.txt
10511	10512	genealogy/6fb824f0_10512.txt
10512	10513	genealogy/9bde8d1b_10513.txt
10513	10514	genealogy/75080432_10514.txt
10514	10515	genealogy/d697a72f_10515.txt
10515	10516	genealogy/cfe43b58_10516.txt
10516	10517	genealogy/20081301_10517.txt
10517	10518	genealogy/aa65cf5e_10518.txt
10518	10519	genealogy/3432680a_10519.txt
10519	10520	genealogy/629ea28b_10520.txt
10520	10521	genealogy/954b2677_10521.txt
10521	10522	genealogy/97f03db6_10522.txt
10522	10523	genealogy/960c3c71_10523.txt
10523	10524	genealogy/505e8530_10524.txt
10524	10525	genealogy/e5680813_10525.txt
10525	10526	genealogy/028c70db_10526.txt
10526	10527	genealogy/25906898_10527.txt
10527	10528	genealogy/ecadc1c1_10528.txt
10528	10529	genealogy/db598118_10529.txt
10529	10530	genealogy/596c2558_10530.txt
10530	10531	genealogy/29458218_10531.txt
10531	10532	genealogy/bb4f0976_10532.txt
10532	10533	genealogy/97ab8ed0_10533.txt
10533	10534	genealogy/81282737_10534.txt
10534	10535	genealogy/fdc6c023_10535.txt
10535	10536	genealogy/3193f75d_10536.txt
10536	10537	genealogy/9ab11140_10537.txt
10537	10538	genealogy/a8a05271_10538.txt
10538	10539	genealogy/5634ef9e_10539.txt
10539	10540	genealogy/5276890b_10540.txt
10540	10541	genealogy/1ba61e92_10541.txt
10541	10542	genealogy/062d9852_10542.txt
10542	10543	genealogy/13ea96a2_10543.txt
10543	10544	genealogy/13ea96a2_10544.txt
10544	10545	genealogy/f47db452_10545.txt
10545	10546	genealogy/0fc137ac_10546.txt
10546	10547	genealogy/35b72048_10547.txt
10547	10548	genealogy/0457f721_10548.txt
10548	10549	genealogy/49620c39_10549.txt
10549	10550	genealogy/0a8d447d_10550.txt
10550	10551	genealogy/bb64fa50_10551.txt
10551	10552	genealogy/c0a67260_10552.txt
10552	10553	genealogy/75749666_10553.txt
10553	10554	genealogy/171fcb00_10554.txt
10554	10555	genealogy/f9d97efb_10555.txt
10555	10556	genealogy/3d9ad4e0_10556.txt
10556	10557	genealogy/cdb83b30_10557.txt
10557	10558	genealogy/e5fb0f62_10558.txt
10558	10559	genealogy/dc40d433_10559.txt
10559	10560	genealogy/60f05f89_10560.txt
10560	10561	genealogy/6e0993e7_10561.txt
10561	10562	genealogy/91617abb_10562.txt
10562	10563	genealogy/076192f6_10563.txt
10563	10564	genealogy/47530daa_10564.txt
10564	10565	genealogy/dca9e767_10565.txt
10565	10566	genealogy/a7abafce_10566.txt
10566	10567	genealogy/f20e4326_10567.txt
10567	10568	genealogy/80afb442_10568.txt
10568	10569	genealogy/9563e77d_10569.txt
10569	10570	genealogy/de126ceb_10570.txt
10570	10571	genealogy/61d59daf_10571.txt
10571	10572	genealogy/8877766b_10572.txt
10572	10573	genealogy/183794cf_10573.txt
10573	10574	genealogy/ba9392cd_10574.txt
10574	10575	genealogy/0d777b32_10575.txt
10575	10576	genealogy/ba3ed07f_10576.txt
10576	10577	genealogy/a86f2e35_10577.txt
10577	10578	genealogy/b1253cdc_10578.txt
10578	10579	genealogy/da74763b_10579.txt
10579	10580	genealogy/cd732022_10580.txt
10580	10581	genealogy/a10a161e_10581.txt
10581	10582	genealogy/687dc6bd_10582.txt
10582	10583	genealogy/c3f96244_10583.txt
10583	10584	genealogy/f55840f6_10584.txt
10584	10585	genealogy/6f4e5da2_10585.txt
10585	10586	genealogy/ab2447f7_10586.txt
10586	10587	genealogy/9be6c6d4_10587.txt
10587	10588	genealogy/a2209554_10588.txt
10588	10589	genealogy/94bfcd67_10589.txt
10589	10590	genealogy/0b017c49_10590.txt
10590	10591	genealogy/22e50bdc_10591.txt
10591	10592	genealogy/3069fe82_10592.txt
10592	10593	genealogy/4c07c38f_10593.txt
10593	10594	genealogy/6f115a8b_10594.txt
10594	10595	genealogy/3237f13a_10595.txt
10595	10596	genealogy/d7370430_10596.txt
10596	10597	genealogy/1b82c2c5_10597.txt
10597	10598	genealogy/4809619b_10598.txt
10598	10599	genealogy/bb859031_10599.txt
10599	10600	genealogy/22119d1a_10600.txt
10600	10601	genealogy/6e3b6127_10601.txt
10601	10602	genealogy/f3c9732f_10602.txt
10602	10603	genealogy/4fe72cf1_10603.txt
10603	10604	genealogy/58ad2839_10604.txt
10604	10605	genealogy/59270f39_10605.txt
10605	10606	genealogy/c6a02287_10606.txt
10606	10607	genealogy/58c189e5_10607.txt
10607	10608	genealogy/79a2236d_10608.txt
10608	10609	genealogy/1bbd4a28_10609.txt
10609	10610	genealogy/a43ec7b5_10610.txt
10610	10611	genealogy/66d045a7_10611.txt
10611	10612	genealogy/aaef0a8f_10612.txt
10612	10613	genealogy/d3091f82_10613.txt
10613	10614	genealogy/52c3d1d9_10614.txt
10614	10615	genealogy/f2f2c93a_10615.txt
10615	10616	genealogy/7c2a3002_10616.txt
10616	10617	genealogy/e0b6d0ef_10617.txt
10617	10618	genealogy/059ef880_10618.txt
10618	10619	genealogy/914af794_10619.txt
10619	10620	genealogy/4df975c2_10620.txt
10620	10621	genealogy/1d18ffe0_10621.txt
10621	10622	genealogy/1889da84_10622.txt
10622	10623	genealogy/8beb3527_10623.txt
10623	10624	genealogy/4226504c_10624.txt
10624	10625	genealogy/f618d7ac_10625.txt
10625	10626	genealogy/390dde84_10626.txt
10626	10627	genealogy/66871b5f_10627.txt
10627	10628	genealogy/c24fdf7a_10628.txt
10628	10629	genealogy/38e4fefc_10629.txt
10629	10630	genealogy/b6391571_10630.txt
10630	10631	genealogy/5487d40c_10631.txt
10631	10632	genealogy/31239900_10632.txt
10632	10633	genealogy/545afb62_10633.txt
10633	10634	genealogy/b492738f_10634.txt
10634	10635	genealogy/4d547c17_10635.txt
10635	10636	genealogy/ab949f4c_10636.txt
10636	10637	genealogy/598a08f3_10637.txt
10637	10638	genealogy/135ce4a1_10638.txt
10638	10639	genealogy/0ffe73b0_10639.txt
10639	10640	genealogy/06982cb0_10640.txt
10640	10641	genealogy/9999932b_10641.txt
10641	10642	genealogy/8f435d5d_10642.txt
10642	10643	genealogy/d242d5dd_10643.txt
10643	10644	genealogy/2f850311_10644.txt
10644	10645	genealogy/c15556d8_10645.txt
10645	10646	genealogy/aeecdbc8_10646.txt
10646	10647	genealogy/f03be4b9_10647.txt
10647	10648	genealogy/fb558749_10648.txt
10648	10649	genealogy/535d2347_10649.txt
10649	10650	genealogy/388176d7_10650.txt
10650	10651	genealogy/40eba31d_10651.txt
10651	10652	genealogy/9b9f6263_10652.txt
10652	10653	genealogy/4ad5e4fb_10653.txt
10653	10654	genealogy/08d12f65_10654.txt
10654	10655	genealogy/cd552067_10655.txt
10655	10656	genealogy/63a4eecd_10656.txt
10656	10657	genealogy/2ee61a6c_10657.txt
10657	10658	genealogy/403cbb17_10658.txt
10658	10659	genealogy/0417a6d4_10659.txt
10659	10660	genealogy/23d71b58_10660.txt
10660	10661	genealogy/f5502dd5_10661.txt
10661	10662	genealogy/2aa97dc0_10662.txt
10662	10663	genealogy/7d9aa48d_10663.txt
10663	10664	genealogy/31acb5e8_10664.txt
10664	10665	genealogy/7663fa3a_10665.txt
10665	10666	genealogy/6be5b8cd_10666.txt
10666	10667	genealogy/8f48b042_10667.txt
10667	10668	genealogy/7b77ce83_10668.txt
10668	10669	genealogy/5152889d_10669.txt
10669	10670	genealogy/99cc14f9_10670.txt
10670	10671	genealogy/db90510f_10671.txt
10671	10672	genealogy/24744bc4_10672.txt
10672	10673	genealogy/d0d2fa80_10673.txt
10673	10674	genealogy/d662bbf8_10674.txt
10674	10675	genealogy/386e7b37_10675.txt
10675	10676	genealogy/4db7a69f_10676.txt
10676	10677	genealogy/b630c9e0_10677.txt
10677	10678	genealogy/e68a95b3_10678.txt
10678	10679	genealogy/20528b27_10679.txt
10679	10680	genealogy/1a9d7b1d_10680.txt
10680	10681	genealogy/1fa9d535_10681.txt
10681	10682	genealogy/49591933_10682.txt
10682	10683	genealogy/e53511a6_10683.txt
10683	10684	genealogy/95fda1fc_10684.txt
10684	10685	genealogy/88192246_10685.txt
10685	10686	genealogy/5256b913_10686.txt
10686	10687	genealogy/f48a902f_10687.txt
10687	10688	genealogy/79edc425_10688.txt
10688	10689	genealogy/ca318e7a_10689.txt
10689	10690	genealogy/e1b817b7_10690.txt
10690	10691	genealogy/75fd12e7_10691.txt
10691	10692	genealogy/97d09ae1_10692.txt
10692	10693	genealogy/97bac885_10693.txt
10693	10694	genealogy/d890442c_10694.txt
10694	10695	genealogy/48adbded_10695.txt
10695	10696	genealogy/11971d54_10696.txt
10696	10697	genealogy/8cba1aef_10697.txt
10697	10698	genealogy/7bb6ef7d_10698.txt
10698	10699	genealogy/b027fa0f_10699.txt
10699	10700	genealogy/9089d371_10700.txt
10700	10701	genealogy/dadfa9af_10701.txt
10701	10702	genealogy/81acd36a_10702.txt
10702	10703	genealogy/4a034aec_10703.txt
10703	10704	genealogy/cf07d3cd_10704.txt
10704	10705	genealogy/9b527316_10705.txt
10705	10706	genealogy/c28066bc_10706.txt
10706	10707	genealogy/d65b6b63_10707.txt
10707	10708	genealogy/ec61dd29_10708.txt
10708	10709	genealogy/e37f81fb_10709.txt
10709	10710	genealogy/f432c1cd_10710.txt
10710	10711	genealogy/0b002646_10711.txt
10711	10712	genealogy/eaafd754_10712.txt
10712	10713	genealogy/abfeeafc_10713.txt
10713	10714	genealogy/c52cc64d_10714.txt
10714	10715	genealogy/0112a493_10715.txt
10715	10716	genealogy/a2f6f94c_10716.txt
10716	10717	genealogy/cb6c65a7_10717.txt
10717	10718	genealogy/cdfe51a2_10718.txt
10718	10719	genealogy/5a7d4ff5_10719.txt
10719	10720	genealogy/36362394_10720.txt
10720	10721	genealogy/f52b6516_10721.txt
10721	10722	genealogy/a02ef1c6_10722.txt
10722	10723	genealogy/fec03794_10723.txt
10723	10724	genealogy/32a63203_10724.txt
10724	10725	genealogy/789462b6_10725.txt
10725	10726	genealogy/78c45909_10726.txt
10726	10727	genealogy/c1f49aa7_10727.txt
10727	10728	genealogy/ea13c8a9_10728.txt
10728	10729	genealogy/b143fe32_10729.txt
10729	10730	genealogy/5f4d5abf_10730.txt
10730	10731	genealogy/7d130209_10731.txt
10731	10732	genealogy/6c710a6e_10732.txt
10732	10733	genealogy/6aa10d56_10733.txt
10733	10734	genealogy/a67cd193_10734.txt
10734	10735	genealogy/5e69966f_10735.txt
10735	10736	genealogy/cac04936_10736.txt
10736	10737	genealogy/e0b1f7d7_10737.txt
10737	10738	genealogy/204c735b_10738.txt
10738	10739	genealogy/5ecd88cc_10739.txt
10739	10740	genealogy/ca87722b_10740.txt
10740	10741	genealogy/911b0933_10741.txt
10741	10742	genealogy/e3cfb545_10742.txt
10742	10743	genealogy/1b9a3384_10743.txt
10743	10744	genealogy/8818cc05_10744.txt
10744	10745	genealogy/ec3c6e40_10745.txt
10745	10746	genealogy/19805835_10746.txt
10746	10747	genealogy/352ea6ed_10747.txt
10747	10748	genealogy/540198db_10748.txt
10748	10749	genealogy/7bc87a7d_10749.txt
10749	10750	genealogy/f0417461_10750.txt
10750	10751	genealogy/f942ebd6_10751.txt
10751	10752	genealogy/8895a197_10752.txt
10752	10753	genealogy/7916cd06_10753.txt
10753	10754	genealogy/f86d51d9_10754.txt
10754	10755	genealogy/355f9c7d_10755.txt
10755	10756	genealogy/3460fe43_10756.txt
10756	10757	genealogy/28659edf_10757.txt
10757	10758	genealogy/93da3216_10758.txt
10758	10759	genealogy/7d4a1dec_10759.txt
10759	10760	genealogy/308ebe9e_10760.txt
10760	10761	genealogy/437f35a4_10761.txt
10761	10762	genealogy/43e1b302_10762.txt
10762	10763	genealogy/31b89c83_10763.txt
10763	10764	genealogy/8d65c89b_10764.txt
10764	10765	genealogy/f9a1032d_10765.txt
10765	10766	genealogy/21e96a10_10766.txt
10766	10767	genealogy/d1c9feb9_10767.txt
10767	10768	genealogy/7c6be3ae_10768.txt
10768	10769	genealogy/7dd40aae_10769.txt
10769	10770	genealogy/ae0065ce_10770.txt
10770	10771	genealogy/a980111e_10771.txt
10771	10772	genealogy/f37252ce_10772.txt
10772	10773	genealogy/c684e0ca_10773.txt
10773	10774	genealogy/e7cbf9da_10774.txt
10774	10775	genealogy/f685357a_10775.txt
10775	10776	genealogy/61bed1c2_10776.txt
10776	10777	genealogy/ccc49287_10777.txt
10777	10778	genealogy/6e0ad02d_10778.txt
10778	10779	genealogy/4c4f3416_10779.txt
10779	10780	genealogy/fec57ddb_10780.txt
10780	10781	genealogy/0029c340_10781.txt
10781	10782	genealogy/346adc57_10782.txt
10782	10783	genealogy/01c55261_10783.txt
10783	10784	genealogy/978bf011_10784.txt
10784	10785	genealogy/fedb67ec_10785.txt
10785	10786	genealogy/fac87ccc_10786.txt
10786	10787	genealogy/c4dc640c_10787.txt
10787	10788	genealogy/c50974c4_10788.txt
10788	10789	genealogy/6bb6903a_10789.txt
10789	10790	genealogy/9694e64e_10790.txt
10790	10791	genealogy/a525bdd2_10791.txt
10791	10792	genealogy/6a5f40fb_10792.txt
10792	10793	genealogy/7502872c_10793.txt
10793	10794	genealogy/2a273ec3_10794.txt
10794	10795	genealogy/a3464fe5_10795.txt
10795	10796	genealogy/7c94c000_10796.txt
10796	10797	genealogy/e47ed3a2_10797.txt
10797	10798	genealogy/210bb02b_10798.txt
10798	10799	genealogy/4fdf7af4_10799.txt
10799	10800	genealogy/48fed209_10800.txt
10800	10801	genealogy/e35e8663_10801.txt
10801	10802	genealogy/6ff987ce_10802.txt
10802	10803	genealogy/1802e147_10803.txt
10803	10804	genealogy/70dc585d_10804.txt
10804	10805	genealogy/14880080_10805.txt
10805	10806	genealogy/1623aab2_10806.txt
10806	10807	genealogy/9ee62cad_10807.txt
10807	10808	genealogy/8555f69f_10808.txt
10808	10809	genealogy/d39081c0_10809.txt
10809	10810	genealogy/71c0a45d_10810.txt
10810	10811	genealogy/5da9edb9_10811.txt
10811	10812	genealogy/d2d67400_10812.txt
10812	10813	genealogy/522933e9_10813.txt
10813	10814	genealogy/e880d616_10814.txt
10814	10815	genealogy/6261699e_10815.txt
10815	10816	genealogy/7ac366f3_10816.txt
10816	10817	genealogy/0ad94561_10817.txt
10817	10818	genealogy/0008e2a2_10818.txt
10818	10819	genealogy/0a0a4296_10819.txt
10819	10820	genealogy/d4eb3cd4_10820.txt
10820	10821	genealogy/26d21000_10821.txt
10821	10822	genealogy/fd7603dd_10822.txt
10822	10823	genealogy/d9c301d3_10823.txt
10823	10824	genealogy/a9338967_10824.txt
10824	10825	genealogy/51c3ef7b_10825.txt
10825	10826	genealogy/8d1acbb4_10826.txt
10826	10827	genealogy/4e8a1fec_10827.txt
10827	10828	genealogy/a2cd9cf2_10828.txt
10828	10829	genealogy/49562588_10829.txt
10829	10830	genealogy/e5fa7108_10830.txt
10830	10831	genealogy/7f6d37a8_10831.txt
10831	10832	genealogy/b467d3be_10832.txt
10832	10833	genealogy/724a64ac_10833.txt
10833	10834	genealogy/b5e683c0_10834.txt
10834	10835	genealogy/18ab6aaf_10835.txt
10835	10836	genealogy/1b9e9e47_10836.txt
10836	10837	genealogy/364564aa_10837.txt
10837	10838	genealogy/afb4a04f_10838.txt
10838	10839	genealogy/fe6301d5_10839.txt
10839	10840	genealogy/8e6c2453_10840.txt
10840	10841	genealogy/998a691f_10841.txt
10841	10842	genealogy/14a9bef5_10842.txt
10842	10843	genealogy/395da65f_10843.txt
10843	10844	genealogy/e7dc935c_10844.txt
10844	10845	genealogy/0a3313f5_10845.txt
10845	10846	genealogy/22054eab_10846.txt
10846	10847	genealogy/6134137c_10847.txt
10847	10848	genealogy/eb6aa12b_10848.txt
10848	10849	genealogy/07b03780_10849.txt
10849	10850	genealogy/bdfb25ea_10850.txt
10850	10851	genealogy/5edbb79d_10851.txt
10851	10852	genealogy/64c15907_10852.txt
10852	10853	genealogy/4f4e943f_10853.txt
10853	10854	genealogy/bde758f3_10854.txt
10854	10855	genealogy/3fec46d5_10855.txt
10855	10856	genealogy/83af4b02_10856.txt
10856	10857	genealogy/a04630f4_10857.txt
10857	10858	genealogy/c5f8c815_10858.txt
10858	10859	genealogy/d6f49361_10859.txt
10859	10860	genealogy/0418fc80_10860.txt
10860	10861	genealogy/c945dc8d_10861.txt
10861	10862	genealogy/098df376_10862.txt
10862	10863	genealogy/0d4fd82a_10863.txt
10863	10864	genealogy/0a3e1339_10864.txt
10864	10865	genealogy/87a1e5b6_10865.txt
10865	10866	genealogy/fedf867a_10866.txt
10866	10867	genealogy/d57f20c6_10867.txt
10867	10868	genealogy/40bd4311_10868.txt
10868	10869	genealogy/280568d9_10869.txt
10869	10870	genealogy/c0914274_10870.txt
10870	10871	genealogy/03794ed1_10871.txt
10871	10872	genealogy/96a391a1_10872.txt
10872	10873	genealogy/943a04e2_10873.txt
10873	10874	genealogy/4b774171_10874.txt
10874	10875	genealogy/d6da9bdf_10875.txt
10875	10876	genealogy/0a41c4ea_10876.txt
10876	10877	genealogy/8b7fc942_10877.txt
10877	10878	genealogy/2ccdbfff_10878.txt
10878	10879	genealogy/5a6f6ab8_10879.txt
10879	10880	genealogy/fdde6a63_10880.txt
10880	10881	genealogy/080f337d_10881.txt
10881	10882	genealogy/58cfd071_10882.txt
10882	10883	genealogy/f5bb4008_10883.txt
10883	10884	genealogy/364cd9f7_10884.txt
10884	10885	genealogy/c939873f_10885.txt
10885	10886	genealogy/33b329dd_10886.txt
10886	10887	genealogy/1abc0847_10887.txt
10887	10888	genealogy/f698c24b_10888.txt
10888	10889	genealogy/90977937_10889.txt
10889	10890	genealogy/bd253aea_10890.txt
10890	10891	genealogy/d72a37a7_10891.txt
10891	10892	genealogy/b1452678_10892.txt
10892	10893	genealogy/1e6dfe6a_10893.txt
10893	10894	genealogy/94a22f2e_10894.txt
10894	10895	genealogy/6d2f7b96_10895.txt
10895	10896	genealogy/0fd992c2_10896.txt
10896	10897	genealogy/495dc63f_10897.txt
10897	10898	genealogy/ec5defd2_10898.txt
10898	10899	genealogy/e37831ae_10899.txt
10899	10900	genealogy/8654bbd1_10900.txt
10900	10901	genealogy/08644d8a_10901.txt
10901	10902	genealogy/ef51062d_10902.txt
10902	10903	genealogy/74817d6e_10903.txt
10903	10904	genealogy/61a5c323_10904.txt
10904	10905	genealogy/2a901f99_10905.txt
10905	10906	genealogy/90715a44_10906.txt
10906	10907	genealogy/e134512f_10907.txt
10907	10908	genealogy/9a7064f3_10908.txt
10908	10909	genealogy/d09ade8a_10909.txt
10909	10910	genealogy/7266ae5c_10910.txt
10910	10911	genealogy/fb14ec65_10911.txt
10911	10912	genealogy/8c9ddbef_10912.txt
10912	10913	genealogy/f25fff0e_10913.txt
10913	10914	genealogy/bc787d59_10914.txt
10914	10915	genealogy/60e9c654_10915.txt
10915	10916	genealogy/f9d97efb_10916.txt
10916	10917	genealogy/18f3e7d4_10917.txt
10917	10918	genealogy/cdb83b30_10918.txt
10918	10919	genealogy/69398d88_10919.txt
10919	10920	genealogy/2b5cb71d_10920.txt
10920	10921	genealogy/703d510e_10921.txt
10921	10922	genealogy/89efa1d4_10922.txt
10922	10923	genealogy/633216d7_10923.txt
10923	10924	genealogy/4771c5d5_10924.txt
10924	10925	genealogy/af300d7e_10925.txt
10925	10926	genealogy/522c0d2e_10926.txt
10926	10927	genealogy/47f072cd_10927.txt
10927	10928	genealogy/673bd914_10928.txt
10928	10929	genealogy/117e696a_10929.txt
10929	10930	genealogy/3c7de574_10930.txt
10930	10931	genealogy/abaf85b9_10931.txt
10931	10932	genealogy/29bcf7f7_10932.txt
10932	10933	genealogy/e248f7cb_10933.txt
10933	10934	genealogy/82e505b3_10934.txt
10934	10935	genealogy/db0b4823_10935.txt
10935	10936	genealogy/097b5374_10936.txt
10936	10937	genealogy/f450734c_10937.txt
10937	10938	genealogy/fbea943d_10938.txt
10938	10939	genealogy/719559fb_10939.txt
10939	10940	genealogy/6d14d898_10940.txt
10940	10941	genealogy/1bae7b1b_10941.txt
10941	10942	genealogy/0a9ebd6a_10942.txt
10942	10943	genealogy/4f8a27ae_10943.txt
10943	10944	genealogy/673bd914_10944.txt
10944	10945	genealogy/76b3134c_10945.txt
10945	10946	genealogy/99578eaf_10946.txt
10946	10947	genealogy/abaf85b9_10947.txt
10947	10948	genealogy/d797853a_10948.txt
10948	10949	genealogy/8ac7b764_10949.txt
10949	10950	genealogy/d11adc08_10950.txt
10950	10951	genealogy/b26f71c6_10951.txt
10951	10952	genealogy/995752a4_10952.txt
10952	10953	genealogy/abaf85b9_10953.txt
10953	10954	genealogy/f14705ac_10954.txt
10954	10955	genealogy/4340c790_10955.txt
10955	10956	genealogy/e7970ad9_10956.txt
10956	10957	genealogy/dd8cbf31_10957.txt
10957	10958	genealogy/47ab7a56_10958.txt
10958	10959	genealogy/8f4b6de0_10959.txt
10959	10960	genealogy/abaf85b9_10960.txt
10960	10961	genealogy/ddbb4043_10961.txt
10961	10962	genealogy/91fec7e3_10962.txt
10962	10963	genealogy/8189e118_10963.txt
10963	10964	genealogy/95870152_10964.txt
10964	10965	genealogy/27995af2_10965.txt
10965	10966	genealogy/b866719d_10966.txt
10966	10967	genealogy/abaf85b9_10967.txt
10967	10968	genealogy/29bcf7f7_10968.txt
10968	10969	genealogy/58921114_10969.txt
10969	10970	genealogy/95ee5dab_10970.txt
10970	10971	genealogy/b37621b7_10971.txt
10971	10972	genealogy/cd49fd44_10972.txt
10972	10973	genealogy/a5991b9c_10973.txt
10973	10974	genealogy/06d19da1_10974.txt
10974	10975	genealogy/f5e20613_10975.txt
10975	10976	genealogy/6f8c54d1_10976.txt
10976	10977	genealogy/c10d7693_10977.txt
10977	10978	genealogy/29bcf7f7_10978.txt
10978	10979	genealogy/27f2a1b0_10979.txt
10979	10980	genealogy/8a596e57_10980.txt
10980	10981	genealogy/3996d045_10981.txt
10981	10982	genealogy/5aa98109_10982.txt
10982	10983	genealogy/1e4ca563_10983.txt
10983	10984	genealogy/bb044de1_10984.txt
10984	10985	genealogy/529f8840_10985.txt
10985	10986	genealogy/3b1fe31b_10986.txt
10986	10987	genealogy/c39c5816_10987.txt
10987	10988	genealogy/9ff29615_10988.txt
10988	10989	genealogy/65b4de81_10989.txt
10989	10990	genealogy/89502666_10990.txt
10990	10991	genealogy/8a059ade_10991.txt
10991	10992	genealogy/a7a13fbc_10992.txt
10992	10993	genealogy/ad346ee5_10993.txt
10993	10994	genealogy/f17024cd_10994.txt
10994	10995	genealogy/87f16706_10995.txt
10995	10996	genealogy/45874bde_10996.txt
10996	10997	genealogy/bf33f484_10997.txt
10997	10998	genealogy/0b47aca4_10998.txt
10998	10999	genealogy/7fb300aa_10999.txt
10999	11000	genealogy/58bd0205_11000.txt
11000	11001	genealogy/45b62ef2_11001.txt
11001	11002	genealogy/ca288823_11002.txt
11002	11003	genealogy/f772f207_11003.txt
11003	11004	genealogy/da307c13_11004.txt
11004	11005	genealogy/70027e11_11005.txt
11005	11006	genealogy/3b05fbe6_11006.txt
11006	11007	genealogy/54e73413_11007.txt
11007	11008	genealogy/46caa29d_11008.txt
11008	11009	genealogy/31d386b3_11009.txt
11009	11010	genealogy/56fb326a_11010.txt
11010	11011	genealogy/c6705c7b_11011.txt
11011	11012	genealogy/1c16c005_11012.txt
11012	11013	genealogy/1ddc4892_11013.txt
11013	11014	genealogy/f1ccb08c_11014.txt
11014	11015	genealogy/263bbc1c_11015.txt
11015	11016	genealogy/867a26dd_11016.txt
11016	11017	genealogy/f8bd6924_11017.txt
11017	11018	genealogy/6ae92c7e_11018.txt
11018	11019	genealogy/8578fbc4_11019.txt
11019	11020	genealogy/5ac162f5_11020.txt
11020	11021	genealogy/66e2821c_11021.txt
11021	11022	genealogy/89e4d896_11022.txt
11022	11023	genealogy/c2e808c0_11023.txt
11023	11024	genealogy/21be7d58_11024.txt
11024	11025	genealogy/b834f416_11025.txt
11025	11026	genealogy/c821a590_11026.txt
11026	11027	genealogy/0931435c_11027.txt
11027	11028	genealogy/3dbe9efe_11028.txt
11028	11029	genealogy/0d5e06d3_11029.txt
11029	11030	genealogy/67d8fb6c_11030.txt
11030	11031	genealogy/15fb56c8_11031.txt
11031	11032	genealogy/137b86ba_11032.txt
11032	11033	genealogy/fb808683_11033.txt
11033	11034	genealogy/a90523cd_11034.txt
11034	11035	genealogy/13f974af_11035.txt
11035	11036	genealogy/bc56ddbf_11036.txt
11036	11037	genealogy/92152315_11037.txt
11037	11038	genealogy/bf71514d_11038.txt
11038	11039	genealogy/f7790818_11039.txt
11039	11040	genealogy/8880105e_11040.txt
11040	11041	genealogy/370a6ca6_11041.txt
11041	11042	genealogy/76d308ac_11042.txt
11042	11043	genealogy/4ac71632_11043.txt
11043	11044	genealogy/1bf0ed45_11044.txt
11044	11045	genealogy/0e7a2f21_11045.txt
11045	11046	genealogy/b5faa413_11046.txt
11046	11047	genealogy/0680231d_11047.txt
11047	11048	genealogy/b4aa021b_11048.txt
11048	11049	genealogy/7d08ce4e_11049.txt
11049	11050	genealogy/8f52cd90_11050.txt
11050	11051	genealogy/b26fc3a1_11051.txt
11051	11052	genealogy/4578dab9_11052.txt
11052	11053	genealogy/94882ad7_11053.txt
11053	11054	genealogy/7892ffdd_11054.txt
11054	11055	genealogy/1eff6151_11055.txt
11055	11056	genealogy/c81b0100_11056.txt
11056	11057	genealogy/99ec1aa6_11057.txt
11057	11058	genealogy/f89708b1_11058.txt
11058	11059	genealogy/1be5d035_11059.txt
11059	11060	genealogy/db738dab_11060.txt
11060	11061	genealogy/ccc65bb5_11061.txt
11061	11062	genealogy/38248fdd_11062.txt
11062	11063	genealogy/157d467a_11063.txt
11063	11064	genealogy/0b409da0_11064.txt
11064	11065	genealogy/2a88d0da_11065.txt
11065	11066	genealogy/d146f0d2_11066.txt
11066	11067	genealogy/82a83b05_11067.txt
11067	11068	genealogy/7999261f_11068.txt
11068	11069	genealogy/c2168e6f_11069.txt
11069	11070	genealogy/650b8a2a_11070.txt
11070	11071	genealogy/10e68c77_11071.txt
11071	11072	genealogy/2ef3a8c5_11072.txt
11072	11073	genealogy/ece9a861_11073.txt
11073	11074	genealogy/dd753921_11074.txt
11074	11075	genealogy/611b2225_11075.txt
11075	11076	genealogy/70e84de3_11076.txt
11076	11077	genealogy/eff7e717_11077.txt
11077	11078	genealogy/584d8313_11078.txt
11078	11079	genealogy/6f893440_11079.txt
11079	11080	genealogy/f55cb4f0_11080.txt
11080	11081	genealogy/84a14d7c_11081.txt
11081	11082	genealogy/89ce3a71_11082.txt
11082	11083	genealogy/e841dc24_11083.txt
11083	11084	genealogy/d3b38b6a_11084.txt
11084	11085	genealogy/5880de45_11085.txt
11085	11086	genealogy/e94f9ff2_11086.txt
11086	11087	genealogy/030c8688_11087.txt
11087	11088	genealogy/88b61496_11088.txt
11088	11089	genealogy/ce381fb4_11089.txt
11089	11090	genealogy/307c79f9_11090.txt
11090	11091	genealogy/7f32ca86_11091.txt
11091	11092	genealogy/8e1afbd3_11092.txt
11092	11093	genealogy/3c6b9c39_11093.txt
11093	11094	genealogy/069ecba3_11094.txt
11094	11095	genealogy/377186c4_11095.txt
11095	11096	genealogy/5db19c14_11096.txt
11096	11097	genealogy/8400c428_11097.txt
11097	11098	genealogy/54abcb3b_11098.txt
11098	11099	genealogy/eefb1016_11099.txt
11099	11100	genealogy/56f7b027_11100.txt
11100	11101	genealogy/ac24b3e2_11101.txt
11101	11102	genealogy/93d17773_11102.txt
11102	11103	genealogy/264d6ba5_11103.txt
11103	11104	genealogy/7169d35e_11104.txt
11104	11105	genealogy/9947e5db_11105.txt
11105	11106	genealogy/6f7b09ab_11106.txt
11106	11107	genealogy/b13883d1_11107.txt
11107	11108	genealogy/d27a97c8_11108.txt
11108	11109	genealogy/d27a97c8_11109.txt
11109	11110	genealogy/5d4d53a7_11110.txt
11110	11111	genealogy/745f3b38_11111.txt
11111	11112	genealogy/745f3b38_11112.txt
11112	11113	genealogy/6a193df7_11113.txt
11113	11114	genealogy/1cd82443_11114.txt
11114	11115	genealogy/7c68545b_11115.txt
11115	11116	genealogy/dd61d5f7_11116.txt
11116	11117	genealogy/492a2381_11117.txt
11117	11118	genealogy/db0264e9_11118.txt
11118	11119	genealogy/8b91ee91_11119.txt
11119	11120	genealogy/a1beadd3_11120.txt
11120	11121	genealogy/1a7d5671_11121.txt
11121	11122	genealogy/2e1c1ca8_11122.txt
11122	11123	genealogy/02d63246_11123.txt
11123	11124	genealogy/942bfa4a_11124.txt
11124	11125	genealogy/4246ca66_11125.txt
11125	11126	genealogy/f8c215c8_11126.txt
11126	11127	genealogy/02864cca_11127.txt
11127	11128	genealogy/431d7fe8_11128.txt
11128	11129	genealogy/bdef6442_11129.txt
11129	11130	genealogy/03c7a801_11130.txt
11130	11131	genealogy/c14a0aff_11131.txt
11131	11132	genealogy/5d927651_11132.txt
11132	11133	genealogy/a9b9c3bb_11133.txt
11133	11134	genealogy/b62fb452_11134.txt
11134	11135	genealogy/0388d2e2_11135.txt
11135	11136	genealogy/ef65b2d1_11136.txt
11136	11137	genealogy/2992d429_11137.txt
11137	11138	genealogy/faadee80_11138.txt
11138	11139	genealogy/edab7257_11139.txt
11139	11140	genealogy/8bde23a7_11140.txt
11140	11141	genealogy/5d9d361d_11141.txt
11141	11142	genealogy/75271df3_11142.txt
11142	11143	genealogy/44819bf9_11143.txt
11143	11144	genealogy/911ff523_11144.txt
11144	11145	genealogy/9475009b_11145.txt
11145	11146	genealogy/5d040ce6_11146.txt
11146	11147	genealogy/4b1eedd9_11147.txt
11147	11148	genealogy/ee30f2bb_11148.txt
11148	11149	genealogy/bb032ec6_11149.txt
11149	11150	genealogy/6be6a2fc_11150.txt
11150	11151	genealogy/736c1cef_11151.txt
11151	11152	genealogy/15031d0f_11152.txt
11152	11153	genealogy/5259b0f1_11153.txt
11153	11154	genealogy/0aff109b_11154.txt
11154	11155	genealogy/11fbe8bf_11155.txt
11155	11156	genealogy/c7a8f564_11156.txt
11156	11157	genealogy/36b3927e_11157.txt
11157	11158	genealogy/652a0e2a_11158.txt
11158	11159	genealogy/5388eb83_11159.txt
11159	11160	genealogy/d6a9b4d8_11160.txt
11160	11161	genealogy/b734182c_11161.txt
11161	11162	genealogy/e07dc570_11162.txt
11162	11163	genealogy/def8c539_11163.txt
11163	11164	genealogy/5c7b30b8_11164.txt
11164	11165	genealogy/3553b548_11165.txt
11165	11166	genealogy/6f051bd5_11166.txt
11166	11167	genealogy/b07ab0b8_11167.txt
11167	11168	genealogy/d5b3951a_11168.txt
11168	11169	genealogy/52ab97e5_11169.txt
11169	11170	genealogy/6b093997_11170.txt
11170	11171	genealogy/f8e1e4dc_11171.txt
11171	11172	genealogy/08a86a30_11172.txt
11172	11173	genealogy/4da0c602_11173.txt
11173	11174	genealogy/f36befea_11174.txt
11174	11175	genealogy/77d37a0f_11175.txt
11175	11176	genealogy/c1b4f051_11176.txt
11176	11177	genealogy/f3dc9154_11177.txt
11177	11178	genealogy/8841c18d_11178.txt
11178	11179	genealogy/8daf7b26_11179.txt
11179	11180	genealogy/73b9db3a_11180.txt
11180	11181	genealogy/32e38205_11181.txt
11181	11182	genealogy/1c8c527d_11182.txt
11182	11183	genealogy/201165b7_11183.txt
11183	11184	genealogy/9da18c73_11184.txt
11184	11185	genealogy/53f80e39_11185.txt
11185	11186	genealogy/26e221db_11186.txt
11186	11187	genealogy/902b3fee_11187.txt
11187	11188	genealogy/c298f067_11188.txt
11188	11189	genealogy/a8955955_11189.txt
11189	11190	genealogy/07ed9bc8_11190.txt
11190	11191	genealogy/45d90277_11191.txt
11191	11192	genealogy/eb94d0eb_11192.txt
11192	11193	genealogy/5106afe2_11193.txt
11193	11194	genealogy/b5ea3c56_11194.txt
11194	11195	genealogy/1f08cc1a_11195.txt
11195	11196	genealogy/aeaac69b_11196.txt
11196	11197	genealogy/f5ce1b2d_11197.txt
11197	11198	genealogy/c61e1d19_11198.txt
11198	11199	genealogy/c4b92c79_11199.txt
11199	11200	genealogy/a8c028d2_11200.txt
11200	11201	genealogy/713ed12f_11201.txt
11201	11202	genealogy/093597b7_11202.txt
11202	11203	genealogy/c3e1ae59_11203.txt
11203	11204	genealogy/efe7c70e_11204.txt
11204	11205	genealogy/61ea02c5_11205.txt
11205	11206	genealogy/83663995_11206.txt
11206	11207	genealogy/fbb04164_11207.txt
11207	11208	genealogy/1a8e9397_11208.txt
11208	11209	genealogy/d0c17c11_11209.txt
11209	11210	genealogy/bf95a4e9_11210.txt
11210	11211	genealogy/ad8a16c6_11211.txt
11211	11212	genealogy/1c71bcab_11212.txt
11212	11213	genealogy/fb5e2292_11213.txt
11213	11214	genealogy/d1216bb5_11214.txt
11214	11215	genealogy/22a9e35e_11215.txt
11215	11216	genealogy/48e897c9_11216.txt
11216	11217	genealogy/195e9524_11217.txt
11217	11218	genealogy/d767e09d_11218.txt
11218	11219	genealogy/76003ab0_11219.txt
11219	11220	genealogy/57d4ee39_11220.txt
11220	11221	genealogy/17725309_11221.txt
11221	11222	genealogy/93a8a032_11222.txt
11222	11223	genealogy/690e8caf_11223.txt
11223	11224	genealogy/a356ecc6_11224.txt
11224	11225	genealogy/4ac0091f_11225.txt
11225	11226	genealogy/2457b0a1_11226.txt
11226	11227	genealogy/1309efdc_11227.txt
11227	11228	genealogy/bfdb87d4_11228.txt
11228	11229	genealogy/f3a9de68_11229.txt
11229	11230	genealogy/87546ce7_11230.txt
11230	11231	genealogy/ec30abee_11231.txt
11231	11232	genealogy/1ce2c21d_11232.txt
11232	11233	genealogy/3f4fc831_11233.txt
11233	11234	genealogy/f2e84d63_11234.txt
11234	11235	genealogy/9846b722_11235.txt
11235	11236	genealogy/2e08e190_11236.txt
11236	11237	genealogy/b051b72a_11237.txt
11237	11238	genealogy/cbbd8970_11238.txt
11238	11239	genealogy/79481b86_11239.txt
11239	11240	genealogy/d8adaf8b_11240.txt
11240	11241	genealogy/977fd5ce_11241.txt
11241	11242	genealogy/2dd9908b_11242.txt
11242	11243	genealogy/1e1a2200_11243.txt
11243	11244	genealogy/22a3871a_11244.txt
11244	11245	genealogy/47fc9fd3_11245.txt
11245	11246	genealogy/5b80743f_11246.txt
11246	11247	genealogy/87506453_11247.txt
11247	11248	genealogy/54559eb1_11248.txt
11248	11249	genealogy/a7c3daa3_11249.txt
11249	11250	genealogy/c5b48999_11250.txt
11250	11251	genealogy/fb28474f_11251.txt
11251	11252	genealogy/11629a06_11252.txt
11252	11253	genealogy/1285a26e_11253.txt
11253	11254	genealogy/c6f687b4_11254.txt
11254	11255	genealogy/0bc5cfe1_11255.txt
11255	11256	genealogy/69ff2a27_11256.txt
11256	11257	genealogy/becafc1d_11257.txt
11257	11258	genealogy/3c23ee56_11258.txt
11258	11259	genealogy/16b208af_11259.txt
11259	11260	genealogy/a273f7b8_11260.txt
11260	11261	genealogy/4b27a28b_11261.txt
11261	11262	genealogy/a17bbe8a_11262.txt
11262	11263	genealogy/e990e33a_11263.txt
11263	11264	genealogy/cd922827_11264.txt
11264	11265	genealogy/0784587e_11265.txt
11265	11266	genealogy/7b6329d7_11266.txt
11266	11267	genealogy/5c7ca331_11267.txt
11267	11268	genealogy/3cc580df_11268.txt
11268	11269	genealogy/8540ca22_11269.txt
11269	11270	genealogy/716f0c47_11270.txt
11270	11271	genealogy/961fa8d2_11271.txt
11271	11272	genealogy/2918c02e_11272.txt
11272	11273	genealogy/8a3bc15c_11273.txt
11273	11274	genealogy/6310206d_11274.txt
11274	11275	genealogy/e2d847bb_11275.txt
11275	11276	genealogy/7d364812_11276.txt
11276	11277	genealogy/b7bdf561_11277.txt
11277	11278	genealogy/c66d0cf7_11278.txt
11278	11279	genealogy/76cc1ee7_11279.txt
11279	11280	genealogy/e609dad4_11280.txt
11280	11281	genealogy/45b82065_11281.txt
11281	11282	genealogy/ea060190_11282.txt
11282	11283	genealogy/20fb37a1_11283.txt
11283	11284	genealogy/db002e72_11284.txt
11284	11285	genealogy/d2200f98_11285.txt
11285	11286	genealogy/f1909225_11286.txt
11286	11287	genealogy/833068ed_11287.txt
11287	11288	genealogy/ed0f27f7_11288.txt
11288	11289	genealogy/134d800f_11289.txt
11289	11290	genealogy/811433f8_11290.txt
11290	11291	genealogy/fddb1948_11291.txt
11291	11292	genealogy/19eb63d9_11292.txt
11292	11293	genealogy/14152332_11293.txt
11293	11294	genealogy/c1da905d_11294.txt
11294	11295	genealogy/b58d5b56_11295.txt
11295	11296	genealogy/b2014b8a_11296.txt
11296	11297	genealogy/cd439cdf_11297.txt
11297	11298	genealogy/7d9b3557_11298.txt
11298	11299	genealogy/2dad8d59_11299.txt
11299	11300	genealogy/cf9186e3_11300.txt
11300	11301	genealogy/ea7b933c_11301.txt
11301	11302	genealogy/8619286e_11302.txt
11302	11303	genealogy/48aef8d2_11303.txt
11303	11304	genealogy/7c1ff98c_11304.txt
11304	11305	genealogy/1027fb3d_11305.txt
11305	11306	genealogy/6c62252c_11306.txt
11306	11307	genealogy/51065a66_11307.txt
11307	11308	genealogy/6498fd05_11308.txt
11308	11309	genealogy/c626a1c1_11309.txt
11309	11310	genealogy/ae4b4af8_11310.txt
11310	11311	genealogy/279993f2_11311.txt
11311	11312	genealogy/4323c50f_11312.txt
11312	11313	genealogy/4dcd19b5_11313.txt
11313	11314	genealogy/b113eaf0_11314.txt
11314	11315	genealogy/e5a76fe9_11315.txt
11315	11316	genealogy/b090c06a_11316.txt
11316	11317	genealogy/6afd82ef_11317.txt
11317	11318	genealogy/22a53b63_11318.txt
11318	11319	genealogy/aabae4c4_11319.txt
11319	11320	genealogy/5df750b6_11320.txt
11320	11321	genealogy/d0bc8117_11321.txt
11321	11322	genealogy/eca42d41_11322.txt
11322	11323	genealogy/5a503cea_11323.txt
11323	11324	genealogy/86d94956_11324.txt
11324	11325	genealogy/00835b7c_11325.txt
11325	11326	genealogy/81ca5c8d_11326.txt
11326	11327	genealogy/866e6900_11327.txt
11327	11328	genealogy/2293ddc1_11328.txt
11328	11329	genealogy/fbc20426_11329.txt
11329	11330	genealogy/4232e3b3_11330.txt
11330	11331	genealogy/c0e3b0ee_11331.txt
11331	11332	genealogy/7ad9afeb_11332.txt
11332	11333	genealogy/dcb6115d_11333.txt
11333	11334	genealogy/4219b410_11334.txt
11334	11335	genealogy/d373d1e8_11335.txt
11335	11336	genealogy/866f8d16_11336.txt
11336	11337	genealogy/fc9f24ee_11337.txt
11337	11338	genealogy/0ff51e78_11338.txt
11338	11339	genealogy/6696e65e_11339.txt
11339	11340	genealogy/5c976f90_11340.txt
11340	11341	genealogy/2ddf74a1_11341.txt
11341	11342	genealogy/2a67234d_11342.txt
11342	11343	genealogy/260f0700_11343.txt
11343	11344	genealogy/433e632c_11344.txt
11344	11345	genealogy/896f7ba2_11345.txt
11345	11346	genealogy/400ca8fb_11346.txt
11346	11347	genealogy/d009497e_11347.txt
11347	11348	genealogy/53eca99c_11348.txt
11348	11349	genealogy/336b45c6_11349.txt
11349	11350	genealogy/27bf555f_11350.txt
11350	11351	genealogy/8f5fe731_11351.txt
11351	11352	genealogy/9c0d72b8_11352.txt
11352	11353	genealogy/99177ed4_11353.txt
11353	11354	genealogy/13ea7b47_11354.txt
11354	11355	genealogy/7f053f4b_11355.txt
11355	11356	genealogy/e7f4577b_11356.txt
11356	11357	genealogy/85ca35b0_11357.txt
11357	11358	genealogy/5f30a28a_11358.txt
11358	11359	genealogy/f9d26e1c_11359.txt
11359	11360	genealogy/21269ea9_11360.txt
11360	11361	genealogy/672d49ab_11361.txt
11361	11362	genealogy/f812a65a_11362.txt
11362	11363	genealogy/7a49da83_11363.txt
11363	11364	genealogy/cc6d344d_11364.txt
11364	11365	genealogy/ddfb5fb0_11365.txt
11365	11366	genealogy/0a3d6e67_11366.txt
11366	11367	genealogy/944beabc_11367.txt
11367	11368	genealogy/4f07fcf4_11368.txt
11368	11369	genealogy/9d7a4542_11369.txt
11369	11370	genealogy/f4611488_11370.txt
11370	11371	genealogy/94c9cf5b_11371.txt
11371	11372	genealogy/11200155_11372.txt
11372	11373	genealogy/f57049f9_11373.txt
11373	11374	genealogy/784554dd_11374.txt
11374	11375	genealogy/7dd8eb00_11375.txt
11375	11376	genealogy/e7b0c30d_11376.txt
11376	11377	genealogy/cf026294_11377.txt
11377	11378	genealogy/6d23f5ec_11378.txt
11378	11379	genealogy/b8cdd49e_11379.txt
11379	11380	genealogy/8fc7777f_11380.txt
11380	11381	genealogy/19e969f7_11381.txt
11381	11382	genealogy/c8f8bad0_11382.txt
11382	11383	genealogy/ae04eca2_11383.txt
11383	11384	genealogy/59a3f1ff_11384.txt
11384	11385	genealogy/8d77c8c3_11385.txt
11385	11386	genealogy/02614df5_11386.txt
11386	11387	genealogy/44441095_11387.txt
11387	11388	genealogy/ade5f64f_11388.txt
11388	11389	genealogy/d93f6443_11389.txt
11389	11390	genealogy/303efd93_11390.txt
11390	11391	genealogy/f1067faf_11391.txt
11391	11392	genealogy/3f575618_11392.txt
11392	11393	genealogy/91d117cc_11393.txt
11393	11394	genealogy/82616f6c_11394.txt
11394	11395	genealogy/7dcf42db_11395.txt
11395	11396	genealogy/f9214408_11396.txt
11396	11397	genealogy/6eeabb57_11397.txt
11397	11398	genealogy/e10027e1_11398.txt
11398	11399	genealogy/9c4159df_11399.txt
11399	11400	genealogy/bb80987c_11400.txt
11400	11401	genealogy/c0677c79_11401.txt
11401	11402	genealogy/80d1afc3_11402.txt
11402	11403	genealogy/b7c9479d_11403.txt
11403	11404	genealogy/c80e46fb_11404.txt
11404	11405	genealogy/e5b2ba70_11405.txt
11405	11406	genealogy/947af1ed_11406.txt
11406	11407	genealogy/ae59844a_11407.txt
11407	11408	genealogy/1c22e4ee_11408.txt
11408	11409	genealogy/ec597810_11409.txt
11409	11410	genealogy/4e5ad3fa_11410.txt
11410	11411	genealogy/c84612b5_11411.txt
11411	11412	genealogy/ddead97e_11412.txt
11412	11413	genealogy/7420de86_11413.txt
11413	11414	genealogy/c28056c0_11414.txt
11414	11415	genealogy/26b90410_11415.txt
11415	11416	genealogy/99e22a9d_11416.txt
11416	11417	genealogy/934edb76_11417.txt
11417	11418	genealogy/05ffb36f_11418.txt
11418	11419	genealogy/b64736de_11419.txt
11419	11420	genealogy/62a31f5f_11420.txt
11420	11421	genealogy/cb907574_11421.txt
11421	11422	genealogy/bc7e2962_11422.txt
11422	11423	genealogy/ab549fd2_11423.txt
11423	11424	genealogy/689f35fc_11424.txt
11424	11425	genealogy/a27ae4f6_11425.txt
11425	11426	genealogy/68af9f73_11426.txt
11426	11427	genealogy/2214ca69_11427.txt
11427	11428	genealogy/f56b20a6_11428.txt
11428	11429	genealogy/4a697dc8_11429.txt
11429	11430	genealogy/ae672ac9_11430.txt
11430	11431	genealogy/e9dae807_11431.txt
11431	11432	genealogy/d218dbab_11432.txt
11432	11433	genealogy/2a4d0aa7_11433.txt
11433	11434	genealogy/e3d9d13d_11434.txt
11434	11435	genealogy/3a5041bd_11435.txt
11435	11436	genealogy/0dfdc696_11436.txt
11436	11437	genealogy/40039f73_11437.txt
11437	11438	genealogy/d3dabea2_11438.txt
11438	11439	genealogy/544b28d7_11439.txt
11439	11440	genealogy/f7cf6c4c_11440.txt
11440	11441	genealogy/19a744c0_11441.txt
11441	11442	genealogy/c43ca4b8_11442.txt
11442	11443	genealogy/959742f9_11443.txt
11443	11444	genealogy/bf7ac425_11444.txt
11444	11445	genealogy/858fdc30_11445.txt
11445	11446	genealogy/77bd0f54_11446.txt
11446	11447	genealogy/16f7415e_11447.txt
11447	11448	genealogy/16d47b60_11448.txt
11448	11449	genealogy/86c18758_11449.txt
11449	11450	genealogy/78d14da2_11450.txt
11450	11451	genealogy/c327b627_11451.txt
11451	11452	genealogy/df787642_11452.txt
11452	11453	genealogy/89af61c1_11453.txt
11453	11454	genealogy/c97be470_11454.txt
11454	11455	genealogy/0ab0c7db_11455.txt
11455	11456	genealogy/3ea34f6d_11456.txt
11456	11457	genealogy/b1ed7067_11457.txt
11457	11458	genealogy/f3b8b68f_11458.txt
11458	11459	genealogy/b619eb72_11459.txt
11459	11460	genealogy/4d37b6b1_11460.txt
11460	11461	genealogy/3a95e33e_11461.txt
11461	11462	genealogy/c53bfcb3_11462.txt
11462	11463	genealogy/b6fce680_11463.txt
11463	11464	genealogy/850fc811_11464.txt
11464	11465	genealogy/f8a190fd_11465.txt
11465	11466	genealogy/a2335509_11466.txt
11466	11467	genealogy/d2250b73_11467.txt
11467	11468	genealogy/835f0ef9_11468.txt
11468	11469	genealogy/b8ea73a2_11469.txt
11469	11470	genealogy/a29734ef_11470.txt
11470	11471	genealogy/338e8462_11471.txt
11471	11472	genealogy/cb822da5_11472.txt
11472	11473	genealogy/7195405d_11473.txt
11473	11474	genealogy/6fc148e9_11474.txt
11474	11475	genealogy/ad8843b5_11475.txt
11475	11476	genealogy/e43958fb_11476.txt
11476	11477	genealogy/5fecb31b_11477.txt
11477	11478	genealogy/768fe966_11478.txt
11478	11479	genealogy/65f77f85_11479.txt
11479	11480	genealogy/bf02476f_11480.txt
11480	11481	genealogy/d7215295_11481.txt
11481	11482	genealogy/a18830c6_11482.txt
11482	11483	genealogy/187f4a25_11483.txt
11483	11484	genealogy/6309ddcf_11484.txt
11484	11485	genealogy/ce3ea850_11485.txt
11485	11486	genealogy/8dfae61c_11486.txt
11486	11487	genealogy/a82772db_11487.txt
11487	11488	genealogy/e61c0b59_11488.txt
11488	11489	genealogy/74a83908_11489.txt
11489	11490	genealogy/f55c56a7_11490.txt
11490	11491	genealogy/0e65998e_11491.txt
11491	11492	genealogy/19de5b37_11492.txt
11492	11493	genealogy/4555b070_11493.txt
11493	11494	genealogy/fbe7f690_11494.txt
11494	11495	genealogy/91d550cb_11495.txt
11495	11496	genealogy/d2af0e02_11496.txt
11496	11497	genealogy/091a8276_11497.txt
11497	11498	genealogy/cd0443d2_11498.txt
11498	11499	genealogy/cf5a4563_11499.txt
11499	11500	genealogy/8f9b4732_11500.txt
11500	11501	genealogy/b575f5b8_11501.txt
11501	11502	genealogy/42fe03a0_11502.txt
11502	11503	genealogy/e96c85ba_11503.txt
11503	11504	genealogy/65a76291_11504.txt
11504	11505	genealogy/b795903a_11505.txt
11505	11506	genealogy/f29d8439_11506.txt
11506	11507	genealogy/6251eb0b_11507.txt
11507	11508	genealogy/0cab2b79_11508.txt
11508	11509	genealogy/100e23db_11509.txt
11509	11510	genealogy/f07ba5e1_11510.txt
11510	11511	genealogy/10b31c0a_11511.txt
11511	11512	genealogy/fecee152_11512.txt
11512	11513	genealogy/51ae7b7c_11513.txt
11513	11514	genealogy/6b34b31d_11514.txt
11514	11515	genealogy/6b34b31d_11515.txt
11515	11516	genealogy/bfe51a23_11516.txt
11516	11517	genealogy/b011d7ad_11517.txt
11517	11518	genealogy/3ff95da4_11518.txt
11518	11519	genealogy/ad8e455f_11519.txt
11519	11520	genealogy/d868c3a8_11520.txt
11520	11521	genealogy/da67e0d4_11521.txt
11521	11522	genealogy/2e4c9dc6_11522.txt
11522	11523	genealogy/946c0c0e_11523.txt
11523	11524	genealogy/5f72e8aa_11524.txt
11524	11525	genealogy/ebbdf83e_11525.txt
11525	11526	genealogy/627cb853_11526.txt
11526	11527	genealogy/c9fd03a5_11527.txt
11527	11528	genealogy/a48d6e33_11528.txt
11528	11529	genealogy/c76ca7cb_11529.txt
11529	11530	genealogy/0e0be96c_11530.txt
11530	11531	genealogy/9804f161_11531.txt
11531	11532	genealogy/9e6a97c9_11532.txt
11532	11533	genealogy/a9ec09ff_11533.txt
11533	11534	genealogy/f6c3be37_11534.txt
11534	11535	genealogy/4e340485_11535.txt
11535	11536	genealogy/e144925d_11536.txt
11536	11537	genealogy/3dfa2a34_11537.txt
11537	11538	genealogy/658b9041_11538.txt
11538	11539	genealogy/1d3ebeac_11539.txt
11539	11540	genealogy/79b20fe1_11540.txt
11540	11541	genealogy/b6fffbab_11541.txt
11541	11542	genealogy/5db27ec4_11542.txt
11542	11543	genealogy/30b55050_11543.txt
11543	11544	genealogy/661b72b1_11544.txt
11544	11545	genealogy/4d7de632_11545.txt
11545	11546	genealogy/1c49d22c_11546.txt
11546	11547	genealogy/3edf0c6d_11547.txt
11547	11548	genealogy/e1b43604_11548.txt
11548	11549	genealogy/5e27fe67_11549.txt
11549	11550	genealogy/1db5411d_11550.txt
11550	11551	genealogy/e990b84d_11551.txt
11551	11552	genealogy/a243a9ef_11552.txt
11552	11553	genealogy/121a0a0b_11553.txt
11553	11554	genealogy/d646d660_11554.txt
11554	11555	genealogy/38e45c44_11555.txt
11555	11556	genealogy/7b8e5f63_11556.txt
11556	11557	genealogy/f9aa6a7b_11557.txt
11557	11558	genealogy/b10a651e_11558.txt
11558	11559	genealogy/78080c03_11559.txt
11559	11560	genealogy/a9cee04c_11560.txt
11560	11561	genealogy/82b13665_11561.txt
11561	11562	genealogy/a0b85db4_11562.txt
11562	11563	genealogy/19d82230_11563.txt
11563	11564	genealogy/544ece38_11564.txt
11564	11565	genealogy/87a8ef6c_11565.txt
11565	11566	genealogy/db32d355_11566.txt
11566	11567	genealogy/7283cf31_11567.txt
11567	11568	genealogy/3ab530a6_11568.txt
11568	11569	genealogy/eff75e00_11569.txt
11569	11570	genealogy/eff75e00_11570.txt
11570	11571	genealogy/25dbee5e_11571.txt
11571	11572	genealogy/6f6a7e53_11572.txt
11572	11573	genealogy/400c83dc_11573.txt
11573	11574	genealogy/1f029136_11574.txt
11574	11575	genealogy/363c717a_11575.txt
11575	11576	genealogy/ad83db76_11576.txt
11576	11577	genealogy/1066f393_11577.txt
11577	11578	genealogy/b82dca1e_11578.txt
11578	11579	genealogy/826b0f8d_11579.txt
11579	11580	genealogy/1bccb262_11580.txt
11580	11581	genealogy/7f1704a5_11581.txt
11581	11582	genealogy/71a42fe9_11582.txt
11582	11583	genealogy/60097141_11583.txt
11583	11584	genealogy/ff025e9c_11584.txt
11584	11585	genealogy/e798edb0_11585.txt
11585	11586	genealogy/e60da46c_11586.txt
11586	11587	genealogy/48d7425f_11587.txt
11587	11588	genealogy/76a792dc_11588.txt
11588	11589	genealogy/d0904114_11589.txt
11589	11590	genealogy/45f35d94_11590.txt
11590	11591	genealogy/ff60311a_11591.txt
11591	11592	genealogy/dfef0616_11592.txt
11592	11593	genealogy/5099b405_11593.txt
11593	11594	genealogy/565a103e_11594.txt
11594	11595	genealogy/ffd65ca2_11595.txt
11595	11596	genealogy/7ef2e910_11596.txt
11596	11597	genealogy/112d57cf_11597.txt
11597	11598	genealogy/85930d88_11598.txt
11598	11599	genealogy/c600d57e_11599.txt
11599	11600	genealogy/b45d531b_11600.txt
11600	11601	genealogy/5ab842c8_11601.txt
11601	11602	genealogy/3c209230_11602.txt
11602	11603	genealogy/64434560_11603.txt
11603	11604	genealogy/ed09dc19_11604.txt
11604	11605	genealogy/c282d657_11605.txt
11605	11606	genealogy/7ef2e910_11606.txt
11606	11607	genealogy/81362b96_11607.txt
11607	11608	genealogy/0b30559d_11608.txt
11608	11609	genealogy/7cfe7e37_11609.txt
11609	11610	genealogy/185b40a2_11610.txt
11610	11611	genealogy/60145855_11611.txt
11611	11612	genealogy/e1b56c14_11612.txt
11612	11613	genealogy/3c1b31ae_11613.txt
11613	11614	genealogy/7ef2e910_11614.txt
11614	11615	genealogy/4382378c_11615.txt
11615	11616	genealogy/b43c3319_11616.txt
11616	11617	genealogy/05e91e69_11617.txt
11617	11618	genealogy/22ed0e7d_11618.txt
11618	11619	genealogy/fe6eacde_11619.txt
11619	11620	genealogy/e5c32692_11620.txt
11620	11621	genealogy/6ed62d11_11621.txt
11621	11622	genealogy/6606c23a_11622.txt
11622	11623	genealogy/0977ef7b_11623.txt
11623	11624	genealogy/049d58f2_11624.txt
11624	11625	genealogy/04d36402_11625.txt
11625	11626	genealogy/1a6d7b27_11626.txt
11626	11627	genealogy/3f554688_11627.txt
11627	11628	genealogy/8669081e_11628.txt
11628	11629	genealogy/dd3086c4_11629.txt
11629	11630	genealogy/a77f9ded_11630.txt
11630	11631	genealogy/120f88e0_11631.txt
11631	11632	genealogy/dd4406a4_11632.txt
11632	11633	genealogy/bda3ddc1_11633.txt
11633	11634	genealogy/823b25df_11634.txt
11634	11635	genealogy/52c5bd35_11635.txt
11635	11636	genealogy/b3550688_11636.txt
11636	11637	genealogy/94136af0_11637.txt
11637	11638	genealogy/c1bd72cc_11638.txt
11638	11639	genealogy/f1544f95_11639.txt
11639	11640	genealogy/ec326518_11640.txt
11640	11641	genealogy/6ef3f762_11641.txt
11641	11642	genealogy/4312f7ad_11642.txt
11642	11643	genealogy/493c659f_11643.txt
11643	11644	genealogy/38d14008_11644.txt
11644	11645	genealogy/7ca9fd2c_11645.txt
11645	11646	genealogy/2bc7270a_11646.txt
11646	11647	genealogy/8a1eec8a_11647.txt
11647	11648	genealogy/6a566a8d_11648.txt
11648	11649	genealogy/09c09611_11649.txt
11649	11650	genealogy/98a43f1f_11650.txt
11650	11651	genealogy/ba9134f3_11651.txt
11651	11652	genealogy/fbee5ad0_11652.txt
11652	11653	genealogy/bd0d02fa_11653.txt
11653	11654	genealogy/a08a6b31_11654.txt
11654	11655	genealogy/0f754d68_11655.txt
11655	11656	genealogy/7a7d7ea8_11656.txt
11656	11657	genealogy/99704f31_11657.txt
11657	11658	genealogy/2e27bce6_11658.txt
11658	11659	genealogy/26c0b330_11659.txt
11659	11660	genealogy/9b868d1d_11660.txt
11660	11661	genealogy/4263011c_11661.txt
11661	11662	genealogy/c8b56c72_11662.txt
11662	11663	genealogy/f561c5b9_11663.txt
11663	11664	genealogy/76a9190e_11664.txt
11664	11665	genealogy/880eaca1_11665.txt
11665	11666	genealogy/44aef4a3_11666.txt
11666	11667	genealogy/ed74790d_11667.txt
11667	11668	genealogy/7d699a9d_11668.txt
11668	11669	genealogy/de49ef04_11669.txt
11669	11670	genealogy/20e67461_11670.txt
11670	11671	genealogy/3acf2274_11671.txt
11671	11672	genealogy/77b10cfc_11672.txt
11672	11673	genealogy/5e990600_11673.txt
11673	11674	genealogy/2342a9b1_11674.txt
11674	11675	genealogy/d949c7d9_11675.txt
11675	11676	genealogy/3163df88_11676.txt
11676	11677	genealogy/c236fe3c_11677.txt
11677	11678	genealogy/67ec374e_11678.txt
11678	11679	genealogy/d4c71bdb_11679.txt
11679	11680	genealogy/36403745_11680.txt
11680	11681	genealogy/67a6b61a_11681.txt
11681	11682	genealogy/856543e7_11682.txt
11682	11683	genealogy/bd87961a_11683.txt
11683	11684	genealogy/b16e8cae_11684.txt
11684	11685	genealogy/c10af8c1_11685.txt
11685	11686	genealogy/1509baf2_11686.txt
11686	11687	genealogy/7ef73fbc_11687.txt
11687	11688	genealogy/c1085f59_11688.txt
11688	11689	genealogy/8748d79b_11689.txt
11689	11690	genealogy/5f6a9dc4_11690.txt
11690	11691	genealogy/0579404c_11691.txt
11691	11692	genealogy/72162eb2_11692.txt
11692	11693	genealogy/539bb9e4_11693.txt
11693	11694	genealogy/e7f2c27f_11694.txt
11694	11695	genealogy/63e0d374_11695.txt
11695	11696	genealogy/e5e18c09_11696.txt
11696	11697	genealogy/345a0985_11697.txt
11697	11698	genealogy/b2ff5c95_11698.txt
11698	11699	genealogy/df6613db_11699.txt
11699	11700	genealogy/5a887964_11700.txt
11700	11701	genealogy/9f60efcf_11701.txt
11701	11702	genealogy/aecbc5b3_11702.txt
11702	11703	genealogy/1691f1cc_11703.txt
11703	11704	genealogy/dce618b4_11704.txt
11704	11705	genealogy/2a6ae40b_11705.txt
11705	11706	genealogy/7c09162b_11706.txt
11706	11707	genealogy/5fa1d3e9_11707.txt
11707	11708	genealogy/554e2f0a_11708.txt
11708	11709	genealogy/884a7a43_11709.txt
11709	11710	genealogy/93834ef2_11710.txt
11710	11711	genealogy/cc21328c_11711.txt
11711	11712	genealogy/f2ec1e99_11712.txt
11712	11713	genealogy/f086a16a_11713.txt
11713	11714	genealogy/222a81b5_11714.txt
11714	11715	genealogy/b7f43c60_11715.txt
11715	11716	genealogy/b8b15e38_11716.txt
11716	11717	genealogy/15c7120b_11717.txt
11717	11718	genealogy/2a452115_11718.txt
11718	11719	genealogy/3b535d81_11719.txt
11719	11720	genealogy/36c189ec_11720.txt
11720	11721	genealogy/a2058c76_11721.txt
11721	11722	genealogy/3ef69512_11722.txt
11722	11723	genealogy/9ea61f5f_11723.txt
11723	11724	genealogy/d2ffc4b9_11724.txt
11724	11725	genealogy/9f5ad792_11725.txt
11725	11726	genealogy/aa23c239_11726.txt
11726	11727	genealogy/8d1180b5_11727.txt
11727	11728	genealogy/debbbcd9_11728.txt
11728	11729	genealogy/208fe49a_11729.txt
11729	11730	genealogy/3e542b0e_11730.txt
11730	11731	genealogy/969ccfbb_11731.txt
11731	11732	genealogy/d6ece471_11732.txt
11732	11733	genealogy/69f6103f_11733.txt
11733	11734	genealogy/e5bb2f02_11734.txt
11734	11735	genealogy/6ff1c3b2_11735.txt
11735	11736	genealogy/53297e82_11736.txt
11736	11737	genealogy/007d487e_11737.txt
11737	11738	genealogy/3f4a28a3_11738.txt
11738	11739	genealogy/581dab99_11739.txt
11739	11740	genealogy/a8fbbbcd_11740.txt
11740	11741	genealogy/6d530126_11741.txt
11741	11742	genealogy/ae945cb9_11742.txt
11742	11743	genealogy/b3625df6_11743.txt
11743	11744	genealogy/0c58f68f_11744.txt
11744	11745	genealogy/68301ea9_11745.txt
11745	11746	genealogy/b905c020_11746.txt
11746	11747	genealogy/ce959726_11747.txt
11747	11748	genealogy/63bee88d_11748.txt
11748	11749	genealogy/c18710e6_11749.txt
11749	11750	genealogy/19202684_11750.txt
11750	11751	genealogy/f0c6c2b9_11751.txt
11751	11752	genealogy/1164a973_11752.txt
11752	11753	genealogy/83c517e5_11753.txt
11753	11754	genealogy/c52fef73_11754.txt
11754	11755	genealogy/cf553100_11755.txt
11755	11756	genealogy/7c186c87_11756.txt
11756	11757	genealogy/7259f56f_11757.txt
11757	11758	genealogy/e8a4d128_11758.txt
11758	11759	genealogy/5a815fff_11759.txt
11759	11760	genealogy/24f1796a_11760.txt
11760	11761	genealogy/be84534b_11761.txt
11761	11762	genealogy/3a54eb43_11762.txt
11762	11763	genealogy/ece44f8e_11763.txt
11763	11764	genealogy/64f63b78_11764.txt
11764	11765	genealogy/75dfa9a4_11765.txt
11765	11766	genealogy/c5d8f0e5_11766.txt
11766	11767	genealogy/7b7c9e9d_11767.txt
11767	11768	genealogy/69297758_11768.txt
11768	11769	genealogy/2e0faed5_11769.txt
11769	11770	genealogy/e3c83a5b_11770.txt
11770	11771	genealogy/853d55ca_11771.txt
11771	11772	genealogy/191768e3_11772.txt
11772	11773	genealogy/274195ad_11773.txt
11773	11774	genealogy/0c0bfc83_11774.txt
11774	11775	genealogy/920e0722_11775.txt
11775	11776	genealogy/7847c6cf_11776.txt
11776	11777	genealogy/0886d039_11777.txt
11777	11778	genealogy/20cfa133_11778.txt
11778	11779	genealogy/15627308_11779.txt
11779	11780	genealogy/65c98fdd_11780.txt
11780	11781	genealogy/1cbdfd28_11781.txt
11781	11782	genealogy/e49a670e_11782.txt
11782	11783	genealogy/6cb71712_11783.txt
11783	11784	genealogy/cc2db95b_11784.txt
11784	11785	genealogy/cf850402_11785.txt
11785	11786	genealogy/f010988f_11786.txt
11786	11787	genealogy/90236de0_11787.txt
11787	11788	genealogy/ca7d3a35_11788.txt
11788	11789	genealogy/107aca65_11789.txt
11789	11790	genealogy/d99bb60e_11790.txt
11790	11791	genealogy/566bc2e5_11791.txt
11791	11792	genealogy/341315c5_11792.txt
11792	11793	genealogy/36998a7b_11793.txt
11793	11794	genealogy/0ab4ebd7_11794.txt
11794	11795	genealogy/743f4aa4_11795.txt
11795	11796	genealogy/891a749f_11796.txt
11796	11797	genealogy/7e0f0b68_11797.txt
11797	11798	genealogy/b89bfafd_11798.txt
11798	11799	genealogy/6fa27f33_11799.txt
11799	11800	genealogy/e58da25f_11800.txt
11800	11801	genealogy/86b7cfe2_11801.txt
11801	11802	genealogy/e3d6050b_11802.txt
11802	11803	genealogy/e849aadc_11803.txt
11803	11804	genealogy/9f7f8b3a_11804.txt
11804	11805	genealogy/568ff53b_11805.txt
11805	11806	genealogy/573f6b08_11806.txt
11806	11807	genealogy/310976bb_11807.txt
11807	11808	genealogy/54806c5c_11808.txt
11808	11809	genealogy/e2f8fba1_11809.txt
11809	11810	genealogy/399031dc_11810.txt
11810	11811	genealogy/043fa365_11811.txt
11811	11812	genealogy/7dcf42db_11812.txt
11812	11813	genealogy/9b22aea9_11813.txt
11813	11814	genealogy/df1f7db7_11814.txt
11814	11815	genealogy/154fb0b9_11815.txt
11815	11816	genealogy/e5b87a9e_11816.txt
11816	11817	genealogy/cd07741f_11817.txt
11817	11818	genealogy/86c4cfca_11818.txt
11818	11819	genealogy/64c958f1_11819.txt
11819	11820	genealogy/866fd65b_11820.txt
11820	11821	genealogy/79161db5_11821.txt
11821	11822	genealogy/f1ad1eab_11822.txt
11822	11823	genealogy/54671ef1_11823.txt
11823	11824	genealogy/9d7e0ede_11824.txt
11824	11825	genealogy/9271a00c_11825.txt
11825	11826	genealogy/853f88f8_11826.txt
11826	11827	genealogy/fac18afd_11827.txt
11827	11828	genealogy/2c59049a_11828.txt
11828	11829	genealogy/42147008_11829.txt
11829	11830	genealogy/651732a8_11830.txt
11830	11831	genealogy/3ab789b7_11831.txt
11831	11832	genealogy/a26037ff_11832.txt
11832	11833	genealogy/020df50f_11833.txt
11833	11834	genealogy/b1b4553b_11834.txt
11834	11835	genealogy/3942f824_11835.txt
11835	11836	genealogy/72334dce_11836.txt
11836	11837	genealogy/aea9c3e0_11837.txt
11837	11838	genealogy/554efdae_11838.txt
11838	11839	genealogy/ede0dd6c_11839.txt
11839	11840	genealogy/9b400d2e_11840.txt
11840	11841	genealogy/98ce1680_11841.txt
11841	11842	genealogy/6b6f9005_11842.txt
11842	11843	genealogy/a13d7fee_11843.txt
11843	11844	genealogy/fd62a2a3_11844.txt
11844	11845	genealogy/7a0e9eb9_11845.txt
11845	11846	genealogy/282bfa62_11846.txt
11846	11847	genealogy/e90be4e7_11847.txt
11847	11848	genealogy/e9308370_11848.txt
11848	11849	genealogy/b0af19a7_11849.txt
11849	11850	genealogy/50ed88d4_11850.txt
11850	11851	genealogy/8a59c035_11851.txt
11851	11852	genealogy/0d7d7ea6_11852.txt
11852	11853	genealogy/35bd4061_11853.txt
11853	11854	genealogy/d90057fd_11854.txt
11854	11855	genealogy/10285d80_11855.txt
11855	11856	genealogy/073734e6_11856.txt
11856	11857	genealogy/88927609_11857.txt
11857	11858	genealogy/c7790521_11858.txt
11858	11859	genealogy/9246d183_11859.txt
11859	11860	genealogy/c841596e_11860.txt
11860	11861	genealogy/d428b5a5_11861.txt
11861	11862	genealogy/f6cea505_11862.txt
11862	11863	genealogy/6fdc6223_11863.txt
11863	11864	genealogy/64d54e12_11864.txt
11864	11865	genealogy/50a25366_11865.txt
11865	11866	genealogy/e346b15c_11866.txt
11866	11867	genealogy/b3d5a88c_11867.txt
11867	11868	genealogy/f46dc643_11868.txt
11868	11869	genealogy/9136ef8d_11869.txt
11869	11870	genealogy/cb714d9d_11870.txt
11870	11871	genealogy/d5a3bb61_11871.txt
11871	11872	genealogy/65033a05_11872.txt
11872	11873	genealogy/f9c8592e_11873.txt
11873	11874	genealogy/9c8c5e01_11874.txt
11874	11875	genealogy/9dbbaca4_11875.txt
11875	11876	genealogy/2bd8526e_11876.txt
11876	11877	genealogy/aab37d82_11877.txt
11877	11878	genealogy/6afdd9be_11878.txt
11878	11879	genealogy/1b47775b_11879.txt
11879	11880	genealogy/8a7e1d7e_11880.txt
11880	11881	genealogy/a8ca5a51_11881.txt
11881	11882	genealogy/d4da29d0_11882.txt
11882	11883	genealogy/930e7616_11883.txt
11883	11884	genealogy/53435f4c_11884.txt
11884	11885	genealogy/deea55a5_11885.txt
11885	11886	genealogy/e9cfb4ef_11886.txt
11886	11887	genealogy/fe0ac28e_11887.txt
11887	11888	genealogy/468ab344_11888.txt
11888	11889	genealogy/4dd9c4de_11889.txt
11889	11890	genealogy/45c6e985_11890.txt
11890	11891	genealogy/5f7e3526_11891.txt
11891	11892	genealogy/602602de_11892.txt
11892	11893	genealogy/95a9511c_11893.txt
11893	11894	genealogy/ceff1458_11894.txt
11894	11895	genealogy/711e15c1_11895.txt
11895	11896	genealogy/a4f867e2_11896.txt
11896	11897	genealogy/d7a13c60_11897.txt
11897	11898	genealogy/6887dc76_11898.txt
11898	11899	genealogy/e759cfeb_11899.txt
11899	11900	genealogy/141c151f_11900.txt
11900	11901	genealogy/75f3209a_11901.txt
11901	11902	genealogy/03fb67c0_11902.txt
11902	11903	genealogy/3554cb5a_11903.txt
11903	11904	genealogy/3eae1464_11904.txt
11904	11905	genealogy/83f19241_11905.txt
11905	11906	genealogy/6c640c2c_11906.txt
11906	11907	genealogy/d347bbcf_11907.txt
11907	11908	genealogy/90ffb6d9_11908.txt
11908	11909	genealogy/63fbb94b_11909.txt
11909	11910	genealogy/8a3b4a5c_11910.txt
11910	11911	genealogy/51577d98_11911.txt
11911	11912	genealogy/6b5e6d56_11912.txt
11912	11913	genealogy/7ec4bed2_11913.txt
11913	11914	genealogy/04928932_11914.txt
11914	11915	genealogy/04928932_11915.txt
11915	11916	genealogy/c1e1b2b2_11916.txt
11916	11917	genealogy/d76b71df_11917.txt
11917	11918	genealogy/9571fbaa_11918.txt
11918	11919	genealogy/d147aa08_11919.txt
11919	11920	genealogy/d147aa08_11920.txt
11920	11921	genealogy/70f4d181_11921.txt
11921	11922	genealogy/70f4d181_11922.txt
11922	11923	genealogy/bff20ffe_11923.txt
11923	11924	genealogy/bff20ffe_11924.txt
11924	11925	genealogy/fd30e9ed_11925.txt
11925	11926	genealogy/8af229a2_11926.txt
11926	11927	genealogy/3c77f1b4_11927.txt
11927	11928	genealogy/3c77f1b4_11928.txt
11928	11929	genealogy/9a055360_11929.txt
11929	11930	genealogy/9a055360_11930.txt
11930	11931	genealogy/9ad7d4b5_11931.txt
11931	11932	genealogy/9ad7d4b5_11932.txt
11932	11933	genealogy/df5a7aa3_11933.txt
11933	11934	genealogy/df5a7aa3_11934.txt
11934	11935	genealogy/a220c693_11935.txt
11935	11936	genealogy/a220c693_11936.txt
11936	11937	genealogy/9a592df6_11937.txt
11937	11938	genealogy/299d1e77_11938.txt
11938	11939	genealogy/4edbf397_11939.txt
11939	11940	genealogy/4edbf397_11940.txt
11940	11941	genealogy/1a914952_11941.txt
11941	11942	genealogy/1a914952_11942.txt
11942	11943	genealogy/4a156121_11943.txt
11943	11944	genealogy/4a156121_11944.txt
11944	11945	genealogy/aca6360c_11945.txt
11945	11946	genealogy/aca6360c_11946.txt
11946	11947	genealogy/c00d20a0_11947.txt
11947	11948	genealogy/c00d20a0_11948.txt
11948	11949	genealogy/5414115d_11949.txt
11949	11950	genealogy/5414115d_11950.txt
11950	11951	genealogy/cd47fd99_11951.txt
11951	11952	genealogy/cd47fd99_11952.txt
11952	11953	genealogy/e843a889_11953.txt
11953	11954	genealogy/e843a889_11954.txt
11954	11955	genealogy/9a740a01_11955.txt
11955	11956	genealogy/73302b81_11956.txt
11956	11957	genealogy/73302b81_11957.txt
11957	11958	genealogy/2cce8d86_11958.txt
11958	11959	genealogy/2cce8d86_11959.txt
11959	11960	genealogy/63a0e768_11960.txt
11960	11961	genealogy/3c1c988e_11961.txt
11961	11962	genealogy/3c1c988e_11962.txt
11962	11963	genealogy/52625f28_11963.txt
11963	11964	genealogy/52625f28_11964.txt
11964	11965	genealogy/79fc1c14_11965.txt
11965	11966	genealogy/79fc1c14_11966.txt
11966	11967	genealogy/6924043f_11967.txt
11967	11968	genealogy/6924043f_11968.txt
11968	11969	genealogy/30b4a4a5_11969.txt
11969	11970	genealogy/30b4a4a5_11970.txt
11970	11971	genealogy/0cf2f34e_11971.txt
11971	11972	genealogy/0cf2f34e_11972.txt
11972	11973	genealogy/422bca26_11973.txt
11973	11974	genealogy/422bca26_11974.txt
11974	11975	genealogy/027476b6_11975.txt
11975	11976	genealogy/027476b6_11976.txt
11976	11977	genealogy/73325db0_11977.txt
11977	11978	genealogy/73325db0_11978.txt
11978	11979	genealogy/42dab6ad_11979.txt
11979	11980	genealogy/42dab6ad_11980.txt
11980	11981	genealogy/e2d7e704_11981.txt
11981	11982	genealogy/116f4ccc_11982.txt
11982	11983	genealogy/6c5a1ef3_11983.txt
11983	11984	genealogy/6c5a1ef3_11984.txt
11984	11985	genealogy/a9d3d94d_11985.txt
11985	11986	genealogy/a9d3d94d_11986.txt
11986	11987	genealogy/3a9df702_11987.txt
11987	11988	genealogy/3a9df702_11988.txt
11988	11989	genealogy/a101dce2_11989.txt
11989	11990	genealogy/a101dce2_11990.txt
11990	11991	genealogy/90721ebb_11991.txt
11991	11992	genealogy/cc4188cb_11992.txt
11992	11993	genealogy/cc4188cb_11993.txt
11993	11994	genealogy/053cf8c0_11994.txt
11994	11995	genealogy/053cf8c0_11995.txt
11995	11996	genealogy/8ffb475d_11996.txt
11996	11997	genealogy/8ffb475d_11997.txt
11997	11998	genealogy/c435f6aa_11998.txt
11998	11999	genealogy/eaffa53d_11999.txt
11999	12000	genealogy/eaffa53d_12000.txt
12000	12001	genealogy/b5e48f99_12001.txt
12001	12002	genealogy/dde72934_12002.txt
12002	12003	genealogy/dde72934_12003.txt
12003	12004	genealogy/efbdbd88_12004.txt
12004	12005	genealogy/5e91ee62_12005.txt
12005	12006	genealogy/d10e403a_12006.txt
12006	12007	genealogy/deee1f15_12007.txt
12007	12008	genealogy/a93d77c6_12008.txt
12008	12009	genealogy/5611eb7e_12009.txt
12009	12010	genealogy/4e92d71f_12010.txt
12010	12011	genealogy/a88e80a4_12011.txt
12011	12012	genealogy/a88e80a4_12012.txt
12012	12013	genealogy/bdd6469e_12013.txt
12013	12014	genealogy/00b8ab13_12014.txt
12014	12015	genealogy/a737f86b_12015.txt
12015	12016	genealogy/48272b53_12016.txt
12016	12017	genealogy/ca53cb65_12017.txt
12017	12018	genealogy/3dd5a1fa_12018.txt
12018	12019	genealogy/9be62fdf_12019.txt
12019	12020	genealogy/36d297d9_12020.txt
12020	12021	genealogy/4002d8b9_12021.txt
12021	12022	genealogy/1b86644a_12022.txt
12022	12023	genealogy/b4325ca0_12023.txt
12023	12024	genealogy/f9102776_12024.txt
12024	12025	genealogy/8ef56fd5_12025.txt
12025	12026	genealogy/2e41d915_12026.txt
12026	12027	genealogy/02ce5215_12027.txt
12027	12028	genealogy/2d6dada7_12028.txt
12028	12029	genealogy/aed5ec2d_12029.txt
12029	12030	genealogy/93b4781a_12030.txt
12030	12031	genealogy/227a6844_12031.txt
12031	12032	genealogy/fe480e47_12032.txt
12032	12033	genealogy/d909dd70_12033.txt
12033	12034	genealogy/e346818c_12034.txt
12034	12035	genealogy/8cb18df5_12035.txt
12035	12036	genealogy/b7b3bd6a_12036.txt
12036	12037	genealogy/3844c154_12037.txt
12037	12038	genealogy/7be49188_12038.txt
12038	12039	genealogy/514ecb1b_12039.txt
12039	12040	genealogy/b7459604_12040.txt
12040	12041	genealogy/227d6630_12041.txt
12041	12042	genealogy/8f798744_12042.txt
12042	12043	genealogy/57409f0a_12043.txt
12043	12044	genealogy/1c9e7bfd_12044.txt
12044	12045	genealogy/9dd0a150_12045.txt
12045	12046	genealogy/2d20b6b4_12046.txt
12046	12047	genealogy/996779d3_12047.txt
12047	12048	genealogy/5cbdfd76_12048.txt
12048	12049	genealogy/6e0ba391_12049.txt
12049	12050	genealogy/129d4033_12050.txt
12050	12051	genealogy/360ee1f0_12051.txt
12051	12052	genealogy/a37f5503_12052.txt
12052	12053	genealogy/98837a6a_12053.txt
12053	12054	genealogy/68da34ca_12054.txt
12054	12055	genealogy/6be22aa9_12055.txt
12055	12056	genealogy/d8975ca8_12056.txt
12056	12057	genealogy/c39bc78f_12057.txt
12057	12058	genealogy/65590a1d_12058.txt
12058	12059	genealogy/2eacae1d_12059.txt
12059	12060	genealogy/bc99a0af_12060.txt
12060	12061	genealogy/3eddfa52_12061.txt
12061	12062	genealogy/79524a8e_12062.txt
12062	12063	genealogy/0d5eb465_12063.txt
12063	12064	genealogy/6f4a9f9b_12064.txt
12064	12065	genealogy/0f85894e_12065.txt
12065	12066	genealogy/db00b4be_12066.txt
12066	12067	genealogy/793b30e3_12067.txt
12067	12068	genealogy/bda1727b_12068.txt
12068	12069	genealogy/11c7263b_12069.txt
12069	12070	genealogy/d45d9d89_12070.txt
12070	12071	genealogy/e0f6c69c_12071.txt
12071	12072	genealogy/291cd454_12072.txt
12072	12073	genealogy/026ad205_12073.txt
12073	12074	genealogy/89a84bc9_12074.txt
12074	12075	genealogy/5ef90c12_12075.txt
12075	12076	genealogy/3b7e9779_12076.txt
12076	12077	genealogy/8d736042_12077.txt
12077	12078	genealogy/3789e136_12078.txt
12078	12079	genealogy/c0c47591_12079.txt
12079	12080	genealogy/ea2e7e22_12080.txt
12080	12081	genealogy/5e9ae488_12081.txt
12081	12082	genealogy/c29a9a2e_12082.txt
12082	12083	genealogy/5bd61dc9_12083.txt
12083	12084	genealogy/bac421cd_12084.txt
12084	12085	genealogy/e40d1004_12085.txt
12085	12086	genealogy/1ac3e787_12086.txt
12086	12087	genealogy/e9b639fa_12087.txt
12087	12088	genealogy/b3fc69da_12088.txt
12088	12089	genealogy/cf7d3361_12089.txt
12089	12090	genealogy/9226d957_12090.txt
12090	12091	genealogy/c309a5bf_12091.txt
12091	12092	genealogy/4260603b_12092.txt
12092	12093	genealogy/d35aec98_12093.txt
12093	12094	genealogy/5af58fde_12094.txt
12094	12095	genealogy/b1a4e761_12095.txt
12095	12096	genealogy/a6db2867_12096.txt
12096	12097	genealogy/ce2d0946_12097.txt
12097	12098	genealogy/efbbea8e_12098.txt
12098	12099	genealogy/1c38a94d_12099.txt
12099	12100	genealogy/41b58b32_12100.txt
12100	12101	genealogy/59d49749_12101.txt
12101	12102	genealogy/6b486529_12102.txt
12102	12103	genealogy/2bd53216_12103.txt
12103	12104	genealogy/cc0cdf56_12104.txt
12104	12105	genealogy/dc54785f_12105.txt
12105	12106	genealogy/4552e1e1_12106.txt
12106	12107	genealogy/fe2c60e3_12107.txt
12107	12108	genealogy/51749e3a_12108.txt
12108	12109	genealogy/d3788e26_12109.txt
12109	12110	genealogy/b08817e4_12110.txt
12110	12111	genealogy/7c91c03f_12111.txt
12111	12112	genealogy/56ec15bb_12112.txt
12112	12113	genealogy/8d501b96_12113.txt
12113	12114	genealogy/6233d63d_12114.txt
12114	12115	genealogy/4b3126fa_12115.txt
12115	12116	genealogy/101881f8_12116.txt
12116	12117	genealogy/8b3c5ee8_12117.txt
12117	12118	genealogy/4055d5dd_12118.txt
12118	12119	genealogy/8bd8dccb_12119.txt
12119	12120	genealogy/f7666241_12120.txt
12120	12121	genealogy/4017d8a4_12121.txt
12121	12122	genealogy/806924fe_12122.txt
12122	12123	genealogy/ed5c9389_12123.txt
12123	12124	genealogy/636af12f_12124.txt
12124	12125	genealogy/474780aa_12125.txt
12125	12126	genealogy/91dd196d_12126.txt
12126	12127	genealogy/9934629e_12127.txt
12127	12128	genealogy/9934629e_12128.txt
12128	12129	genealogy/9934629e_12129.txt
12129	12130	genealogy/9934629e_12130.txt
12130	12131	genealogy/9934629e_12131.txt
12131	12132	genealogy/9934629e_12132.txt
12132	12133	genealogy/9934629e_12133.txt
12133	12134	genealogy/9934629e_12134.txt
12134	12135	genealogy/9934629e_12135.txt
12135	12136	genealogy/9934629e_12136.txt
12136	12137	genealogy/9934629e_12137.txt
12137	12138	genealogy/9934629e_12138.txt
12138	12139	genealogy/9934629e_12139.txt
12139	12140	genealogy/9934629e_12140.txt
12140	12141	genealogy/17cc4c4e_12141.txt
12141	12142	genealogy/6a89f937_12142.txt
12142	12143	genealogy/58e024ad_12143.txt
12143	12144	genealogy/05dae7a5_12144.txt
12144	12145	genealogy/135d8b11_12145.txt
12145	12146	genealogy/a0f6b293_12146.txt
12146	12147	genealogy/97fd8e3b_12147.txt
12147	12148	genealogy/0a3037a7_12148.txt
12148	12149	genealogy/dd59611b_12149.txt
12149	12150	genealogy/c804ba00_12150.txt
12150	12151	genealogy/d485b646_12151.txt
12151	12152	genealogy/eb9ff2e6_12152.txt
12152	12153	genealogy/d5ba6de7_12153.txt
12153	12154	genealogy/64865491_12154.txt
12154	12155	genealogy/69ebbec8_12155.txt
12155	12156	genealogy/5424180f_12156.txt
12156	12157	genealogy/de70e62f_12157.txt
12157	12158	genealogy/df8163c9_12158.txt
12158	12159	genealogy/710a40ed_12159.txt
12159	12160	genealogy/68a342bd_12160.txt
12160	12161	genealogy/bb76b393_12161.txt
12161	12162	genealogy/5bead280_12162.txt
12162	12163	genealogy/d82c536a_12163.txt
12163	12164	genealogy/dc4d3788_12164.txt
12164	12165	genealogy/61a04b8d_12165.txt
12165	12166	genealogy/8a0bfcbe_12166.txt
12166	12167	genealogy/d935f962_12167.txt
12167	12168	genealogy/a9a94ba6_12168.txt
12168	12169	genealogy/74c8f647_12169.txt
12169	12170	genealogy/5bac1155_12170.txt
12170	12171	genealogy/2d2a7405_12171.txt
12171	12172	genealogy/5362fe98_12172.txt
12172	12173	genealogy/71467f5d_12173.txt
12173	12174	genealogy/f44cd282_12174.txt
12174	12175	genealogy/5b9b8822_12175.txt
12175	12176	genealogy/f1090a06_12176.txt
12176	12177	genealogy/eb526fab_12177.txt
12177	12178	genealogy/6dcb449f_12178.txt
12178	12179	genealogy/c486da60_12179.txt
12179	12180	genealogy/3ca09d33_12180.txt
12180	12181	genealogy/aa247d7c_12181.txt
12181	12182	genealogy/8113a186_12182.txt
12182	12183	genealogy/8c9c4ba9_12183.txt
12183	12184	genealogy/16fc71f5_12184.txt
12184	12185	genealogy/a480f6dd_12185.txt
12185	12186	genealogy/aab0dabd_12186.txt
12186	12187	genealogy/e24d7db1_12187.txt
12187	12188	genealogy/0957c55d_12188.txt
12188	12189	genealogy/19f58b8d_12189.txt
12189	12190	genealogy/1949b36a_12190.txt
12190	12191	genealogy/a86aa2c3_12191.txt
12191	12192	genealogy/09a57589_12192.txt
12192	12193	genealogy/4d61eacc_12193.txt
12193	12194	genealogy/baced1a1_12194.txt
12194	12195	genealogy/d436b0f8_12195.txt
12195	12196	genealogy/7b938d3d_12196.txt
12196	12197	genealogy/00d44f36_12197.txt
12197	12198	genealogy/830523b1_12198.txt
12198	12199	genealogy/0476ef4c_12199.txt
12199	12200	genealogy/f9dc0dcf_12200.txt
12200	12201	genealogy/e9e43afe_12201.txt
12201	12202	genealogy/b07c0391_12202.txt
12202	12203	genealogy/24132e0d_12203.txt
12203	12204	genealogy/b75a6ef8_12204.txt
12204	12205	genealogy/2a1f2003_12205.txt
12205	12206	genealogy/670bc3ca_12206.txt
12206	12207	genealogy/d8c1f790_12207.txt
12207	12208	genealogy/8d28fe56_12208.txt
12208	12209	genealogy/f9441ad4_12209.txt
12209	12210	genealogy/2b898844_12210.txt
12210	12211	genealogy/c05358c4_12211.txt
12211	12212	genealogy/aa80ba5b_12212.txt
12212	12213	genealogy/cd68d8df_12213.txt
12213	12214	genealogy/490e821d_12214.txt
12214	12215	genealogy/e39729e8_12215.txt
12215	12216	genealogy/0b4cbdca_12216.txt
12216	12217	genealogy/007437a8_12217.txt
12217	12218	genealogy/b2d6b351_12218.txt
12218	12219	genealogy/9d098a6f_12219.txt
12219	12220	genealogy/6b227727_12220.txt
12220	12221	genealogy/bcd6ee60_12221.txt
12221	12222	genealogy/d3a35f35_12222.txt
12222	12223	genealogy/e1b85237_12223.txt
12223	12224	genealogy/581b8c7a_12224.txt
12224	12225	genealogy/7f01dd94_12225.txt
12225	12226	genealogy/d2fd9a7c_12226.txt
12226	12227	genealogy/d8f5708b_12227.txt
12227	12228	genealogy/b88cf3e3_12228.txt
12228	12229	genealogy/0cd84651_12229.txt
12229	12230	genealogy/9a9d6951_12230.txt
12230	12231	genealogy/c6b1ef8d_12231.txt
12231	12232	genealogy/e197dcde_12232.txt
12232	12233	genealogy/14c25905_12233.txt
12233	12234	genealogy/55f335a5_12234.txt
12234	12235	genealogy/04de338f_12235.txt
12235	12236	genealogy/cfba7e7a_12236.txt
12236	12237	genealogy/d21cb221_12237.txt
12237	12238	genealogy/90eadcaf_12238.txt
12238	12239	genealogy/975b5b58_12239.txt
12239	12240	genealogy/28765dc4_12240.txt
12240	12241	genealogy/ef225a7d_12241.txt
12241	12242	genealogy/434fa46a_12242.txt
12242	12243	genealogy/08427175_12243.txt
12243	12244	genealogy/1630f0e2_12244.txt
12244	12245	genealogy/4d27f208_12245.txt
12245	12246	genealogy/80bd4833_12246.txt
12246	12247	genealogy/472f6bdc_12247.txt
12247	12248	genealogy/7f712b22_12248.txt
12248	12249	genealogy/890500e5_12249.txt
12249	12250	genealogy/6bc5b44f_12250.txt
12250	12251	genealogy/93997a45_12251.txt
12251	12252	genealogy/16859158_12252.txt
12252	12253	genealogy/5416fb07_12253.txt
12253	12254	genealogy/0f332325_12254.txt
12254	12255	genealogy/1a5162cd_12255.txt
12255	12256	genealogy/d522bab0_12256.txt
12256	12257	genealogy/9d6d0af9_12257.txt
12257	12258	genealogy/b0fd03db_12258.txt
12258	12259	genealogy/344c98e9_12259.txt
12259	12260	genealogy/077f1cbb_12260.txt
12260	12261	genealogy/be294b43_12261.txt
12261	12262	genealogy/bd9cad95_12262.txt
12262	12263	genealogy/b5111a5f_12263.txt
12263	12264	genealogy/72b7469c_12264.txt
12264	12265	genealogy/a4532100_12265.txt
12265	12266	genealogy/74a2a798_12266.txt
12266	12267	genealogy/fc30df0b_12267.txt
12267	12268	genealogy/59fcf53c_12268.txt
12268	12269	genealogy/852f110d_12269.txt
12269	12270	genealogy/26641c0b_12270.txt
12270	12271	genealogy/13b78f17_12271.txt
12271	12272	genealogy/ff79486b_12272.txt
12272	12273	genealogy/152fc2ab_12273.txt
12273	12274	genealogy/7b8b8648_12274.txt
12274	12275	genealogy/698f9fac_12275.txt
12275	12276	genealogy/0823b0c9_12276.txt
12276	12277	genealogy/ff48dfda_12277.txt
12277	12278	genealogy/0f9eed3c_12278.txt
12278	12279	genealogy/adf32e43_12279.txt
12279	12280	genealogy/2af68422_12280.txt
12280	12281	genealogy/808d7971_12281.txt
12281	12282	genealogy/eada72f6_12282.txt
12282	12283	genealogy/0f8d1af1_12283.txt
12283	12284	genealogy/0ca1b1cd_12284.txt
12284	12285	genealogy/06508739_12285.txt
12285	12286	genealogy/b87396b6_12286.txt
12286	12287	genealogy/106a9ac7_12287.txt
12287	12288	genealogy/7bdb84e3_12288.txt
12288	12289	genealogy/29b7f644_12289.txt
12289	12290	genealogy/d863e0c7_12290.txt
12290	12291	genealogy/e0b3b3c1_12291.txt
12291	12292	genealogy/a06a064a_12292.txt
12292	12293	genealogy/cf73ed79_12293.txt
12293	12294	genealogy/df8fe5c7_12294.txt
12294	12295	genealogy/0569fe86_12295.txt
12295	12296	genealogy/b8a3e412_12296.txt
12296	12297	genealogy/51fe61d8_12297.txt
12297	12298	genealogy/f2067a38_12298.txt
12298	12299	genealogy/0c49d65e_12299.txt
12299	12300	genealogy/619fa743_12300.txt
12300	12301	genealogy/f7d4da3b_12301.txt
12301	12302	genealogy/75a37323_12302.txt
12302	12303	genealogy/0980a628_12303.txt
12303	12304	genealogy/fad448bd_12304.txt
12304	12305	genealogy/a154274e_12305.txt
12305	12306	genealogy/4834d04c_12306.txt
12306	12307	genealogy/69a6b99e_12307.txt
12307	12308	genealogy/b3ef8135_12308.txt
12308	12309	genealogy/a6dee68f_12309.txt
12309	12310	genealogy/0126d6c8_12310.txt
12310	12311	genealogy/ded3b51d_12311.txt
12311	12312	genealogy/64abd4c5_12312.txt
12312	12313	genealogy/882d93ec_12313.txt
12313	12314	genealogy/d2007b5e_12314.txt
12314	12315	genealogy/33eec868_12315.txt
12315	12316	genealogy/aac99cb5_12316.txt
12316	12317	genealogy/ff07d27f_12317.txt
12317	12318	genealogy/73c48c4e_12318.txt
12318	12319	genealogy/a4ab677a_12319.txt
12319	12320	genealogy/c8b8af87_12320.txt
12320	12321	genealogy/48995487_12321.txt
12321	12322	genealogy/2d0d7110_12322.txt
12322	12323	genealogy/6bfd4d32_12323.txt
12323	12324	genealogy/74d49a92_12324.txt
12324	12325	genealogy/af718363_12325.txt
12325	12326	genealogy/2d4ab5a9_12326.txt
12326	12327	genealogy/512e97a9_12327.txt
12327	12328	genealogy/5a90ea6e_12328.txt
12328	12329	genealogy/1761fdaf_12329.txt
12329	12330	genealogy/3e2f198f_12330.txt
12330	12331	genealogy/085a2ad1_12331.txt
12331	12332	genealogy/d23b63cf_12332.txt
12332	12333	genealogy/925c3f73_12333.txt
12333	12334	genealogy/b9ca9ea5_12334.txt
12334	12335	genealogy/3e9b8793_12335.txt
12335	12336	genealogy/ce0dc6ad_12336.txt
12336	12337	genealogy/29c5881c_12337.txt
12337	12338	genealogy/146b6446_12338.txt
12338	12339	genealogy/d9c2e9cf_12339.txt
12339	12340	genealogy/26052b88_12340.txt
12340	12341	genealogy/98236555_12341.txt
12341	12342	genealogy/ef53c688_12342.txt
12342	12343	genealogy/0e4e4ac8_12343.txt
12343	12344	genealogy/9074f05c_12344.txt
12344	12345	genealogy/9335e94b_12345.txt
12345	12346	genealogy/fb8d4177_12346.txt
12346	12347	genealogy/39af7316_12347.txt
12347	12348	genealogy/e34bf7e1_12348.txt
12348	12349	genealogy/cf23cc5b_12349.txt
12349	12350	genealogy/45b7be65_12350.txt
12350	12351	genealogy/0ac5722a_12351.txt
12351	12352	genealogy/ba2c5019_12352.txt
12352	12353	genealogy/b317b171_12353.txt
12353	12354	genealogy/a7a2ecc5_12354.txt
12354	12355	genealogy/bb684af5_12355.txt
12355	12356	genealogy/28fdbd3c_12356.txt
12356	12357	genealogy/2788e2ec_12357.txt
12357	12358	genealogy/72b90443_12358.txt
12358	12359	genealogy/a2b60efc_12359.txt
12359	12360	genealogy/d1cb64fd_12360.txt
12360	12361	genealogy/481948c8_12361.txt
12361	12362	genealogy/9b267391_12362.txt
12362	12363	genealogy/7871d876_12363.txt
12363	12364	genealogy/2efba2d0_12364.txt
12364	12365	genealogy/842c3406_12365.txt
12365	12366	genealogy/2fdfff6f_12366.txt
12366	12367	genealogy/c4a7c9f2_12367.txt
12367	12368	genealogy/d246d284_12368.txt
12368	12369	genealogy/f46f3bfc_12369.txt
12369	12370	genealogy/a58d4b62_12370.txt
12370	12371	genealogy/b1273647_12371.txt
12371	12372	genealogy/5ae6c975_12372.txt
12372	12373	genealogy/6a845713_12373.txt
12373	12374	genealogy/d85e8495_12374.txt
12374	12375	genealogy/df00f36f_12375.txt
12375	12376	genealogy/e6637630_12376.txt
12376	12377	genealogy/21a69126_12377.txt
12377	12378	genealogy/9c43dca9_12378.txt
12378	12379	genealogy/1b81fffb_12379.txt
12379	12380	genealogy/ac8a5112_12380.txt
12380	12381	genealogy/f5d20cea_12381.txt
12381	12382	genealogy/edf54091_12382.txt
12382	12383	genealogy/5d3daaa0_12383.txt
12383	12384	genealogy/77354488_12384.txt
12384	12385	genealogy/b600fc31_12385.txt
12385	12386	genealogy/f34f3d69_12386.txt
12386	12387	genealogy/fa15f516_12387.txt
12387	12388	genealogy/ac4aa8f5_12388.txt
12388	12389	genealogy/17c4a3ee_12389.txt
12389	12390	genealogy/ff16b99e_12390.txt
12390	12391	genealogy/32b3d629_12391.txt
12391	12392	genealogy/5834b3dd_12392.txt
12392	12393	genealogy/d20407f0_12393.txt
12393	12394	genealogy/d80dfe08_12394.txt
12394	12395	genealogy/7139287c_12395.txt
12395	12396	genealogy/e053c5e1_12396.txt
12396	12397	genealogy/e3514c97_12397.txt
12397	12398	genealogy/8ec26442_12398.txt
12398	12399	genealogy/88be9e74_12399.txt
12399	12400	genealogy/65f125f1_12400.txt
12400	12401	genealogy/1c2fd163_12401.txt
12401	12402	genealogy/5bb90c2c_12402.txt
12402	12403	genealogy/2fb69328_12403.txt
12403	12404	genealogy/f831e745_12404.txt
12404	12405	genealogy/7100746b_12405.txt
12405	12406	genealogy/91953397_12406.txt
12406	12407	genealogy/1f9b6c66_12407.txt
12407	12408	genealogy/097b37d7_12408.txt
12408	12409	genealogy/fca13873_12409.txt
12409	12410	genealogy/103dd44d_12410.txt
12410	12411	genealogy/2ea2f387_12411.txt
12411	12412	genealogy/eda29415_12412.txt
12412	12413	genealogy/53c239cb_12413.txt
12413	12414	genealogy/5daba26b_12414.txt
12414	12415	genealogy/e0b51383_12415.txt
12415	12416	genealogy/44e142fd_12416.txt
12416	12417	genealogy/0c7976fd_12417.txt
12417	12418	genealogy/4fbe6ebc_12418.txt
12418	12419	genealogy/cb2b0960_12419.txt
12419	12420	genealogy/4a1305bc_12420.txt
12420	12421	genealogy/c37e9943_12421.txt
12421	12422	genealogy/51c53d78_12422.txt
12422	12423	genealogy/741f8fbb_12423.txt
12423	12424	genealogy/f3ee20f9_12424.txt
12424	12425	genealogy/764d2a6a_12425.txt
12425	12426	genealogy/aaa5883c_12426.txt
12426	12427	genealogy/e45cf7e5_12427.txt
12427	12428	genealogy/40a9e29b_12428.txt
12428	12429	genealogy/0e3ee507_12429.txt
12429	12430	genealogy/8b573139_12430.txt
12430	12431	genealogy/77ab9707_12431.txt
12431	12432	genealogy/9aaf14ca_12432.txt
12432	12433	genealogy/b689ddda_12433.txt
12433	12434	genealogy/857c7906_12434.txt
12434	12435	genealogy/1bab0fff_12435.txt
12435	12436	genealogy/18e7fc61_12436.txt
12436	12437	genealogy/11daeb65_12437.txt
12437	12438	genealogy/46e89afd_12438.txt
12438	12439	genealogy/5f21340a_12439.txt
12439	12440	genealogy/d231d026_12440.txt
12440	12441	genealogy/13064a55_12441.txt
12441	12442	genealogy/4915dce5_12442.txt
12442	12443	genealogy/c5f19363_12443.txt
12443	12444	genealogy/04dc6d63_12444.txt
12444	12445	genealogy/32c84e5e_12445.txt
12445	12446	genealogy/73dae90c_12446.txt
12446	12447	genealogy/c00fb6b1_12447.txt
12447	12448	genealogy/2915d1f7_12448.txt
12448	12449	genealogy/73ce95ee_12449.txt
12449	12450	genealogy/5e87e6ef_12450.txt
12450	12451	genealogy/36abaa51_12451.txt
12451	12452	genealogy/54858d64_12452.txt
12452	12453	genealogy/3569b31e_12453.txt
12453	12454	genealogy/1c8f77a9_12454.txt
12454	12455	genealogy/6dc7c1aa_12455.txt
12455	12456	genealogy/a15d49c2_12456.txt
12456	12457	genealogy/6ac61018_12457.txt
12457	12458	genealogy/757d5edc_12458.txt
12458	12459	genealogy/12e7911d_12459.txt
12459	12460	genealogy/c14d1473_12460.txt
12460	12461	genealogy/0d061a43_12461.txt
12461	12462	genealogy/159ff0a1_12462.txt
12462	12463	genealogy/d93de90c_12463.txt
12463	12464	genealogy/1b4a6805_12464.txt
12464	12465	genealogy/e684d52a_12465.txt
12465	12466	genealogy/fdf8b10d_12466.txt
12466	12467	genealogy/f5e9486f_12467.txt
12467	12468	genealogy/7a5fee24_12468.txt
12468	12469	genealogy/72c36ee9_12469.txt
12469	12470	genealogy/8a785ffd_12470.txt
12470	12471	genealogy/742860d8_12471.txt
12471	12472	genealogy/6d110e38_12472.txt
12472	12473	genealogy/cc8d4ec7_12473.txt
12473	12474	genealogy/abc2424d_12474.txt
12474	12475	genealogy/2be3a7d2_12475.txt
12475	12476	genealogy/65bfef65_12476.txt
12476	12477	genealogy/997518ba_12477.txt
12477	12478	genealogy/897a42ec_12478.txt
12478	12479	genealogy/79a159c7_12479.txt
12479	12480	genealogy/8fceaf24_12480.txt
12480	12481	genealogy/7bea141e_12481.txt
12481	12482	genealogy/d90f8e02_12482.txt
12482	12483	genealogy/0e867004_12483.txt
12483	12484	genealogy/09f81c05_12484.txt
12484	12485	genealogy/f32eb792_12485.txt
12485	12486	genealogy/549034a8_12486.txt
12486	12487	genealogy/3f096f37_12487.txt
12487	12488	genealogy/dad3d224_12488.txt
12488	12489	genealogy/7e4b1d06_12489.txt
12489	12490	genealogy/a95258fe_12490.txt
12490	12491	genealogy/bceaa25f_12491.txt
12491	12492	genealogy/d1188c20_12492.txt
12492	12493	genealogy/e0c8fbbe_12493.txt
12493	12494	genealogy/cd011e11_12494.txt
12494	12495	genealogy/e8d8f0c7_12495.txt
12495	12496	genealogy/3cbca03f_12496.txt
12496	12497	genealogy/4c4abefe_12497.txt
12497	12498	genealogy/02c58087_12498.txt
12498	12499	genealogy/fae86757_12499.txt
12499	12500	genealogy/e3cf9649_12500.txt
12500	12501	genealogy/311c02be_12501.txt
12501	12502	genealogy/40ec4f6b_12502.txt
12502	12503	genealogy/85472863_12503.txt
12503	12504	genealogy/ddf9798a_12504.txt
12504	12505	genealogy/c488b40a_12505.txt
12505	12506	genealogy/9a8caabb_12506.txt
12506	12507	genealogy/e6396fbd_12507.txt
12507	12508	genealogy/8919b948_12508.txt
12508	12509	genealogy/ed74e551_12509.txt
12509	12510	genealogy/841a9efe_12510.txt
12510	12511	genealogy/90b9c78c_12511.txt
12511	12512	genealogy/48014a50_12512.txt
12512	12513	genealogy/4ec43ac0_12513.txt
12513	12514	genealogy/2c618468_12514.txt
12514	12515	genealogy/7548a2a1_12515.txt
12515	12516	genealogy/476331a2_12516.txt
12516	12517	genealogy/afef8fa1_12517.txt
12517	12518	genealogy/05c8048f_12518.txt
12518	12519	genealogy/273145d5_12519.txt
12519	12520	genealogy/23dd50d6_12520.txt
12520	12521	genealogy/7a94b17d_12521.txt
12521	12522	genealogy/4bead7b7_12522.txt
12522	12523	genealogy/047d00cc_12523.txt
12523	12524	genealogy/3d412092_12524.txt
12524	12525	genealogy/3a4255b5_12525.txt
12525	12526	genealogy/8a775ae7_12526.txt
12526	12527	genealogy/995d264d_12527.txt
12527	12528	genealogy/08a34cb9_12528.txt
12528	12529	genealogy/08a34cb9_12529.txt
12529	12530	genealogy/93437864_12530.txt
12530	12531	genealogy/93437864_12531.txt
12531	12532	genealogy/ff4ac56d_12532.txt
12532	12533	genealogy/ff4ac56d_12533.txt
12533	12534	genealogy/56e1dc28_12534.txt
12534	12535	genealogy/56e1dc28_12535.txt
12535	12536	genealogy/e9372a4e_12536.txt
12536	12537	genealogy/e9372a4e_12537.txt
12537	12538	genealogy/ff14aa79_12538.txt
12538	12539	genealogy/ff14aa79_12539.txt
12539	12540	genealogy/0c4a8a14_12540.txt
12540	12541	genealogy/0c4a8a14_12541.txt
12541	12542	genealogy/a6f9a725_12542.txt
12542	12543	genealogy/408ec3fd_12543.txt
12543	12544	genealogy/408ec3fd_12544.txt
12544	12545	genealogy/37862a8a_12545.txt
12545	12546	genealogy/37862a8a_12546.txt
12546	12547	genealogy/6f6d2616_12547.txt
12547	12548	genealogy/6f6d2616_12548.txt
12548	12549	genealogy/7ff67b7c_12549.txt
12549	12550	genealogy/7ff67b7c_12550.txt
12550	12551	genealogy/17067d7a_12551.txt
12551	12552	genealogy/17067d7a_12552.txt
12552	12553	genealogy/521cc72b_12553.txt
12553	12554	genealogy/521cc72b_12554.txt
12554	12555	genealogy/8350b86d_12555.txt
12555	12556	genealogy/8350b86d_12556.txt
12556	12557	genealogy/d8ec668b_12557.txt
12557	12558	genealogy/d8ec668b_12558.txt
12558	12559	genealogy/53f649b7_12559.txt
12559	12560	genealogy/c4b8ccdd_12560.txt
12560	12561	genealogy/c4b8ccdd_12561.txt
12561	12562	genealogy/93e2d92b_12562.txt
12562	12563	genealogy/93e2d92b_12563.txt
12563	12564	genealogy/a90dcd8f_12564.txt
12564	12565	genealogy/a90dcd8f_12565.txt
12565	12566	genealogy/ad305a97_12566.txt
12566	12567	genealogy/ad305a97_12567.txt
12567	12568	genealogy/4e11fc28_12568.txt
12568	12569	genealogy/c7486ec9_12569.txt
12569	12570	genealogy/8f7412df_12570.txt
12570	12571	genealogy/0d1459ee_12571.txt
12571	12572	genealogy/5e4c6662_12572.txt
12572	12573	genealogy/5e4c6662_12573.txt
12573	12574	genealogy/2ba0ac54_12574.txt
12574	12575	genealogy/2ba0ac54_12575.txt
12575	12576	genealogy/ce0947b0_12576.txt
12576	12577	genealogy/ce0947b0_12577.txt
12577	12578	genealogy/31cf54e0_12578.txt
12578	12579	genealogy/792acbfe_12579.txt
12579	12580	genealogy/792acbfe_12580.txt
12580	12581	genealogy/9f8c3d43_12581.txt
12581	12582	genealogy/a82c2074_12582.txt
12582	12583	genealogy/04804d7f_12583.txt
12583	12584	genealogy/f2215cf3_12584.txt
12584	12585	genealogy/f2215cf3_12585.txt
12585	12586	genealogy/e5a33d6b_12586.txt
12586	12587	genealogy/e5a33d6b_12587.txt
12587	12588	genealogy/abee19cf_12588.txt
12588	12589	genealogy/4ef5d6b1_12589.txt
12589	12590	genealogy/4ef5d6b1_12590.txt
12590	12591	genealogy/17aee32a_12591.txt
12591	12592	genealogy/d325e4f0_12592.txt
12592	12593	genealogy/dcc7f5fc_12593.txt
12593	12594	genealogy/4589b79c_12594.txt
12594	12595	genealogy/04928932_12595.txt
12595	12596	genealogy/04928932_12596.txt
12596	12597	genealogy/c1e1b2b2_12597.txt
12597	12598	genealogy/d76b71df_12598.txt
12598	12599	genealogy/9571fbaa_12599.txt
12599	12600	genealogy/d147aa08_12600.txt
12600	12601	genealogy/d147aa08_12601.txt
12601	12602	genealogy/70f4d181_12602.txt
12602	12603	genealogy/70f4d181_12603.txt
12603	12604	genealogy/bff20ffe_12604.txt
12604	12605	genealogy/bff20ffe_12605.txt
12605	12606	genealogy/fd30e9ed_12606.txt
12606	12607	genealogy/8af229a2_12607.txt
12607	12608	genealogy/3c77f1b4_12608.txt
12608	12609	genealogy/3c77f1b4_12609.txt
12609	12610	genealogy/9a055360_12610.txt
12610	12611	genealogy/9a055360_12611.txt
12611	12612	genealogy/9ad7d4b5_12612.txt
12612	12613	genealogy/9ad7d4b5_12613.txt
12613	12614	genealogy/df5a7aa3_12614.txt
12614	12615	genealogy/df5a7aa3_12615.txt
12615	12616	genealogy/a220c693_12616.txt
12616	12617	genealogy/a220c693_12617.txt
12617	12618	genealogy/9a592df6_12618.txt
12618	12619	genealogy/299d1e77_12619.txt
12619	12620	genealogy/4edbf397_12620.txt
12620	12621	genealogy/4edbf397_12621.txt
12621	12622	genealogy/1a914952_12622.txt
12622	12623	genealogy/1a914952_12623.txt
12623	12624	genealogy/4a156121_12624.txt
12624	12625	genealogy/4a156121_12625.txt
12625	12626	genealogy/aca6360c_12626.txt
12626	12627	genealogy/aca6360c_12627.txt
12627	12628	genealogy/f30709c1_12628.txt
12628	12629	genealogy/a2caa1b1_12629.txt
12629	12630	genealogy/1ef4b396_12630.txt
12630	12631	genealogy/bf70d5e3_12631.txt
12631	12632	genealogy/e48e7f10_12632.txt
12632	12633	genealogy/2608c0ee_12633.txt
12633	12634	genealogy/40abf2a7_12634.txt
12634	12635	genealogy/6df1c213_12635.txt
12635	12636	genealogy/b242ef8d_12636.txt
12636	12637	genealogy/4ba21f75_12637.txt
12637	12638	genealogy/86cfb2f3_12638.txt
12638	12639	genealogy/91d93956_12639.txt
12639	12640	genealogy/4bd11f12_12640.txt
12640	12641	genealogy/e398942d_12641.txt
12641	12642	genealogy/d5347c7c_12642.txt
12642	12643	genealogy/462f21d4_12643.txt
12643	12644	genealogy/adbba560_12644.txt
12644	12645	genealogy/bcbc3d39_12645.txt
12645	12646	genealogy/debeee0e_12646.txt
12646	12647	genealogy/e3d3c969_12647.txt
12647	12648	genealogy/d4054550_12648.txt
12648	12649	genealogy/ac0f2447_12649.txt
12649	12650	genealogy/92758ee1_12650.txt
12650	12651	genealogy/8622f00e_12651.txt
12651	12652	genealogy/41c89fbb_12652.txt
12652	12653	genealogy/c4d77c07_12653.txt
12653	12654	genealogy/7db5b7d8_12654.txt
12654	12655	genealogy/bb40bbc7_12655.txt
12655	12656	genealogy/b2107ab8_12656.txt
12656	12657	genealogy/bada65ad_12657.txt
12657	12658	genealogy/f66dcb80_12658.txt
12658	12659	genealogy/4e28583b_12659.txt
12659	12660	genealogy/b08d7a67_12660.txt
12660	12661	genealogy/b3a27234_12661.txt
12661	12662	genealogy/4c8f5a37_12662.txt
12662	12663	genealogy/83957e0b_12663.txt
12663	12664	genealogy/c2024783_12664.txt
12664	12665	genealogy/dbc78af9_12665.txt
12665	12666	genealogy/21905a77_12666.txt
12666	12667	genealogy/36168618_12667.txt
12667	12668	genealogy/95ab94d6_12668.txt
12668	12669	genealogy/03eb864f_12669.txt
12669	12670	genealogy/39944173_12670.txt
12670	12671	genealogy/141d417b_12671.txt
12671	12672	genealogy/adc52637_12672.txt
12672	12673	genealogy/a0bb4e80_12673.txt
12673	12674	genealogy/8eeb25ea_12674.txt
12674	12675	genealogy/7222b1b9_12675.txt
12675	12676	genealogy/2314772d_12676.txt
12676	12677	genealogy/dd852d0f_12677.txt
12677	12678	genealogy/8c21648c_12678.txt
12678	12679	genealogy/fe99c29d_12679.txt
12679	12680	genealogy/f0d4f7f3_12680.txt
12680	12681	genealogy/aa6c23d1_12681.txt
12681	12682	genealogy/b2ae9a88_12682.txt
12682	12683	genealogy/c5007799_12683.txt
12683	12684	genealogy/4f19ac25_12684.txt
12684	12685	genealogy/fa279f69_12685.txt
12685	12686	genealogy/b69eee4c_12686.txt
12686	12687	genealogy/2101d1b1_12687.txt
12687	12688	genealogy/884b46a1_12688.txt
12688	12689	genealogy/0f999330_12689.txt
12689	12690	genealogy/40b6d09f_12690.txt
12690	12691	genealogy/fb5ab712_12691.txt
12691	12692	genealogy/2b9aba05_12692.txt
12692	12693	genealogy/f0f9c016_12693.txt
12693	12694	genealogy/0a832442_12694.txt
12694	12695	genealogy/461e70c1_12695.txt
12695	12696	genealogy/8180c642_12696.txt
12696	12697	genealogy/d2cf7740_12697.txt
12697	12698	genealogy/fec83c2b_12698.txt
12698	12699	genealogy/696c076a_12699.txt
12699	12700	genealogy/a322d091_12700.txt
12700	12701	genealogy/05cd2782_12701.txt
12701	12702	genealogy/51c50325_12702.txt
12702	12703	genealogy/0a4a9e35_12703.txt
12703	12704	genealogy/5a932230_12704.txt
12704	12705	genealogy/013c1621_12705.txt
12705	12706	genealogy/310c4eb5_12706.txt
12706	12707	genealogy/66873e18_12707.txt
12707	12708	genealogy/a6ce021d_12708.txt
12708	12709	genealogy/d867d575_12709.txt
12709	12710	genealogy/856d21ce_12710.txt
12710	12711	genealogy/358d2896_12711.txt
12711	12712	genealogy/cd786309_12712.txt
12712	12713	genealogy/342354a2_12713.txt
12713	12714	genealogy/7a1a8295_12714.txt
12714	12715	genealogy/1a3b0ef6_12715.txt
12715	12716	genealogy/2abc847a_12716.txt
12716	12717	genealogy/80e7c316_12717.txt
12717	12718	genealogy/f3656f5d_12718.txt
12718	12719	genealogy/9039c0bd_12719.txt
12719	12720	genealogy/1f8fb099_12720.txt
12720	12721	genealogy/b2805385_12721.txt
12721	12722	genealogy/99513a72_12722.txt
12722	12723	genealogy/9351eff7_12723.txt
12723	12724	genealogy/ab1da759_12724.txt
12724	12725	genealogy/dddd4316_12725.txt
12725	12726	genealogy/a22f6f8e_12726.txt
12726	12727	genealogy/889a4654_12727.txt
12727	12728	genealogy/28c6d5ea_12728.txt
12728	12729	genealogy/ac2ea583_12729.txt
12729	12730	genealogy/fab956d6_12730.txt
12730	12731	genealogy/036b66f4_12731.txt
12731	12732	genealogy/6037b1af_12732.txt
12732	12733	genealogy/9693b9a6_12733.txt
12733	12734	genealogy/4ec43ac0_12734.txt
12734	12735	genealogy/27093da6_12735.txt
12735	12736	genealogy/fe7b2fd7_12736.txt
12736	12737	genealogy/48c4f89b_12737.txt
12737	151226	genealogy/84af51ae_151226.txt
12738	151227	genealogy/3cd01056_151227.txt
12739	151228	genealogy/e1269303_151228.txt
12740	151229	genealogy/c00e1d66_151229.txt
12741	151230	genealogy/0e15ba67_151230.txt
12742	151231	genealogy/c6a64b2f_151231.txt
12743	151232	genealogy/3eb38e31_151232.txt
12744	151233	genealogy/3d4d3533_151233.txt
12745	151234	genealogy/7c66559e_151234.txt
12746	151235	genealogy/c72900c7_151235.txt
12747	151236	genealogy/094a0fbb_151236.txt
12748	151237	genealogy/9cd3b011_151237.txt
12749	151238	genealogy/d173113c_151238.txt
12750	151239	genealogy/89558208_151239.txt
12751	151240	genealogy/6259ae4e_151240.txt
12752	151241	genealogy/d1f1b6f5_151241.txt
12753	151242	genealogy/40485ba3_151242.txt
12754	151243	genealogy/689e62d5_151243.txt
12755	151244	genealogy/3d0fbc69_151244.txt
12756	151245	genealogy/59f462e9_151245.txt
12757	151246	genealogy/dc089225_151246.txt
12758	151247	genealogy/d6ac4a6b_151247.txt
12759	151248	genealogy/65cecc80_151248.txt
12760	151249	genealogy/15a677f2_151249.txt
12761	151250	genealogy/2ba5d371_151250.txt
12762	151251	genealogy/e354e449_151251.txt
12763	151252	genealogy/efc98557_151252.txt
12764	151253	genealogy/5f56d4f2_151253.txt
12765	151254	genealogy/4873b385_151254.txt
12766	151255	genealogy/048d9d70_151255.txt
12767	151256	genealogy/d7dc33e4_151256.txt
12768	151257	genealogy/aa672aae_151257.txt
12769	151258	genealogy/06db14f4_151258.txt
12770	151259	genealogy/77d15d68_151259.txt
12771	151260	genealogy/a62f9919_151260.txt
12772	151261	genealogy/863bb96d_151261.txt
12773	151262	genealogy/a04e4b43_151262.txt
12774	151263	genealogy/b4472ae7_151263.txt
12775	151264	genealogy/3cf54b94_151264.txt
12776	151265	genealogy/8ca33510_151265.txt
12777	151266	genealogy/04e6cc62_151266.txt
12778	151267	genealogy/2c3e4987_151267.txt
12779	151268	genealogy/50d00d48_151268.txt
12780	151269	genealogy/cfd8160b_151269.txt
12781	151270	genealogy/8774420e_151270.txt
12782	151271	genealogy/4b8cdb8d_151271.txt
12783	151272	genealogy/d2c1643d_151272.txt
12784	151273	genealogy/8ef6f584_151273.txt
12785	151274	genealogy/3ee9dbc7_151274.txt
12786	151275	genealogy/71dffedd_151275.txt
12787	151276	genealogy/61f62bd7_151276.txt
12788	151277	genealogy/268f6099_151277.txt
12789	151278	genealogy/5270cbe2_151278.txt
12790	151279	genealogy/7c750118_151279.txt
12791	151280	genealogy/c04d1ac6_151280.txt
12792	151281	genealogy/a83e61fa_151281.txt
12793	151282	genealogy/2bc2527f_151282.txt
12794	151283	genealogy/00202bed_151283.txt
12795	151284	genealogy/7caade3b_151284.txt
12796	151285	genealogy/b5ae1709_151285.txt
12797	151286	genealogy/a1b567e3_151286.txt
12798	151287	genealogy/3fee80b9_151287.txt
12799	151288	genealogy/9cb6b73f_151288.txt
12800	151289	genealogy/4d578b8f_151289.txt
12801	151290	genealogy/0085babc_151290.txt
12802	151291	genealogy/2e05ee69_151291.txt
12803	151292	genealogy/7a860d87_151292.txt
12804	151293	genealogy/7986389d_151293.txt
12805	151294	genealogy/5508d043_151294.txt
12806	151295	genealogy/06c17684_151295.txt
12807	151296	genealogy/0e2d8a0b_151296.txt
12808	151297	genealogy/3c2b25e2_151297.txt
12809	151298	genealogy/6b9e5af0_151298.txt
12810	151299	genealogy/6ed72b02_151299.txt
12811	151300	genealogy/4d444aff_151300.txt
12812	151301	genealogy/f57cd465_151301.txt
12813	151302	genealogy/83802353_151302.txt
12814	151303	genealogy/8befc230_151303.txt
12815	151304	genealogy/bc34f33e_151304.txt
12816	151305	genealogy/51f953ef_151305.txt
12817	151306	genealogy/b38834ac_151306.txt
12818	151307	genealogy/efa68c5b_151307.txt
12819	151308	genealogy/2ac398e6_151308.txt
12820	151309	genealogy/ecc94286_151309.txt
12821	151310	genealogy/258eeaef_151310.txt
12822	151311	genealogy/2d214691_151311.txt
12823	151312	genealogy/8c166d9e_151312.txt
12824	151313	genealogy/2d4c9174_151313.txt
12825	151314	genealogy/875c1030_151314.txt
12826	151315	genealogy/6f2574e0_151315.txt
12827	151316	genealogy/0948af19_151316.txt
12828	151317	genealogy/0a40c191_151317.txt
12829	151318	genealogy/ff2e37e1_151318.txt
12830	151319	genealogy/dedca1f1_151319.txt
12831	151320	genealogy/042b17e9_151320.txt
12832	151321	genealogy/3d28f0ea_151321.txt
12833	151322	genealogy/da362816_151322.txt
12834	151323	genealogy/b2e87e58_151323.txt
12835	151324	genealogy/796375b4_151324.txt
12836	151325	genealogy/ec871c5a_151325.txt
12837	151326	genealogy/30aba622_151326.txt
12838	151327	genealogy/ad4f31ae_151327.txt
12839	151328	genealogy/3c2295ab_151328.txt
12840	151329	genealogy/b9309af0_151329.txt
12841	151330	genealogy/a585fd48_151330.txt
12842	151331	genealogy/d027d07b_151331.txt
12843	151332	genealogy/08aa35d2_151332.txt
12844	151333	genealogy/90f6f004_151333.txt
12845	151334	genealogy/9453b88c_151334.txt
12846	151335	genealogy/8e6d0d40_151335.txt
12847	151336	genealogy/da33d25b_151336.txt
12848	151337	genealogy/70c42dec_151337.txt
12849	151338	genealogy/a52ab343_151338.txt
12850	151339	genealogy/1d5c28f7_151339.txt
12851	151340	genealogy/9c697cae_151340.txt
12852	151341	genealogy/ee81bf2f_151341.txt
12853	151342	genealogy/5f36daca_151342.txt
12854	151343	genealogy/f5b0db3b_151343.txt
12855	151344	genealogy/014d5d89_151344.txt
12856	151345	genealogy/1b031369_151345.txt
12857	151346	genealogy/aa360eff_151346.txt
12858	151347	genealogy/e181680d_151347.txt
12859	151348	genealogy/fddba5c8_151348.txt
12860	151349	genealogy/80b68662_151349.txt
12861	151350	genealogy/8b1756ce_151350.txt
12862	151351	genealogy/14912a82_151351.txt
12863	151352	genealogy/324d9e12_151352.txt
12864	151353	genealogy/9f133b05_151353.txt
12865	151354	genealogy/5b13acda_151354.txt
12866	151355	genealogy/31363abc_151355.txt
12867	151356	genealogy/c862ea8e_151356.txt
12868	151357	genealogy/e9592871_151357.txt
12869	151358	genealogy/dbad7a14_151358.txt
12870	151359	genealogy/fb3172c4_151359.txt
12871	151360	genealogy/c8770843_151360.txt
12872	151361	genealogy/6d110551_151361.txt
12873	151362	genealogy/086cc5e9_151362.txt
12874	151363	genealogy/899371be_151363.txt
12875	151364	genealogy/6b9e91d2_151364.txt
12876	151365	genealogy/353f3e2b_151365.txt
12877	151366	genealogy/2d4c9174_151366.txt
12878	151367	genealogy/875c1030_151367.txt
12879	151368	genealogy/33c9a687_151368.txt
12880	151369	genealogy/a5991241_151369.txt
12881	151370	genealogy/61380208_151370.txt
12882	151371	genealogy/54f354c4_151371.txt
12883	151372	genealogy/bc98f1c1_151372.txt
12884	151373	genealogy/9dea6b4d_151373.txt
12885	151374	genealogy/e00a6ee9_151374.txt
12886	151375	genealogy/fdff3be9_151375.txt
12887	151376	genealogy/92314c32_151376.txt
12888	151377	genealogy/56b8597d_151377.txt
12889	151378	genealogy/22c74f17_151378.txt
12890	151379	genealogy/f8b8c0f8_151379.txt
12891	151380	genealogy/dae34a13_151380.txt
12892	151381	genealogy/6ca2478c_151381.txt
12893	151382	genealogy/469d7241_151382.txt
12894	151383	genealogy/6d6e158b_151383.txt
12895	151384	genealogy/00b6bb2c_151384.txt
12896	151385	genealogy/bd9938e7_151385.txt
12897	151386	genealogy/55ac363a_151386.txt
12898	151387	genealogy/b3a81ab5_151387.txt
12899	151388	genealogy/4e3a74c3_151388.txt
12900	151389	genealogy/a3adbac6_151389.txt
12901	151390	genealogy/c7cba0b3_151390.txt
12902	151391	genealogy/75f6694c_151391.txt
12903	151392	genealogy/4cd9483b_151392.txt
12904	151393	genealogy/52699956_151393.txt
12905	151394	genealogy/61875cc0_151394.txt
12906	151395	genealogy/ee81bf2f_151395.txt
12907	151396	genealogy/5f36daca_151396.txt
12908	151397	genealogy/b5886b83_151397.txt
12909	151398	genealogy/875c1030_151398.txt
12910	151399	genealogy/ec871c5a_151399.txt
12911	151400	genealogy/30aba622_151400.txt
12912	151401	genealogy/3c2295ab_151401.txt
12913	151402	genealogy/b9309af0_151402.txt
12914	151403	genealogy/e82b868b_151403.txt
12915	151404	genealogy/8befc230_151404.txt
12916	151405	genealogy/bc34f33e_151405.txt
12917	151406	genealogy/51f953ef_151406.txt
12918	151407	genealogy/70c42dec_151407.txt
12919	151408	genealogy/ecc94286_151408.txt
12920	151409	genealogy/1d5c28f7_151409.txt
12921	151410	genealogy/d3f25c46_151410.txt
12922	151411	genealogy/8c166d9e_151411.txt
12923	151412	genealogy/ee81bf2f_151412.txt
12924	151413	genealogy/5f36daca_151413.txt
12925	151414	genealogy/8ab5fb38_151414.txt
12926	151415	genealogy/dc58dc47_151415.txt
12927	151416	genealogy/9c697cae_151416.txt
12928	151417	genealogy/e10b57cc_151417.txt
12929	151418	genealogy/658920f2_151418.txt
12930	151419	genealogy/05d97fcb_151419.txt
12931	151420	genealogy/21b251de_151420.txt
12932	151421	genealogy/76e5589f_151421.txt
12933	151422	genealogy/c68f6f78_151422.txt
12934	151423	genealogy/258a6db2_151423.txt
12935	151424	genealogy/dcfd1efe_151424.txt
12936	151425	genealogy/dbbba90b_151425.txt
12937	151426	genealogy/470dfc77_151426.txt
12938	151427	genealogy/ed6698ad_151427.txt
12939	151428	genealogy/acf81d68_151428.txt
12940	151429	genealogy/61b26337_151429.txt
12941	151430	genealogy/bbda349a_151430.txt
12942	151431	genealogy/d1b7c6c4_151431.txt
12943	151432	genealogy/73c54b48_151432.txt
12944	151433	genealogy/cc79480c_151433.txt
12945	151434	genealogy/36505c30_151434.txt
12946	151435	genealogy/e7432ce0_151435.txt
12947	151436	genealogy/4ba34358_151436.txt
12948	151437	genealogy/99bc1295_151437.txt
12949	151438	genealogy/2d717365_151438.txt
12950	151439	genealogy/cc252c07_151439.txt
12951	151440	genealogy/5f4bb2a7_151440.txt
12952	151441	genealogy/95598897_151441.txt
12953	151442	genealogy/bf31cd17_151442.txt
12954	151443	genealogy/c86d4f88_151443.txt
12955	151444	genealogy/9a0bbe5e_151444.txt
12956	151445	genealogy/73dbbf25_151445.txt
12957	151446	genealogy/97314f50_151446.txt
12958	151447	genealogy/02656d87_151447.txt
12959	151448	genealogy/da6a53f7_151448.txt
12960	151449	genealogy/dca6a0b9_151449.txt
12961	151450	genealogy/6081409d_151450.txt
12962	151451	genealogy/ec5a305d_151451.txt
12963	151452	genealogy/e1a4dffa_151452.txt
12964	151453	genealogy/c8ca619c_151453.txt
12965	151454	genealogy/69ba49b7_151454.txt
12966	151455	genealogy/bbfedc71_151455.txt
12967	151456	genealogy/784e0aa2_151456.txt
12968	151457	genealogy/85c939dc_151457.txt
12969	151458	genealogy/70108701_151458.txt
12970	151459	genealogy/4e285547_151459.txt
12971	151460	genealogy/57b660cc_151460.txt
12972	151461	genealogy/c2c02696_151461.txt
12973	151462	genealogy/70d57dec_151462.txt
12974	151463	genealogy/2bd57326_151463.txt
12975	151464	genealogy/4160b48e_151464.txt
12976	151465	genealogy/e27befee_151465.txt
12977	151466	genealogy/08dc81f7_151466.txt
12978	151467	genealogy/0c6875e9_151467.txt
12979	151468	genealogy/d63a4046_151468.txt
12980	151469	genealogy/e3b09d4f_151469.txt
12981	151470	genealogy/ec489755_151470.txt
12982	151471	genealogy/3ae531f4_151471.txt
12983	151472	genealogy/33c459c2_151472.txt
12984	151473	genealogy/215a88cf_151473.txt
12985	151474	genealogy/172456da_151474.txt
12986	151475	genealogy/e9c03068_151475.txt
12987	151476	genealogy/34d30d0d_151476.txt
12988	151477	genealogy/e7f73b7a_151477.txt
12989	151478	genealogy/56847881_151478.txt
12990	151479	genealogy/e6d4a601_151479.txt
12991	151480	genealogy/2f4efabf_151480.txt
12992	151481	genealogy/a5c99865_151481.txt
12993	151482	genealogy/f2ba8500_151482.txt
12994	151483	genealogy/d438f37f_151483.txt
12995	151484	genealogy/f9171dcc_151484.txt
12996	151485	genealogy/89bbfb78_151485.txt
12997	151486	genealogy/5582ab9c_151486.txt
12998	151487	genealogy/24ed21c7_151487.txt
12999	151488	genealogy/f3c01092_151488.txt
13000	151489	genealogy/b1802eda_151489.txt
13001	151490	genealogy/e00e1a2c_151490.txt
13002	151491	genealogy/c8e810bf_151491.txt
13003	151492	genealogy/ec1c3aa7_151492.txt
13004	151493	genealogy/54eb88d3_151493.txt
13005	151494	genealogy/b6568b2f_151494.txt
13006	151495	genealogy/75d42ab8_151495.txt
13007	151496	genealogy/12c63a0a_151496.txt
13008	151497	genealogy/91ec6503_151497.txt
13009	151498	genealogy/c22922a8_151498.txt
13010	151499	genealogy/1ae17cd0_151499.txt
13011	151500	genealogy/7e5703f6_151500.txt
13012	151501	genealogy/e569be1f_151501.txt
13013	151502	genealogy/70108701_151502.txt
13014	151503	genealogy/d2629cd8_151503.txt
13015	151504	genealogy/496d6839_151504.txt
13016	151505	genealogy/de720971_151505.txt
13017	151506	genealogy/b928be8d_151506.txt
13018	151507	genealogy/5e3cc8ec_151507.txt
13019	151508	genealogy/5d58e215_151508.txt
13020	151509	genealogy/8072f184_151509.txt
13021	151510	genealogy/e573cdc3_151510.txt
13022	151511	genealogy/41a96009_151511.txt
13023	151512	genealogy/db08b606_151512.txt
13024	151513	genealogy/a7df8bff_151513.txt
13025	151514	genealogy/2a107254_151514.txt
13026	151515	genealogy/f6056763_151515.txt
13027	151516	genealogy/ff0a1404_151516.txt
13028	151517	genealogy/d9953efb_151517.txt
13029	151518	genealogy/6f4e1bf0_151518.txt
13030	151519	genealogy/0d424eb8_151519.txt
13031	151520	genealogy/fec7ade7_151520.txt
13032	151521	genealogy/a11ee6b4_151521.txt
13033	151522	genealogy/23ada29a_151522.txt
13034	151523	genealogy/34814da5_151523.txt
13035	151524	genealogy/7b0bfd82_151524.txt
13036	151525	genealogy/de3ff904_151525.txt
13037	151526	genealogy/fe787875_151526.txt
13038	151527	genealogy/c880e107_151527.txt
13039	151528	genealogy/ef8293e9_151528.txt
13040	151529	genealogy/d0c0f056_151529.txt
13041	151530	genealogy/939d17dc_151530.txt
13042	151531	genealogy/2e4e7643_151531.txt
13043	151532	genealogy/0d0f60a9_151532.txt
13044	151533	genealogy/b2e1584d_151533.txt
13045	151534	genealogy/4f038667_151534.txt
13046	151535	genealogy/4bc05dd2_151535.txt
13047	151536	genealogy/0fdafc0c_151536.txt
13048	151537	genealogy/9caec9bc_151537.txt
13049	151538	genealogy/a48d33d0_151538.txt
13050	151539	genealogy/6f2226e3_151539.txt
13051	151540	genealogy/337f8346_151540.txt
13052	151541	genealogy/58ae0308_151541.txt
13053	151542	genealogy/8fc4b133_151542.txt
13054	151543	genealogy/32d01d0a_151543.txt
13055	151544	genealogy/2bd9ee70_151544.txt
13056	151545	genealogy/c697e591_151545.txt
13057	151546	genealogy/2cc9363c_151546.txt
13058	151547	genealogy/956037c1_151547.txt
13059	151548	genealogy/993a18b6_151548.txt
13060	151549	genealogy/14690b3c_151549.txt
13061	151550	genealogy/e15a069d_151550.txt
13062	151551	genealogy/d43e1845_151551.txt
13063	151552	genealogy/79409664_151552.txt
13064	151553	genealogy/1dadd234_151553.txt
13065	151554	genealogy/0d338223_151554.txt
13066	151555	genealogy/f80db587_151555.txt
13067	151556	genealogy/96fa99fd_151556.txt
13068	151557	genealogy/9eabecbb_151557.txt
13069	151558	genealogy/36f20625_151558.txt
13070	151559	genealogy/3888a0f3_151559.txt
13071	151560	genealogy/f22413af_151560.txt
13072	151561	genealogy/160ef214_151561.txt
13073	151562	genealogy/48f7a7b4_151562.txt
13074	151563	genealogy/2e229ec6_151563.txt
13075	151564	genealogy/336cf7ed_151564.txt
13076	151565	genealogy/f29e5b90_151565.txt
13077	151566	genealogy/f568d629_151566.txt
13078	151567	genealogy/70bc2207_151567.txt
13079	151568	genealogy/8252374f_151568.txt
13080	151569	genealogy/ffbc2750_151569.txt
13081	151570	genealogy/13927782_151570.txt
13082	151571	genealogy/17570eda_151571.txt
13083	151572	genealogy/52ed1932_151572.txt
13084	151573	genealogy/6b254bfd_151573.txt
13085	151574	genealogy/197be2b7_151574.txt
13086	151575	genealogy/8192cd78_151575.txt
13087	151576	genealogy/2e4d377a_151576.txt
13088	151577	genealogy/207f5c74_151577.txt
13089	151578	genealogy/237aaa55_151578.txt
13090	151579	genealogy/65187735_151579.txt
13091	151580	genealogy/e14364e6_151580.txt
13092	151581	genealogy/7fc5581e_151581.txt
13093	151582	genealogy/217c7fac_151582.txt
13094	151583	genealogy/786f407c_151583.txt
13095	151584	genealogy/70bc2207_151584.txt
13096	151585	genealogy/4d8bbea5_151585.txt
13097	151586	genealogy/237aaa55_151586.txt
13098	151587	genealogy/8349c919_151587.txt
13099	151588	genealogy/1a0b7886_151588.txt
13100	151589	genealogy/1ce845fa_151589.txt
13101	151590	genealogy/dbb4bd47_151590.txt
13102	151591	genealogy/8b951e0a_151591.txt
13103	151592	genealogy/6f2aff3d_151592.txt
13104	151593	genealogy/f1049e2d_151593.txt
13105	151594	genealogy/fc50df81_151594.txt
13106	151595	genealogy/7d397765_151595.txt
13107	151596	genealogy/65ec6d2d_151596.txt
13108	151597	genealogy/3285da1b_151597.txt
13109	151598	genealogy/8f10dc5a_151598.txt
13110	151599	genealogy/7d4f6b3f_151599.txt
13111	151600	genealogy/925c6b91_151600.txt
13112	151601	genealogy/51e05904_151601.txt
13113	151602	genealogy/499b9f7e_151602.txt
13114	151603	genealogy/8975ad0a_151603.txt
13115	151604	genealogy/58a4ee90_151604.txt
13116	151605	genealogy/6bbe5532_151605.txt
13117	151606	genealogy/97ce77d3_151606.txt
13118	151607	genealogy/65bfaa73_151607.txt
13119	151608	genealogy/5571ca4f_151608.txt
13120	151609	genealogy/7147e43e_151609.txt
13121	151610	genealogy/61c8ddfa_151610.txt
13122	151611	genealogy/0ad52722_151611.txt
13123	151612	genealogy/a113ce4e_151612.txt
13124	151613	genealogy/b09eb8c8_151613.txt
13125	151614	genealogy/e88c2027_151614.txt
13126	151615	genealogy/25dcd8cf_151615.txt
13127	151616	genealogy/059d18f3_151616.txt
13128	151617	genealogy/8d993732_151617.txt
13129	151618	genealogy/5b821b75_151618.txt
13130	151619	genealogy/fa0c9e74_151619.txt
13131	151620	genealogy/5530455a_151620.txt
13132	151621	genealogy/aa5f8401_151621.txt
13133	151622	genealogy/e45277fd_151622.txt
13134	151623	genealogy/3ccd04f2_151623.txt
13135	151624	genealogy/14c46000_151624.txt
13136	151625	genealogy/5e446a0b_151625.txt
13137	151626	genealogy/fea7de88_151626.txt
13138	151627	genealogy/f361782c_151627.txt
13139	151628	genealogy/c2c08466_151628.txt
13140	151629	genealogy/36f21855_151629.txt
13141	151630	genealogy/2d6fa093_151630.txt
13142	151631	genealogy/d32a3727_151631.txt
13143	151632	genealogy/06ad1bc7_151632.txt
13144	151633	genealogy/9ff0ea60_151633.txt
13145	151634	genealogy/2e14f3d3_151634.txt
13146	151635	genealogy/85b3deab_151635.txt
13147	151636	genealogy/cd4fbc7f_151636.txt
13148	151637	genealogy/9a68e0aa_151637.txt
13149	151638	genealogy/0916d2c9_151638.txt
13150	151639	genealogy/c0a524a6_151639.txt
13151	151640	genealogy/605f5629_151640.txt
13152	151641	genealogy/7478eb6e_151641.txt
13153	151642	genealogy/c62a8caa_151642.txt
13154	151643	genealogy/b76a3a8a_151643.txt
13155	151644	genealogy/60f6134c_151644.txt
13156	151645	genealogy/223fa98d_151645.txt
13157	151646	genealogy/3faf456d_151646.txt
13158	151647	genealogy/bbab6b48_151647.txt
13159	151648	genealogy/e024c59d_151648.txt
13160	151649	genealogy/9ee9800d_151649.txt
13161	151650	genealogy/7142d517_151650.txt
13162	151651	genealogy/1a224e9f_151651.txt
13163	151652	genealogy/c7ec1d45_151652.txt
13164	151653	genealogy/77e915d0_151653.txt
13165	151654	genealogy/abedafdb_151654.txt
13166	151655	genealogy/bf57ce27_151655.txt
13167	151656	genealogy/93bb4e6b_151656.txt
13168	151657	genealogy/3cf1e23d_151657.txt
13169	151658	genealogy/589255d9_151658.txt
13170	151659	genealogy/2520655e_151659.txt
13171	151660	genealogy/3e026e17_151660.txt
13172	151661	genealogy/6df6b4e3_151661.txt
13173	151662	genealogy/df625287_151662.txt
13174	151663	genealogy/63ca83ae_151663.txt
13175	151664	genealogy/866246d7_151664.txt
13176	151665	genealogy/bbb7c154_151665.txt
13177	151666	genealogy/86cf8b04_151666.txt
13178	151667	genealogy/384baed0_151667.txt
13179	151668	genealogy/773659d2_151668.txt
13180	151669	genealogy/f6e3dc23_151669.txt
13181	151670	genealogy/541c052f_151670.txt
13182	151671	genealogy/211abee3_151671.txt
13183	151672	genealogy/c0dcc19f_151672.txt
13184	151673	genealogy/2c979753_151673.txt
13185	151674	genealogy/5a5b3b75_151674.txt
13186	151675	genealogy/7763c8c6_151675.txt
13187	151676	genealogy/539413e3_151676.txt
13188	151677	genealogy/30ede7ad_151677.txt
13189	151678	genealogy/a8e0503b_151678.txt
13190	151679	genealogy/027975c9_151679.txt
13191	151680	genealogy/53f22d49_151680.txt
13192	151681	genealogy/c8cad690_151681.txt
13193	151682	genealogy/abc320b2_151682.txt
13194	151683	genealogy/a4f2bf5a_151683.txt
13195	151684	genealogy/0726b687_151684.txt
13196	151685	genealogy/56e68d9f_151685.txt
13197	151686	genealogy/a3031e5c_151686.txt
13198	151687	genealogy/4fe96674_151687.txt
13199	151688	genealogy/397056b9_151688.txt
13200	151689	genealogy/21912514_151689.txt
13201	151690	genealogy/2bca365d_151690.txt
13202	151691	genealogy/c306de51_151691.txt
13203	151692	genealogy/da44f2f8_151692.txt
13204	151693	genealogy/f4652de5_151693.txt
13205	151694	genealogy/55a77391_151694.txt
13206	151695	genealogy/22a6e98d_151695.txt
13207	151696	genealogy/fddc2b7f_151696.txt
13208	151697	genealogy/47f111b2_151697.txt
13209	151698	genealogy/a4475262_151698.txt
13210	151699	genealogy/6d7f8f33_151699.txt
13211	151700	genealogy/4d377c03_151700.txt
13212	151701	genealogy/041f2761_151701.txt
13213	151702	genealogy/c0d2a7fd_151702.txt
13214	151703	genealogy/681f53b0_151703.txt
13215	151704	genealogy/51c12497_151704.txt
13216	151705	genealogy/cbddd22d_151705.txt
13217	151706	genealogy/ba62a412_151706.txt
13218	151707	genealogy/e0097330_151707.txt
13219	151708	genealogy/fb17c16c_151708.txt
13220	151709	genealogy/c946eef6_151709.txt
13221	151710	genealogy/ae5a101e_151710.txt
13222	151711	genealogy/4fead9ec_151711.txt
13223	151712	genealogy/601f86b5_151712.txt
13224	151713	genealogy/201095ab_151713.txt
13225	151714	genealogy/042137b4_151714.txt
13226	151715	genealogy/69393b57_151715.txt
13227	151716	genealogy/8bce8dcc_151716.txt
13228	151717	genealogy/ec1524e8_151717.txt
13229	151718	genealogy/311a27e7_151718.txt
13230	151719	genealogy/c545f050_151719.txt
13231	151720	genealogy/ae7682b4_151720.txt
13232	151721	genealogy/5439b83d_151721.txt
13233	151722	genealogy/898feddb_151722.txt
13234	151723	genealogy/d1ffd61a_151723.txt
13235	151724	genealogy/97a5505a_151724.txt
13236	151725	genealogy/85b3c6c7_151725.txt
13237	151726	genealogy/a43a4f2b_151726.txt
13238	151727	genealogy/a0840305_151727.txt
13239	151728	genealogy/00cee6b4_151728.txt
13240	151729	genealogy/7e0586e4_151729.txt
13241	151730	genealogy/28ff69ae_151730.txt
13242	151731	genealogy/bdb4b4bd_151731.txt
13243	151732	genealogy/90c60216_151732.txt
13244	151733	genealogy/371f10b4_151733.txt
13245	151734	genealogy/35c8d546_151734.txt
13246	151735	genealogy/c9dda915_151735.txt
13247	151736	genealogy/7e2c6af3_151736.txt
13248	151737	genealogy/fc5452b0_151737.txt
13249	151738	genealogy/5b30ab72_151738.txt
13250	151739	genealogy/835762c1_151739.txt
13251	151740	genealogy/eabcc1f6_151740.txt
13252	151741	genealogy/c3fefea6_151741.txt
13253	151742	genealogy/0d4f8bba_151742.txt
13254	151743	genealogy/a901c94b_151743.txt
13255	151744	genealogy/a4a56f08_151744.txt
13256	151745	genealogy/fce9e703_151745.txt
13257	151746	genealogy/ea2b0642_151746.txt
13258	151747	genealogy/3e12b3c1_151747.txt
13259	151748	genealogy/7f2f7cfe_151748.txt
13260	151749	genealogy/6a70b5b6_151749.txt
13261	151750	genealogy/de425854_151750.txt
13262	151751	genealogy/ec1d38a9_151751.txt
13263	151752	genealogy/59f203a9_151752.txt
13264	151753	genealogy/4377c62d_151753.txt
13265	151754	genealogy/8ab42a80_151754.txt
13266	151755	genealogy/45f619d5_151755.txt
13267	151756	genealogy/76e86c95_151756.txt
13268	151757	genealogy/b307ea06_151757.txt
13269	151758	genealogy/c38210e4_151758.txt
13270	151759	genealogy/cd596d6f_151759.txt
13271	151760	genealogy/766a5ffb_151760.txt
13272	151761	genealogy/8e63c3a5_151761.txt
13273	151762	genealogy/991ac749_151762.txt
13274	151763	genealogy/2af44729_151763.txt
13275	151764	genealogy/4321843b_151764.txt
13276	151765	genealogy/a24ed1e8_151765.txt
13277	151766	genealogy/fed8b29f_151766.txt
13278	151767	genealogy/531623ff_151767.txt
13279	151768	genealogy/25a4dfd4_151768.txt
13280	151769	genealogy/3730e916_151769.txt
13281	151770	genealogy/49131094_151770.txt
13282	151771	genealogy/70108701_151771.txt
13283	151772	genealogy/759e9d16_151772.txt
13284	151773	genealogy/1d139146_151773.txt
13285	151774	genealogy/056a7a9c_151774.txt
13286	151775	genealogy/d5f14f7a_151775.txt
13287	151776	genealogy/23d2d854_151776.txt
13288	151777	genealogy/085f7fdc_151777.txt
13289	151778	genealogy/e8a7f271_151778.txt
13290	151779	genealogy/afaf70a4_151779.txt
13291	151780	genealogy/a46c5a46_151780.txt
13292	151781	genealogy/5c5797bd_151781.txt
13293	151782	genealogy/ff46d821_151782.txt
13294	151783	genealogy/4a9628d5_151783.txt
13295	151784	genealogy/dc51f3d3_151784.txt
13296	151785	genealogy/952d6151_151785.txt
13297	151786	genealogy/5187b223_151786.txt
13298	151787	genealogy/1ba72acd_151787.txt
13299	151788	genealogy/17642f0d_151788.txt
13300	151789	genealogy/0c6eab16_151789.txt
13301	151790	genealogy/f75d38a4_151790.txt
13302	151791	genealogy/b99b9e8f_151791.txt
13303	151792	genealogy/3d91f466_151792.txt
13304	151793	genealogy/aa84e46d_151793.txt
13305	151794	genealogy/2f232800_151794.txt
13306	151795	genealogy/70108701_151795.txt
13307	151796	genealogy/d77be399_151796.txt
13308	151797	genealogy/2ce8a62d_151797.txt
13309	151798	genealogy/3d855f69_151798.txt
13310	151799	genealogy/d6c34767_151799.txt
13311	151800	genealogy/6d085ed6_151800.txt
13312	151801	genealogy/dbab0703_151801.txt
13313	151802	genealogy/de425854_151802.txt
13314	151803	genealogy/ec1d38a9_151803.txt
13315	151804	genealogy/59f203a9_151804.txt
13316	151805	genealogy/8ab42a80_151805.txt
13317	151806	genealogy/45f619d5_151806.txt
13318	151807	genealogy/76e86c95_151807.txt
13319	151808	genealogy/6f4b3be5_151808.txt
13320	151809	genealogy/dda03e77_151809.txt
13321	151810	genealogy/c38210e4_151810.txt
13322	151811	genealogy/cd596d6f_151811.txt
13323	151812	genealogy/766a5ffb_151812.txt
13324	151813	genealogy/8e63c3a5_151813.txt
13325	151814	genealogy/991ac749_151814.txt
13326	151815	genealogy/2af44729_151815.txt
13327	151816	genealogy/4321843b_151816.txt
13328	151817	genealogy/fed8b29f_151817.txt
13329	151818	genealogy/531623ff_151818.txt
13330	151819	genealogy/cdb565d2_151819.txt
13331	151820	genealogy/25a4dfd4_151820.txt
13332	151821	genealogy/3730e916_151821.txt
13333	151822	genealogy/49131094_151822.txt
13334	151823	genealogy/70108701_151823.txt
13335	151824	genealogy/0605a9b7_151824.txt
13336	151825	genealogy/eba8d7f5_151825.txt
13337	151826	genealogy/8e24e7c6_151826.txt
13338	151827	genealogy/4c710871_151827.txt
13339	151828	genealogy/8307149a_151828.txt
13340	151829	genealogy/8683d054_151829.txt
13341	151830	genealogy/b7ba1fac_151830.txt
13342	151831	genealogy/5e836823_151831.txt
13343	151832	genealogy/a52e7091_151832.txt
13344	151833	genealogy/d9676ec3_151833.txt
13345	151834	genealogy/59d32031_151834.txt
13346	151835	genealogy/d4b79e5f_151835.txt
13347	151836	genealogy/b823be34_151836.txt
13348	151837	genealogy/53928563_151837.txt
13349	151838	genealogy/034c3f50_151838.txt
13350	151839	genealogy/c210a16f_151839.txt
13351	151840	genealogy/c905ce19_151840.txt
13352	151841	genealogy/3eb08aca_151841.txt
13353	151842	genealogy/b3e3e569_151842.txt
13354	151843	genealogy/e5b6a985_151843.txt
13355	151844	genealogy/b022fd10_151844.txt
13356	151845	genealogy/dfbe7cc1_151845.txt
13357	151846	genealogy/a08675b1_151846.txt
13358	151847	genealogy/35b7c767_151847.txt
13359	151848	genealogy/a63b686c_151848.txt
13360	151849	genealogy/58868b57_151849.txt
13361	151850	genealogy/5b4dd63d_151850.txt
13362	151851	genealogy/608b3a0c_151851.txt
13363	151852	genealogy/6ed1b28a_151852.txt
13364	151853	genealogy/41ddb404_151853.txt
13365	151854	genealogy/1c5d353c_151854.txt
13366	151855	genealogy/141288ae_151855.txt
13367	151856	genealogy/0c23dbd9_151856.txt
13368	151857	genealogy/7949ead1_151857.txt
13369	151858	genealogy/dcf149b1_151858.txt
13370	151859	genealogy/b955ed00_151859.txt
13371	151860	genealogy/de4f9ec3_151860.txt
13372	151861	genealogy/9cc719b2_151861.txt
13373	151862	genealogy/237eb1c1_151862.txt
13374	151863	genealogy/e711d6ab_151863.txt
13375	151864	genealogy/21d21743_151864.txt
13376	151865	genealogy/92e4c40e_151865.txt
13377	151866	genealogy/a6dc85e7_151866.txt
13378	151867	genealogy/4c7a55b3_151867.txt
13379	151868	genealogy/5478a305_151868.txt
13380	151869	genealogy/9e1ae01d_151869.txt
13381	151870	genealogy/678fe803_151870.txt
13382	151871	genealogy/2562875e_151871.txt
13383	151872	genealogy/c1d01fc2_151872.txt
13384	151873	genealogy/afa0f8e4_151873.txt
13385	151874	genealogy/b79b0b8d_151874.txt
13386	151875	genealogy/cb97c0f9_151875.txt
13387	151876	genealogy/c62b270f_151876.txt
13388	151877	genealogy/b940a294_151877.txt
13389	151878	genealogy/b82215f0_151878.txt
13390	151879	genealogy/2ca76593_151879.txt
13391	151880	genealogy/0ccfef46_151880.txt
13392	151881	genealogy/8819dcc5_151881.txt
13393	151882	genealogy/b4ec7d20_151882.txt
13394	151883	genealogy/e5101bf7_151883.txt
13395	151884	genealogy/fe57b23f_151884.txt
13396	151885	genealogy/c573ffc0_151885.txt
13397	151886	genealogy/ac9d6b2d_151886.txt
13398	151887	genealogy/356c1feb_151887.txt
13399	151888	genealogy/ab5a0ff5_151888.txt
13400	151889	genealogy/70e17b1a_151889.txt
13401	151890	genealogy/0fdf5778_151890.txt
13402	151891	genealogy/7658a711_151891.txt
13403	151892	genealogy/7e8f4a68_151892.txt
13404	151893	genealogy/9b92b1fc_151893.txt
13405	151894	genealogy/6ddea5f2_151894.txt
13406	151895	genealogy/daafd3d9_151895.txt
13407	151896	genealogy/1490d1c3_151896.txt
13408	151897	genealogy/5d53933d_151897.txt
13409	151898	genealogy/9b2c6142_151898.txt
13410	151899	genealogy/7f4d6c21_151899.txt
13411	151900	genealogy/a3ad53ed_151900.txt
13412	151901	genealogy/ef617434_151901.txt
13413	151902	genealogy/c8e6d9cb_151902.txt
13414	151903	genealogy/6c038b1e_151903.txt
13415	151904	genealogy/570aa6d0_151904.txt
13416	151905	genealogy/784bcb9f_151905.txt
13417	151906	genealogy/8d7a74da_151906.txt
13418	151907	genealogy/bc1cff18_151907.txt
13419	151908	genealogy/96154032_151908.txt
13420	151909	genealogy/4790ed3b_151909.txt
13421	151910	genealogy/d25101bb_151910.txt
13422	151911	genealogy/40f1df2b_151911.txt
13423	151912	genealogy/8ad7370c_151912.txt
13424	151913	genealogy/ad9145fb_151913.txt
13425	151914	genealogy/9d66736b_151914.txt
13426	151915	genealogy/d414a930_151915.txt
13427	151916	genealogy/7f246bab_151916.txt
13428	151917	genealogy/5b014f89_151917.txt
13429	151918	genealogy/d5daa5f8_151918.txt
13430	151919	genealogy/0a06c395_151919.txt
13431	151920	genealogy/41c6bc7e_151920.txt
13432	151921	genealogy/3c2a896a_151921.txt
13433	151922	genealogy/1b8344c7_151922.txt
13434	151923	genealogy/f8f42c83_151923.txt
13435	151924	genealogy/6a0d77b7_151924.txt
13436	151925	genealogy/51632f55_151925.txt
13437	151926	genealogy/3b1b8e10_151926.txt
13438	151927	genealogy/c00e1d66_151927.txt
13439	151928	genealogy/609381c5_151928.txt
13440	151929	genealogy/d92d66ae_151929.txt
13441	151930	genealogy/13a592e0_151930.txt
13442	151931	genealogy/bede7b75_151931.txt
13443	151932	genealogy/18e52f8b_151932.txt
13444	151933	genealogy/faa7af30_151933.txt
13445	151934	genealogy/e1269303_151934.txt
13446	151935	genealogy/7ffa336a_151935.txt
13447	151936	genealogy/c2589d2d_151936.txt
13448	151937	genealogy/2f1e4e5a_151937.txt
13449	151938	genealogy/23164421_151938.txt
13450	151939	genealogy/88763d03_151939.txt
13451	151940	genealogy/9d24f040_151940.txt
13452	151941	genealogy/bfdf1b7f_151941.txt
13453	151942	genealogy/50985eaa_151942.txt
13454	151943	genealogy/de5e1104_151943.txt
13455	151944	genealogy/473a2e20_151944.txt
13456	151945	genealogy/4e269804_151945.txt
13457	151946	genealogy/0d10e0ea_151946.txt
13458	151947	genealogy/928f1329_151947.txt
13459	151948	genealogy/7a3e8f57_151948.txt
13460	151949	genealogy/5013a8b1_151949.txt
13461	151950	genealogy/63175f04_151950.txt
13462	151951	genealogy/238029a1_151951.txt
13463	151952	genealogy/f9a2e225_151952.txt
13464	151953	genealogy/c6bb90e3_151953.txt
13465	151954	genealogy/824279c0_151954.txt
13466	151955	genealogy/e96810ab_151955.txt
13467	151956	genealogy/0336e0d5_151956.txt
13468	151957	genealogy/565d0520_151957.txt
13469	151958	genealogy/7cc92baa_151958.txt
13470	151959	genealogy/ec3f12d4_151959.txt
13471	151960	genealogy/cd9433e9_151960.txt
13472	151961	genealogy/2213937b_151961.txt
13473	151962	genealogy/f879868d_151962.txt
13474	151963	genealogy/5abbce2d_151963.txt
13475	151964	genealogy/7a3746c9_151964.txt
13476	151965	genealogy/d5b68459_151965.txt
13477	151966	genealogy/f35f7f48_151966.txt
13478	151967	genealogy/ba1d859e_151967.txt
13479	151968	genealogy/0a347355_151968.txt
13480	151969	genealogy/5e25df77_151969.txt
13481	151970	genealogy/36385591_151970.txt
13482	151971	genealogy/fe46ffdf_151971.txt
13483	151972	genealogy/6eeaca97_151972.txt
13484	151973	genealogy/7cbafa23_151973.txt
13485	151974	genealogy/5330e58e_151974.txt
13486	151975	genealogy/bcbc418b_151975.txt
13487	151976	genealogy/89490482_151976.txt
13488	151977	genealogy/e3196890_151977.txt
13489	151978	genealogy/8514ed55_151978.txt
13490	151979	genealogy/6e5173ea_151979.txt
13491	151980	genealogy/29dca345_151980.txt
13492	151981	genealogy/643ef1f4_151981.txt
13493	151982	genealogy/102773f0_151982.txt
13494	151983	genealogy/80ba6b7e_151983.txt
13495	151984	genealogy/b5ccaad1_151984.txt
13496	151985	genealogy/09f71be8_151985.txt
13497	151986	genealogy/2d10d8b0_151986.txt
13498	151987	genealogy/aeef91d8_151987.txt
13499	151988	genealogy/00fb3728_151988.txt
13500	151989	genealogy/75e7b3e0_151989.txt
13501	151990	genealogy/dfc1b51d_151990.txt
13502	151991	genealogy/53961557_151991.txt
13503	151992	genealogy/6bb11841_151992.txt
13504	151993	genealogy/7e0586e4_151993.txt
13505	151994	genealogy/5439b83d_151994.txt
13506	151995	genealogy/898feddb_151995.txt
13507	151996	genealogy/b431a949_151996.txt
13508	151997	genealogy/a5d4f4aa_151997.txt
13509	151998	genealogy/c66ea40e_151998.txt
13510	151999	genealogy/371f10b4_151999.txt
13511	152000	genealogy/35c8d546_152000.txt
13512	152001	genealogy/c9dda915_152001.txt
13513	152002	genealogy/7e2c6af3_152002.txt
13514	152003	genealogy/a43a4f2b_152003.txt
13515	152004	genealogy/a0840305_152004.txt
13516	152005	genealogy/00cee6b4_152005.txt
13517	152006	genealogy/28ff69ae_152006.txt
13518	152007	genealogy/fc5452b0_152007.txt
13519	152008	genealogy/5b30ab72_152008.txt
13520	152009	genealogy/835762c1_152009.txt
13521	152010	genealogy/eabcc1f6_152010.txt
13522	152011	genealogy/c3fefea6_152011.txt
13523	152012	genealogy/0d4f8bba_152012.txt
13524	152013	genealogy/19e39346_152013.txt
13525	152014	genealogy/c1d6fc81_152014.txt
13526	152015	genealogy/b2a1c773_152015.txt
13527	152016	genealogy/3768f33b_152016.txt
13528	152017	genealogy/c37d0505_152017.txt
13529	152018	genealogy/38a39a5b_152018.txt
13530	152019	genealogy/922f5b1a_152019.txt
13531	152020	genealogy/6f379950_152020.txt
13532	152021	genealogy/51a60397_152021.txt
13533	152022	genealogy/d0f44f23_152022.txt
13534	152023	genealogy/d4c3dae5_152023.txt
13535	152024	genealogy/0c7f66e5_152024.txt
13536	152025	genealogy/c57813db_152025.txt
13537	152026	genealogy/1b697794_152026.txt
13538	152027	genealogy/5a62191d_152027.txt
13539	152028	genealogy/2902612e_152028.txt
13540	152029	genealogy/b0058772_152029.txt
13541	152030	genealogy/aa566ed7_152030.txt
13542	152031	genealogy/f140b3e7_152031.txt
13543	152032	genealogy/9729cb97_152032.txt
13544	152033	genealogy/5abeb99a_152033.txt
13545	152034	genealogy/b8bc1a67_152034.txt
13546	152035	genealogy/a67b3111_152035.txt
13547	152036	genealogy/9f0eceb2_152036.txt
13548	152037	genealogy/760912ce_152037.txt
13549	152038	genealogy/4b060cd8_152038.txt
13550	152039	genealogy/706e8d96_152039.txt
13551	152040	genealogy/fe090f72_152040.txt
13552	152041	genealogy/2c322f36_152041.txt
13553	152042	genealogy/d12623ad_152042.txt
13554	152043	genealogy/a30b0e9f_152043.txt
13555	152044	genealogy/a0954e36_152044.txt
13556	152045	genealogy/5b03cd2f_152045.txt
13557	152046	genealogy/45b65794_152046.txt
13558	152047	genealogy/d7f42e47_152047.txt
13559	152048	genealogy/de9d54c6_152048.txt
13560	152049	genealogy/e75902f9_152049.txt
13561	152050	genealogy/f4b9189f_152050.txt
13562	152051	genealogy/6f8d13d7_152051.txt
13563	152052	genealogy/1931b519_152052.txt
13564	152053	genealogy/b8c00dab_152053.txt
13565	152054	genealogy/884b8d84_152054.txt
13566	152055	genealogy/20c38035_152055.txt
13567	152056	genealogy/c716790b_152056.txt
13568	152057	genealogy/16c00c69_152057.txt
13569	152058	genealogy/797acea2_152058.txt
13570	152059	genealogy/fe1cdb46_152059.txt
13571	152060	genealogy/25bf6a5d_152060.txt
13572	152061	genealogy/e82fc864_152061.txt
13573	152062	genealogy/12f980b5_152062.txt
13574	152063	genealogy/ce029307_152063.txt
13575	152064	genealogy/910de4fc_152064.txt
13576	152065	genealogy/5250dbf3_152065.txt
13577	152066	genealogy/e5f6ec2f_152066.txt
13578	152067	genealogy/5009f10b_152067.txt
13579	152068	genealogy/de51d451_152068.txt
13580	152069	genealogy/ab13cdd0_152069.txt
13581	152070	genealogy/55a016f7_152070.txt
13582	152071	genealogy/a9839fa1_152071.txt
13583	152072	genealogy/fce9d58d_152072.txt
13584	152073	genealogy/50d5ba64_152073.txt
13585	152074	genealogy/6790b302_152074.txt
13586	152075	genealogy/ba9b4b24_152075.txt
13587	152076	genealogy/1a2682e1_152076.txt
13588	152077	genealogy/0a5d0165_152077.txt
13589	152078	genealogy/1343e955_152078.txt
13590	152079	genealogy/d4584e13_152079.txt
13591	152080	genealogy/292778c7_152080.txt
13592	152081	genealogy/4dc4b3fc_152081.txt
13593	152082	genealogy/4091f126_152082.txt
13594	152083	genealogy/571d732c_152083.txt
13595	152084	genealogy/1402601d_152084.txt
13596	152085	genealogy/895ee0be_152085.txt
13597	152086	genealogy/0ddc169b_152086.txt
13598	152087	genealogy/b6f2035d_152087.txt
13599	152088	genealogy/4a792038_152088.txt
13600	152089	genealogy/6d5d817c_152089.txt
13601	152090	genealogy/8cf23a5c_152090.txt
13602	152091	genealogy/0547aeda_152091.txt
13603	152092	genealogy/20d8bc33_152092.txt
13604	152093	genealogy/efea56b5_152093.txt
13605	152094	genealogy/aaf28a8c_152094.txt
13606	152095	genealogy/201609ce_152095.txt
13607	152096	genealogy/41c37730_152096.txt
13608	152097	genealogy/586154af_152097.txt
13609	152098	genealogy/c8242034_152098.txt
13610	152099	genealogy/53f8616e_152099.txt
13611	152100	genealogy/00e77f7d_152100.txt
13612	152101	genealogy/940d2b1d_152101.txt
13613	152102	genealogy/84284b14_152102.txt
13614	152103	genealogy/19917bb7_152103.txt
13615	152104	genealogy/094ee744_152104.txt
13616	152105	genealogy/3391e0e0_152105.txt
13617	152106	genealogy/72fdb026_152106.txt
13618	152107	genealogy/43d7b60b_152107.txt
13619	152108	genealogy/d420fd9c_152108.txt
13620	152109	genealogy/46c6e4dd_152109.txt
13621	152110	genealogy/cb42a2c9_152110.txt
13622	152111	genealogy/7eb7e8d6_152111.txt
13623	152112	genealogy/9fec8b15_152112.txt
13624	152113	genealogy/35d9f0f5_152113.txt
13625	152114	genealogy/1c03a0c2_152114.txt
13626	152115	genealogy/626c3e72_152115.txt
13627	152116	genealogy/38e52b16_152116.txt
13628	152117	genealogy/fab1e89e_152117.txt
13629	152118	genealogy/2a57129e_152118.txt
13630	152119	genealogy/83de478e_152119.txt
13631	152120	genealogy/1bb984ae_152120.txt
13632	152121	genealogy/f2d3d12c_152121.txt
13633	152122	genealogy/f638a9f6_152122.txt
13634	152123	genealogy/320f2477_152123.txt
13635	152124	genealogy/ba0e40b2_152124.txt
13636	152125	genealogy/d607d994_152125.txt
13637	152126	genealogy/644f2267_152126.txt
13638	152127	genealogy/fcefc98b_152127.txt
13639	152128	genealogy/ce893c18_152128.txt
13640	152129	genealogy/e2dd59c1_152129.txt
13641	152130	genealogy/d37188f9_152130.txt
13642	152131	genealogy/fcefc98b_152131.txt
13643	152132	genealogy/ce893c18_152132.txt
13644	152133	genealogy/e2dd59c1_152133.txt
13645	152134	genealogy/d37188f9_152134.txt
13646	152135	genealogy/d420fd9c_152135.txt
13647	152136	genealogy/4091f126_152136.txt
13648	152137	genealogy/52e1a1b7_152137.txt
13649	152138	genealogy/895ee0be_152138.txt
13650	152139	genealogy/2b4d2e5e_152139.txt
13651	152140	genealogy/34ff72a5_152140.txt
13652	152141	genealogy/e2bb964c_152141.txt
13653	152142	genealogy/b08149d5_152142.txt
13654	152143	genealogy/6d5d817c_152143.txt
13655	152144	genealogy/8cf23a5c_152144.txt
13656	152145	genealogy/0547aeda_152145.txt
13657	152146	genealogy/20d8bc33_152146.txt
13658	152147	genealogy/aaf28a8c_152147.txt
13659	152148	genealogy/201609ce_152148.txt
13660	152149	genealogy/46c6e4dd_152149.txt
13661	152150	genealogy/cb42a2c9_152150.txt
13662	152151	genealogy/38e52b16_152151.txt
13663	152152	genealogy/f30c2ecd_152152.txt
13664	152153	genealogy/53f8616e_152153.txt
13665	152154	genealogy/f59e33bf_152154.txt
13666	152155	genealogy/648c62f8_152155.txt
13667	152156	genealogy/b43e001a_152156.txt
13668	152157	genealogy/36d8ff2d_152157.txt
13669	152158	genealogy/4ed18c91_152158.txt
13670	152159	genealogy/19917bb7_152159.txt
13671	152160	genealogy/3391e0e0_152160.txt
13672	152161	genealogy/72fdb026_152161.txt
13673	152162	genealogy/fab1e89e_152162.txt
13674	152163	genealogy/43d7b60b_152163.txt
13675	152164	genealogy/efea56b5_152164.txt
13676	152165	genealogy/7eb7e8d6_152165.txt
13677	152166	genealogy/9fec8b15_152166.txt
13678	152167	genealogy/35d9f0f5_152167.txt
13679	152168	genealogy/1c03a0c2_152168.txt
13680	152169	genealogy/626c3e72_152169.txt
13681	152170	genealogy/c8242034_152170.txt
13682	152171	genealogy/094ee744_152171.txt
13683	152172	genealogy/2a57129e_152172.txt
13684	152173	genealogy/83de478e_152173.txt
13685	152174	genealogy/1bb984ae_152174.txt
13686	152175	genealogy/bf7196d3_152175.txt
13687	152176	genealogy/2c572b44_152176.txt
13688	152177	genealogy/cba8e9f7_152177.txt
13689	152178	genealogy/3fa4ea59_152178.txt
13690	152179	genealogy/a37a4270_152179.txt
13691	152180	genealogy/2bd05a3f_152180.txt
13692	152181	genealogy/22429c26_152181.txt
13693	152182	genealogy/bc843247_152182.txt
13694	152183	genealogy/2ab83e48_152183.txt
13695	152184	genealogy/b2964047_152184.txt
13696	152185	genealogy/491d304f_152185.txt
13697	152186	genealogy/cb97c0f9_152186.txt
13698	152187	genealogy/82cd1158_152187.txt
13699	152188	genealogy/6b66a3ac_152188.txt
13700	152189	genealogy/e97990ab_152189.txt
13701	152190	genealogy/7c1fa331_152190.txt
13702	152191	genealogy/533dabe2_152191.txt
13703	152192	genealogy/a25cad97_152192.txt
13704	152193	genealogy/d1721bfb_152193.txt
13705	152194	genealogy/da4c4656_152194.txt
13706	152195	genealogy/362111a0_152195.txt
13707	152196	genealogy/8952326e_152196.txt
13708	152197	genealogy/aba2e1b5_152197.txt
13709	152198	genealogy/d5f6eb33_152198.txt
13710	152199	genealogy/8e832689_152199.txt
13711	152200	genealogy/c61bd530_152200.txt
13712	152201	genealogy/170db855_152201.txt
13713	152202	genealogy/3d2a6f15_152202.txt
13714	152203	genealogy/a9b71df1_152203.txt
13715	152204	genealogy/7e10acbe_152204.txt
13716	152205	genealogy/a79ee82b_152205.txt
13717	152206	genealogy/2487fb56_152206.txt
13718	152207	genealogy/bfaa4760_152207.txt
13719	152208	genealogy/1bf5f545_152208.txt
13720	152209	genealogy/ccc75c52_152209.txt
13721	152210	genealogy/549c8eeb_152210.txt
13722	152211	genealogy/0df559ed_152211.txt
13723	152212	genealogy/674ae237_152212.txt
13724	152213	genealogy/e8e28d4a_152213.txt
13725	152214	genealogy/63f391c4_152214.txt
13726	152215	genealogy/02afed18_152215.txt
13727	152216	genealogy/81e8763e_152216.txt
13728	152217	genealogy/f3dad981_152217.txt
13729	152218	genealogy/4f2494ec_152218.txt
13730	152219	genealogy/77215200_152219.txt
13731	152220	genealogy/182358a0_152220.txt
13732	152221	genealogy/e9bd84e4_152221.txt
13733	152222	genealogy/d3052969_152222.txt
13734	152223	genealogy/a199cbe8_152223.txt
13735	152224	genealogy/ae439d7a_152224.txt
13736	152225	genealogy/264e5b0d_152225.txt
13737	152226	genealogy/3068dc98_152226.txt
13738	152227	genealogy/48c8dba7_152227.txt
13739	152228	genealogy/8674c376_152228.txt
13740	152229	genealogy/1590b56e_152229.txt
13741	152230	genealogy/05b09712_152230.txt
13742	152231	genealogy/1bf6a2f2_152231.txt
13743	152232	genealogy/4ff557e4_152232.txt
13744	152233	genealogy/d09edef1_152233.txt
13745	152234	genealogy/8e7b2c3a_152234.txt
13746	152235	genealogy/0304fd25_152235.txt
13747	152236	genealogy/3b4b8b81_152236.txt
13748	152237	genealogy/f62e288d_152237.txt
13749	152238	genealogy/9887f0c0_152238.txt
13750	152239	genealogy/047d9dad_152239.txt
13751	152240	genealogy/261feabb_152240.txt
13752	152241	genealogy/894ec14c_152241.txt
13753	152242	genealogy/b694d29d_152242.txt
13754	152243	genealogy/995f7d75_152243.txt
13755	152244	genealogy/c670487f_152244.txt
13756	152245	genealogy/32997a9f_152245.txt
13757	152246	genealogy/35daaa32_152246.txt
13758	152247	genealogy/ec4c5bc7_152247.txt
13759	152248	genealogy/5564710a_152248.txt
13760	152249	genealogy/cd39131e_152249.txt
13761	152250	genealogy/90624c02_152250.txt
13762	152251	genealogy/5002ca2a_152251.txt
13763	152252	genealogy/1f0af65d_152252.txt
13764	152253	genealogy/42180583_152253.txt
13765	152254	genealogy/f371bb4a_152254.txt
13766	152255	genealogy/a8fecd70_152255.txt
13767	152256	genealogy/f008568f_152256.txt
13768	152257	genealogy/3483ea89_152257.txt
13769	152258	genealogy/3e32b044_152258.txt
13770	152259	genealogy/8875da97_152259.txt
13771	152260	genealogy/2a14a1d6_152260.txt
13772	152261	genealogy/aa68e0fb_152261.txt
13773	152262	genealogy/7038b387_152262.txt
13774	152263	genealogy/9def12ac_152263.txt
13775	152264	genealogy/6affbd1a_152264.txt
13776	152265	genealogy/8c8c4c8a_152265.txt
13777	152266	genealogy/2ab83ed6_152266.txt
13778	152267	genealogy/aef02ad1_152267.txt
13779	152268	genealogy/7d141718_152268.txt
13780	152269	genealogy/be618fca_152269.txt
13781	152270	genealogy/5b9ec03a_152270.txt
13782	152271	genealogy/76115e01_152271.txt
13783	152272	genealogy/d3ab1149_152272.txt
13784	152273	genealogy/5bd8f0ce_152273.txt
13785	152274	genealogy/41f89cde_152274.txt
13786	152275	genealogy/451a58bc_152275.txt
13787	152276	genealogy/ad0b5949_152276.txt
13788	152277	genealogy/7e0f4568_152277.txt
13789	152278	genealogy/5e21ca22_152278.txt
13790	152279	genealogy/213c0d6c_152279.txt
13791	152280	genealogy/1830d9fa_152280.txt
13792	152281	genealogy/a5d25d2e_152281.txt
13793	152282	genealogy/16f3416e_152282.txt
13794	152283	genealogy/7ea05153_152283.txt
13795	152284	genealogy/9772b07b_152284.txt
13796	152285	genealogy/dcdbbebf_152285.txt
13797	152286	genealogy/dc520cda_152286.txt
13798	152287	genealogy/918a094b_152287.txt
13799	152288	genealogy/2d49639d_152288.txt
13800	152289	genealogy/a7861952_152289.txt
13801	152290	genealogy/ad81417a_152290.txt
13802	152291	genealogy/3b1d465f_152291.txt
13803	152292	genealogy/a2d77c4f_152292.txt
13804	152293	genealogy/cbde9dbd_152293.txt
13805	152294	genealogy/746aa378_152294.txt
13806	152295	genealogy/250881c0_152295.txt
13807	152296	genealogy/226efa40_152296.txt
13808	152297	genealogy/8b57744e_152297.txt
13809	152298	genealogy/1a10f512_152298.txt
13810	152299	genealogy/68b8be48_152299.txt
13811	152300	genealogy/76877429_152300.txt
13812	152301	genealogy/cac0e9ba_152301.txt
13813	152302	genealogy/51386253_152302.txt
13814	152303	genealogy/fd6a3eac_152303.txt
13815	152304	genealogy/51dd3c96_152304.txt
13816	152305	genealogy/43984bc2_152305.txt
13817	152306	genealogy/c8a849f9_152306.txt
13818	152307	genealogy/fdbcb271_152307.txt
13819	152308	genealogy/4b773ada_152308.txt
13820	152309	genealogy/88b3e805_152309.txt
13821	152310	genealogy/acd8c28a_152310.txt
13822	152311	genealogy/ac457483_152311.txt
13823	152312	genealogy/ac0f6ab0_152312.txt
13824	152313	genealogy/d7e55e46_152313.txt
13825	152314	genealogy/fbea0f8d_152314.txt
13826	152315	genealogy/e272d22f_152315.txt
13827	152316	genealogy/9eab1e8e_152316.txt
13828	152317	genealogy/8d396d31_152317.txt
13829	152318	genealogy/e636c92f_152318.txt
13830	152319	genealogy/3d7ca1c2_152319.txt
13831	152320	genealogy/5ad8a4f8_152320.txt
13832	152321	genealogy/092bbcff_152321.txt
13833	152322	genealogy/3fbe52d4_152322.txt
13834	152323	genealogy/ff24f8e7_152323.txt
13835	152324	genealogy/080dd9ff_152324.txt
13836	152325	genealogy/1bd5231e_152325.txt
13837	152326	genealogy/39a9a7fc_152326.txt
13838	152327	genealogy/02f07e68_152327.txt
13839	152328	genealogy/3c5691bb_152328.txt
13840	152329	genealogy/94e31ec5_152329.txt
13841	152330	genealogy/5731cf0b_152330.txt
13842	152331	genealogy/beea171c_152331.txt
13843	152332	genealogy/32a087e3_152332.txt
13844	152333	genealogy/e85bfd77_152333.txt
13845	152334	genealogy/2ca02603_152334.txt
13846	152335	genealogy/70102388_152335.txt
13847	152336	genealogy/886bf8cf_152336.txt
13848	152337	genealogy/1c02acad_152337.txt
13849	152338	genealogy/7db99487_152338.txt
13850	152339	genealogy/d7da073d_152339.txt
13851	152340	genealogy/dc53f5fa_152340.txt
13852	152341	genealogy/c4619a1d_152341.txt
13853	152342	genealogy/b1d64c29_152342.txt
13854	152343	genealogy/350adfca_152343.txt
13855	152344	genealogy/69964f66_152344.txt
13856	152345	genealogy/5f6841bf_152345.txt
13857	152346	genealogy/cc7f29f0_152346.txt
13858	152347	genealogy/244c1d20_152347.txt
13859	152348	genealogy/c2d88a2f_152348.txt
13860	152349	genealogy/013da257_152349.txt
13861	152350	genealogy/13179330_152350.txt
13862	152351	genealogy/ca28b9f9_152351.txt
13863	152352	genealogy/87c4e8cf_152352.txt
13864	152353	genealogy/04512363_152353.txt
13865	152354	genealogy/5a9a9e47_152354.txt
13866	152355	genealogy/86912c05_152355.txt
13867	152356	genealogy/31fbac0a_152356.txt
13868	152357	genealogy/66a15ff3_152357.txt
13869	152358	genealogy/02e94d91_152358.txt
13870	152359	genealogy/bc0f7415_152359.txt
13871	152360	genealogy/93816400_152360.txt
13872	152361	genealogy/0176110e_152361.txt
13873	152362	genealogy/333dfb85_152362.txt
13874	152363	genealogy/0c674210_152363.txt
13875	152364	genealogy/ff945d62_152364.txt
13876	152365	genealogy/1ba30b4f_152365.txt
13877	152366	genealogy/7f8fccca_152366.txt
13878	152367	genealogy/474e127d_152367.txt
13879	152368	genealogy/b09d1010_152368.txt
13880	152369	genealogy/9fc5897f_152369.txt
13881	152370	genealogy/3a50286e_152370.txt
13882	152371	genealogy/ff50aeee_152371.txt
13883	152372	genealogy/5b79dce4_152372.txt
13884	152373	genealogy/6afbc354_152373.txt
13885	152374	genealogy/aac21e8a_152374.txt
13886	152375	genealogy/38cc110c_152375.txt
13887	152376	genealogy/f7165b8b_152376.txt
13888	152377	genealogy/2fdf6578_152377.txt
13889	152378	genealogy/770adf35_152378.txt
13890	152379	genealogy/db5bccd1_152379.txt
13891	152380	genealogy/ef431af5_152380.txt
13892	152381	genealogy/4fffb188_152381.txt
13893	152382	genealogy/5095d6b5_152382.txt
13894	152383	genealogy/7aeebc57_152383.txt
13895	152384	genealogy/92b00f96_152384.txt
13896	152385	genealogy/a6771e53_152385.txt
13897	152386	genealogy/7e503228_152386.txt
13898	152387	genealogy/34a1c8bf_152387.txt
13899	152388	genealogy/430a6002_152388.txt
13900	152389	genealogy/f48ab17f_152389.txt
13901	152390	genealogy/3e93d6a5_152390.txt
13902	152391	genealogy/63a3ecef_152391.txt
13903	152392	genealogy/175c57b5_152392.txt
13904	152393	genealogy/6eb2e1c8_152393.txt
13905	152394	genealogy/56612bd3_152394.txt
13906	152395	genealogy/73c1c542_152395.txt
13907	152396	genealogy/597992b7_152396.txt
13908	152397	genealogy/caaa8d4f_152397.txt
13909	152398	genealogy/14589f8a_152398.txt
13910	152399	genealogy/05b701eb_152399.txt
13911	152400	genealogy/d2a15389_152400.txt
13912	152401	genealogy/2db68c8c_152401.txt
13913	152402	genealogy/98703a9c_152402.txt
13914	152403	genealogy/62926fe7_152403.txt
13915	152404	genealogy/3ef2bbe9_152404.txt
13916	152405	genealogy/ee134333_152405.txt
13917	152406	genealogy/9ad2a02f_152406.txt
13918	152407	genealogy/20937e29_152407.txt
13919	152408	genealogy/49fa8eab_152408.txt
13920	152409	genealogy/1c4b8645_152409.txt
13921	152410	genealogy/fb4d863e_152410.txt
13922	152411	genealogy/752706df_152411.txt
13923	152412	genealogy/8a5b0d28_152412.txt
13924	152413	genealogy/608006d3_152413.txt
13925	152414	genealogy/faaf1a95_152414.txt
13926	152415	genealogy/46dbd0f4_152415.txt
13927	152416	genealogy/7672b9e6_152416.txt
13928	152417	genealogy/60bd5578_152417.txt
13929	152418	genealogy/e9a696e8_152418.txt
13930	152419	genealogy/aa7c2eb3_152419.txt
13931	152420	genealogy/a24aaa4a_152420.txt
13932	152421	genealogy/a1dd1545_152421.txt
13933	152422	genealogy/f37f7b63_152422.txt
13934	152423	genealogy/70d29b0a_152423.txt
13935	152424	genealogy/373b0ea6_152424.txt
13936	152425	genealogy/db47a645_152425.txt
13937	152426	genealogy/42e40fe3_152426.txt
13938	152427	genealogy/a38513f3_152427.txt
13939	152428	genealogy/ff36ce99_152428.txt
13940	152429	genealogy/43a62963_152429.txt
13941	152430	genealogy/742eae73_152430.txt
13942	152431	genealogy/d8f06726_152431.txt
13943	152432	genealogy/bb2a8f87_152432.txt
13944	152433	genealogy/3293c48c_152433.txt
13945	152434	genealogy/01bf9922_152434.txt
13946	152435	genealogy/533d05c9_152435.txt
13947	152436	genealogy/5c7b8351_152436.txt
13948	152437	genealogy/c0a816dc_152437.txt
13949	152438	genealogy/37ae26f3_152438.txt
13950	152439	genealogy/a94e99d4_152439.txt
13951	152440	genealogy/c1f5fbc1_152440.txt
13952	152441	genealogy/e083e354_152441.txt
13953	152442	genealogy/78424d3a_152442.txt
13954	152443	genealogy/191a6d63_152443.txt
13955	152444	genealogy/8d0ff33d_152444.txt
13956	152445	genealogy/0247633d_152445.txt
13957	152446	genealogy/a94c3643_152446.txt
13958	152447	genealogy/14c1c83c_152447.txt
13959	152448	genealogy/ebb7b0a2_152448.txt
13960	152449	genealogy/7b258304_152449.txt
13961	152450	genealogy/f3d03f0a_152450.txt
13962	152451	genealogy/a8ac680e_152451.txt
13963	152452	genealogy/f17f19dc_152452.txt
13964	152453	genealogy/471b0547_152453.txt
13965	152454	genealogy/08c884a3_152454.txt
13966	152455	genealogy/ff5b63a9_152455.txt
13967	152456	genealogy/3c82069d_152456.txt
13968	152457	genealogy/deda42ea_152457.txt
13969	152458	genealogy/dae82a88_152458.txt
13970	152459	genealogy/8ddca254_152459.txt
13971	152460	genealogy/0840d1b5_152460.txt
13972	152461	genealogy/968ad622_152461.txt
13973	152462	genealogy/86d11527_152462.txt
13974	152463	genealogy/2dd3483f_152463.txt
13975	152464	genealogy/102f7338_152464.txt
13976	152465	genealogy/e3c1c098_152465.txt
13977	152466	genealogy/30c2987d_152466.txt
13978	152467	genealogy/a4000aae_152467.txt
13979	152468	genealogy/298f3bd8_152468.txt
13980	152469	genealogy/676ff332_152469.txt
13981	152470	genealogy/f86c5f1d_152470.txt
13982	152471	genealogy/e59293a7_152471.txt
13983	152472	genealogy/c30ad074_152472.txt
13984	152473	genealogy/0a41395e_152473.txt
13985	152474	genealogy/d9c34deb_152474.txt
13986	152475	genealogy/403251e5_152475.txt
13987	152476	genealogy/b8c5ce3d_152476.txt
13988	152477	genealogy/0f822665_152477.txt
13989	152478	genealogy/4d9104b7_152478.txt
13990	152479	genealogy/a30059b3_152479.txt
13991	152480	genealogy/ab430739_152480.txt
13992	152481	genealogy/c82c103c_152481.txt
13993	152482	genealogy/37628ef8_152482.txt
13994	152483	genealogy/f0622bbe_152483.txt
13995	152484	genealogy/d5bd081d_152484.txt
13996	152485	genealogy/22315c67_152485.txt
13997	152486	genealogy/7f751bc0_152486.txt
13998	152487	genealogy/5cb39ff5_152487.txt
13999	152488	genealogy/d6196ae8_152488.txt
14000	152489	genealogy/b5464cac_152489.txt
14001	152490	genealogy/3ab837e1_152490.txt
14002	152491	genealogy/c15b30ca_152491.txt
14003	152492	genealogy/1cbf3cef_152492.txt
14004	152493	genealogy/0210955c_152493.txt
14005	152494	genealogy/775e7b26_152494.txt
14006	152495	genealogy/6e610408_152495.txt
14007	152496	genealogy/90bc4d9f_152496.txt
14008	152497	genealogy/ce853530_152497.txt
14009	152498	genealogy/10f62c2f_152498.txt
14010	152499	genealogy/eda93b7d_152499.txt
14011	152500	genealogy/4e3678cd_152500.txt
14012	152501	genealogy/b97cbf9d_152501.txt
14013	152502	genealogy/79bf080a_152502.txt
14014	152503	genealogy/cb7e971b_152503.txt
14015	152504	genealogy/de9f93d1_152504.txt
14016	152505	genealogy/86166fd4_152505.txt
14017	152506	genealogy/b6e83640_152506.txt
14018	152507	genealogy/0f98211c_152507.txt
14019	152508	genealogy/c12d2043_152508.txt
14020	152509	genealogy/101f320e_152509.txt
14021	152510	genealogy/4621d754_152510.txt
14022	152511	genealogy/4e97601f_152511.txt
14023	152512	genealogy/0f474805_152512.txt
14024	152513	genealogy/6997987d_152513.txt
14025	152514	genealogy/b9833182_152514.txt
14026	152515	genealogy/e533ef70_152515.txt
14027	152516	genealogy/2285c0e1_152516.txt
14028	152517	genealogy/da853f81_152517.txt
14029	152518	genealogy/a3bcef14_152518.txt
14030	152519	genealogy/daf38c77_152519.txt
14031	152520	genealogy/6754c43f_152520.txt
14032	152521	genealogy/87bd9c44_152521.txt
14033	152522	genealogy/f0893f5d_152522.txt
14034	152523	genealogy/fb3ae712_152523.txt
14035	152524	genealogy/1509e3dd_152524.txt
14036	152525	genealogy/6f33b71a_152525.txt
14037	152526	genealogy/432fd7db_152526.txt
14038	152527	genealogy/4caccbbf_152527.txt
14039	152528	genealogy/161e08d4_152528.txt
14040	152529	genealogy/0a36d28e_152529.txt
14041	152530	genealogy/00c70088_152530.txt
14042	152531	genealogy/407c02b8_152531.txt
14043	152532	genealogy/7fdaf95b_152532.txt
14044	152533	genealogy/9d4f5a1a_152533.txt
14045	152534	genealogy/6d21d6ca_152534.txt
14046	152535	genealogy/0eb7bdd7_152535.txt
14047	152536	genealogy/ef768648_152536.txt
14048	152537	genealogy/87f4f2f1_152537.txt
14049	152538	genealogy/70108701_152538.txt
14050	152539	genealogy/867c0414_152539.txt
14051	152540	genealogy/f7146808_152540.txt
14052	152541	genealogy/31828b94_152541.txt
14053	152542	genealogy/85138c78_152542.txt
14054	152543	genealogy/4e4f645b_152543.txt
14055	152544	genealogy/391ba26a_152544.txt
14056	152545	genealogy/fdfed522_152545.txt
14057	152546	genealogy/1974f313_152546.txt
14058	152547	genealogy/f1089c02_152547.txt
14059	152548	genealogy/57967cce_152548.txt
14060	152549	genealogy/98c42646_152549.txt
14061	152550	genealogy/8f5218fd_152550.txt
14062	152551	genealogy/8f44e776_152551.txt
14063	152552	genealogy/bb40eb2c_152552.txt
14064	152553	genealogy/6b12c731_152553.txt
14065	152554	genealogy/9aaf39da_152554.txt
14066	152555	genealogy/7ab0e1fd_152555.txt
14067	152556	genealogy/93ac3c4a_152556.txt
14068	152557	genealogy/c2c9e074_152557.txt
14069	152558	genealogy/b7fff36e_152558.txt
14070	152559	genealogy/0809b135_152559.txt
14071	152560	genealogy/92687cf0_152560.txt
14072	152561	genealogy/eb885a84_152561.txt
14073	152562	genealogy/e623f032_152562.txt
14074	152563	genealogy/ae8ef881_152563.txt
14075	152564	genealogy/fd8f6694_152564.txt
14076	152565	genealogy/11ad7784_152565.txt
14077	152566	genealogy/3f01a6ff_152566.txt
14078	152567	genealogy/59caf183_152567.txt
14079	152568	genealogy/f0c2f398_152568.txt
14080	152569	genealogy/05efd80a_152569.txt
14081	152570	genealogy/4725f925_152570.txt
14082	152571	genealogy/35dd96b2_152571.txt
14083	152572	genealogy/ecc943b6_152572.txt
14084	152573	genealogy/c8a2973b_152573.txt
14085	152574	genealogy/c3eccc40_152574.txt
14086	152575	genealogy/39eccec2_152575.txt
14087	152576	genealogy/c13b08b1_152576.txt
14088	152577	genealogy/9d5d14b1_152577.txt
14089	152578	genealogy/ebb7b0a2_152578.txt
14090	152579	genealogy/ec09fd77_152579.txt
14091	152580	genealogy/44b3b589_152580.txt
14092	152581	genealogy/ef6f9ecd_152581.txt
14093	152582	genealogy/7cbd322b_152582.txt
14094	152583	genealogy/f8773257_152583.txt
14095	152584	genealogy/47dc5c07_152584.txt
14096	152585	genealogy/3ff3b6fe_152585.txt
14097	152586	genealogy/c19c3a05_152586.txt
14098	152587	genealogy/3a23ff84_152587.txt
14099	152588	genealogy/148f0fb2_152588.txt
14100	152589	genealogy/9cf1471d_152589.txt
14101	152590	genealogy/4f7ad186_152590.txt
14102	152591	genealogy/3eecdd22_152591.txt
14103	152592	genealogy/7da2066c_152592.txt
14104	152593	genealogy/002a5045_152593.txt
14105	152594	genealogy/0eff4ef8_152594.txt
14106	152595	genealogy/d25ae9b4_152595.txt
14107	152596	genealogy/97e637f5_152596.txt
14108	152597	genealogy/e05e4aa7_152597.txt
14109	152598	genealogy/be20549f_152598.txt
14110	152599	genealogy/6cd2c413_152599.txt
14111	152600	genealogy/d762e622_152600.txt
14112	152601	genealogy/deda42ea_152601.txt
14113	152602	genealogy/15800206_152602.txt
14114	152603	genealogy/c98cb9fc_152603.txt
14115	152604	genealogy/047e919d_152604.txt
14116	152605	genealogy/670b2134_152605.txt
14117	152606	genealogy/d38e63d0_152606.txt
14118	152607	genealogy/3ad97157_152607.txt
14119	152608	genealogy/2297b3b8_152608.txt
14120	152609	genealogy/264a9a48_152609.txt
14121	152610	genealogy/d4b503b5_152610.txt
14122	152611	genealogy/56720375_152611.txt
14123	152612	genealogy/643a4483_152612.txt
14124	152613	genealogy/13babad4_152613.txt
14125	152614	genealogy/67f06ef7_152614.txt
14126	152615	genealogy/3b51fd78_152615.txt
14127	152616	genealogy/34e7b40c_152616.txt
14128	152617	genealogy/f8f65e40_152617.txt
14129	152618	genealogy/5583a130_152618.txt
14130	152619	genealogy/5bd1582f_152619.txt
14131	152620	genealogy/33b46928_152620.txt
14132	152621	genealogy/8897606f_152621.txt
14133	152622	genealogy/3977c128_152622.txt
14134	152623	genealogy/d2700313_152623.txt
14135	152624	genealogy/cdc52af1_152624.txt
14136	152625	genealogy/abeb8ef7_152625.txt
14137	152626	genealogy/c55ed271_152626.txt
14138	152627	genealogy/a4685c3b_152627.txt
14139	152628	genealogy/28dc9222_152628.txt
14140	152629	genealogy/8db3a73e_152629.txt
14141	152630	genealogy/07a6e076_152630.txt
14142	152631	genealogy/6ecefadb_152631.txt
14143	152632	genealogy/f686d373_152632.txt
14144	152633	genealogy/5461f79f_152633.txt
14145	152634	genealogy/b13f421a_152634.txt
14146	152635	genealogy/b03e15cc_152635.txt
14147	152636	genealogy/d3b85729_152636.txt
14148	152637	genealogy/f6d2c82b_152637.txt
14149	152638	genealogy/066e6edd_152638.txt
14150	152639	genealogy/6c9ab649_152639.txt
14151	152640	genealogy/fe63e3b9_152640.txt
14152	152641	genealogy/4a1c3ddd_152641.txt
14153	152642	genealogy/5991275b_152642.txt
14154	152643	genealogy/5f1a21d4_152643.txt
14155	152644	genealogy/2f1eabcf_152644.txt
14156	152645	genealogy/122f6855_152645.txt
14157	152646	genealogy/51f34509_152646.txt
14158	152647	genealogy/b33b015e_152647.txt
14159	152648	genealogy/0db31837_152648.txt
14160	152649	genealogy/c7c864b6_152649.txt
14161	152650	genealogy/4439020d_152650.txt
14162	152651	genealogy/464aa844_152651.txt
14163	152652	genealogy/5b8a3eeb_152652.txt
14164	152653	genealogy/f60d05d6_152653.txt
14165	152654	genealogy/5ea8edbf_152654.txt
14166	152655	genealogy/a651036b_152655.txt
14167	152656	genealogy/339c1268_152656.txt
14168	152657	genealogy/687cdf11_152657.txt
14169	152658	genealogy/a9bf320c_152658.txt
14170	152659	genealogy/20dee803_152659.txt
14171	152660	genealogy/4ff8a475_152660.txt
14172	152661	genealogy/faa00941_152661.txt
14173	152662	genealogy/236debc4_152662.txt
14174	152663	genealogy/b8b36289_152663.txt
14175	152664	genealogy/6419b458_152664.txt
14176	152665	genealogy/c31ed406_152665.txt
14177	152666	genealogy/bd1c8d60_152666.txt
14178	152667	genealogy/ab16c8da_152667.txt
14179	152668	genealogy/393619c7_152668.txt
14180	152669	genealogy/6a68f000_152669.txt
14181	152670	genealogy/a82f63d5_152670.txt
14182	152671	genealogy/097efac6_152671.txt
14183	152672	genealogy/e136ec27_152672.txt
14184	152673	genealogy/645361b0_152673.txt
14185	152674	genealogy/9c3fc72b_152674.txt
14186	152675	genealogy/56a89412_152675.txt
14187	152676	genealogy/db25ff1e_152676.txt
14188	152677	genealogy/775d2cb4_152677.txt
14189	152678	genealogy/a9cc4197_152678.txt
14190	152679	genealogy/5ee13821_152679.txt
14191	152680	genealogy/49985ec0_152680.txt
14192	152681	genealogy/f1bd41f7_152681.txt
14193	152682	genealogy/e8a4b49f_152682.txt
14194	152683	genealogy/fb9f2212_152683.txt
14195	152684	genealogy/fc46d5a9_152684.txt
14196	152685	genealogy/7c224fd1_152685.txt
14197	152686	genealogy/088f69a1_152686.txt
14198	152687	genealogy/c815f62a_152687.txt
14199	152688	genealogy/1f66fa3f_152688.txt
14200	152689	genealogy/5d3434f3_152689.txt
14201	152690	genealogy/61a02bc7_152690.txt
14202	152691	genealogy/1f35a646_152691.txt
14203	152692	genealogy/4f2a4aa9_152692.txt
14204	152693	genealogy/f44c961a_152693.txt
14205	152694	genealogy/78887ef5_152694.txt
14206	152695	genealogy/acf29bc4_152695.txt
14207	152696	genealogy/53a40596_152696.txt
14208	152697	genealogy/b56b410e_152697.txt
14209	152698	genealogy/3048195d_152698.txt
14210	152699	genealogy/9aaf74c5_152699.txt
14211	152700	genealogy/e746d5fe_152700.txt
14212	152701	genealogy/76912935_152701.txt
14213	152702	genealogy/08d49eb7_152702.txt
14214	152703	genealogy/226a80d0_152703.txt
14215	152704	genealogy/44a090e0_152704.txt
14216	152705	genealogy/69ef81b9_152705.txt
14217	152706	genealogy/ebb4642f_152706.txt
14218	152707	genealogy/21725339_152707.txt
14219	152708	genealogy/f1b3443f_152708.txt
14220	152709	genealogy/b9e807bf_152709.txt
14221	152710	genealogy/391996b1_152710.txt
14222	152711	genealogy/89ccc752_152711.txt
14223	152712	genealogy/20fb042a_152712.txt
14224	152713	genealogy/64794726_152713.txt
14225	152714	genealogy/2916225a_152714.txt
14226	152715	genealogy/949d3bbd_152715.txt
14227	152716	genealogy/a976b30c_152716.txt
14228	152717	genealogy/c60edfff_152717.txt
14229	152718	genealogy/876c29d2_152718.txt
14230	152719	genealogy/4e6381e3_152719.txt
14231	152720	genealogy/9886f61d_152720.txt
14232	152721	genealogy/79233396_152721.txt
14233	152722	genealogy/e74f620f_152722.txt
14234	152723	genealogy/fa2049cd_152723.txt
14235	152724	genealogy/80d7dfd9_152724.txt
14236	152725	genealogy/e5f48eb4_152725.txt
14237	152726	genealogy/2204b2c5_152726.txt
14238	152727	genealogy/1e8a7137_152727.txt
14239	152728	genealogy/81dc7ffe_152728.txt
14240	152729	genealogy/42ff0f35_152729.txt
14241	152730	genealogy/2bfce26d_152730.txt
14242	152731	genealogy/f41c8a3a_152731.txt
14243	152732	genealogy/0b4ade12_152732.txt
14244	152733	genealogy/71430094_152733.txt
14245	152734	genealogy/c8ece3f5_152734.txt
14246	152735	genealogy/f6d1eecc_152735.txt
14247	152736	genealogy/721f43b5_152736.txt
14248	152737	genealogy/20fb7942_152737.txt
14249	152738	genealogy/808b722d_152738.txt
14250	152739	genealogy/566c6960_152739.txt
14251	152740	genealogy/d43a57f6_152740.txt
14252	152741	genealogy/fd112060_152741.txt
14253	152742	genealogy/76a520e2_152742.txt
14254	152743	genealogy/2e1ac474_152743.txt
14255	152744	genealogy/1e9249a1_152744.txt
14256	152745	genealogy/5a511ad2_152745.txt
14257	152746	genealogy/7724de98_152746.txt
14258	152747	genealogy/b7ee50f4_152747.txt
14259	152748	genealogy/6e30a57e_152748.txt
14260	152749	genealogy/69bbf137_152749.txt
14261	152750	genealogy/7c2983bb_152750.txt
14262	152751	genealogy/0be66b7d_152751.txt
14263	152752	genealogy/00c40bdf_152752.txt
14264	152753	genealogy/5751d170_152753.txt
14265	152754	genealogy/727ad43e_152754.txt
14266	152755	genealogy/fbd52c3c_152755.txt
14267	152756	genealogy/7716bfea_152756.txt
14268	152757	genealogy/544c6b64_152757.txt
14269	152758	genealogy/ccf88d13_152758.txt
14270	152759	genealogy/30c7a9c6_152759.txt
14271	152760	genealogy/4160a8b1_152760.txt
14272	152761	genealogy/abe88a08_152761.txt
14273	152762	genealogy/4d69551f_152762.txt
14274	152763	genealogy/91b4eb6e_152763.txt
14275	152764	genealogy/0f506997_152764.txt
14276	152765	genealogy/a2854767_152765.txt
14277	152766	genealogy/5874bc2b_152766.txt
14278	152767	genealogy/e6f48caa_152767.txt
14279	152768	genealogy/b8a164d7_152768.txt
14280	152769	genealogy/9712c868_152769.txt
14281	152770	genealogy/5fbc58d7_152770.txt
14282	152771	genealogy/3e02f66e_152771.txt
14283	152772	genealogy/d68b8b36_152772.txt
14284	152773	genealogy/661453d6_152773.txt
14285	152774	genealogy/8c76405f_152774.txt
14286	152775	genealogy/d58f3389_152775.txt
14287	152776	genealogy/21858441_152776.txt
14288	152777	genealogy/791898ba_152777.txt
14289	152778	genealogy/cfdbd072_152778.txt
14290	152779	genealogy/68cc9c10_152779.txt
14291	152780	genealogy/1fa33324_152780.txt
14292	152781	genealogy/ca06c62b_152781.txt
14293	152782	genealogy/3757eda7_152782.txt
14294	152783	genealogy/b60a1296_152783.txt
14295	152784	genealogy/ff786a43_152784.txt
14296	152785	genealogy/4272472e_152785.txt
14297	152786	genealogy/6c579114_152786.txt
14298	152787	genealogy/07f49c5e_152787.txt
14299	152788	genealogy/3e3a9c75_152788.txt
14300	152789	genealogy/de8e25ad_152789.txt
14301	152790	genealogy/a082f441_152790.txt
14302	152791	genealogy/405af2b3_152791.txt
14303	152792	genealogy/344e115d_152792.txt
14304	152793	genealogy/5de03c21_152793.txt
14305	152794	genealogy/a4aeaf94_152794.txt
14306	152795	genealogy/cee65640_152795.txt
14307	152796	genealogy/d6c0d9b5_152796.txt
14308	152797	genealogy/662de2d9_152797.txt
14309	152798	genealogy/881b0c9b_152798.txt
14310	152799	genealogy/d8fa4dca_152799.txt
14311	152800	genealogy/c6014a59_152800.txt
14312	152801	genealogy/414f6be2_152801.txt
14313	152802	genealogy/b2d08836_152802.txt
14314	152803	genealogy/58eb0ea1_152803.txt
14315	152804	genealogy/aff4bfc9_152804.txt
14316	152805	genealogy/b2c5ced7_152805.txt
14317	152806	genealogy/186b2367_152806.txt
14318	152807	genealogy/d884d1f8_152807.txt
14319	152808	genealogy/700b41c5_152808.txt
14320	152809	genealogy/4972c0a6_152809.txt
14321	152810	genealogy/c8139207_152810.txt
14322	152811	genealogy/f43382a4_152811.txt
14323	152812	genealogy/57a2f4e9_152812.txt
14324	152813	genealogy/a4bb9ea1_152813.txt
14325	152814	genealogy/11e92072_152814.txt
14326	152815	genealogy/2a162145_152815.txt
14327	152816	genealogy/eed51c1c_152816.txt
14328	152817	genealogy/cd548351_152817.txt
14329	152818	genealogy/c463f35b_152818.txt
14330	152819	genealogy/3bc96698_152819.txt
14331	152820	genealogy/4c5019db_152820.txt
14332	152821	genealogy/54a8e46c_152821.txt
14333	152822	genealogy/b32504f3_152822.txt
14334	152823	genealogy/07a6679c_152823.txt
14335	152824	genealogy/b4427730_152824.txt
14336	152825	genealogy/0b371049_152825.txt
14337	152826	genealogy/b4d983b5_152826.txt
14338	152827	genealogy/882fb81d_152827.txt
14339	152828	genealogy/608f9daa_152828.txt
14340	152829	genealogy/3be3308a_152829.txt
14341	152830	genealogy/9361e437_152830.txt
14342	152831	genealogy/55903abb_152831.txt
14343	152832	genealogy/b6a50abd_152832.txt
14344	152833	genealogy/18c10361_152833.txt
14345	152834	genealogy/dbfc645f_152834.txt
14346	152835	genealogy/7c25cdab_152835.txt
14347	152836	genealogy/548556e1_152836.txt
14348	152837	genealogy/4819c154_152837.txt
14349	152838	genealogy/d7223c3e_152838.txt
14350	152839	genealogy/4a333d96_152839.txt
14351	152840	genealogy/70a2ba1f_152840.txt
14352	152841	genealogy/adcd2189_152841.txt
14353	152842	genealogy/e43d3ef2_152842.txt
14354	152843	genealogy/4951bf80_152843.txt
14355	152844	genealogy/34b2e986_152844.txt
14356	152845	genealogy/f3299779_152845.txt
14357	152846	genealogy/1743f324_152846.txt
14358	152847	genealogy/991e4d47_152847.txt
14359	152848	genealogy/1f883aff_152848.txt
14360	152849	genealogy/192cdbcf_152849.txt
14361	152850	genealogy/e81181c0_152850.txt
14362	152851	genealogy/a07961f8_152851.txt
14363	152852	genealogy/85adf94d_152852.txt
14364	152853	genealogy/1f71b012_152853.txt
14365	152854	genealogy/57ce5229_152854.txt
14366	152855	genealogy/c76e9c27_152855.txt
14367	152856	genealogy/c0d754b4_152856.txt
14368	152857	genealogy/57de4fa3_152857.txt
14369	152858	genealogy/6a1d1b3e_152858.txt
14370	152859	genealogy/2a666a89_152859.txt
14371	152860	genealogy/a3c8d59f_152860.txt
14372	152861	genealogy/4c4cc57b_152861.txt
14373	152862	genealogy/2f6cfd25_152862.txt
14374	152863	genealogy/452287f4_152863.txt
14375	152864	genealogy/286caa4b_152864.txt
14376	152865	genealogy/78a83b84_152865.txt
14377	152866	genealogy/09056106_152866.txt
14378	152867	genealogy/766b6d07_152867.txt
14379	152868	genealogy/d3c6762f_152868.txt
14380	152869	genealogy/459d2377_152869.txt
14381	152870	genealogy/63c80d83_152870.txt
14382	152871	genealogy/8da770fd_152871.txt
14383	152872	genealogy/dbb7980a_152872.txt
14384	152873	genealogy/f68b6084_152873.txt
14385	152874	genealogy/d1b23763_152874.txt
14386	152875	genealogy/69981651_152875.txt
14387	152876	genealogy/9297fbf8_152876.txt
14388	152877	genealogy/670a9e87_152877.txt
14389	152878	genealogy/d88380d6_152878.txt
14390	152879	genealogy/7e8e41e2_152879.txt
14391	152880	genealogy/9b6ea02f_152880.txt
14392	152881	genealogy/a3f401f4_152881.txt
14393	152882	genealogy/026c7f9d_152882.txt
14394	152883	genealogy/e6794d3e_152883.txt
14395	152884	genealogy/0c80455e_152884.txt
14396	152885	genealogy/d1168178_152885.txt
14397	152886	genealogy/8d039aa1_152886.txt
14398	152887	genealogy/ab94cb32_152887.txt
14399	152888	genealogy/1df1d3d6_152888.txt
14400	152889	genealogy/6848bc21_152889.txt
14401	152890	genealogy/564b970d_152890.txt
14402	152891	genealogy/2a014bdd_152891.txt
14403	152892	genealogy/aa31a345_152892.txt
14404	152893	genealogy/8578ff7e_152893.txt
14405	152894	genealogy/23c6ac43_152894.txt
14406	152895	genealogy/9b946934_152895.txt
14407	152896	genealogy/31645ccc_152896.txt
14408	152897	genealogy/ef2df5dd_152897.txt
14409	152898	genealogy/79597187_152898.txt
14410	152899	genealogy/b8e6512a_152899.txt
14411	152900	genealogy/58dfa93f_152900.txt
14412	152901	genealogy/d1076c14_152901.txt
14413	152902	genealogy/f1703a3c_152902.txt
14414	152903	genealogy/8ee0e683_152903.txt
14415	152904	genealogy/82217011_152904.txt
14416	152905	genealogy/abe390ed_152905.txt
14417	152906	genealogy/7202e7e7_152906.txt
14418	152907	genealogy/54847872_152907.txt
14419	152908	genealogy/075044e0_152908.txt
14420	152909	genealogy/15b628d2_152909.txt
14421	152910	genealogy/5e8ec738_152910.txt
14422	152911	genealogy/dc8d1d00_152911.txt
14423	152912	genealogy/169bc9c6_152912.txt
14424	152913	genealogy/b5fb094a_152913.txt
14425	152914	genealogy/762a37eb_152914.txt
14426	152915	genealogy/62f4057d_152915.txt
14427	152916	genealogy/dc2830d0_152916.txt
14428	152917	genealogy/2a2545f4_152917.txt
14429	152918	genealogy/adfaa1c6_152918.txt
14430	152919	genealogy/dd5ad4bf_152919.txt
14431	152920	genealogy/0e88768b_152920.txt
14432	152921	genealogy/be7a9a3f_152921.txt
14433	152922	genealogy/933c07fd_152922.txt
14434	152923	genealogy/0069ddc8_152923.txt
14435	152924	genealogy/8b712852_152924.txt
14436	152925	genealogy/05950e61_152925.txt
14437	152926	genealogy/d3e02352_152926.txt
14438	152927	genealogy/418fecf8_152927.txt
14439	152928	genealogy/edfc13cb_152928.txt
14440	152929	genealogy/e03feec5_152929.txt
14441	152930	genealogy/2211e3c5_152930.txt
14442	152931	genealogy/5e6cfef0_152931.txt
14443	152932	genealogy/b41ebacb_152932.txt
14444	152933	genealogy/056ac530_152933.txt
14445	152934	genealogy/0aab5c63_152934.txt
14446	152935	genealogy/f687c3d5_152935.txt
14447	152936	genealogy/e8c1f7e6_152936.txt
14448	152937	genealogy/e9384d09_152937.txt
14449	152938	genealogy/ce130059_152938.txt
14450	152939	genealogy/d7c0c1b2_152939.txt
14451	152940	genealogy/35297a6e_152940.txt
14452	152941	genealogy/ecff75b2_152941.txt
14453	152942	genealogy/79309cf1_152942.txt
14454	152943	genealogy/5a32d8b2_152943.txt
14455	152944	genealogy/095049ff_152944.txt
14456	152945	genealogy/129b4f69_152945.txt
14457	152946	genealogy/f03b11a9_152946.txt
14458	152947	genealogy/a06d2266_152947.txt
14459	152948	genealogy/3085d898_152948.txt
14460	152949	genealogy/cbdc6abd_152949.txt
14461	152950	genealogy/6a1f4806_152950.txt
14462	152951	genealogy/ac5a4a17_152951.txt
14463	152952	genealogy/3488971a_152952.txt
14464	152953	genealogy/8771f0df_152953.txt
14465	152954	genealogy/6f68d69a_152954.txt
14466	152955	genealogy/d88b8b88_152955.txt
14467	152956	genealogy/d99b5fa1_152956.txt
14468	152957	genealogy/97053b68_152957.txt
14469	152958	genealogy/d24d32f1_152958.txt
14470	152959	genealogy/3a2a3cb0_152959.txt
14471	152960	genealogy/b25fb8f7_152960.txt
14472	152961	genealogy/c608099f_152961.txt
14473	152962	genealogy/7db500d3_152962.txt
14474	152963	genealogy/ac197d5f_152963.txt
14475	152964	genealogy/2dfa8672_152964.txt
14476	152965	genealogy/7b74f31f_152965.txt
14477	152966	genealogy/82f39a5f_152966.txt
14478	152967	genealogy/99abd30c_152967.txt
14479	152968	genealogy/ed63f812_152968.txt
14480	152969	genealogy/bb922e27_152969.txt
14481	152970	genealogy/73e1697d_152970.txt
14482	152971	genealogy/387b94ed_152971.txt
14483	152972	genealogy/aba91863_152972.txt
14484	152973	genealogy/41127c4f_152973.txt
14485	152974	genealogy/3a45d505_152974.txt
14486	152975	genealogy/70f867a4_152975.txt
14487	152976	genealogy/e3b97af7_152976.txt
14488	152977	genealogy/adc716ea_152977.txt
14489	152978	genealogy/d86b38ff_152978.txt
14490	152979	genealogy/d504b0d6_152979.txt
14491	152980	genealogy/8eea8625_152980.txt
14492	152981	genealogy/658eede3_152981.txt
14493	152982	genealogy/7a8ead26_152982.txt
14494	152983	genealogy/7538f0ef_152983.txt
14495	152984	genealogy/66536f34_152984.txt
14496	152985	genealogy/67ce2fc3_152985.txt
14497	152986	genealogy/df217fd5_152986.txt
14498	152987	genealogy/0fa1b426_152987.txt
14499	152988	genealogy/79443782_152988.txt
14500	152989	genealogy/5fd3d0b4_152989.txt
14501	152990	genealogy/ca82c412_152990.txt
14502	152991	genealogy/6dbc5cb5_152991.txt
14503	152992	genealogy/09a8b8f3_152992.txt
14504	152993	genealogy/7e2a802f_152993.txt
14505	152994	genealogy/7c6a27ea_152994.txt
14506	152995	genealogy/31572d5b_152995.txt
14507	152996	genealogy/46464736_152996.txt
14508	152997	genealogy/7c8d50a2_152997.txt
14509	152998	genealogy/ced21f76_152998.txt
14510	152999	genealogy/16cab4a4_152999.txt
14511	153000	genealogy/ec097367_153000.txt
14512	153001	genealogy/89101048_153001.txt
14513	153002	genealogy/69ab67b9_153002.txt
14514	153003	genealogy/2a7a51bb_153003.txt
14515	153004	genealogy/8ecea743_153004.txt
14516	153005	genealogy/95fcdec2_153005.txt
14517	153006	genealogy/1417cd38_153006.txt
14518	153007	genealogy/e5710386_153007.txt
14519	153008	genealogy/d3ff2516_153008.txt
14520	153009	genealogy/db711519_153009.txt
14521	153010	genealogy/e1cbdb58_153010.txt
14522	153011	genealogy/8d6c6a13_153011.txt
14523	153012	genealogy/61131072_153012.txt
14524	153013	genealogy/8bc7bc2e_153013.txt
14525	153014	genealogy/8e409233_153014.txt
14526	153015	genealogy/caf278cf_153015.txt
14527	153016	genealogy/9c2ba41f_153016.txt
14528	153017	genealogy/b3abf3cb_153017.txt
14529	153018	genealogy/6a84271a_153018.txt
14530	153019	genealogy/503f90ff_153019.txt
14531	153020	genealogy/36bed360_153020.txt
14532	153021	genealogy/fa110a2c_153021.txt
14533	153022	genealogy/bb5f9204_153022.txt
14534	153023	genealogy/b65611eb_153023.txt
14535	153024	genealogy/26e0de91_153024.txt
14536	153025	genealogy/06ddcb2c_153025.txt
14537	153026	genealogy/2d4c1720_153026.txt
14538	153027	genealogy/59d762b9_153027.txt
14539	153028	genealogy/15191bd5_153028.txt
14540	153029	genealogy/c3afc99f_153029.txt
14541	153030	genealogy/fd4d9649_153030.txt
14542	153031	genealogy/1a2ff91f_153031.txt
14543	153032	genealogy/b44bf3c6_153032.txt
14544	153033	genealogy/ee942d3c_153033.txt
14545	153034	genealogy/b2dbbdaf_153034.txt
14546	153035	genealogy/7772e882_153035.txt
14547	153036	genealogy/37d7d6e5_153036.txt
14548	153037	genealogy/9a895826_153037.txt
14549	153038	genealogy/635d4d50_153038.txt
14550	153039	genealogy/b034ee7c_153039.txt
14551	153040	genealogy/5410fea1_153040.txt
14552	153041	genealogy/9536f327_153041.txt
14553	153042	genealogy/151ed49b_153042.txt
14554	153043	genealogy/121d050e_153043.txt
14555	153044	genealogy/e42d845e_153044.txt
14556	153045	genealogy/ce66db14_153045.txt
14557	153046	genealogy/d203e8b9_153046.txt
14558	153047	genealogy/d01ab831_153047.txt
14559	153048	genealogy/f6fb937d_153048.txt
14560	153049	genealogy/c5d8c23e_153049.txt
14561	153050	genealogy/6664134f_153050.txt
14562	153051	genealogy/b065ff14_153051.txt
14563	153052	genealogy/233d8754_153052.txt
14564	153053	genealogy/0ea3e15c_153053.txt
14565	153054	genealogy/5cb80ec2_153054.txt
14566	153055	genealogy/438143e0_153055.txt
14567	153056	genealogy/6277f120_153056.txt
14568	153057	genealogy/b3180563_153057.txt
14569	153058	genealogy/7ebaffc0_153058.txt
14570	153059	genealogy/267f483c_153059.txt
14571	153060	genealogy/b4ea1f68_153060.txt
14572	153061	genealogy/e85888e6_153061.txt
14573	153062	genealogy/fa111d8c_153062.txt
14574	153063	genealogy/68036304_153063.txt
14575	153064	genealogy/21e07553_153064.txt
14576	153065	genealogy/e383419d_153065.txt
14577	153066	genealogy/acd8619e_153066.txt
14578	153067	genealogy/74cb79a6_153067.txt
14579	153068	genealogy/e8431a5d_153068.txt
14580	153069	genealogy/2583d743_153069.txt
14581	153070	genealogy/1f395303_153070.txt
14582	153071	genealogy/c520e5f9_153071.txt
14583	153072	genealogy/196a3021_153072.txt
14584	153073	genealogy/724d1c70_153073.txt
14585	153074	genealogy/57c4b3ca_153074.txt
14586	153075	genealogy/dcd0cfee_153075.txt
14587	153076	genealogy/57884d0d_153076.txt
14588	153077	genealogy/c7b68915_153077.txt
14589	153078	genealogy/292db961_153078.txt
14590	153079	genealogy/be1bcb5b_153079.txt
14591	153080	genealogy/a8fdd446_153080.txt
14592	153081	genealogy/9fcd89ce_153081.txt
14593	153082	genealogy/92eafefa_153082.txt
14594	153083	genealogy/6b970f6d_153083.txt
14595	153084	genealogy/8edd62cd_153084.txt
14596	153085	genealogy/e9fd15b4_153085.txt
14597	153086	genealogy/02f6c614_153086.txt
14598	153087	genealogy/bfa8103c_153087.txt
14599	153088	genealogy/2de620aa_153088.txt
14600	153089	genealogy/dcc0b075_153089.txt
14601	153090	genealogy/dd2762d1_153090.txt
14602	153091	genealogy/965249dc_153091.txt
14603	153092	genealogy/1fe70bd2_153092.txt
14604	153093	genealogy/b449a546_153093.txt
14605	153094	genealogy/f4bbcbd0_153094.txt
14606	153095	genealogy/7f52af69_153095.txt
14607	153096	genealogy/dc239b48_153096.txt
14608	153097	genealogy/1ce0d720_153097.txt
14609	153098	genealogy/eee80e5c_153098.txt
14610	153099	genealogy/01cc6c2a_153099.txt
14611	153100	genealogy/867bdba6_153100.txt
14612	153101	genealogy/bd3486b4_153101.txt
14613	153102	genealogy/27435455_153102.txt
14614	153103	genealogy/30e46c6c_153103.txt
14615	153104	genealogy/95b28f52_153104.txt
14616	153105	genealogy/1557f169_153105.txt
14617	153106	genealogy/b1609a43_153106.txt
14618	153107	genealogy/280808f8_153107.txt
14619	153108	genealogy/b07a2dce_153108.txt
14620	153109	genealogy/c5cc82e6_153109.txt
14621	153110	genealogy/98a80bb7_153110.txt
14622	153111	genealogy/294827af_153111.txt
14623	153112	genealogy/167f23f3_153112.txt
14624	153113	genealogy/4aa999d9_153113.txt
14625	153114	genealogy/37df34f5_153114.txt
14626	153115	genealogy/d11a9056_153115.txt
14627	153116	genealogy/084ab88e_153116.txt
14628	153117	genealogy/62aec3a9_153117.txt
14629	153118	genealogy/97beb286_153118.txt
14630	153119	genealogy/5f8aaef6_153119.txt
14631	153120	genealogy/6477aeab_153120.txt
14632	153121	genealogy/bcf7ddb1_153121.txt
14633	153122	genealogy/6ab87ce7_153122.txt
14634	153123	genealogy/9b99f821_153123.txt
14635	153124	genealogy/eeec3a2f_153124.txt
14636	153125	genealogy/0a1027aa_153125.txt
14637	153126	genealogy/ebaf7100_153126.txt
14638	153127	genealogy/c8ad3c92_153127.txt
14639	153128	genealogy/b43b7cc5_153128.txt
14640	153129	genealogy/bdfaf820_153129.txt
14641	153130	genealogy/c2afd3c8_153130.txt
14642	153131	genealogy/e25edd79_153131.txt
14643	153132	genealogy/039027f0_153132.txt
14644	153133	genealogy/4ac5b92a_153133.txt
14645	153134	genealogy/6313b739_153134.txt
14646	153135	genealogy/cb395186_153135.txt
14647	153136	genealogy/ac694610_153136.txt
14648	153137	genealogy/444b4ccd_153137.txt
14649	153138	genealogy/4fed8ebd_153138.txt
14650	153139	genealogy/29872530_153139.txt
14651	153140	genealogy/7b23f4c4_153140.txt
14652	153141	genealogy/b0d97c31_153141.txt
14653	153142	genealogy/e9d9d888_153142.txt
14654	153143	genealogy/4f3a4f91_153143.txt
14655	153144	genealogy/afc4e5e1_153144.txt
14656	153145	genealogy/2d9ce564_153145.txt
14657	153146	genealogy/ed448764_153146.txt
14658	153147	genealogy/97c91578_153147.txt
14659	153148	genealogy/ca952213_153148.txt
14660	153149	genealogy/f1746dc4_153149.txt
14661	153150	genealogy/341ea2b5_153150.txt
14662	153151	genealogy/8633aea0_153151.txt
14663	153152	genealogy/7b9574b6_153152.txt
14664	153153	genealogy/8086c52a_153153.txt
14665	153154	genealogy/efc94c45_153154.txt
14666	153155	genealogy/3032d730_153155.txt
14667	153156	genealogy/d869869d_153156.txt
14668	153157	genealogy/70b0a7e3_153157.txt
14669	153158	genealogy/82651362_153158.txt
14670	153159	genealogy/50ae561d_153159.txt
14671	153160	genealogy/dab75c95_153160.txt
14672	153161	genealogy/1bf5fe39_153161.txt
14673	153162	genealogy/592dd75e_153162.txt
14674	153163	genealogy/2efa84a4_153163.txt
14675	153164	genealogy/21e33855_153164.txt
14676	153165	genealogy/8c4828dc_153165.txt
14677	153166	genealogy/885448ec_153166.txt
14678	153167	genealogy/cabf124d_153167.txt
14679	153168	genealogy/52b02596_153168.txt
14680	153169	genealogy/7a60dcf8_153169.txt
14681	153170	genealogy/f06090f7_153170.txt
14682	153171	genealogy/7d25307e_153171.txt
14683	153172	genealogy/f674e745_153172.txt
14684	153173	genealogy/f25b4efb_153173.txt
14685	153174	genealogy/1927afe9_153174.txt
14686	153175	genealogy/b326643a_153175.txt
14687	153176	genealogy/c2e51a7d_153176.txt
14688	153177	genealogy/c2101c3d_153177.txt
14689	153178	genealogy/eea28059_153178.txt
14690	153179	genealogy/353ad693_153179.txt
14691	153180	genealogy/019add48_153180.txt
14692	153181	genealogy/fc24cd19_153181.txt
14693	153182	genealogy/0ef5a63b_153182.txt
14694	153183	genealogy/752c334f_153183.txt
14695	153184	genealogy/bd2e1b07_153184.txt
14696	153185	genealogy/4c4282ce_153185.txt
14697	153186	genealogy/cebea232_153186.txt
14698	153187	genealogy/ee038b3d_153187.txt
14699	153188	genealogy/a77771eb_153188.txt
14700	153189	genealogy/d4ef4a88_153189.txt
14701	153190	genealogy/1b72b095_153190.txt
14702	153191	genealogy/bc400bee_153191.txt
14703	153192	genealogy/3ccce648_153192.txt
14704	153193	genealogy/bfe2d234_153193.txt
14705	153194	genealogy/be1fd817_153194.txt
14706	153195	genealogy/e3409e2c_153195.txt
14707	153196	genealogy/7766f81b_153196.txt
14708	153197	genealogy/edbda1ff_153197.txt
14709	153198	genealogy/9a2388a7_153198.txt
14710	153199	genealogy/39c1a308_153199.txt
14711	153200	genealogy/0681d7d1_153200.txt
14712	153201	genealogy/c0530ea8_153201.txt
14713	153202	genealogy/fff0b4e8_153202.txt
14714	153203	genealogy/853aa7e6_153203.txt
14715	153204	genealogy/38e59660_153204.txt
14716	153205	genealogy/2e0d60fc_153205.txt
14717	153206	genealogy/e732ac94_153206.txt
14718	153207	genealogy/9df1586b_153207.txt
14719	153208	genealogy/ba50b9fa_153208.txt
14720	153209	genealogy/74d00ec3_153209.txt
14721	153210	genealogy/2fe3b71e_153210.txt
14722	153211	genealogy/84d9b039_153211.txt
14723	153212	genealogy/bf69d513_153212.txt
14724	153213	genealogy/aae904c3_153213.txt
14725	153214	genealogy/46f572f5_153214.txt
14726	153215	genealogy/d4781a29_153215.txt
14727	153216	genealogy/eb5fe7ca_153216.txt
14728	153217	genealogy/9d4eb65d_153217.txt
14729	153218	genealogy/244194a0_153218.txt
14730	153219	genealogy/a1a4a144_153219.txt
14731	153220	genealogy/2dfa44f9_153220.txt
14732	153221	genealogy/47bcdc3c_153221.txt
14733	153222	genealogy/0eafcbaa_153222.txt
14734	153223	genealogy/1ac8230a_153223.txt
14735	153224	genealogy/181adc0a_153224.txt
14736	153225	genealogy/bcb2bc80_153225.txt
14737	153226	genealogy/b5d79830_153226.txt
14738	153227	genealogy/5c654cd9_153227.txt
14739	153228	genealogy/f3dfce11_153228.txt
14740	153229	genealogy/17eef922_153229.txt
14741	153230	genealogy/c7ce7071_153230.txt
14742	153231	genealogy/9b50dbb7_153231.txt
14743	153232	genealogy/de56cf01_153232.txt
14744	153233	genealogy/fe9b99ea_153233.txt
14745	153234	genealogy/b3cc4d39_153234.txt
14746	153235	genealogy/25ff2807_153235.txt
14747	153236	genealogy/8996f32f_153236.txt
14748	153237	genealogy/cf1d319e_153237.txt
14749	153238	genealogy/39e038d5_153238.txt
14750	153239	genealogy/2f25c2b6_153239.txt
14751	153240	genealogy/a66dcd5e_153240.txt
14752	153241	genealogy/873c1032_153241.txt
14753	153242	genealogy/0c0e61ef_153242.txt
14754	153243	genealogy/30a50e3e_153243.txt
14755	153244	genealogy/582d62f4_153244.txt
14756	153245	genealogy/273756eb_153245.txt
14757	153246	genealogy/b22ea611_153246.txt
14758	153247	genealogy/0c6976ea_153247.txt
14759	153248	genealogy/2662130d_153248.txt
14760	153249	genealogy/308f3330_153249.txt
14761	153250	genealogy/4302dbbc_153250.txt
14762	153251	genealogy/1dc2aeb0_153251.txt
14763	153252	genealogy/6e53d166_153252.txt
14764	153253	genealogy/8f873776_153253.txt
14765	153254	genealogy/07df44f4_153254.txt
14766	153255	genealogy/518f1854_153255.txt
14767	153256	genealogy/3ec5b4fd_153256.txt
14768	153257	genealogy/6eb61762_153257.txt
14769	153258	genealogy/f733606f_153258.txt
14770	153259	genealogy/43d7b6ed_153259.txt
14771	153260	genealogy/5a815aee_153260.txt
14772	153261	genealogy/14b2f442_153261.txt
14773	153262	genealogy/30ea9af2_153262.txt
14774	153263	genealogy/81ac4f1c_153263.txt
14775	153264	genealogy/366be317_153264.txt
14776	153265	genealogy/724a41f5_153265.txt
14777	153266	genealogy/cedf2bef_153266.txt
14778	153267	genealogy/8cb022a6_153267.txt
14779	153268	genealogy/45f86762_153268.txt
14780	153269	genealogy/7cfb2e53_153269.txt
14781	153270	genealogy/4e1528ca_153270.txt
14782	153271	genealogy/985c3da3_153271.txt
14783	153272	genealogy/e1d4cc5d_153272.txt
14784	153273	genealogy/27fcf8ce_153273.txt
14785	153274	genealogy/47dc8f90_153274.txt
14786	153275	genealogy/c9a018b2_153275.txt
14787	153276	genealogy/4300c94b_153276.txt
14788	153277	genealogy/1a462a71_153277.txt
14789	153278	genealogy/16050a4c_153278.txt
14790	153279	genealogy/9ecf129c_153279.txt
14791	153280	genealogy/b00b85a0_153280.txt
14792	153281	genealogy/cffb9573_153281.txt
14793	153282	genealogy/47537b48_153282.txt
14794	153283	genealogy/f93d7135_153283.txt
14795	153284	genealogy/9faf263e_153284.txt
14796	153285	genealogy/c619549a_153285.txt
14797	153286	genealogy/7f166cc3_153286.txt
14798	153287	genealogy/26e6e870_153287.txt
14799	153288	genealogy/4ba82f7d_153288.txt
14800	153289	genealogy/d7813d3a_153289.txt
14801	153290	genealogy/622ba3b0_153290.txt
14802	153291	genealogy/cf3f5af2_153291.txt
14803	153292	genealogy/f69c2c2a_153292.txt
14804	153293	genealogy/7e9069fd_153293.txt
14805	153294	genealogy/d1f65ee6_153294.txt
14806	153295	genealogy/58b2fc84_153295.txt
14807	153296	genealogy/d63a711d_153296.txt
14808	153297	genealogy/384500b3_153297.txt
14809	153298	genealogy/067a7cdc_153298.txt
14810	153299	genealogy/8574e595_153299.txt
14811	153300	genealogy/dc9e38b2_153300.txt
14812	153301	genealogy/00370974_153301.txt
14813	153302	genealogy/e708c9b1_153302.txt
14814	153303	genealogy/b3c17d1c_153303.txt
14815	153304	genealogy/8c2841c8_153304.txt
14816	153305	genealogy/e0a95c3c_153305.txt
14817	153306	genealogy/fd78f447_153306.txt
14818	153307	genealogy/f5e13d57_153307.txt
14819	153308	genealogy/6401e127_153308.txt
14820	153309	genealogy/b36d3715_153309.txt
14821	153310	genealogy/e6f77834_153310.txt
14822	153311	genealogy/26acfbc5_153311.txt
14823	153312	genealogy/1894ddeb_153312.txt
14824	153313	genealogy/420d8e9b_153313.txt
14825	153314	genealogy/ce6ff0fa_153314.txt
14826	153315	genealogy/812bbee6_153315.txt
14827	153316	genealogy/15811f92_153316.txt
14828	153317	genealogy/5006f291_153317.txt
14829	153318	genealogy/733af376_153318.txt
14830	153319	genealogy/26acfbc5_153319.txt
14831	153320	genealogy/ab191815_153320.txt
14832	153321	genealogy/4814883d_153321.txt
14833	153322	genealogy/387e5ea1_153322.txt
14834	153323	genealogy/799ba14d_153323.txt
14835	153324	genealogy/7be8ff2f_153324.txt
14836	153325	genealogy/2a004510_153325.txt
14837	153326	genealogy/c88c91fc_153326.txt
14838	153327	genealogy/7bdb8026_153327.txt
14839	153328	genealogy/90730279_153328.txt
14840	153329	genealogy/27ab6a49_153329.txt
14841	153330	genealogy/9948b92d_153330.txt
14842	153331	genealogy/345b5019_153331.txt
14843	153332	genealogy/391abfbb_153332.txt
14844	153333	genealogy/e7502470_153333.txt
14845	153334	genealogy/85898031_153334.txt
14846	153335	genealogy/76aa9f41_153335.txt
14847	153336	genealogy/08cc3eed_153336.txt
14848	153337	genealogy/17d97f2b_153337.txt
14849	153338	genealogy/de62c49a_153338.txt
14850	153339	genealogy/8a7efb27_153339.txt
14851	153340	genealogy/a6ff5b3a_153340.txt
14852	153341	genealogy/bc1cff18_153341.txt
14853	153342	genealogy/79333dcb_153342.txt
14854	153343	genealogy/96154032_153343.txt
14855	153344	genealogy/4790ed3b_153344.txt
14856	153345	genealogy/d25101bb_153345.txt
14857	153346	genealogy/4558e112_153346.txt
14858	153347	genealogy/f6063dd1_153347.txt
14859	153348	genealogy/a06289eb_153348.txt
14860	153349	genealogy/33a4af35_153349.txt
14861	153350	genealogy/15fd7dab_153350.txt
14862	153351	genealogy/e25f44bc_153351.txt
14863	153352	genealogy/87badbbf_153352.txt
14864	153353	genealogy/91cbb8cb_153353.txt
14865	153354	genealogy/abb7719c_153354.txt
14866	153355	genealogy/3909a7dc_153355.txt
14867	153356	genealogy/17c75b56_153356.txt
14868	153357	genealogy/31f75e99_153357.txt
14869	153358	genealogy/171eccf1_153358.txt
14870	153359	genealogy/e502de1f_153359.txt
14871	153360	genealogy/2a913c04_153360.txt
14872	153361	genealogy/50361fc6_153361.txt
14873	153362	genealogy/6c7d3da9_153362.txt
14874	153363	genealogy/51478f0c_153363.txt
14875	153364	genealogy/8a5602ee_153364.txt
14876	153365	genealogy/8bbd06a0_153365.txt
14877	153366	genealogy/d6efb614_153366.txt
14878	153367	genealogy/5a8e3354_153367.txt
14879	153368	genealogy/b7ee4c5e_153368.txt
14880	153369	genealogy/a2f1d568_153369.txt
14881	153370	genealogy/975cf61e_153370.txt
14882	153371	genealogy/bc842fba_153371.txt
14883	153372	genealogy/ac06d67b_153372.txt
14884	153373	genealogy/2ae59fee_153373.txt
14885	153374	genealogy/96ad13bd_153374.txt
14886	153375	genealogy/992e15fb_153375.txt
14887	153376	genealogy/826f408a_153376.txt
14888	153377	genealogy/2164f020_153377.txt
14889	153378	genealogy/7537aca2_153378.txt
14890	153379	genealogy/bf39b986_153379.txt
14891	153380	genealogy/bc5a02dd_153380.txt
14892	153381	genealogy/022023b0_153381.txt
14893	153382	genealogy/8dfc5269_153382.txt
14894	153383	genealogy/5dbb4a50_153383.txt
14895	153384	genealogy/423a73fd_153384.txt
14896	153385	genealogy/d1b021a8_153385.txt
14897	153386	genealogy/f00dc555_153386.txt
14898	153387	genealogy/599e8a03_153387.txt
14899	153388	genealogy/a9833077_153388.txt
14900	153389	genealogy/04854b5c_153389.txt
14901	153390	genealogy/5aa2b630_153390.txt
14902	153391	genealogy/1927b74e_153391.txt
14903	153392	genealogy/b67bbee0_153392.txt
14904	153393	genealogy/c6bfd185_153393.txt
14905	153394	genealogy/cf1487ae_153394.txt
14906	153395	genealogy/b2964047_153395.txt
14907	153396	genealogy/9cb18189_153396.txt
14908	153397	genealogy/1ca9955e_153397.txt
14909	153398	genealogy/4f2e825f_153398.txt
14910	153399	genealogy/21e0a390_153399.txt
14911	153400	genealogy/2e1e532d_153400.txt
14912	153401	genealogy/4f57b8ba_153401.txt
14913	153402	genealogy/270d3d5f_153402.txt
14914	153403	genealogy/4075f54d_153403.txt
14915	153404	genealogy/69ce8a1d_153404.txt
14916	153405	genealogy/a5aa6e0c_153405.txt
14917	153406	genealogy/3251c5fc_153406.txt
14918	153407	genealogy/eb5cbdae_153407.txt
14919	153408	genealogy/231c28c6_153408.txt
14920	153409	genealogy/99afdadf_153409.txt
14921	153410	genealogy/c39c76ec_153410.txt
14922	153411	genealogy/70091629_153411.txt
14923	153412	genealogy/6eee3994_153412.txt
14924	153413	genealogy/f8e62fb4_153413.txt
14925	153414	genealogy/3aacab5b_153414.txt
14926	153415	genealogy/0957cb1b_153415.txt
14927	153416	genealogy/51c3a662_153416.txt
14928	153417	genealogy/d75176e9_153417.txt
14929	153418	genealogy/c1db8b86_153418.txt
14930	153419	genealogy/5b02b33f_153419.txt
14931	153420	genealogy/8fa0c794_153420.txt
14932	153421	genealogy/d7819e38_153421.txt
14933	153422	genealogy/ff8c9f87_153422.txt
14934	153423	genealogy/768ced28_153423.txt
14935	153424	genealogy/f0743ab8_153424.txt
14936	153425	genealogy/1fd4846c_153425.txt
14937	153426	genealogy/76c578eb_153426.txt
14938	153427	genealogy/50e5b1e4_153427.txt
14939	153428	genealogy/9f0d0c78_153428.txt
14940	153429	genealogy/dc60fb0c_153429.txt
14941	153430	genealogy/0b763d06_153430.txt
14942	153431	genealogy/b0dbdc27_153431.txt
14943	153432	genealogy/1e85ba8f_153432.txt
14944	153433	genealogy/9e4fa244_153433.txt
14945	153434	genealogy/ec2ecc2c_153434.txt
14946	153435	genealogy/38a6d628_153435.txt
14947	153436	genealogy/d1accb47_153436.txt
14948	153437	genealogy/35a5e02b_153437.txt
14949	153438	genealogy/ddc761a2_153438.txt
14950	153439	genealogy/aafedff5_153439.txt
14951	153440	genealogy/389fcdda_153440.txt
14952	153441	genealogy/48292393_153441.txt
14953	153442	genealogy/7363c5bc_153442.txt
14954	153443	genealogy/704ae6a5_153443.txt
14955	153444	genealogy/0386fef1_153444.txt
14956	153445	genealogy/6d49ad2f_153445.txt
14957	153446	genealogy/f252e6c6_153446.txt
14958	153447	genealogy/f4d66d14_153447.txt
14959	153448	genealogy/f7a53ae2_153448.txt
14960	153449	genealogy/0a737531_153449.txt
14961	153450	genealogy/c88aa67d_153450.txt
14962	153451	genealogy/0cbd46fd_153451.txt
14963	153452	genealogy/e9006d22_153452.txt
14964	153453	genealogy/f61353ba_153453.txt
14965	153454	genealogy/e00aa502_153454.txt
14966	153455	genealogy/cbbeeb26_153455.txt
14967	153456	genealogy/e453f0ea_153456.txt
14968	153457	genealogy/e8380383_153457.txt
14969	153458	genealogy/0ea03b05_153458.txt
14970	153459	genealogy/da585b87_153459.txt
14971	153460	genealogy/12b397a3_153460.txt
14972	153461	genealogy/127019a5_153461.txt
14973	153462	genealogy/249fef32_153462.txt
14974	153463	genealogy/eb20db06_153463.txt
14975	153464	genealogy/a3cde75d_153464.txt
14976	153465	genealogy/991fb1e2_153465.txt
14977	153466	genealogy/7b0a7a92_153466.txt
14978	153467	genealogy/9b0415f4_153467.txt
14979	153468	genealogy/1300fb06_153468.txt
14980	153469	genealogy/01b92e1b_153469.txt
14981	153470	genealogy/fa434547_153470.txt
14982	153471	genealogy/fde5bb24_153471.txt
14983	153472	genealogy/fda89292_153472.txt
14984	153473	genealogy/e24e362f_153473.txt
14985	153474	genealogy/be1a6d2c_153474.txt
14986	153475	genealogy/1e0dcaf7_153475.txt
14987	153476	genealogy/2c526ad6_153476.txt
14988	153477	genealogy/0def25eb_153477.txt
14989	153478	genealogy/6ddfb399_153478.txt
14990	153479	genealogy/33d78f19_153479.txt
14991	153480	genealogy/201944a1_153480.txt
14992	153481	genealogy/cccf0e10_153481.txt
14993	153482	genealogy/e01fafca_153482.txt
14994	153483	genealogy/43d15a5b_153483.txt
14995	153484	genealogy/f22e0484_153484.txt
14996	153485	genealogy/17a36c18_153485.txt
14997	153486	genealogy/5fc0d8e3_153486.txt
14998	153487	genealogy/7c9c6350_153487.txt
14999	153488	genealogy/8e6dacab_153488.txt
15000	153489	genealogy/db785da7_153489.txt
15001	153490	genealogy/a4e5379b_153490.txt
15002	153491	genealogy/2fc0678e_153491.txt
15003	153492	genealogy/525869c4_153492.txt
15004	153493	genealogy/72969d56_153493.txt
15005	153494	genealogy/5b19cb95_153494.txt
15006	153495	genealogy/f64f6eb5_153495.txt
15007	153496	genealogy/e75bc3fc_153496.txt
15008	153497	genealogy/f69bc71f_153497.txt
15009	153498	genealogy/bb2d88c6_153498.txt
15010	153499	genealogy/3595cf8b_153499.txt
15011	153500	genealogy/c37a3860_153500.txt
15012	153501	genealogy/a699b417_153501.txt
15013	153502	genealogy/faccccc8_153502.txt
15014	153503	genealogy/fda8bdf8_153503.txt
15015	153504	genealogy/103e6587_153504.txt
15016	153505	genealogy/3a194d20_153505.txt
15017	153506	genealogy/5ab78cf2_153506.txt
15018	153507	genealogy/4a851159_153507.txt
15019	153508	genealogy/075e12ae_153508.txt
15020	153509	genealogy/77a7c2fe_153509.txt
15021	153510	genealogy/30a07ee3_153510.txt
15022	153511	genealogy/3bca1df5_153511.txt
15023	153512	genealogy/42595023_153512.txt
15024	153513	genealogy/74b7228f_153513.txt
15025	153514	genealogy/c6452ff8_153514.txt
15026	153515	genealogy/628dd6da_153515.txt
15027	153516	genealogy/004b79e0_153516.txt
15028	153517	genealogy/32e7e9b1_153517.txt
15029	153518	genealogy/fb66401c_153518.txt
15030	153519	genealogy/7dc1d6c5_153519.txt
15031	153520	genealogy/acd00ba3_153520.txt
15032	153521	genealogy/d73d5f46_153521.txt
15033	153522	genealogy/04e22a96_153522.txt
15034	153523	genealogy/0e34b2bb_153523.txt
15035	153524	genealogy/607d07c7_153524.txt
15036	153525	genealogy/521aa0c5_153525.txt
15037	153526	genealogy/3c8e1d39_153526.txt
15038	153527	genealogy/e0e490ee_153527.txt
15039	153528	genealogy/d3ac6733_153528.txt
15040	153529	genealogy/3a194d20_153529.txt
15041	153530	genealogy/5ab78cf2_153530.txt
15042	153531	genealogy/4a851159_153531.txt
15043	153532	genealogy/c6452ff8_153532.txt
15044	153533	genealogy/628dd6da_153533.txt
15045	153534	genealogy/004b79e0_153534.txt
15046	153535	genealogy/32e7e9b1_153535.txt
15047	153536	genealogy/fb66401c_153536.txt
15048	153537	genealogy/7dc1d6c5_153537.txt
15049	153538	genealogy/acd00ba3_153538.txt
15050	153539	genealogy/30a07ee3_153539.txt
15051	153540	genealogy/3bca1df5_153540.txt
15052	153541	genealogy/3c8e1d39_153541.txt
15053	153542	genealogy/42595023_153542.txt
15054	153543	genealogy/e0e490ee_153543.txt
15055	153544	genealogy/d3ac6733_153544.txt
15056	153545	genealogy/74b7228f_153545.txt
15057	153546	genealogy/d73d5f46_153546.txt
15058	153547	genealogy/04e22a96_153547.txt
15059	153548	genealogy/521aa0c5_153548.txt
15060	153549	genealogy/d00e77ca_153549.txt
15061	153550	genealogy/12e01bad_153550.txt
15062	153551	genealogy/caff6645_153551.txt
15063	153552	genealogy/1e5c218f_153552.txt
15064	153553	genealogy/a2ce6664_153553.txt
15065	153554	genealogy/5fd25582_153554.txt
15066	153555	genealogy/8347d1dd_153555.txt
15067	153556	genealogy/8b89dc5c_153556.txt
15068	153557	genealogy/90849bfc_153557.txt
15069	153558	genealogy/1b14b4b3_153558.txt
15070	153559	genealogy/ff1e6ab9_153559.txt
15071	153560	genealogy/1079c352_153560.txt
15072	153561	genealogy/b6fc1ed6_153561.txt
15073	153562	genealogy/fc90d84a_153562.txt
15074	153563	genealogy/b3e157fc_153563.txt
15075	153564	genealogy/12a76c2f_153564.txt
15076	153565	genealogy/db12078b_153565.txt
15077	153566	genealogy/09675738_153566.txt
15078	153567	genealogy/6b2ee738_153567.txt
15079	153568	genealogy/67862214_153568.txt
15080	153569	genealogy/cadb0e2e_153569.txt
15081	153570	genealogy/da71e361_153570.txt
15082	153571	genealogy/3e9e2cb2_153571.txt
15083	153572	genealogy/d20cc88d_153572.txt
15084	153573	genealogy/b7c31ffb_153573.txt
15085	153574	genealogy/30fd002b_153574.txt
15086	153575	genealogy/1b477a18_153575.txt
15087	153576	genealogy/16975999_153576.txt
15088	153577	genealogy/d8b9ce5c_153577.txt
15089	153578	genealogy/90299bfd_153578.txt
15090	153579	genealogy/5b57a402_153579.txt
15091	153580	genealogy/50f75f2f_153580.txt
15092	153581	genealogy/79cf9784_153581.txt
15093	153582	genealogy/7ccd2220_153582.txt
15094	153583	genealogy/73097cb6_153583.txt
15095	153584	genealogy/0ae3d278_153584.txt
15096	153585	genealogy/8266af0d_153585.txt
15097	153586	genealogy/443f445c_153586.txt
15098	153587	genealogy/d5432bf4_153587.txt
15099	153588	genealogy/6335a5f1_153588.txt
15100	153589	genealogy/fb4d96fc_153589.txt
15101	153590	genealogy/8d9c9d6f_153590.txt
15102	153591	genealogy/f91f42c4_153591.txt
15103	153592	genealogy/a6b2c7ea_153592.txt
15104	153593	genealogy/6cd692c7_153593.txt
15105	153594	genealogy/a0c53230_153594.txt
15106	153595	genealogy/9c32ea98_153595.txt
15107	153596	genealogy/3de0f32b_153596.txt
15108	153597	genealogy/d634d520_153597.txt
15109	153598	genealogy/752f1df7_153598.txt
15110	153599	genealogy/e3bd246a_153599.txt
15111	153600	genealogy/cdb42b78_153600.txt
15112	153601	genealogy/52180d2e_153601.txt
15113	153602	genealogy/bbe9ebbc_153602.txt
15114	153603	genealogy/2e262285_153603.txt
15115	153604	genealogy/f429a6bf_153604.txt
15116	153605	genealogy/ba531b9e_153605.txt
15117	153606	genealogy/ae497201_153606.txt
15118	153607	genealogy/9736550f_153607.txt
15119	153608	genealogy/e8e2ba20_153608.txt
15120	153609	genealogy/5613ec00_153609.txt
15121	153610	genealogy/9b27eddc_153610.txt
15122	153611	genealogy/d046dd72_153611.txt
15123	153612	genealogy/760b83ea_153612.txt
15124	153613	genealogy/48827cde_153613.txt
15125	153614	genealogy/bad2f443_153614.txt
15126	153615	genealogy/ce8d85e8_153615.txt
15127	153616	genealogy/e1786886_153616.txt
15128	153617	genealogy/4e4d6524_153617.txt
15129	153618	genealogy/965e2381_153618.txt
15130	153619	genealogy/8f7a9a5a_153619.txt
15131	153620	genealogy/1983031b_153620.txt
15132	153621	genealogy/538d0ebb_153621.txt
15133	153622	genealogy/7a45e085_153622.txt
15134	153623	genealogy/328c9efa_153623.txt
15135	153624	genealogy/b6426f15_153624.txt
15136	153625	genealogy/9465a6c8_153625.txt
15137	153626	genealogy/201767ee_153626.txt
15138	153627	genealogy/e32c928b_153627.txt
15139	153628	genealogy/3caf18f2_153628.txt
15140	153629	genealogy/20cb87da_153629.txt
15141	153630	genealogy/1743f324_153630.txt
15142	153631	genealogy/b940cb58_153631.txt
15143	153632	genealogy/f28bf209_153632.txt
15144	153633	genealogy/5d91631a_153633.txt
15145	153634	genealogy/deb6b9f4_153634.txt
15146	153635	genealogy/2aef7bf7_153635.txt
15147	153636	genealogy/45173a41_153636.txt
15148	153637	genealogy/94f36c37_153637.txt
15149	153638	genealogy/2edc20c9_153638.txt
15150	153639	genealogy/9d0fe545_153639.txt
15151	153640	genealogy/943ec0b9_153640.txt
15152	153641	genealogy/b245e853_153641.txt
15153	153642	genealogy/9395f1ed_153642.txt
15154	153643	genealogy/11699c98_153643.txt
15155	153644	genealogy/9cdd2470_153644.txt
15156	153645	genealogy/5613ec00_153645.txt
15157	153646	genealogy/fce0c222_153646.txt
15158	153647	genealogy/f9919edb_153647.txt
15159	153648	genealogy/62c63188_153648.txt
15160	153649	genealogy/48827cde_153649.txt
15161	153650	genealogy/bad2f443_153650.txt
15162	153651	genealogy/ce8d85e8_153651.txt
15163	153652	genealogy/e1786886_153652.txt
15164	153653	genealogy/4e4d6524_153653.txt
15165	153654	genealogy/34e76be1_153654.txt
15166	153655	genealogy/1983031b_153655.txt
15167	153656	genealogy/538d0ebb_153656.txt
15168	153657	genealogy/9b27eddc_153657.txt
15169	153658	genealogy/328c9efa_153658.txt
15170	153659	genealogy/965e2381_153659.txt
15171	153660	genealogy/6448df4d_153660.txt
15172	153661	genealogy/7a45e085_153661.txt
15173	153662	genealogy/26acfbc5_153662.txt
15174	153663	genealogy/c85b7e5e_153663.txt
15175	153664	genealogy/7bc21b15_153664.txt
15176	153665	genealogy/b5e319de_153665.txt
15177	153666	genealogy/0855caf4_153666.txt
15178	153667	genealogy/dc3825c4_153667.txt
15179	153668	genealogy/4e0eba74_153668.txt
15180	153669	genealogy/7ff03d7c_153669.txt
15181	153670	genealogy/5c2b4455_153670.txt
15182	153671	genealogy/f2aadd48_153671.txt
15183	153672	genealogy/24263859_153672.txt
15184	153673	genealogy/d2bc761b_153673.txt
15185	153674	genealogy/ac148f1d_153674.txt
15186	153675	genealogy/a9b487d9_153675.txt
15187	153676	genealogy/b3b005d7_153676.txt
15188	153677	genealogy/9b0316ca_153677.txt
15189	153678	genealogy/1aeb55cc_153678.txt
15190	153679	genealogy/a17dbfac_153679.txt
15191	153680	genealogy/036ab2f9_153680.txt
15192	153681	genealogy/a5d411f5_153681.txt
15193	153682	genealogy/6702c5f4_153682.txt
15194	153683	genealogy/3da42816_153683.txt
15195	153684	genealogy/8f8c44c9_153684.txt
15196	153685	genealogy/8181a0fc_153685.txt
15197	153686	genealogy/b840c14f_153686.txt
15198	153687	genealogy/185ef2a1_153687.txt
15199	153688	genealogy/614e0e67_153688.txt
15200	153689	genealogy/70046387_153689.txt
15201	153690	genealogy/5e2a76d1_153690.txt
15202	153691	genealogy/bf14d8c4_153691.txt
15203	153692	genealogy/eb56e78b_153692.txt
15204	153693	genealogy/6a13c852_153693.txt
15205	153694	genealogy/490643f0_153694.txt
15206	153695	genealogy/f9c4db03_153695.txt
15207	153696	genealogy/f6f26c9e_153696.txt
15208	153697	genealogy/eb14e498_153697.txt
15209	153698	genealogy/9ceabc02_153698.txt
15210	153699	genealogy/60741168_153699.txt
15211	153700	genealogy/7aed3b55_153700.txt
15212	153701	genealogy/e013f6e4_153701.txt
15213	153702	genealogy/e3a90223_153702.txt
15214	153703	genealogy/84e64325_153703.txt
15215	153704	genealogy/ab01a27b_153704.txt
15216	153705	genealogy/f8c168f6_153705.txt
15217	153706	genealogy/5bac4394_153706.txt
15218	153707	genealogy/a3308d21_153707.txt
15219	153708	genealogy/39ce3b1b_153708.txt
15220	153709	genealogy/e6a86987_153709.txt
15221	153710	genealogy/9687f1c5_153710.txt
15222	153711	genealogy/496a47e3_153711.txt
15223	153712	genealogy/abf5593c_153712.txt
15224	153713	genealogy/8bf49d26_153713.txt
15225	153714	genealogy/2d292ee5_153714.txt
15226	153715	genealogy/e35daba1_153715.txt
15227	153716	genealogy/f8e593ed_153716.txt
15228	153717	genealogy/038222d7_153717.txt
15229	153718	genealogy/34398a55_153718.txt
15230	153719	genealogy/91eea56e_153719.txt
15231	153720	genealogy/46e531a5_153720.txt
15232	153721	genealogy/c5bc8974_153721.txt
15233	153722	genealogy/e7d72ad0_153722.txt
15234	153723	genealogy/0c75af54_153723.txt
15235	153724	genealogy/fe1c04b4_153724.txt
15236	153725	genealogy/6a4936ee_153725.txt
15237	153726	genealogy/44b463d4_153726.txt
15238	153727	genealogy/027fb64e_153727.txt
15239	153728	genealogy/60739df7_153728.txt
15240	153729	genealogy/228da44a_153729.txt
15241	153730	genealogy/b13e28fb_153730.txt
15242	153731	genealogy/94e1a56d_153731.txt
15243	153732	genealogy/8f82e44a_153732.txt
15244	153733	genealogy/1f9c6456_153733.txt
15245	153734	genealogy/38a5a8b6_153734.txt
15246	153735	genealogy/53eb260b_153735.txt
15247	153736	genealogy/9ca23a5e_153736.txt
15248	153737	genealogy/704e1d16_153737.txt
15249	153738	genealogy/5364d51b_153738.txt
15250	153739	genealogy/ceac7127_153739.txt
15251	153740	genealogy/812c8df5_153740.txt
15252	153741	genealogy/ca2cb57a_153741.txt
15253	153742	genealogy/8a7ad0a3_153742.txt
15254	153743	genealogy/905e938c_153743.txt
15255	153744	genealogy/e46b61be_153744.txt
15256	153745	genealogy/04661501_153745.txt
15257	153746	genealogy/a0b63750_153746.txt
15258	153747	genealogy/4ae6e37f_153747.txt
15259	153748	genealogy/9325212a_153748.txt
15260	153749	genealogy/f2c54f80_153749.txt
15261	153750	genealogy/03b5fa2d_153750.txt
15262	153751	genealogy/684f8de0_153751.txt
15263	153752	genealogy/a53531ce_153752.txt
15264	153753	genealogy/db013d33_153753.txt
15265	153754	genealogy/9b231986_153754.txt
15266	153755	genealogy/6f2a77f6_153755.txt
15267	153756	genealogy/8f30f3e5_153756.txt
15268	153757	genealogy/818208ef_153757.txt
15269	153758	genealogy/c8411598_153758.txt
15270	153759	genealogy/bf41e8ab_153759.txt
15271	153760	genealogy/bbd4525c_153760.txt
15272	153761	genealogy/1cac8760_153761.txt
15273	153762	genealogy/a69f1ae3_153762.txt
15274	153763	genealogy/916a9f4b_153763.txt
15275	153764	genealogy/a1e50614_153764.txt
15276	153765	genealogy/bcbd0021_153765.txt
15277	153766	genealogy/7b17c8fd_153766.txt
15278	153767	genealogy/8892c78b_153767.txt
15279	153768	genealogy/0daabd2b_153768.txt
15280	153769	genealogy/ff698f4a_153769.txt
15281	153770	genealogy/605adf63_153770.txt
15282	153771	genealogy/fb66401c_153771.txt
15283	153772	genealogy/7dc1d6c5_153772.txt
15284	153773	genealogy/acd00ba3_153773.txt
15285	153774	genealogy/04e22a96_153774.txt
15286	153775	genealogy/b42f3e18_153775.txt
15287	153776	genealogy/674b2e01_153776.txt
15288	153777	genealogy/0882674c_153777.txt
15289	153778	genealogy/32e7e9b1_153778.txt
15290	153779	genealogy/d73d5f46_153779.txt
15291	153780	genealogy/c1a86889_153780.txt
15292	153781	genealogy/ff50afdc_153781.txt
15293	153782	genealogy/2ea6be76_153782.txt
15294	153783	genealogy/76adbfce_153783.txt
15295	153784	genealogy/d1b9250c_153784.txt
15296	153785	genealogy/6edf122d_153785.txt
15297	153786	genealogy/68e6bfe3_153786.txt
15298	153787	genealogy/9c88beb2_153787.txt
15299	153788	genealogy/1208e551_153788.txt
15300	153789	genealogy/056ef97c_153789.txt
15301	153790	genealogy/e192b7c0_153790.txt
15302	153791	genealogy/eca01cf4_153791.txt
15303	153792	genealogy/71316a46_153792.txt
15304	153793	genealogy/37b876ab_153793.txt
15305	153794	genealogy/4affe54e_153794.txt
15306	153795	genealogy/3320fcaf_153795.txt
15307	153796	genealogy/126856b3_153796.txt
15308	153797	genealogy/ee81bf2f_153797.txt
15309	153798	genealogy/5f36daca_153798.txt
15310	153799	genealogy/1b7d9f32_153799.txt
15311	153800	genealogy/ffb380f0_153800.txt
15312	153801	genealogy/44506c2a_153801.txt
15313	153802	genealogy/29b73fe5_153802.txt
15314	153803	genealogy/64e7e937_153803.txt
15315	153804	genealogy/daaab4fc_153804.txt
15316	153805	genealogy/fc264296_153805.txt
15317	153806	genealogy/c95152f8_153806.txt
15318	153807	genealogy/8a22a7de_153807.txt
15319	153808	genealogy/4e3678cd_153808.txt
15320	153809	genealogy/42244b8b_153809.txt
15321	153810	genealogy/c7307ba4_153810.txt
15322	153811	genealogy/ac0c39a3_153811.txt
15323	153812	genealogy/9228a04e_153812.txt
15324	153813	genealogy/22ff1f24_153813.txt
15325	153814	genealogy/b5904465_153814.txt
15326	153815	genealogy/10f62c2f_153815.txt
15327	153816	genealogy/eda93b7d_153816.txt
15328	153817	genealogy/b97cbf9d_153817.txt
15329	153818	genealogy/79bf080a_153818.txt
15330	153819	genealogy/cb7e971b_153819.txt
15331	153820	genealogy/de9f93d1_153820.txt
15332	153821	genealogy/86166fd4_153821.txt
15333	153822	genealogy/ce853530_153822.txt
15334	153823	genealogy/b6e83640_153823.txt
15335	153824	genealogy/4e3678cd_153824.txt
15336	153825	genealogy/0f98211c_153825.txt
15337	153826	genealogy/c12d2043_153826.txt
15338	153827	genealogy/f7265402_153827.txt
15339	153828	genealogy/1f2bb0d6_153828.txt
15340	153829	genealogy/bbbb2ab9_153829.txt
15341	153830	genealogy/5416c13a_153830.txt
15342	153831	genealogy/9ae2a89a_153831.txt
15343	153832	genealogy/b7485a4d_153832.txt
15344	153833	genealogy/b6f72eff_153833.txt
15345	153834	genealogy/50903530_153834.txt
15346	153835	genealogy/9fe4a1f3_153835.txt
15347	153836	genealogy/273918de_153836.txt
15348	153837	genealogy/10aee0c2_153837.txt
15349	153838	genealogy/573485fd_153838.txt
15350	153839	genealogy/9ef3df0f_153839.txt
15351	153840	genealogy/6a218857_153840.txt
15352	153841	genealogy/b7484839_153841.txt
15353	153842	genealogy/58402e4b_153842.txt
15354	153843	genealogy/8b19ef7b_153843.txt
15355	153844	genealogy/9b897e77_153844.txt
15356	153845	genealogy/2ca657ab_153845.txt
15357	153846	genealogy/d4a5a246_153846.txt
15358	153847	genealogy/1b808c19_153847.txt
15359	153848	genealogy/3b4403a1_153848.txt
15360	153849	genealogy/be270c0c_153849.txt
15361	153850	genealogy/381522f9_153850.txt
15362	153851	genealogy/b676604f_153851.txt
15363	153852	genealogy/bc63a242_153852.txt
15364	153853	genealogy/4f92e667_153853.txt
15365	153854	genealogy/5b19ca3c_153854.txt
15366	153855	genealogy/6ed9e928_153855.txt
15367	153856	genealogy/d60e6227_153856.txt
15368	153857	genealogy/fe821079_153857.txt
15369	153858	genealogy/52d6f23a_153858.txt
15370	153859	genealogy/3f66e6a0_153859.txt
15371	153860	genealogy/9428e745_153860.txt
15372	153861	genealogy/b8a0f7f5_153861.txt
15373	153862	genealogy/0c26fd2b_153862.txt
15374	153863	genealogy/c0faf714_153863.txt
15375	153864	genealogy/61146a40_153864.txt
15376	153865	genealogy/c1ae21cb_153865.txt
15377	153866	genealogy/5b1a2130_153866.txt
15378	153867	genealogy/87f1f7d6_153867.txt
15379	153868	genealogy/f82f7c5c_153868.txt
15380	153869	genealogy/f82407cf_153869.txt
15381	153870	genealogy/5fa0cb8d_153870.txt
15382	153871	genealogy/820a7e7e_153871.txt
15383	153872	genealogy/be6f87cf_153872.txt
15384	153873	genealogy/3af13dfa_153873.txt
15385	153874	genealogy/1eb2f94e_153874.txt
15386	153875	genealogy/a2a0c588_153875.txt
15387	153876	genealogy/dfdab3f1_153876.txt
15388	153877	genealogy/a410789a_153877.txt
15389	153878	genealogy/2dab4136_153878.txt
15390	153879	genealogy/1d34ea96_153879.txt
15391	153880	genealogy/b3ff6ef3_153880.txt
15392	153881	genealogy/607e7451_153881.txt
15393	153882	genealogy/ac706758_153882.txt
15394	153883	genealogy/ef14b060_153883.txt
15395	153884	genealogy/ec0d52dc_153884.txt
15396	153885	genealogy/8ad64819_153885.txt
15397	153886	genealogy/1d0f9297_153886.txt
15398	153887	genealogy/0e6bfb06_153887.txt
15399	153888	genealogy/66c85c22_153888.txt
15400	153889	genealogy/096a14b6_153889.txt
15401	153890	genealogy/23ffb836_153890.txt
15402	153891	genealogy/53b7d0f8_153891.txt
15403	153892	genealogy/69fbd18c_153892.txt
15404	153893	genealogy/0868d222_153893.txt
15405	153894	genealogy/6442ff96_153894.txt
15406	153895	genealogy/0f3e804f_153895.txt
15407	153896	genealogy/7b99db15_153896.txt
15408	153897	genealogy/44b77ce8_153897.txt
15409	153898	genealogy/9563d27f_153898.txt
15410	153899	genealogy/915b9b90_153899.txt
15411	153900	genealogy/df4d4ace_153900.txt
15412	153901	genealogy/fc9fa05b_153901.txt
15413	153902	genealogy/ddf46bdf_153902.txt
15414	153903	genealogy/a867e1f0_153903.txt
15415	153904	genealogy/2eba369b_153904.txt
15416	153905	genealogy/96005630_153905.txt
15417	153906	genealogy/d240e683_153906.txt
15418	153907	genealogy/72820dd0_153907.txt
15419	153908	genealogy/affcc150_153908.txt
15420	153909	genealogy/575b7686_153909.txt
15421	153910	genealogy/24f4cff0_153910.txt
15422	153911	genealogy/2ad7c6f0_153911.txt
15423	153912	genealogy/2770fc7c_153912.txt
15424	153913	genealogy/e9a6d81b_153913.txt
15425	153914	genealogy/b7f1d734_153914.txt
15426	153915	genealogy/2a144dbf_153915.txt
15427	153916	genealogy/69fbd18c_153916.txt
15428	153917	genealogy/30c8e0d9_153917.txt
15429	153918	genealogy/9563d27f_153918.txt
15430	153919	genealogy/1f0158b1_153919.txt
15431	153920	genealogy/8a8a82d1_153920.txt
15432	153921	genealogy/dd674da9_153921.txt
15433	153922	genealogy/9119bf02_153922.txt
15434	153923	genealogy/9155b5ba_153923.txt
15435	153924	genealogy/7f495b47_153924.txt
15436	153925	genealogy/e391ab31_153925.txt
15437	153926	genealogy/aa862d85_153926.txt
15438	153927	genealogy/f73a5213_153927.txt
15439	153928	genealogy/c587d0e3_153928.txt
15440	153929	genealogy/5976807a_153929.txt
15441	153930	genealogy/5229f3c0_153930.txt
15442	153931	genealogy/080c5ea5_153931.txt
15443	153932	genealogy/acb1f482_153932.txt
15444	153933	genealogy/5aec06a9_153933.txt
15445	153934	genealogy/bec464c9_153934.txt
15446	153935	genealogy/2268e74b_153935.txt
15447	153936	genealogy/0b984319_153936.txt
15448	153937	genealogy/082bc5b4_153937.txt
15449	153938	genealogy/ef977439_153938.txt
15450	153939	genealogy/4cc0d642_153939.txt
15451	153940	genealogy/3fe66dfd_153940.txt
15452	153941	genealogy/fa14f2a3_153941.txt
15453	153942	genealogy/0fc920b0_153942.txt
15454	153943	genealogy/92c2dbdb_153943.txt
15455	153944	genealogy/7eac0188_153944.txt
15456	153945	genealogy/067589a8_153945.txt
15457	153946	genealogy/375fc43b_153946.txt
15458	153947	genealogy/97831dc9_153947.txt
15459	153948	genealogy/4dfffca8_153948.txt
15460	153949	genealogy/fbd8b51f_153949.txt
15461	153950	genealogy/04bb0391_153950.txt
15462	153951	genealogy/3807ea6e_153951.txt
15463	153952	genealogy/78ef4f2e_153952.txt
15464	153953	genealogy/f73e363c_153953.txt
15465	153954	genealogy/2c628103_153954.txt
15466	153955	genealogy/cca9f0a7_153955.txt
15467	153956	genealogy/0db0c580_153956.txt
15468	153957	genealogy/5d56011e_153957.txt
15469	153958	genealogy/2583e5b9_153958.txt
15470	153959	genealogy/d6c286a4_153959.txt
15471	153960	genealogy/ba369890_153960.txt
15472	153961	genealogy/c175fe1e_153961.txt
15473	153962	genealogy/fc85b8fa_153962.txt
15474	153963	genealogy/a5bec32f_153963.txt
15475	153964	genealogy/27544d8c_153964.txt
15476	153965	genealogy/7264a868_153965.txt
15477	153966	genealogy/ebc07e06_153966.txt
15478	153967	genealogy/a2a6f2df_153967.txt
15479	153968	genealogy/9ffca521_153968.txt
15480	153969	genealogy/220c7910_153969.txt
15481	153970	genealogy/f32b733f_153970.txt
15482	153971	genealogy/f1be4638_153971.txt
15483	153972	genealogy/7570ad10_153972.txt
15484	153973	genealogy/691934bc_153973.txt
15485	153974	genealogy/c5015183_153974.txt
15486	153975	genealogy/f824004e_153975.txt
15487	153976	genealogy/b4921ce1_153976.txt
15488	153977	genealogy/2e2fd126_153977.txt
15489	153978	genealogy/73834ff3_153978.txt
15490	153979	genealogy/4172610b_153979.txt
15491	153980	genealogy/c1657bee_153980.txt
15492	153981	genealogy/99acb43e_153981.txt
15493	153982	genealogy/fe94ef5d_153982.txt
15494	153983	genealogy/2c3c2d9e_153983.txt
15495	153984	genealogy/242a80e0_153984.txt
15496	153985	genealogy/0d4f8bba_153985.txt
15497	153986	genealogy/80045248_153986.txt
15498	153987	genealogy/5f8414f8_153987.txt
15499	153988	genealogy/af41fb07_153988.txt
15500	153989	genealogy/3a61c600_153989.txt
15501	153990	genealogy/31518051_153990.txt
15502	153991	genealogy/f24891c1_153991.txt
15503	153992	genealogy/c8f59ce0_153992.txt
15504	153993	genealogy/88ee6b7d_153993.txt
15505	153994	genealogy/f6a2c6b8_153994.txt
15506	153995	genealogy/ce949473_153995.txt
15507	153996	genealogy/4965d5c5_153996.txt
15508	153997	genealogy/c5c1aea7_153997.txt
15509	153998	genealogy/3baa0549_153998.txt
15510	153999	genealogy/30680c98_153999.txt
15511	154000	genealogy/2685302e_154000.txt
15512	154001	genealogy/7994d205_154001.txt
15513	154002	genealogy/c789e454_154002.txt
15514	154003	genealogy/badc4d27_154003.txt
15515	154004	genealogy/39e7d395_154004.txt
15516	154005	genealogy/904cd193_154005.txt
15517	154006	genealogy/f8379d6d_154006.txt
15518	154007	genealogy/0b34302b_154007.txt
15519	154008	genealogy/ea65acd9_154008.txt
15520	154009	genealogy/9d589ae4_154009.txt
15521	154010	genealogy/28d9241a_154010.txt
15522	154011	genealogy/6dc74c99_154011.txt
15523	154012	genealogy/f67867b0_154012.txt
15524	154013	genealogy/eef67289_154013.txt
15525	154014	genealogy/0e7401f3_154014.txt
15526	154015	genealogy/cfd7fc1c_154015.txt
15527	154016	genealogy/4a5599b7_154016.txt
15528	154017	genealogy/2d322622_154017.txt
15529	154018	genealogy/4589efc5_154018.txt
15530	154019	genealogy/d51ebfd9_154019.txt
15531	154020	genealogy/70a7aa5c_154020.txt
15532	154021	genealogy/196eb685_154021.txt
15533	154022	genealogy/df642266_154022.txt
15534	154023	genealogy/6806399b_154023.txt
15535	154024	genealogy/5366ab0c_154024.txt
15536	154025	genealogy/9ad739f9_154025.txt
15537	154026	genealogy/295809a0_154026.txt
15538	154027	genealogy/89b68095_154027.txt
15539	154028	genealogy/3429d20c_154028.txt
15540	154029	genealogy/8394e6ab_154029.txt
15541	154030	genealogy/0c2e4f95_154030.txt
15542	154031	genealogy/96a2fbb9_154031.txt
15543	154032	genealogy/8a9d73dc_154032.txt
15544	154033	genealogy/0d6fed38_154033.txt
15545	154034	genealogy/7584d060_154034.txt
15546	154035	genealogy/1f738410_154035.txt
15547	154036	genealogy/a8bb0bee_154036.txt
15548	154037	genealogy/4589efc5_154037.txt
15549	154038	genealogy/d51ebfd9_154038.txt
15550	154039	genealogy/6806399b_154039.txt
15551	154040	genealogy/70a7aa5c_154040.txt
15552	154041	genealogy/9ad739f9_154041.txt
15553	154042	genealogy/295809a0_154042.txt
15554	154043	genealogy/89b68095_154043.txt
15555	154044	genealogy/3429d20c_154044.txt
15556	154045	genealogy/8394e6ab_154045.txt
15557	154046	genealogy/0c2e4f95_154046.txt
15558	154047	genealogy/96a2fbb9_154047.txt
15559	154048	genealogy/8a9d73dc_154048.txt
15560	154049	genealogy/0d6fed38_154049.txt
15561	154050	genealogy/7584d060_154050.txt
15562	154051	genealogy/1f738410_154051.txt
15563	154052	genealogy/b4d4e4d6_154052.txt
15564	154053	genealogy/1a11ccba_154053.txt
15565	154054	genealogy/1a5500ba_154054.txt
15566	154055	genealogy/4efe2a75_154055.txt
15567	154056	genealogy/ed1a9e29_154056.txt
15568	154057	genealogy/86a73cc1_154057.txt
15569	154058	genealogy/d97b268d_154058.txt
15570	154059	genealogy/aad082de_154059.txt
15571	154060	genealogy/df5ef4f0_154060.txt
15572	154061	genealogy/82e1f857_154061.txt
15573	154062	genealogy/47733f67_154062.txt
15574	154063	genealogy/be1f37d3_154063.txt
15575	154064	genealogy/0ef0dc6e_154064.txt
15576	154065	genealogy/aea1a8fb_154065.txt
15577	154066	genealogy/2b80700f_154066.txt
15578	154067	genealogy/9fd342bb_154067.txt
15579	154068	genealogy/a49549a0_154068.txt
15580	154069	genealogy/dabe18c0_154069.txt
15581	154070	genealogy/bebf64c2_154070.txt
15582	154071	genealogy/15939f77_154071.txt
15583	154072	genealogy/5c0d41b2_154072.txt
15584	154073	genealogy/27a38009_154073.txt
15585	154074	genealogy/edc7dd12_154074.txt
15586	154075	genealogy/966d047c_154075.txt
15587	154076	genealogy/6ea2ba3a_154076.txt
15588	154077	genealogy/3bed6d89_154077.txt
15589	154078	genealogy/143d5a7a_154078.txt
15590	154079	genealogy/0c59c5d5_154079.txt
15591	154080	genealogy/eb41fa10_154080.txt
15592	154081	genealogy/57ddb08f_154081.txt
15593	154082	genealogy/713adb77_154082.txt
15594	154083	genealogy/b733d9fc_154083.txt
15595	154084	genealogy/70fdd6aa_154084.txt
15596	154085	genealogy/0c056c12_154085.txt
15597	154086	genealogy/4a327db7_154086.txt
15598	154087	genealogy/d4140564_154087.txt
15599	154088	genealogy/d0166b84_154088.txt
15600	154089	genealogy/495f77e9_154089.txt
15601	154090	genealogy/eb073796_154090.txt
15602	154091	genealogy/05182209_154091.txt
15603	154092	genealogy/06bb4d40_154092.txt
15604	154093	genealogy/08162bbb_154093.txt
15605	154094	genealogy/ad32b759_154094.txt
15606	154095	genealogy/9e4dcc89_154095.txt
15607	154096	genealogy/51c9a7e3_154096.txt
15608	154097	genealogy/e583e4b1_154097.txt
15609	154098	genealogy/c513f995_154098.txt
15610	154099	genealogy/57713559_154099.txt
15611	154100	genealogy/113f8e0c_154100.txt
15612	154101	genealogy/067e17b6_154101.txt
15613	154102	genealogy/0f685af4_154102.txt
15614	154103	genealogy/214b162e_154103.txt
15615	154104	genealogy/2cf40bd1_154104.txt
15616	154105	genealogy/3a1a7e75_154105.txt
15617	154106	genealogy/deb6bac8_154106.txt
15618	154107	genealogy/6b89eb51_154107.txt
15619	154108	genealogy/a9cd8ab0_154108.txt
15620	154109	genealogy/405d438c_154109.txt
15621	154110	genealogy/0952b519_154110.txt
15622	154111	genealogy/ee50dcc4_154111.txt
15623	154112	genealogy/777f7657_154112.txt
15624	154113	genealogy/f360c2ef_154113.txt
15625	154114	genealogy/49c3b1db_154114.txt
15626	154115	genealogy/b999c003_154115.txt
15627	154116	genealogy/a16c2dfd_154116.txt
15628	154117	genealogy/5b3ab29c_154117.txt
15629	154118	genealogy/bd7e922c_154118.txt
15630	154119	genealogy/cffd95de_154119.txt
15631	154120	genealogy/8dea8c98_154120.txt
15632	154121	genealogy/15492725_154121.txt
15633	154122	genealogy/a7a4e29e_154122.txt
15634	154123	genealogy/0c992ea2_154123.txt
15635	154124	genealogy/1cf1a7b0_154124.txt
15636	154125	genealogy/ed085969_154125.txt
15637	154126	genealogy/ef889c52_154126.txt
15638	154127	genealogy/5cf3d606_154127.txt
15639	154128	genealogy/a57acea1_154128.txt
15640	154129	genealogy/62a5b1cf_154129.txt
15641	154130	genealogy/9eb1a6c7_154130.txt
15642	154131	genealogy/6131b43a_154131.txt
15643	154132	genealogy/dbe77fed_154132.txt
15644	154133	genealogy/41820943_154133.txt
15645	154134	genealogy/69dd30eb_154134.txt
15646	154135	genealogy/d7575bf7_154135.txt
15647	154136	genealogy/43c053b2_154136.txt
15648	154137	genealogy/b2c71c7c_154137.txt
15649	154138	genealogy/5b30ab72_154138.txt
15650	154139	genealogy/eabcc1f6_154139.txt
15651	154140	genealogy/6ab778af_154140.txt
15652	154141	genealogy/835762c1_154141.txt
15653	154142	genealogy/e78d32a8_154142.txt
15654	154143	genealogy/c3fefea6_154143.txt
15655	154144	genealogy/0d4f8bba_154144.txt
15656	154145	genealogy/1e46aeff_154145.txt
15657	154146	genealogy/391e2556_154146.txt
15658	154147	genealogy/d3ffe7e1_154147.txt
15659	154148	genealogy/ae93e995_154148.txt
15660	154149	genealogy/8441f115_154149.txt
15661	154150	genealogy/209e026a_154150.txt
15662	154151	genealogy/b5515db0_154151.txt
15663	154152	genealogy/d37a5072_154152.txt
15664	154153	genealogy/63f066e0_154153.txt
15665	154154	genealogy/befc4bc8_154154.txt
15666	154155	genealogy/545002b1_154155.txt
15667	154156	genealogy/91c5fe1c_154156.txt
15668	154157	genealogy/30639366_154157.txt
15669	154158	genealogy/e6de53ba_154158.txt
15670	154159	genealogy/f8b97a76_154159.txt
15671	154160	genealogy/5c38d856_154160.txt
15672	154161	genealogy/0b2f7fdb_154161.txt
15673	154162	genealogy/347beb3f_154162.txt
15674	154163	genealogy/9de1e500_154163.txt
15675	154164	genealogy/057b7c5b_154164.txt
15676	154165	genealogy/fca01c88_154165.txt
15677	154166	genealogy/b3c00219_154166.txt
15678	154167	genealogy/1bb5d043_154167.txt
15679	154168	genealogy/f08dd463_154168.txt
15680	154169	genealogy/a72167ba_154169.txt
15681	154170	genealogy/0b19adc6_154170.txt
15682	154171	genealogy/25beed79_154171.txt
15683	154172	genealogy/4ecaf07f_154172.txt
15684	154173	genealogy/a1547cf9_154173.txt
15685	154174	genealogy/5bfc4ec8_154174.txt
15686	154175	genealogy/b57c7294_154175.txt
15687	154176	genealogy/20e21205_154176.txt
15688	154177	genealogy/c8565eaf_154177.txt
15689	154178	genealogy/a5473b62_154178.txt
15690	154179	genealogy/3927bfe5_154179.txt
15691	154180	genealogy/c9f5fe11_154180.txt
15692	154181	genealogy/7458e569_154181.txt
15693	154182	genealogy/a2b072f7_154182.txt
15694	154183	genealogy/e6d92afb_154183.txt
15695	154184	genealogy/85152770_154184.txt
15696	154185	genealogy/09bfd37d_154185.txt
15697	154186	genealogy/14175318_154186.txt
15698	154187	genealogy/a8dadd20_154187.txt
15699	154188	genealogy/6b050879_154188.txt
15700	154189	genealogy/20613535_154189.txt
15701	154190	genealogy/1c5fae4a_154190.txt
15702	154191	genealogy/dfae4044_154191.txt
15703	154192	genealogy/073fa807_154192.txt
15704	154193	genealogy/88fec9ec_154193.txt
15705	154194	genealogy/32e7e9b1_154194.txt
15706	154195	genealogy/fb66401c_154195.txt
15707	154196	genealogy/7dc1d6c5_154196.txt
15708	154197	genealogy/acd00ba3_154197.txt
15709	154198	genealogy/d73d5f46_154198.txt
15710	154199	genealogy/04e22a96_154199.txt
15711	154200	genealogy/aaf4fbae_154200.txt
15712	154201	genealogy/a8086b77_154201.txt
15713	154202	genealogy/292a67d7_154202.txt
15714	154203	genealogy/27dd65f7_154203.txt
15715	154204	genealogy/641d87a1_154204.txt
15716	154205	genealogy/c16ac8aa_154205.txt
15717	154206	genealogy/f0dc316b_154206.txt
15718	154207	genealogy/41e53c0e_154207.txt
15719	154208	genealogy/287380bc_154208.txt
15720	154209	genealogy/ee81bf2f_154209.txt
15721	154210	genealogy/5f36daca_154210.txt
15722	154211	genealogy/55ec506d_154211.txt
15723	154212	genealogy/546519f2_154212.txt
15724	154213	genealogy/f46523ae_154213.txt
15725	154214	genealogy/68012c6a_154214.txt
15726	154215	genealogy/67c78fcc_154215.txt
15727	154216	genealogy/ad61ce51_154216.txt
15728	154217	genealogy/57f61d87_154217.txt
15729	154218	genealogy/a5ed929b_154218.txt
15730	154219	genealogy/b9a9c3ba_154219.txt
15731	154220	genealogy/656e42c7_154220.txt
15732	154221	genealogy/63af9675_154221.txt
15733	154222	genealogy/56e60e08_154222.txt
15734	154223	genealogy/29b168c2_154223.txt
15735	154224	genealogy/fedbec65_154224.txt
15736	154225	genealogy/36838f19_154225.txt
15737	154226	genealogy/fcd53faa_154226.txt
15738	154227	genealogy/8fa2ce3d_154227.txt
15739	154228	genealogy/e1ece9cc_154228.txt
15740	154229	genealogy/5b079bcc_154229.txt
15741	154230	genealogy/c3b8c50a_154230.txt
15742	154231	genealogy/437137b4_154231.txt
15743	154232	genealogy/4c0243a8_154232.txt
15744	154233	genealogy/b8e7f882_154233.txt
15745	154234	genealogy/66c6d2db_154234.txt
15746	154235	genealogy/7a6430a4_154235.txt
15747	154236	genealogy/a7ea79c9_154236.txt
15748	154237	genealogy/ba5becba_154237.txt
15749	154238	genealogy/fc004eea_154238.txt
15750	154239	genealogy/35722b4b_154239.txt
15751	154240	genealogy/d79f8dfe_154240.txt
15752	154241	genealogy/8e396d04_154241.txt
15753	154242	genealogy/83ff5b3a_154242.txt
15754	154243	genealogy/732da47d_154243.txt
15755	154244	genealogy/414d9616_154244.txt
15756	154245	genealogy/d48c7172_154245.txt
15757	154246	genealogy/22f2f931_154246.txt
15758	154247	genealogy/cfa9c481_154247.txt
15759	154248	genealogy/3406227f_154248.txt
15760	154249	genealogy/7cf462d2_154249.txt
15761	154250	genealogy/e051d429_154250.txt
15762	154251	genealogy/e1c14f9a_154251.txt
15763	154252	genealogy/aa954dea_154252.txt
15764	154253	genealogy/36a71f55_154253.txt
15765	154254	genealogy/6f38b89d_154254.txt
15766	154255	genealogy/766b5dcc_154255.txt
15767	154256	genealogy/c562644b_154256.txt
15768	154257	genealogy/8326d308_154257.txt
15769	154258	genealogy/2a42877b_154258.txt
15770	154259	genealogy/d993b60c_154259.txt
15771	154260	genealogy/f0ea8c86_154260.txt
15772	154261	genealogy/eecb0e0e_154261.txt
15773	154262	genealogy/a17832fd_154262.txt
15774	154263	genealogy/88ad9496_154263.txt
15775	154264	genealogy/e9db1651_154264.txt
15776	154265	genealogy/68fac03b_154265.txt
15777	154266	genealogy/4611f6d2_154266.txt
15778	154267	genealogy/4c60e6a0_154267.txt
15779	154268	genealogy/637a7188_154268.txt
15780	154269	genealogy/28a098c0_154269.txt
15781	154270	genealogy/b7391e3f_154270.txt
15782	154271	genealogy/ec63d67e_154271.txt
15783	154272	genealogy/54319767_154272.txt
15784	154273	genealogy/ccd2f363_154273.txt
15785	154274	genealogy/cb7c11d3_154274.txt
15786	154275	genealogy/f68c1384_154275.txt
15787	154276	genealogy/a265d565_154276.txt
15788	154277	genealogy/b0d3d2e8_154277.txt
15789	154278	genealogy/7a124e88_154278.txt
15790	154279	genealogy/c4987920_154279.txt
15791	154280	genealogy/aa8adfc8_154280.txt
15792	154281	genealogy/faa46404_154281.txt
15793	154282	genealogy/809fe174_154282.txt
15794	154283	genealogy/fe92858a_154283.txt
15795	154284	genealogy/166092e6_154284.txt
15796	154285	genealogy/8c14c75a_154285.txt
15797	154286	genealogy/e109fcca_154286.txt
15798	154287	genealogy/56a0c3ce_154287.txt
15799	154288	genealogy/2f525b7d_154288.txt
15800	154289	genealogy/1d100d0a_154289.txt
15801	154290	genealogy/825ab8c3_154290.txt
15802	154291	genealogy/ba88e2cf_154291.txt
15803	154292	genealogy/0d75d1d2_154292.txt
15804	154293	genealogy/12c506c8_154293.txt
15805	154294	genealogy/c80bd63d_154294.txt
15806	154295	genealogy/67ed91eb_154295.txt
15807	154296	genealogy/0f585c59_154296.txt
15808	154297	genealogy/306e5365_154297.txt
15809	154298	genealogy/e61d75e6_154298.txt
15810	154299	genealogy/b8a90a0e_154299.txt
15811	154300	genealogy/2842d289_154300.txt
15812	154301	genealogy/a18eaaaa_154301.txt
15813	154302	genealogy/cee23708_154302.txt
15814	154303	genealogy/698ef3ba_154303.txt
15815	154304	genealogy/8dd988bd_154304.txt
15816	154305	genealogy/834bb8c5_154305.txt
15817	154306	genealogy/26fb6328_154306.txt
15818	154307	genealogy/2d9e8e6e_154307.txt
15819	154308	genealogy/be7cda28_154308.txt
15820	154309	genealogy/09313a9f_154309.txt
15821	154310	genealogy/b3044701_154310.txt
15822	154311	genealogy/4a7cbdb5_154311.txt
15823	154312	genealogy/cabc1bbf_154312.txt
15824	154313	genealogy/28dd1428_154313.txt
15825	154314	genealogy/279316a0_154314.txt
15826	154315	genealogy/5dba9ee4_154315.txt
15827	154316	genealogy/c13daffe_154316.txt
15828	154317	genealogy/89c1b996_154317.txt
15829	154318	genealogy/78639462_154318.txt
15830	154319	genealogy/6edbbd3e_154319.txt
15831	154320	genealogy/da552cef_154320.txt
15832	154321	genealogy/0654b10d_154321.txt
15833	154322	genealogy/3d466740_154322.txt
15834	154323	genealogy/5c25c105_154323.txt
15835	154324	genealogy/1aeaedf8_154324.txt
15836	154325	genealogy/809fe174_154325.txt
15837	154326	genealogy/fe92858a_154326.txt
15838	154327	genealogy/ccd2f363_154327.txt
15839	154328	genealogy/cb7c11d3_154328.txt
15840	154329	genealogy/2f525b7d_154329.txt
15841	154330	genealogy/1d100d0a_154330.txt
15842	154331	genealogy/825ab8c3_154331.txt
15843	154332	genealogy/ba88e2cf_154332.txt
15844	154333	genealogy/03fb7d7a_154333.txt
15845	154334	genealogy/be7cda28_154334.txt
15846	154335	genealogy/a265d565_154335.txt
15847	154336	genealogy/28dd1428_154336.txt
15848	154337	genealogy/279316a0_154337.txt
15849	154338	genealogy/5dba9ee4_154338.txt
15850	154339	genealogy/c13daffe_154339.txt
15851	154340	genealogy/faa46404_154340.txt
15852	154341	genealogy/166092e6_154341.txt
15853	154342	genealogy/8c14c75a_154342.txt
15854	154343	genealogy/e109fcca_154343.txt
15855	154344	genealogy/56a0c3ce_154344.txt
15856	154345	genealogy/0d75d1d2_154345.txt
15857	154346	genealogy/12c506c8_154346.txt
15858	154347	genealogy/c80bd63d_154347.txt
15859	154348	genealogy/67ed91eb_154348.txt
15860	154349	genealogy/0f585c59_154349.txt
15861	154350	genealogy/306e5365_154350.txt
15862	154351	genealogy/e61d75e6_154351.txt
15863	154352	genealogy/b8a90a0e_154352.txt
15864	154353	genealogy/2842d289_154353.txt
15865	154354	genealogy/a18eaaaa_154354.txt
15866	154355	genealogy/cee23708_154355.txt
15867	154356	genealogy/2d9e8e6e_154356.txt
15868	154357	genealogy/09313a9f_154357.txt
15869	154358	genealogy/b3044701_154358.txt
15870	154359	genealogy/4a7cbdb5_154359.txt
15871	154360	genealogy/cabc1bbf_154360.txt
15872	154361	genealogy/89c1b996_154361.txt
15873	154362	genealogy/78639462_154362.txt
15874	154363	genealogy/6edbbd3e_154363.txt
15875	154364	genealogy/da552cef_154364.txt
15876	154365	genealogy/0654b10d_154365.txt
15877	154366	genealogy/3d466740_154366.txt
15878	154367	genealogy/5c25c105_154367.txt
15879	154368	genealogy/adcc608b_154368.txt
15880	154369	genealogy/cf854a90_154369.txt
15881	154370	genealogy/d4899361_154370.txt
15882	154371	genealogy/6d38e777_154371.txt
15883	154372	genealogy/1fefbd99_154372.txt
15884	154373	genealogy/a7b89be7_154373.txt
15885	154374	genealogy/1ba26627_154374.txt
15886	154375	genealogy/ae6db6b5_154375.txt
15887	154376	genealogy/e449d7de_154376.txt
15888	154377	genealogy/ee81bf2f_154377.txt
15889	154378	genealogy/5f36daca_154378.txt
15890	154379	genealogy/2d4c9174_154379.txt
15891	154380	genealogy/875c1030_154380.txt
15892	154381	genealogy/3b88bb05_154381.txt
15893	154382	genealogy/ecfbd866_154382.txt
15894	154383	genealogy/b1a474f8_154383.txt
15895	154384	genealogy/c2b56aa9_154384.txt
15896	154385	genealogy/ccf29f34_154385.txt
15897	154386	genealogy/3c41183f_154386.txt
15898	154387	genealogy/52366ea5_154387.txt
15899	154388	genealogy/59404eaa_154388.txt
15900	154389	genealogy/6045bc84_154389.txt
15901	154390	genealogy/07cec883_154390.txt
15902	154391	genealogy/bf228352_154391.txt
15903	154392	genealogy/5c0169c6_154392.txt
15904	154393	genealogy/92b93f46_154393.txt
15905	154394	genealogy/8180f55d_154394.txt
15906	154395	genealogy/373ee00e_154395.txt
15907	154396	genealogy/295a06ff_154396.txt
15908	154397	genealogy/32ffff27_154397.txt
15909	154398	genealogy/c28561f9_154398.txt
15910	154399	genealogy/30c1899c_154399.txt
15911	154400	genealogy/e5e52bae_154400.txt
15912	154401	genealogy/a8ad32c0_154401.txt
15913	154402	genealogy/cfeba436_154402.txt
15914	154403	genealogy/4d0bc5c1_154403.txt
15915	154404	genealogy/1af97ef6_154404.txt
15916	154405	genealogy/f831874b_154405.txt
15917	154406	genealogy/a6725422_154406.txt
15918	154407	genealogy/e5f5a41d_154407.txt
15919	154408	genealogy/2ed5c495_154408.txt
15920	154409	genealogy/0f7f2871_154409.txt
15921	154410	genealogy/60a22882_154410.txt
15922	154411	genealogy/016b6640_154411.txt
15923	154412	genealogy/f615e8c6_154412.txt
15924	154413	genealogy/17f1e634_154413.txt
15925	154414	genealogy/9e1d6ba2_154414.txt
15926	154415	genealogy/ce5a5f38_154415.txt
15927	154416	genealogy/6117d987_154416.txt
15928	154417	genealogy/c24b7144_154417.txt
15929	154418	genealogy/8c623b9b_154418.txt
15930	154419	genealogy/f9fb5a35_154419.txt
15931	154420	genealogy/51cf9f9e_154420.txt
15932	154421	genealogy/cf4b0bef_154421.txt
15933	154422	genealogy/5e312c47_154422.txt
15934	154423	genealogy/199d9982_154423.txt
15935	154424	genealogy/0baceb59_154424.txt
15936	154425	genealogy/6745e9dc_154425.txt
15937	154426	genealogy/c01134c6_154426.txt
15938	154427	genealogy/36c4ba98_154427.txt
15939	154428	genealogy/2303e084_154428.txt
15940	154429	genealogy/746781d4_154429.txt
15941	154430	genealogy/e9b8db5b_154430.txt
15942	154431	genealogy/61aa37cc_154431.txt
15943	154432	genealogy/61a8dadf_154432.txt
15944	154433	genealogy/97429e1b_154433.txt
15945	154434	genealogy/133c6dc6_154434.txt
15946	154435	genealogy/17e7da04_154435.txt
15947	154436	genealogy/e118d0ed_154436.txt
15948	154437	genealogy/93c7e85d_154437.txt
15949	154438	genealogy/0196bb92_154438.txt
15950	154439	genealogy/31b37610_154439.txt
15951	154440	genealogy/088490de_154440.txt
15952	154441	genealogy/1a360f4d_154441.txt
15953	154442	genealogy/b0630ec9_154442.txt
15954	154443	genealogy/f01bfb9b_154443.txt
15955	154444	genealogy/dcb25ef8_154444.txt
15956	154445	genealogy/45ce8dab_154445.txt
15957	154446	genealogy/4445a016_154446.txt
15958	154447	genealogy/e65f221f_154447.txt
15959	154448	genealogy/82ea8ddc_154448.txt
15960	154449	genealogy/fa778c2f_154449.txt
15961	154450	genealogy/6b7d9cf0_154450.txt
15962	154451	genealogy/0078dc65_154451.txt
15963	154452	genealogy/5582cc52_154452.txt
15964	154453	genealogy/5ceeb72b_154453.txt
15965	154454	genealogy/36898d93_154454.txt
15966	154455	genealogy/ed10c608_154455.txt
15967	154456	genealogy/e15b7b0f_154456.txt
15968	154457	genealogy/0d3cea84_154457.txt
15969	154458	genealogy/c00c8676_154458.txt
15970	154459	genealogy/d65fd875_154459.txt
15971	154460	genealogy/d77e53bb_154460.txt
15972	154461	genealogy/ccb67506_154461.txt
15973	154462	genealogy/c28561f9_154462.txt
15974	154463	genealogy/67c52307_154463.txt
15975	154464	genealogy/adbbe420_154464.txt
15976	154465	genealogy/4fe2cd3c_154465.txt
15977	154466	genealogy/4b997b2b_154466.txt
15978	154467	genealogy/02416f26_154467.txt
15979	154468	genealogy/b1e72737_154468.txt
15980	154469	genealogy/7ff4137c_154469.txt
15981	154470	genealogy/24b21090_154470.txt
15982	154471	genealogy/6d84d64d_154471.txt
15983	154472	genealogy/a5f1f27b_154472.txt
15984	154473	genealogy/a08317ea_154473.txt
15985	154474	genealogy/6c84f54c_154474.txt
15986	154475	genealogy/0d5420cb_154475.txt
15987	154476	genealogy/72c0b773_154476.txt
15988	154477	genealogy/25b7369d_154477.txt
15989	154478	genealogy/e128fe23_154478.txt
15990	154479	genealogy/3455ad0c_154479.txt
15991	154480	genealogy/238a6996_154480.txt
15992	154481	genealogy/792163be_154481.txt
15993	154482	genealogy/0e575650_154482.txt
15994	154483	genealogy/42e5974e_154483.txt
15995	154484	genealogy/89bdb4be_154484.txt
15996	154485	genealogy/1e8e8218_154485.txt
15997	154486	genealogy/8acb718a_154486.txt
15998	154487	genealogy/5424bda6_154487.txt
15999	154488	genealogy/7246356b_154488.txt
16000	154489	genealogy/eb5b6252_154489.txt
16001	154490	genealogy/f5fe1d14_154490.txt
16002	154491	genealogy/937c2638_154491.txt
16003	154492	genealogy/a0094d66_154492.txt
16004	154493	genealogy/42bd1745_154493.txt
16005	154494	genealogy/5f406214_154494.txt
16006	154495	genealogy/3da5b9e9_154495.txt
16007	154496	genealogy/3636f01c_154496.txt
16008	154497	genealogy/b9149f9c_154497.txt
16009	154498	genealogy/bc69018b_154498.txt
16010	154499	genealogy/a1ce6692_154499.txt
16011	154500	genealogy/2e8c869b_154500.txt
16012	154501	genealogy/ec410d05_154501.txt
16013	154502	genealogy/a4af219f_154502.txt
16014	154503	genealogy/16805dfb_154503.txt
16015	154504	genealogy/1e5393c6_154504.txt
16016	154505	genealogy/2edba6b2_154505.txt
16017	154506	genealogy/93c140f2_154506.txt
16018	154507	genealogy/f0f37de4_154507.txt
16019	154508	genealogy/189b99b3_154508.txt
16020	154509	genealogy/580ea219_154509.txt
16021	154510	genealogy/e107a265_154510.txt
16022	154511	genealogy/3e43582b_154511.txt
16023	154512	genealogy/2bc9f0c2_154512.txt
16024	154513	genealogy/53823437_154513.txt
16025	154514	genealogy/313b3134_154514.txt
16026	154515	genealogy/24a0b3ec_154515.txt
16027	154516	genealogy/414bd033_154516.txt
16028	154517	genealogy/8756547e_154517.txt
16029	154518	genealogy/8f3cf026_154518.txt
16030	154519	genealogy/a4466124_154519.txt
16031	154520	genealogy/2b98295d_154520.txt
16032	154521	genealogy/7812463f_154521.txt
16033	154522	genealogy/d292080f_154522.txt
16034	154523	genealogy/2e2fd126_154523.txt
16035	154524	genealogy/2c3c2d9e_154524.txt
16036	154525	genealogy/242a80e0_154525.txt
16037	154526	genealogy/0d4f8bba_154526.txt
16038	154527	genealogy/80045248_154527.txt
16039	154528	genealogy/3d7dd6f6_154528.txt
16040	154529	genealogy/92e29108_154529.txt
16041	154530	genealogy/fd408d45_154530.txt
16042	154531	genealogy/9f23807d_154531.txt
16043	154532	genealogy/e3583e0f_154532.txt
16044	154533	genealogy/540bb07a_154533.txt
16045	154534	genealogy/b0373a9a_154534.txt
16046	154535	genealogy/11a82c75_154535.txt
16047	154536	genealogy/52a44c87_154536.txt
16048	154537	genealogy/ffbd4e5f_154537.txt
16049	154538	genealogy/6ba134d2_154538.txt
16050	154539	genealogy/5a9d2650_154539.txt
16051	154540	genealogy/0af5e8a8_154540.txt
16052	154541	genealogy/7501e56b_154541.txt
16053	154542	genealogy/49cbfac4_154542.txt
16054	154543	genealogy/0cf06862_154543.txt
16055	154544	genealogy/63a12fe3_154544.txt
16056	154545	genealogy/57f602c7_154545.txt
16057	154546	genealogy/141e8a92_154546.txt
16058	154547	genealogy/3c470632_154547.txt
16059	154548	genealogy/f4c3f3a7_154548.txt
16060	154549	genealogy/c28561f9_154549.txt
16061	154550	genealogy/81ff7008_154550.txt
16062	154551	genealogy/9844f374_154551.txt
16063	154552	genealogy/da26b78b_154552.txt
16064	154553	genealogy/7b48c2c1_154553.txt
16065	154554	genealogy/c2153e7e_154554.txt
16066	154555	genealogy/a5f66023_154555.txt
16067	154556	genealogy/4c69aba4_154556.txt
16068	154557	genealogy/72bc5c13_154557.txt
16069	154558	genealogy/3cfefdd6_154558.txt
16070	154559	genealogy/a3cbec3f_154559.txt
16071	154560	genealogy/ed943a67_154560.txt
16072	154561	genealogy/3722fe1f_154561.txt
16073	154562	genealogy/027297ae_154562.txt
16074	154563	genealogy/121d4f46_154563.txt
16075	154564	genealogy/718d3bfa_154564.txt
16076	154565	genealogy/98fe8591_154565.txt
16077	154566	genealogy/4d15d289_154566.txt
16078	154567	genealogy/8fa28ced_154567.txt
16079	154568	genealogy/427ebf84_154568.txt
16080	154569	genealogy/826d0b2c_154569.txt
16081	154570	genealogy/b901573c_154570.txt
16082	154571	genealogy/f9c3acb7_154571.txt
16083	154572	genealogy/36768021_154572.txt
16084	154573	genealogy/2964b6ea_154573.txt
16085	154574	genealogy/1dcc4ec0_154574.txt
16086	154575	genealogy/53648b55_154575.txt
16087	154576	genealogy/975d28ce_154576.txt
16088	154577	genealogy/97d0f578_154577.txt
16089	154578	genealogy/40bb7fd1_154578.txt
16090	154579	genealogy/30f885a1_154579.txt
16091	154580	genealogy/4e28c016_154580.txt
16092	154581	genealogy/40296d57_154581.txt
16093	154582	genealogy/b03ddfba_154582.txt
16094	154583	genealogy/cdbf0849_154583.txt
16095	154584	genealogy/fa8a36b3_154584.txt
16096	154585	genealogy/7c3d7ff9_154585.txt
16097	154586	genealogy/1f2daf6c_154586.txt
16098	154587	genealogy/6d5c9c8e_154587.txt
16099	154588	genealogy/4728bd73_154588.txt
16100	154589	genealogy/144943be_154589.txt
16101	154590	genealogy/69dea37f_154590.txt
16102	154591	genealogy/b256fddd_154591.txt
16103	154592	genealogy/64a2da69_154592.txt
16104	154593	genealogy/c228ba6f_154593.txt
16105	154594	genealogy/acd00ba3_154594.txt
16106	154595	genealogy/5b7493b8_154595.txt
16107	154596	genealogy/e5c0cd54_154596.txt
16108	154597	genealogy/1b18bd22_154597.txt
16109	154598	genealogy/31a39d23_154598.txt
16110	154599	genealogy/33c2254a_154599.txt
16111	154600	genealogy/32e7e9b1_154600.txt
16112	154601	genealogy/fb66401c_154601.txt
16113	154602	genealogy/7dc1d6c5_154602.txt
16114	154603	genealogy/d73d5f46_154603.txt
16115	154604	genealogy/04e22a96_154604.txt
16116	154605	genealogy/8a832e2a_154605.txt
16117	154606	genealogy/81bc1b1f_154606.txt
16118	154607	genealogy/c1a8bc69_154607.txt
16119	154608	genealogy/4ea2a651_154608.txt
16120	154609	genealogy/c54d829c_154609.txt
16121	154610	genealogy/61c351c3_154610.txt
16122	154611	genealogy/24b70a30_154611.txt
16123	154612	genealogy/c30b49b7_154612.txt
16124	154613	genealogy/96cf87cd_154613.txt
16125	154614	genealogy/6f3c9dd8_154614.txt
16126	154615	genealogy/fecad096_154615.txt
16127	154616	genealogy/ee2d5591_154616.txt
16128	154617	genealogy/89de7208_154617.txt
16129	154618	genealogy/3efc41dc_154618.txt
16130	154619	genealogy/a605929f_154619.txt
16131	154620	genealogy/38af4c74_154620.txt
16132	154621	genealogy/ab921622_154621.txt
16133	154622	genealogy/93fb9fe9_154622.txt
16134	154623	genealogy/15c9508a_154623.txt
16135	154624	genealogy/41896edf_154624.txt
16136	154625	genealogy/662e6f26_154625.txt
16137	154626	genealogy/76b558f7_154626.txt
16138	154627	genealogy/a4586a4d_154627.txt
16139	154628	genealogy/b51a98e0_154628.txt
16140	154629	genealogy/5358d59d_154629.txt
16141	154630	genealogy/03c2a4c6_154630.txt
16142	154631	genealogy/b62308ee_154631.txt
16143	154632	genealogy/20a26326_154632.txt
16144	154633	genealogy/dc6084ee_154633.txt
16145	154634	genealogy/f101e5fb_154634.txt
16146	154635	genealogy/13819637_154635.txt
16147	154636	genealogy/4faf5780_154636.txt
16148	154637	genealogy/03f81b37_154637.txt
16149	154638	genealogy/f3dfd4db_154638.txt
16150	154639	genealogy/54256579_154639.txt
16151	154640	genealogy/99ac7833_154640.txt
16152	154641	genealogy/a8913260_154641.txt
16153	154642	genealogy/47a587f7_154642.txt
16154	154643	genealogy/a305d917_154643.txt
16155	154644	genealogy/bb759d26_154644.txt
16156	154645	genealogy/41139412_154645.txt
16157	154646	genealogy/a72ba183_154646.txt
16158	154647	genealogy/6931cd37_154647.txt
16159	154648	genealogy/38bbf46b_154648.txt
16160	154649	genealogy/1d0ba7ef_154649.txt
16161	154650	genealogy/34e250aa_154650.txt
16162	154651	genealogy/3e83ab6f_154651.txt
16163	154652	genealogy/ef68b7f9_154652.txt
16164	154653	genealogy/6eb48ca7_154653.txt
16165	154654	genealogy/5e1c65fc_154654.txt
16166	154655	genealogy/befc4648_154655.txt
16167	154656	genealogy/bb9f5d5a_154656.txt
16168	154657	genealogy/42d0a0a4_154657.txt
16169	154658	genealogy/d6ccc288_154658.txt
16170	154659	genealogy/221f365f_154659.txt
16171	154660	genealogy/04f57016_154660.txt
16172	154661	genealogy/95ee85cb_154661.txt
16173	154662	genealogy/66fc3fef_154662.txt
16174	154663	genealogy/859927c9_154663.txt
16175	154664	genealogy/f0f12b0a_154664.txt
16176	154665	genealogy/d7aaf626_154665.txt
16177	154666	genealogy/100b6f09_154666.txt
16178	154667	genealogy/3acbef3f_154667.txt
16179	154668	genealogy/d8f2c7e6_154668.txt
16180	154669	genealogy/b3179bac_154669.txt
16181	154670	genealogy/f14417ec_154670.txt
16182	154671	genealogy/9a9b17a0_154671.txt
16183	154672	genealogy/6dbfcf8e_154672.txt
16184	154673	genealogy/6ea31da7_154673.txt
16185	154674	genealogy/76bbc099_154674.txt
16186	154675	genealogy/aa8e1aee_154675.txt
16187	154676	genealogy/da37482a_154676.txt
16188	154677	genealogy/6ea31da7_154677.txt
16189	154678	genealogy/76bbc099_154678.txt
16190	154679	genealogy/aa8e1aee_154679.txt
16191	154680	genealogy/da37482a_154680.txt
16192	154681	genealogy/8e5d3aa4_154681.txt
16193	154682	genealogy/88461eb7_154682.txt
16194	154683	genealogy/f877b4e3_154683.txt
16195	154684	genealogy/b0dbdc27_154684.txt
16196	154685	genealogy/da8c219c_154685.txt
16197	154686	genealogy/5bbd5932_154686.txt
16198	154687	genealogy/d1accb47_154687.txt
16199	154688	genealogy/35a5e02b_154688.txt
16200	154689	genealogy/55080e51_154689.txt
16201	154690	genealogy/c8a50880_154690.txt
16202	154691	genealogy/4efb5862_154691.txt
16203	154692	genealogy/c97227b9_154692.txt
16204	154693	genealogy/ff440f8a_154693.txt
16205	154694	genealogy/4be0b621_154694.txt
16206	154695	genealogy/d85f6512_154695.txt
16207	154696	genealogy/3f56b080_154696.txt
16208	154697	genealogy/389b2a32_154697.txt
16209	154698	genealogy/d98d53f8_154698.txt
16210	154699	genealogy/b1bddf32_154699.txt
16211	154700	genealogy/05bfadbb_154700.txt
16212	154701	genealogy/432cba59_154701.txt
16213	154702	genealogy/43c2386e_154702.txt
16214	154703	genealogy/daa5ef8e_154703.txt
16215	154704	genealogy/61ce28f6_154704.txt
16216	154705	genealogy/168d4a64_154705.txt
16217	154706	genealogy/c852a941_154706.txt
16218	154707	genealogy/6e56dbc2_154707.txt
16219	154708	genealogy/2135e3dc_154708.txt
16220	154709	genealogy/4be95645_154709.txt
16221	154710	genealogy/8afc86fb_154710.txt
16222	154711	genealogy/ff6590ec_154711.txt
16223	154712	genealogy/94e1babf_154712.txt
16224	154713	genealogy/41058493_154713.txt
16225	154714	genealogy/af1d5169_154714.txt
16226	154715	genealogy/62c25cd2_154715.txt
16227	154716	genealogy/fbf7ba69_154716.txt
16228	154717	genealogy/9436380f_154717.txt
16229	154718	genealogy/4bc3c4b6_154718.txt
16230	154719	genealogy/41babd5c_154719.txt
16231	154720	genealogy/cacb5400_154720.txt
16232	154721	genealogy/c902c571_154721.txt
16233	154722	genealogy/8e1da8fe_154722.txt
16234	154723	genealogy/a0ce6989_154723.txt
16235	154724	genealogy/da32b7d2_154724.txt
16236	154725	genealogy/a7ba97d9_154725.txt
16237	154726	genealogy/16348524_154726.txt
16238	154727	genealogy/46a8b799_154727.txt
16239	154728	genealogy/7f19b8a8_154728.txt
16240	154729	genealogy/f8e796a9_154729.txt
16241	154730	genealogy/0ea75b4c_154730.txt
16242	154731	genealogy/a0fd397f_154731.txt
16243	154732	genealogy/9026b1fb_154732.txt
16244	154733	genealogy/369cb909_154733.txt
16245	154734	genealogy/1e31730a_154734.txt
16246	154735	genealogy/8591bfd7_154735.txt
16247	154736	genealogy/8661dd8a_154736.txt
16248	154737	genealogy/3803b52a_154737.txt
16249	154738	genealogy/ecce385b_154738.txt
16250	154739	genealogy/3074e724_154739.txt
16251	154740	genealogy/2dd199fc_154740.txt
16252	154741	genealogy/aa2e1a9c_154741.txt
16253	154742	genealogy/565a6e9d_154742.txt
16254	154743	genealogy/1f72a78f_154743.txt
16255	154744	genealogy/823dfc4c_154744.txt
16256	154745	genealogy/a48f5626_154745.txt
16257	154746	genealogy/d1c803f0_154746.txt
16258	154747	genealogy/e5eb12be_154747.txt
16259	154748	genealogy/fbf71854_154748.txt
16260	154749	genealogy/3262031a_154749.txt
16261	154750	genealogy/b67a53b8_154750.txt
16262	154751	genealogy/334a60c9_154751.txt
16263	154752	genealogy/b256dc10_154752.txt
16264	154753	genealogy/0afab4f3_154753.txt
16265	154754	genealogy/06919b34_154754.txt
16266	154755	genealogy/804d6ca1_154755.txt
16267	154756	genealogy/4764af8e_154756.txt
16268	154757	genealogy/62327e21_154757.txt
16269	154758	genealogy/086f2a82_154758.txt
16270	154759	genealogy/ddefa987_154759.txt
16271	154760	genealogy/71a8c1f9_154760.txt
16272	154761	genealogy/105a72d4_154761.txt
16273	154762	genealogy/05a6817c_154762.txt
16274	154763	genealogy/2bde74f9_154763.txt
16275	154764	genealogy/bdfacaab_154764.txt
16276	154765	genealogy/9b913ef3_154765.txt
16277	154766	genealogy/f65bf266_154766.txt
16278	154767	genealogy/18bca6c1_154767.txt
16279	154768	genealogy/92968506_154768.txt
16280	154769	genealogy/855a648c_154769.txt
16281	154770	genealogy/f99a6b9c_154770.txt
16282	154771	genealogy/6aaf83d7_154771.txt
16283	154772	genealogy/2d515890_154772.txt
16284	154773	genealogy/a51502ed_154773.txt
16285	154774	genealogy/1ab5756a_154774.txt
16286	154775	genealogy/333652ad_154775.txt
16287	154776	genealogy/6c18b30a_154776.txt
16288	154777	genealogy/19f1f639_154777.txt
16289	154778	genealogy/1bc185c6_154778.txt
16290	154779	genealogy/03efa80d_154779.txt
16291	154780	genealogy/86714180_154780.txt
16292	154781	genealogy/dfe753ea_154781.txt
16293	154782	genealogy/2090be53_154782.txt
16294	154783	genealogy/376f5f30_154783.txt
16295	154784	genealogy/4f9baa6e_154784.txt
16296	154785	genealogy/d4b5bd39_154785.txt
16297	154786	genealogy/44ff8f31_154786.txt
16298	154787	genealogy/6e7d40c1_154787.txt
16299	154788	genealogy/dcf1e3c8_154788.txt
16300	154789	genealogy/9dc4db7e_154789.txt
16301	154790	genealogy/359bf4e5_154790.txt
16302	154791	genealogy/f6d0ba5c_154791.txt
16303	154792	genealogy/f05b9073_154792.txt
16304	154793	genealogy/aec42d6a_154793.txt
16305	154794	genealogy/1546b2cf_154794.txt
16306	154795	genealogy/96ce51ad_154795.txt
16307	154796	genealogy/e95ea7d5_154796.txt
16308	154797	genealogy/6b713c2f_154797.txt
16309	154798	genealogy/8449a055_154798.txt
16310	154799	genealogy/f5996e86_154799.txt
16311	154800	genealogy/c704fbc7_154800.txt
16312	154801	genealogy/ee221521_154801.txt
16313	154802	genealogy/5a6a8867_154802.txt
16314	154803	genealogy/f76176f9_154803.txt
16315	154804	genealogy/22b9384d_154804.txt
16316	154805	genealogy/c902c571_154805.txt
16317	154806	genealogy/16348524_154806.txt
16318	154807	genealogy/e5eb12be_154807.txt
16319	154808	genealogy/46a8b799_154808.txt
16320	154809	genealogy/7f19b8a8_154809.txt
16321	154810	genealogy/f8e796a9_154810.txt
16322	154811	genealogy/0ea75b4c_154811.txt
16323	154812	genealogy/a0fd397f_154812.txt
16324	154813	genealogy/9026b1fb_154813.txt
16325	154814	genealogy/fbf71854_154814.txt
16326	154815	genealogy/369cb909_154815.txt
16327	154816	genealogy/1e31730a_154816.txt
16328	154817	genealogy/334a60c9_154817.txt
16329	154818	genealogy/72c4357d_154818.txt
16330	154819	genealogy/8591bfd7_154819.txt
16331	154820	genealogy/2dd199fc_154820.txt
16332	154821	genealogy/0afab4f3_154821.txt
16333	154822	genealogy/aa2e1a9c_154822.txt
16334	154823	genealogy/565a6e9d_154823.txt
16335	154824	genealogy/1f72a78f_154824.txt
16336	154825	genealogy/06919b34_154825.txt
16337	154826	genealogy/823dfc4c_154826.txt
16338	154827	genealogy/a48f5626_154827.txt
16339	154828	genealogy/804d6ca1_154828.txt
16340	154829	genealogy/d1c803f0_154829.txt
16341	154830	genealogy/086f2a82_154830.txt
16342	154831	genealogy/3262031a_154831.txt
16343	154832	genealogy/b67a53b8_154832.txt
16344	154833	genealogy/b256dc10_154833.txt
16345	154834	genealogy/4764af8e_154834.txt
16346	154835	genealogy/62327e21_154835.txt
16347	154836	genealogy/ddefa987_154836.txt
16348	154837	genealogy/5a43d99c_154837.txt
16349	154838	genealogy/b100e77c_154838.txt
16350	154839	genealogy/0a3207ab_154839.txt
16351	154840	genealogy/0ddf8db5_154840.txt
16352	154841	genealogy/f8d43772_154841.txt
16353	154842	genealogy/593fc8e7_154842.txt
16354	154843	genealogy/a5469b96_154843.txt
16355	154844	genealogy/b055e0fc_154844.txt
16356	154845	genealogy/764e5129_154845.txt
16357	154846	genealogy/f79d7244_154846.txt
16358	154847	genealogy/807e9238_154847.txt
16359	154848	genealogy/4e08684b_154848.txt
16360	154849	genealogy/d4eacaa9_154849.txt
16361	154850	genealogy/2d59f7de_154850.txt
16362	154851	genealogy/c0e76a2b_154851.txt
16363	154852	genealogy/f216dfd0_154852.txt
16364	154853	genealogy/3718f161_154853.txt
16365	154854	genealogy/e7c7d550_154854.txt
16366	154855	genealogy/69185373_154855.txt
16367	154856	genealogy/9e80440b_154856.txt
16368	154857	genealogy/20c587bc_154857.txt
16369	154858	genealogy/a38589bc_154858.txt
16370	154859	genealogy/f880fac5_154859.txt
16371	154860	genealogy/720131c1_154860.txt
16372	154861	genealogy/ab42e269_154861.txt
16373	154862	genealogy/1cf19229_154862.txt
16374	154863	genealogy/c58e9da9_154863.txt
16375	154864	genealogy/361ca132_154864.txt
16376	154865	genealogy/726f898a_154865.txt
16377	154866	genealogy/883595c9_154866.txt
16378	154867	genealogy/d3fb2336_154867.txt
16379	154868	genealogy/e89a6c2a_154868.txt
16380	154869	genealogy/bd211898_154869.txt
16381	154870	genealogy/275c7a39_154870.txt
16382	154871	genealogy/97ea475e_154871.txt
16383	154872	genealogy/3010d9fa_154872.txt
16384	154873	genealogy/0687a191_154873.txt
16385	154874	genealogy/5c18925f_154874.txt
16386	154875	genealogy/ac669ad7_154875.txt
16387	154876	genealogy/881a4ed8_154876.txt
16388	154877	genealogy/b18285ed_154877.txt
16389	154878	genealogy/1c0de959_154878.txt
16390	154879	genealogy/f341af87_154879.txt
16391	154880	genealogy/b2bf1e15_154880.txt
16392	154881	genealogy/5dcd8dde_154881.txt
16393	154882	genealogy/76c2b027_154882.txt
16394	154883	genealogy/10d75c7a_154883.txt
16395	154884	genealogy/6243048e_154884.txt
16396	154885	genealogy/b845ed39_154885.txt
16397	154886	genealogy/abd419f1_154886.txt
16398	154887	genealogy/c739389b_154887.txt
16399	154888	genealogy/7cc1aff5_154888.txt
16400	154889	genealogy/628badd3_154889.txt
16401	154890	genealogy/d0f9d901_154890.txt
16402	154891	genealogy/6a3b929c_154891.txt
16403	154892	genealogy/a13ebd61_154892.txt
16404	154893	genealogy/adf0cbd4_154893.txt
16405	154894	genealogy/4e991273_154894.txt
16406	154895	genealogy/d658bf8b_154895.txt
16407	154896	genealogy/c353ec38_154896.txt
16408	154897	genealogy/30e44a97_154897.txt
16409	154898	genealogy/353f0ae9_154898.txt
16410	154899	genealogy/65f0e03c_154899.txt
16411	154900	genealogy/2b72e951_154900.txt
16412	154901	genealogy/9ae019c7_154901.txt
16413	154902	genealogy/230287f0_154902.txt
16414	154903	genealogy/539e72b4_154903.txt
16415	154904	genealogy/c6b8e825_154904.txt
16416	154905	genealogy/1012fd8f_154905.txt
16417	154906	genealogy/8af9af94_154906.txt
16418	154907	genealogy/49665273_154907.txt
16419	154908	genealogy/5444c6a4_154908.txt
16420	154909	genealogy/431da21d_154909.txt
16421	154910	genealogy/a98a8d8c_154910.txt
16422	154911	genealogy/3683d804_154911.txt
16423	154912	genealogy/dbd61264_154912.txt
16424	154913	genealogy/5033469c_154913.txt
16425	154914	genealogy/273ce745_154914.txt
16426	154915	genealogy/b0641f4f_154915.txt
16427	154916	genealogy/0b55fb39_154916.txt
16428	154917	genealogy/da2f6b0f_154917.txt
16429	154918	genealogy/17d10101_154918.txt
16430	154919	genealogy/35e3fca4_154919.txt
16431	154920	genealogy/3745c838_154920.txt
16432	154921	genealogy/896e4d5e_154921.txt
16433	154922	genealogy/c1f126e2_154922.txt
16434	154923	genealogy/3e6e1893_154923.txt
16435	154924	genealogy/5ffc8dd3_154924.txt
16436	154925	genealogy/888221ac_154925.txt
16437	154926	genealogy/907e3de1_154926.txt
16438	154927	genealogy/f7a62b75_154927.txt
16439	154928	genealogy/fcdb6d70_154928.txt
16440	154929	genealogy/52d408fc_154929.txt
16441	154930	genealogy/5add3766_154930.txt
16442	154931	genealogy/f736dc26_154931.txt
16443	154932	genealogy/78e7291e_154932.txt
16444	154933	genealogy/b144a0bf_154933.txt
16445	154934	genealogy/ba38978f_154934.txt
16446	154935	genealogy/feefc67c_154935.txt
16447	154936	genealogy/f080678d_154936.txt
16448	154937	genealogy/2c7beba3_154937.txt
16449	154938	genealogy/af831816_154938.txt
16450	154939	genealogy/2e289be1_154939.txt
16451	154940	genealogy/2adfeaa2_154940.txt
16452	154941	genealogy/4c4a1c21_154941.txt
16453	154942	genealogy/553491c4_154942.txt
16454	154943	genealogy/622a3548_154943.txt
16455	154944	genealogy/99f548bc_154944.txt
16456	154945	genealogy/fced9809_154945.txt
16457	154946	genealogy/9ba0972c_154946.txt
16458	154947	genealogy/351070c1_154947.txt
16459	154948	genealogy/56e0161a_154948.txt
16460	154949	genealogy/fb879c84_154949.txt
16461	154950	genealogy/0829d03d_154950.txt
16462	154951	genealogy/da27b384_154951.txt
16463	154952	genealogy/f1972b72_154952.txt
16464	154953	genealogy/1043f6f3_154953.txt
16465	154954	genealogy/5d3dab25_154954.txt
16466	154955	genealogy/acb92c8b_154955.txt
16467	154956	genealogy/9fa59286_154956.txt
16468	154957	genealogy/c2b961d4_154957.txt
16469	154958	genealogy/88c18a9f_154958.txt
16470	154959	genealogy/5883e13b_154959.txt
16471	154960	genealogy/4dbd99e9_154960.txt
16472	154961	genealogy/a50c3fb5_154961.txt
16473	154962	genealogy/4f9177b3_154962.txt
16474	154963	genealogy/049812ba_154963.txt
16475	154964	genealogy/faa3d28d_154964.txt
16476	154965	genealogy/cf2f6e6f_154965.txt
16477	154966	genealogy/a8fe71b5_154966.txt
16478	154967	genealogy/2e719885_154967.txt
16479	154968	genealogy/411aa1da_154968.txt
16480	154969	genealogy/f4ed45d0_154969.txt
16481	154970	genealogy/3632d27c_154970.txt
16482	154971	genealogy/04168687_154971.txt
16483	154972	genealogy/aa43121f_154972.txt
16484	154973	genealogy/e7f86061_154973.txt
16485	154974	genealogy/2200aa2d_154974.txt
16486	154975	genealogy/cc19433a_154975.txt
16487	154976	genealogy/126013a8_154976.txt
16488	154977	genealogy/4512b452_154977.txt
16489	154978	genealogy/f0fc0d4f_154978.txt
16490	154979	genealogy/93624048_154979.txt
16491	154980	genealogy/ddc790e4_154980.txt
16492	154981	genealogy/7fe3520e_154981.txt
16493	154982	genealogy/07f9f424_154982.txt
16494	154983	genealogy/353b66a2_154983.txt
16495	154984	genealogy/c24b5b54_154984.txt
16496	154985	genealogy/304d094b_154985.txt
16497	154986	genealogy/24eaa87f_154986.txt
16498	154987	genealogy/37a6cb87_154987.txt
16499	154988	genealogy/c157ea02_154988.txt
16500	154989	genealogy/9d81c1e7_154989.txt
16501	154990	genealogy/6372d6dd_154990.txt
16502	154991	genealogy/798885a4_154991.txt
16503	154992	genealogy/3f21f59c_154992.txt
16504	154993	genealogy/28a724cc_154993.txt
16505	154994	genealogy/96611578_154994.txt
16506	154995	genealogy/220a1036_154995.txt
16507	154996	genealogy/1e164d36_154996.txt
16508	154997	genealogy/7a94b7e0_154997.txt
16509	154998	genealogy/bda97e61_154998.txt
16510	154999	genealogy/7976b3b8_154999.txt
16511	155000	genealogy/3f932bd6_155000.txt
16512	155001	genealogy/0fc21aa7_155001.txt
16513	155002	genealogy/fbdba071_155002.txt
16514	155003	genealogy/afa31258_155003.txt
16515	155004	genealogy/79d26bca_155004.txt
16516	155005	genealogy/6428c10d_155005.txt
16517	155006	genealogy/57659764_155006.txt
16518	155007	genealogy/c0dcaf2d_155007.txt
16519	155008	genealogy/498bc61c_155008.txt
16520	155009	genealogy/e3729814_155009.txt
16521	155010	genealogy/3915609e_155010.txt
16522	155011	genealogy/90bc5e9b_155011.txt
16523	155012	genealogy/bbf23c95_155012.txt
16524	155013	genealogy/5a04b67b_155013.txt
16525	155014	genealogy/d6da0b43_155014.txt
16526	155015	genealogy/1cacfc20_155015.txt
16527	155016	genealogy/1fc4c8d1_155016.txt
16528	155017	genealogy/82e585d9_155017.txt
16529	155018	genealogy/4a11d2d0_155018.txt
16530	155019	genealogy/2e3f81cf_155019.txt
16531	155020	genealogy/826daa78_155020.txt
16532	155021	genealogy/2d735e91_155021.txt
16533	155022	genealogy/f865df6f_155022.txt
16534	155023	genealogy/0c2d79ee_155023.txt
16535	155024	genealogy/49c6137b_155024.txt
16536	155025	genealogy/1946a8bc_155025.txt
16537	155026	genealogy/1bdaa5cd_155026.txt
16538	155027	genealogy/fd01a0b3_155027.txt
16539	155028	genealogy/ddaa863b_155028.txt
16540	155029	genealogy/32a75b4f_155029.txt
16541	155030	genealogy/92e18a24_155030.txt
16542	155031	genealogy/7d23b553_155031.txt
16543	155032	genealogy/ce563441_155032.txt
16544	155033	genealogy/8e0393e3_155033.txt
16545	155034	genealogy/f50b6e70_155034.txt
16546	155035	genealogy/c0858494_155035.txt
16547	155036	genealogy/6a1374ac_155036.txt
16548	155037	genealogy/3b2b76f2_155037.txt
16549	155038	genealogy/916138e5_155038.txt
16550	155039	genealogy/eadbdcf7_155039.txt
16551	155040	genealogy/338fbdbd_155040.txt
16552	155041	genealogy/ea84dd55_155041.txt
16553	155042	genealogy/82260b2b_155042.txt
16554	155043	genealogy/aa194b7e_155043.txt
16555	155044	genealogy/6e9cef91_155044.txt
16556	155045	genealogy/62650d14_155045.txt
16557	155046	genealogy/37c40b37_155046.txt
16558	155047	genealogy/aeb74885_155047.txt
16559	155048	genealogy/874a832d_155048.txt
16560	155049	genealogy/8e1c91ff_155049.txt
16561	155050	genealogy/f80d87ea_155050.txt
16562	155051	genealogy/00b36b3c_155051.txt
16563	155052	genealogy/0b997b45_155052.txt
16564	155053	genealogy/bd7e5fc4_155053.txt
16565	155054	genealogy/504735b5_155054.txt
16566	155055	genealogy/cd26fc23_155055.txt
16567	155056	genealogy/1aff8930_155056.txt
16568	155057	genealogy/6a2427bf_155057.txt
16569	155058	genealogy/51a93422_155058.txt
16570	155059	genealogy/d111a25c_155059.txt
16571	155060	genealogy/13def2a2_155060.txt
16572	155061	genealogy/9412a641_155061.txt
16573	155062	genealogy/347ee128_155062.txt
16574	155063	genealogy/bfccde5a_155063.txt
16575	155064	genealogy/f33b5829_155064.txt
16576	155065	genealogy/ab5e480c_155065.txt
16577	155066	genealogy/cf4036b2_155066.txt
16578	155067	genealogy/9448570c_155067.txt
16579	155068	genealogy/4d87c00b_155068.txt
16580	155069	genealogy/69764ccd_155069.txt
16581	155070	genealogy/37a57610_155070.txt
16582	155071	genealogy/71b94db1_155071.txt
16583	155072	genealogy/3c75e91e_155072.txt
16584	155073	genealogy/153f3521_155073.txt
16585	155074	genealogy/bd24a72d_155074.txt
16586	155075	genealogy/090e4e16_155075.txt
16587	155076	genealogy/9e9eaa4e_155076.txt
16588	155077	genealogy/ae27047f_155077.txt
16589	155078	genealogy/1900c627_155078.txt
16590	155079	genealogy/2c24b490_155079.txt
16591	155080	genealogy/da13229e_155080.txt
16592	155081	genealogy/3af3d5ad_155081.txt
16593	155082	genealogy/bd5a001f_155082.txt
16594	155083	genealogy/0e593a75_155083.txt
16595	155084	genealogy/60b71921_155084.txt
16596	155085	genealogy/577ab244_155085.txt
16597	155086	genealogy/35cf3c10_155086.txt
16598	155087	genealogy/c2888fe6_155087.txt
16599	155088	genealogy/d343e8ef_155088.txt
16600	155089	genealogy/24a112d1_155089.txt
16601	155090	genealogy/f00d9642_155090.txt
16602	155091	genealogy/6729b95c_155091.txt
16603	155092	genealogy/52a06955_155092.txt
16604	155093	genealogy/e4c80378_155093.txt
16605	155094	genealogy/9ea84ea5_155094.txt
16606	155095	genealogy/a9a5d9fa_155095.txt
16607	155096	genealogy/972bf4c7_155096.txt
16608	155097	genealogy/1054ad91_155097.txt
16609	155098	genealogy/671a4cba_155098.txt
16610	155099	genealogy/1e03a554_155099.txt
16611	155100	genealogy/f3114431_155100.txt
16612	155101	genealogy/4c901ff9_155101.txt
16613	155102	genealogy/c486243c_155102.txt
16614	155103	genealogy/89b58128_155103.txt
16615	155104	genealogy/74e30e94_155104.txt
16616	155105	genealogy/74c87572_155105.txt
16617	155106	genealogy/0952c232_155106.txt
16618	155107	genealogy/55972c58_155107.txt
16619	155108	genealogy/e9fdd8a9_155108.txt
16620	155109	genealogy/bac56993_155109.txt
16621	155110	genealogy/07926e8e_155110.txt
16622	155111	genealogy/660902a2_155111.txt
16623	155112	genealogy/fe15467a_155112.txt
16624	155113	genealogy/1b467202_155113.txt
16625	155114	genealogy/d6467b03_155114.txt
16626	155115	genealogy/b223800c_155115.txt
16627	155116	genealogy/d1920003_155116.txt
16628	155117	genealogy/4b43cc31_155117.txt
16629	155118	genealogy/28685eb5_155118.txt
16630	155119	genealogy/b26313ad_155119.txt
16631	155120	genealogy/3d46d81e_155120.txt
16632	155121	genealogy/44e7262c_155121.txt
16633	155122	genealogy/2495c5ab_155122.txt
16634	155123	genealogy/37940f3f_155123.txt
16635	155124	genealogy/6eee1e34_155124.txt
16636	155125	genealogy/694d7db6_155125.txt
16637	155126	genealogy/4793283d_155126.txt
16638	155127	genealogy/33d2f3fa_155127.txt
16639	155128	genealogy/0bde9bbf_155128.txt
16640	155129	genealogy/ffdae0ff_155129.txt
16641	155130	genealogy/0d8ab430_155130.txt
16642	155131	genealogy/09bd2f6b_155131.txt
16643	155132	genealogy/6b519064_155132.txt
16644	155133	genealogy/e024a52f_155133.txt
16645	155134	genealogy/41cf714c_155134.txt
16646	155135	genealogy/06238447_155135.txt
16647	155136	genealogy/6b406d13_155136.txt
16648	155137	genealogy/82c575f7_155137.txt
16649	155138	genealogy/3e7f70f6_155138.txt
16650	155139	genealogy/4ca3d820_155139.txt
16651	155140	genealogy/3cc53515_155140.txt
16652	155141	genealogy/0cade5f7_155141.txt
16653	155142	genealogy/8b86c31f_155142.txt
16654	155143	genealogy/480f9351_155143.txt
16655	155144	genealogy/f2ef9134_155144.txt
16656	155145	genealogy/3fd11d07_155145.txt
16657	155146	genealogy/07710006_155146.txt
16658	155147	genealogy/1a3c007c_155147.txt
16659	155148	genealogy/5d476b8e_155148.txt
16660	155149	genealogy/5977a429_155149.txt
16661	155150	genealogy/bce8cf87_155150.txt
16662	155151	genealogy/e2d1a111_155151.txt
16663	155152	genealogy/8b00ca4f_155152.txt
16664	155153	genealogy/a0330927_155153.txt
16665	155154	genealogy/eb0fbcc1_155154.txt
16666	155155	genealogy/7b34480e_155155.txt
16667	155156	genealogy/f0bd3cfd_155156.txt
16668	155157	genealogy/ced69caf_155157.txt
16669	155158	genealogy/3fd11d07_155158.txt
16670	155159	genealogy/07710006_155159.txt
16671	155160	genealogy/1a3c007c_155160.txt
16672	155161	genealogy/f4e137a8_155161.txt
16673	155162	genealogy/2c098e69_155162.txt
16674	155163	genealogy/80bdb2b0_155163.txt
16675	155164	genealogy/a65cf637_155164.txt
16676	155165	genealogy/7dd03f4c_155165.txt
16677	155166	genealogy/7b2c9378_155166.txt
16678	155167	genealogy/90b50698_155167.txt
16679	155168	genealogy/84ec22e7_155168.txt
16680	155169	genealogy/5963e1f7_155169.txt
16681	155170	genealogy/743e3621_155170.txt
16682	155171	genealogy/8c70198c_155171.txt
16683	155172	genealogy/a5737766_155172.txt
16684	155173	genealogy/9e77cab9_155173.txt
16685	155174	genealogy/3d14bc8d_155174.txt
16686	155175	genealogy/83edc7a1_155175.txt
16687	155176	genealogy/70142b8b_155176.txt
16688	155177	genealogy/ab46a40c_155177.txt
16689	155178	genealogy/44a8d5b4_155178.txt
16690	155179	genealogy/c4b7a388_155179.txt
16691	155180	genealogy/3abdf40d_155180.txt
16692	155181	genealogy/c621a9bb_155181.txt
16693	155182	genealogy/78d5a829_155182.txt
16694	155183	genealogy/6045b339_155183.txt
16695	155184	genealogy/e9ff704b_155184.txt
16696	155185	genealogy/913944e1_155185.txt
16697	155186	genealogy/852a41b0_155186.txt
16698	155187	genealogy/09af02f4_155187.txt
16699	155188	genealogy/11a5508c_155188.txt
16700	155189	genealogy/ec235051_155189.txt
16701	155190	genealogy/19af863f_155190.txt
16702	155191	genealogy/4f44d48f_155191.txt
16703	155192	genealogy/042b6605_155192.txt
16704	155193	genealogy/3eb1d202_155193.txt
16705	155194	genealogy/3f5601b0_155194.txt
16706	155195	genealogy/79fd87b6_155195.txt
16707	155196	genealogy/d25e4508_155196.txt
16708	155197	genealogy/939ee3c8_155197.txt
16709	155198	genealogy/cc229d5f_155198.txt
16710	155199	genealogy/ea4f243b_155199.txt
16711	155200	genealogy/b8098346_155200.txt
16712	155201	genealogy/c2466941_155201.txt
16713	155202	genealogy/18d33adf_155202.txt
16714	155203	genealogy/b5359b1c_155203.txt
16715	155204	genealogy/cbcc254b_155204.txt
16716	155205	genealogy/10012634_155205.txt
16717	155206	genealogy/9e20b2b6_155206.txt
16718	155207	genealogy/c464578b_155207.txt
16719	155208	genealogy/960eb6ac_155208.txt
16720	155209	genealogy/022588fb_155209.txt
16721	155210	genealogy/72825d32_155210.txt
16722	155211	genealogy/dacfd36a_155211.txt
16723	155212	genealogy/fe6eb96c_155212.txt
16724	155213	genealogy/44658158_155213.txt
16725	155214	genealogy/ad5e06a9_155214.txt
16726	155215	genealogy/79fd87b6_155215.txt
16727	155216	genealogy/d25e4508_155216.txt
16728	155217	genealogy/939ee3c8_155217.txt
16729	155218	genealogy/cc229d5f_155218.txt
16730	155219	genealogy/ea4f243b_155219.txt
16731	155220	genealogy/b8098346_155220.txt
16732	155221	genealogy/c2466941_155221.txt
16733	155222	genealogy/18d33adf_155222.txt
16734	155223	genealogy/b5359b1c_155223.txt
16735	155224	genealogy/cbcc254b_155224.txt
16736	155225	genealogy/10012634_155225.txt
16737	155226	genealogy/9e20b2b6_155226.txt
16738	155227	genealogy/c464578b_155227.txt
16739	155228	genealogy/960eb6ac_155228.txt
16740	155229	genealogy/022588fb_155229.txt
16741	155230	genealogy/72825d32_155230.txt
16742	155231	genealogy/dacfd36a_155231.txt
16743	155232	genealogy/fe6eb96c_155232.txt
16744	155233	genealogy/44658158_155233.txt
16745	155234	genealogy/ad5e06a9_155234.txt
16746	155235	genealogy/70ff7525_155235.txt
16747	155236	genealogy/6dfa5881_155236.txt
16748	155237	genealogy/b4d68e6c_155237.txt
16749	155238	genealogy/00ca2e1d_155238.txt
16750	155239	genealogy/bcd000d2_155239.txt
16751	155240	genealogy/fb66401c_155240.txt
16752	155241	genealogy/7dc1d6c5_155241.txt
16753	155242	genealogy/acd00ba3_155242.txt
16754	155243	genealogy/878e9e3d_155243.txt
16755	155244	genealogy/e436448b_155244.txt
16756	155245	genealogy/ac8f0c16_155245.txt
16757	155246	genealogy/6075b96a_155246.txt
16758	155247	genealogy/b5cc612b_155247.txt
16759	155248	genealogy/16450d4e_155248.txt
16760	155249	genealogy/74c2075e_155249.txt
16761	155250	genealogy/32e7e9b1_155250.txt
16762	155251	genealogy/d73d5f46_155251.txt
16763	155252	genealogy/04e22a96_155252.txt
16764	155253	genealogy/882662e3_155253.txt
16765	155254	genealogy/ba50993b_155254.txt
16766	155255	genealogy/9a983adc_155255.txt
16767	155256	genealogy/90d2ae75_155256.txt
16768	155257	genealogy/4be62b1a_155257.txt
16769	155258	genealogy/fa989f38_155258.txt
16770	155259	genealogy/39287701_155259.txt
16771	155260	genealogy/3f8b7ef2_155260.txt
16772	155261	genealogy/a728d10f_155261.txt
16773	155262	genealogy/a62d7d02_155262.txt
16774	155263	genealogy/d402a771_155263.txt
16775	155264	genealogy/936331c9_155264.txt
16776	155265	genealogy/98c8c2ed_155265.txt
16777	155266	genealogy/5cda375b_155266.txt
16778	155267	genealogy/88c8de00_155267.txt
16779	155268	genealogy/4904ce19_155268.txt
16780	155269	genealogy/ee41677d_155269.txt
16781	155270	genealogy/6a991aba_155270.txt
16782	155271	genealogy/b542a36e_155271.txt
16783	155272	genealogy/8b64e2d1_155272.txt
16784	155273	genealogy/582a50d6_155273.txt
16785	155274	genealogy/7a72cb41_155274.txt
16786	155275	genealogy/d864b60c_155275.txt
16787	155276	genealogy/3f280786_155276.txt
16788	155277	genealogy/2d87c614_155277.txt
16789	155278	genealogy/ba50993b_155278.txt
16790	155279	genealogy/90d2ae75_155279.txt
16791	155280	genealogy/4be62b1a_155280.txt
16792	155281	genealogy/0aeba600_155281.txt
16793	155282	genealogy/df342af6_155282.txt
16794	155283	genealogy/e8906915_155283.txt
16795	155284	genealogy/a62d7d02_155284.txt
16796	155285	genealogy/936331c9_155285.txt
16797	155286	genealogy/98c8c2ed_155286.txt
16798	155287	genealogy/6a991aba_155287.txt
16799	155288	genealogy/b542a36e_155288.txt
16800	155289	genealogy/8b64e2d1_155289.txt
16801	155290	genealogy/582a50d6_155290.txt
16802	155291	genealogy/7a72cb41_155291.txt
16803	155292	genealogy/70096147_155292.txt
16804	155293	genealogy/95cf4edc_155293.txt
16805	155294	genealogy/c7dff014_155294.txt
16806	155295	genealogy/a9ed4811_155295.txt
16807	155296	genealogy/7b6cb9a7_155296.txt
16808	155297	genealogy/0c8ec6fe_155297.txt
16809	155298	genealogy/ab55a36b_155298.txt
16810	155299	genealogy/21b4ae88_155299.txt
16811	155300	genealogy/5db7ae97_155300.txt
16812	155301	genealogy/f724d267_155301.txt
16813	155302	genealogy/d1f6083c_155302.txt
16814	155303	genealogy/d8073a47_155303.txt
16815	155304	genealogy/45e473e1_155304.txt
16816	155305	genealogy/55965b1c_155305.txt
16817	155306	genealogy/3f9ac0b1_155306.txt
16818	155307	genealogy/26eb4c33_155307.txt
16819	155308	genealogy/cfcc9c0a_155308.txt
16820	155309	genealogy/e5c0cda4_155309.txt
16821	155310	genealogy/4d974989_155310.txt
16822	155311	genealogy/8afe5f96_155311.txt
16823	155312	genealogy/480ed1a1_155312.txt
16824	155313	genealogy/e1c1376e_155313.txt
16825	155314	genealogy/8515a2ac_155314.txt
16826	155315	genealogy/f800377c_155315.txt
16827	155316	genealogy/ee676dc7_155316.txt
16828	155317	genealogy/96468262_155317.txt
16829	155318	genealogy/1c7008fd_155318.txt
16830	155319	genealogy/e4d83ea1_155319.txt
16831	155320	genealogy/e294b531_155320.txt
16832	155321	genealogy/a083e849_155321.txt
16833	155322	genealogy/d38dd3b1_155322.txt
16834	155323	genealogy/97b8b266_155323.txt
16835	155324	genealogy/77b5da92_155324.txt
16836	155325	genealogy/76d52966_155325.txt
16837	155326	genealogy/d5973184_155326.txt
16838	155327	genealogy/1bd48e47_155327.txt
16839	155328	genealogy/59119cfd_155328.txt
16840	155329	genealogy/6d8e4ca4_155329.txt
16841	155330	genealogy/9f6fec0e_155330.txt
16842	155331	genealogy/155175a3_155331.txt
16843	155332	genealogy/9ae861a2_155332.txt
16844	155333	genealogy/0c8ad46b_155333.txt
16845	155334	genealogy/0ca0f3cb_155334.txt
16846	155335	genealogy/b8275ed6_155335.txt
16847	155336	genealogy/4b4e51d7_155336.txt
16848	155337	genealogy/18d8e3c9_155337.txt
16849	155338	genealogy/94e7de72_155338.txt
16850	155339	genealogy/cd8d00cf_155339.txt
16851	155340	genealogy/95abec7e_155340.txt
16852	155341	genealogy/3396554f_155341.txt
16853	155342	genealogy/7c4cb155_155342.txt
16854	155343	genealogy/a516850d_155343.txt
16855	155344	genealogy/a0249dba_155344.txt
16856	155345	genealogy/684a53d4_155345.txt
16857	155346	genealogy/61fe5f05_155346.txt
16858	155347	genealogy/62aff6e3_155347.txt
16859	155348	genealogy/0994d763_155348.txt
16860	155349	genealogy/7e2963d9_155349.txt
16861	155350	genealogy/65da4efb_155350.txt
16862	155351	genealogy/125a4bb1_155351.txt
16863	155352	genealogy/e48bb6d7_155352.txt
16864	155353	genealogy/f61d9c73_155353.txt
16865	155354	genealogy/a335a216_155354.txt
16866	155355	genealogy/f8dc5a79_155355.txt
16867	155356	genealogy/0943d480_155356.txt
16868	155357	genealogy/ab3e89ff_155357.txt
16869	155358	genealogy/1971b9d5_155358.txt
16870	155359	genealogy/76f36bb9_155359.txt
16871	155360	genealogy/804ff7ea_155360.txt
16872	155361	genealogy/004c65d2_155361.txt
16873	155362	genealogy/7e852644_155362.txt
16874	155363	genealogy/5cf4aa2b_155363.txt
16875	155364	genealogy/58924125_155364.txt
16876	155365	genealogy/0c286754_155365.txt
16877	155366	genealogy/fa7ad84e_155366.txt
16878	155367	genealogy/14b9f5b4_155367.txt
16879	155368	genealogy/8027f92c_155368.txt
16880	155369	genealogy/a6889898_155369.txt
16881	155370	genealogy/289b416b_155370.txt
16882	155371	genealogy/24f011e6_155371.txt
16883	155372	genealogy/da96a925_155372.txt
16884	155373	genealogy/6673e61e_155373.txt
16885	155374	genealogy/4e4c2063_155374.txt
16886	155375	genealogy/91d1233d_155375.txt
16887	155376	genealogy/60bc556d_155376.txt
16888	155377	genealogy/1b4194a7_155377.txt
16889	155378	genealogy/a22fd1d7_155378.txt
16890	155379	genealogy/f89ead34_155379.txt
16891	155380	genealogy/49187238_155380.txt
16892	155381	genealogy/96d8e5c2_155381.txt
16893	155382	genealogy/bd402921_155382.txt
16894	155383	genealogy/9e9068ed_155383.txt
16895	155384	genealogy/981fffd9_155384.txt
16896	155385	genealogy/431346d6_155385.txt
16897	155386	genealogy/5ee17847_155386.txt
16898	155387	genealogy/e36d6f23_155387.txt
16899	155388	genealogy/69bdd5c5_155388.txt
16900	155389	genealogy/ba1af38f_155389.txt
16901	155390	genealogy/1056944e_155390.txt
16902	155391	genealogy/3ad879cf_155391.txt
16903	155392	genealogy/9a7de135_155392.txt
16904	155393	genealogy/ec486f61_155393.txt
16905	155394	genealogy/4bda9f22_155394.txt
16906	155395	genealogy/623df02e_155395.txt
16907	155396	genealogy/96ee47c3_155396.txt
16908	155397	genealogy/aee6d352_155397.txt
16909	155398	genealogy/13c8b20a_155398.txt
16910	155399	genealogy/a230949c_155399.txt
16911	155400	genealogy/ce5659ef_155400.txt
16912	155401	genealogy/5544cfd0_155401.txt
16913	155402	genealogy/439f83c7_155402.txt
16914	155403	genealogy/4848f6c9_155403.txt
16915	155404	genealogy/d8c4d9f7_155404.txt
16916	155405	genealogy/6e568f53_155405.txt
16917	155406	genealogy/5f7b5576_155406.txt
16918	155407	genealogy/679092f4_155407.txt
16919	155408	genealogy/26aaa82b_155408.txt
16920	155409	genealogy/da6f6c37_155409.txt
16921	155410	genealogy/0d58e88c_155410.txt
16922	155411	genealogy/88b1387e_155411.txt
16923	155412	genealogy/9159e6ae_155412.txt
16924	155413	genealogy/6f270fed_155413.txt
16925	155414	genealogy/1fef5afb_155414.txt
16926	155415	genealogy/d875870f_155415.txt
16927	155416	genealogy/3884baad_155416.txt
16928	155417	genealogy/cc836a94_155417.txt
16929	155418	genealogy/5aede41b_155418.txt
16930	155419	genealogy/b00d5cfc_155419.txt
16931	155420	genealogy/13c81239_155420.txt
16932	155421	genealogy/826164ba_155421.txt
16933	155422	genealogy/dd0639f5_155422.txt
16934	155423	genealogy/951a2d05_155423.txt
16935	155424	genealogy/1b55c296_155424.txt
16936	155425	genealogy/badea477_155425.txt
16937	155426	genealogy/08d64b45_155426.txt
16938	155427	genealogy/84c3bdd8_155427.txt
16939	155428	genealogy/e7feed65_155428.txt
16940	155429	genealogy/b413d86b_155429.txt
16941	155430	genealogy/22a3685e_155430.txt
16942	155431	genealogy/b8b28db3_155431.txt
16943	155432	genealogy/db4248cc_155432.txt
16944	155433	genealogy/856a58a0_155433.txt
16945	155434	genealogy/2286942b_155434.txt
16946	155435	genealogy/8284ad08_155435.txt
16947	155436	genealogy/b98dd782_155436.txt
16948	155437	genealogy/83fb7199_155437.txt
16949	155438	genealogy/1b94c3a5_155438.txt
16950	155439	genealogy/8ef4a5f7_155439.txt
16951	155440	genealogy/707cef76_155440.txt
16952	155441	genealogy/94273815_155441.txt
16953	155442	genealogy/83c1fb20_155442.txt
16954	155443	genealogy/ad8a15a7_155443.txt
16955	155444	genealogy/b2641348_155444.txt
16956	155445	genealogy/522752f0_155445.txt
16957	155446	genealogy/bbcb3bc0_155446.txt
16958	155447	genealogy/7ffb78e4_155447.txt
16959	155448	genealogy/140c2891_155448.txt
16960	155449	genealogy/32dcbddf_155449.txt
16961	155450	genealogy/c4c2f235_155450.txt
16962	155451	genealogy/20377d62_155451.txt
16963	155452	genealogy/8102abaf_155452.txt
16964	155453	genealogy/7e1c71a9_155453.txt
16965	155454	genealogy/2f44c52b_155454.txt
16966	155455	genealogy/8517daa1_155455.txt
16967	155456	genealogy/2d187d0d_155456.txt
16968	155457	genealogy/df800aba_155457.txt
16969	155458	genealogy/ce7ee7b1_155458.txt
16970	155459	genealogy/ef9ba600_155459.txt
16971	155460	genealogy/933d77f2_155460.txt
16972	155461	genealogy/0ee3286c_155461.txt
16973	155462	genealogy/0e7d3268_155462.txt
16974	155463	genealogy/dd4c0d03_155463.txt
16975	155464	genealogy/fbcea0d6_155464.txt
16976	155465	genealogy/876d8b93_155465.txt
16977	155466	genealogy/87900779_155466.txt
16978	155467	genealogy/879cfe20_155467.txt
16979	155468	genealogy/1696570d_155468.txt
16980	155469	genealogy/a84c4714_155469.txt
16981	155470	genealogy/6e58be2d_155470.txt
16982	155471	genealogy/8c92492e_155471.txt
16983	155472	genealogy/e33cf266_155472.txt
16984	155473	genealogy/cc0d00bc_155473.txt
16985	155474	genealogy/6c571aef_155474.txt
16986	155475	genealogy/6508b3a3_155475.txt
16987	155476	genealogy/49eb7f69_155476.txt
16988	155477	genealogy/f0cf2f85_155477.txt
16989	155478	genealogy/0f3aa3ae_155478.txt
16990	155479	genealogy/d3a66a79_155479.txt
16991	155480	genealogy/819def25_155480.txt
16992	155481	genealogy/03bf00e8_155481.txt
16993	155482	genealogy/3bdfaf1e_155482.txt
16994	155483	genealogy/c509633c_155483.txt
16995	155484	genealogy/be1b23a2_155484.txt
16996	155485	genealogy/859e0e33_155485.txt
16997	155486	genealogy/a544aef9_155486.txt
16998	155487	genealogy/078b65fb_155487.txt
16999	155488	genealogy/6ef49f54_155488.txt
17000	155489	genealogy/8ca8b7ab_155489.txt
17001	155490	genealogy/9f58f795_155490.txt
17002	155491	genealogy/1eff5100_155491.txt
17003	155492	genealogy/950c6ac1_155492.txt
17004	155493	genealogy/a1cfff00_155493.txt
17005	155494	genealogy/c44d72d3_155494.txt
17006	155495	genealogy/0cea6baf_155495.txt
17007	155496	genealogy/4ad80047_155496.txt
17008	155497	genealogy/80f4804d_155497.txt
17009	155498	genealogy/643dcc5d_155498.txt
17010	155499	genealogy/b1ff7a3e_155499.txt
17011	155500	genealogy/27ee7bd0_155500.txt
17012	155501	genealogy/2a8314d6_155501.txt
17013	155502	genealogy/339e53f4_155502.txt
17014	155503	genealogy/afc587c6_155503.txt
17015	155504	genealogy/225f3ff3_155504.txt
17016	155505	genealogy/1b087de3_155505.txt
17017	155506	genealogy/4db84c1d_155506.txt
17018	155507	genealogy/26fe3817_155507.txt
17019	155508	genealogy/49336ef3_155508.txt
17020	155509	genealogy/1bbcc64d_155509.txt
17021	155510	genealogy/c53a8f6f_155510.txt
17022	155511	genealogy/2dd23c58_155511.txt
17023	155512	genealogy/a6218b5b_155512.txt
17024	155513	genealogy/bbad149f_155513.txt
17025	155514	genealogy/10b68944_155514.txt
17026	155515	genealogy/b17d52d6_155515.txt
17027	155516	genealogy/e4563a30_155516.txt
17028	155517	genealogy/c3a4b365_155517.txt
17029	155518	genealogy/525696fc_155518.txt
17030	155519	genealogy/e8d71edc_155519.txt
17031	155520	genealogy/fae575c6_155520.txt
17032	155521	genealogy/efbeb80c_155521.txt
17033	155522	genealogy/2d7cadba_155522.txt
17034	155523	genealogy/2578fa22_155523.txt
17035	155524	genealogy/d7074a4b_155524.txt
17036	155525	genealogy/1c33e568_155525.txt
17037	155526	genealogy/5f380f27_155526.txt
17038	155527	genealogy/baf11336_155527.txt
17039	155528	genealogy/a239e6db_155528.txt
17040	155529	genealogy/f159201e_155529.txt
17041	155530	genealogy/726f9389_155530.txt
17042	155531	genealogy/28cba189_155531.txt
17043	155532	genealogy/f3df769c_155532.txt
17044	155533	genealogy/ee2c6759_155533.txt
17045	155534	genealogy/21044f1d_155534.txt
17046	155535	genealogy/588c707a_155535.txt
17047	155536	genealogy/1a764ce2_155536.txt
17048	155537	genealogy/14b2a431_155537.txt
17049	155538	genealogy/f2f91cc3_155538.txt
17050	155539	genealogy/0bb2c3ca_155539.txt
17051	155540	genealogy/ec5f239a_155540.txt
17052	155541	genealogy/9563d27f_155541.txt
17053	155542	genealogy/aaa2cb6f_155542.txt
17054	155543	genealogy/ec36f8e3_155543.txt
17055	155544	genealogy/cc627a83_155544.txt
17056	155545	genealogy/c69e40bf_155545.txt
17057	155546	genealogy/8262800e_155546.txt
17058	155547	genealogy/590ee126_155547.txt
17059	155548	genealogy/53db8e43_155548.txt
17060	155549	genealogy/0df30bf7_155549.txt
17061	155550	genealogy/9fc2c829_155550.txt
17062	155551	genealogy/f9a10d85_155551.txt
17063	155552	genealogy/83aea8ac_155552.txt
17064	155553	genealogy/a72b0d72_155553.txt
17065	155554	genealogy/5ecff17b_155554.txt
17066	155555	genealogy/0d224be6_155555.txt
17067	155556	genealogy/53069e05_155556.txt
17068	155557	genealogy/495fd8b8_155557.txt
17069	155558	genealogy/faa297e8_155558.txt
17070	155559	genealogy/20bf8720_155559.txt
17071	155560	genealogy/4b4a4414_155560.txt
17072	155561	genealogy/c06e82e9_155561.txt
17073	155562	genealogy/35932fae_155562.txt
17074	155563	genealogy/a6d182bd_155563.txt
17075	155564	genealogy/fcef4d14_155564.txt
17076	155565	genealogy/f4706237_155565.txt
17077	155566	genealogy/85e8e8fd_155566.txt
17078	155567	genealogy/902fa13e_155567.txt
17079	155568	genealogy/a73e8211_155568.txt
17080	155569	genealogy/84072b30_155569.txt
17081	155570	genealogy/52f3cfcd_155570.txt
17082	155571	genealogy/c5bd031a_155571.txt
17083	155572	genealogy/f0a0a31c_155572.txt
17084	155573	genealogy/c9adc11d_155573.txt
17085	155574	genealogy/03fa8fb7_155574.txt
17086	155575	genealogy/4e0ab116_155575.txt
17087	155576	genealogy/cda8c4e4_155576.txt
17088	155577	genealogy/6348bb26_155577.txt
17089	155578	genealogy/39696d89_155578.txt
17090	155579	genealogy/d60ce11e_155579.txt
17091	155580	genealogy/84652e98_155580.txt
17092	155581	genealogy/057e4b98_155581.txt
17093	155582	genealogy/24f1c9bf_155582.txt
17094	155583	genealogy/60b4c9e9_155583.txt
17095	155584	genealogy/a3a3b92d_155584.txt
17096	155585	genealogy/28111b30_155585.txt
17097	155586	genealogy/20d190d1_155586.txt
17098	155587	genealogy/f2456055_155587.txt
17099	155588	genealogy/2c509e81_155588.txt
17100	155589	genealogy/ac02690b_155589.txt
17101	155590	genealogy/a1af9f0e_155590.txt
17102	155591	genealogy/52a26cc3_155591.txt
17103	155592	genealogy/7cf16f9f_155592.txt
17104	155593	genealogy/cf15db4f_155593.txt
17105	155594	genealogy/9ca24e64_155594.txt
17106	155595	genealogy/c4f046c4_155595.txt
17107	155596	genealogy/149d4144_155596.txt
17108	155597	genealogy/9d4a4415_155597.txt
17109	155598	genealogy/23fdd10e_155598.txt
17110	155599	genealogy/43ce2328_155599.txt
17111	155600	genealogy/04cd0cb6_155600.txt
17112	155601	genealogy/8cf9faf1_155601.txt
17113	155602	genealogy/6d007d2a_155602.txt
17114	155603	genealogy/75f3faa5_155603.txt
17115	155604	genealogy/e7bea0ce_155604.txt
17116	155605	genealogy/8336368e_155605.txt
17117	155606	genealogy/6f0fa14f_155606.txt
17118	155607	genealogy/e8171435_155607.txt
17119	155608	genealogy/cea2ecf9_155608.txt
17120	155609	genealogy/9cba2ac1_155609.txt
17121	155610	genealogy/2d37b710_155610.txt
17122	155611	genealogy/f318c164_155611.txt
17123	155612	genealogy/96547834_155612.txt
17124	155613	genealogy/a8b61550_155613.txt
17125	155614	genealogy/025773c4_155614.txt
17126	155615	genealogy/65a2da77_155615.txt
17127	155616	genealogy/d51321c1_155616.txt
17128	155617	genealogy/41a772c0_155617.txt
17129	155618	genealogy/46e7d29f_155618.txt
17130	155619	genealogy/a987cc04_155619.txt
17131	155620	genealogy/f1b4c0de_155620.txt
17132	155621	genealogy/03b3f168_155621.txt
17133	155622	genealogy/0201f470_155622.txt
17134	155623	genealogy/20263b3f_155623.txt
17135	155624	genealogy/993af2ad_155624.txt
17136	155625	genealogy/d8ac6dd2_155625.txt
17137	155626	genealogy/b29a1654_155626.txt
17138	155627	genealogy/f0024b11_155627.txt
17139	155628	genealogy/65a502bc_155628.txt
17140	155629	genealogy/b6adf026_155629.txt
17141	155630	genealogy/039e7fe6_155630.txt
17142	155631	genealogy/ff244cf7_155631.txt
17143	155632	genealogy/c8146558_155632.txt
17144	155633	genealogy/9ca39408_155633.txt
17145	155634	genealogy/7e5ffaf9_155634.txt
17146	155635	genealogy/2485b7e2_155635.txt
17147	155636	genealogy/633a11ef_155636.txt
17148	155637	genealogy/7b831590_155637.txt
17149	155638	genealogy/5e385ce8_155638.txt
17150	155639	genealogy/4efd3cbd_155639.txt
17151	155640	genealogy/15de7759_155640.txt
17152	155641	genealogy/a5e89278_155641.txt
17153	155642	genealogy/0dc72077_155642.txt
17154	155643	genealogy/ff039151_155643.txt
17155	155644	genealogy/01eb5bce_155644.txt
17156	155645	genealogy/45f62f5e_155645.txt
17157	155646	genealogy/2db9d461_155646.txt
17158	155647	genealogy/3de831b2_155647.txt
17159	155648	genealogy/60a3aa3a_155648.txt
17160	155649	genealogy/21427000_155649.txt
17161	155650	genealogy/0950f430_155650.txt
17162	155651	genealogy/31509085_155651.txt
17163	155652	genealogy/1dfef2ec_155652.txt
17164	155653	genealogy/a6982a4a_155653.txt
17165	155654	genealogy/8834aff4_155654.txt
17166	155655	genealogy/f675fe64_155655.txt
17167	155656	genealogy/2c0a3f79_155656.txt
17168	155657	genealogy/21c48c3f_155657.txt
17169	155658	genealogy/031f52a9_155658.txt
17170	155659	genealogy/67473e10_155659.txt
17171	155660	genealogy/4278af33_155660.txt
17172	155661	genealogy/908e1a46_155661.txt
17173	155662	genealogy/b4d5d032_155662.txt
17174	155663	genealogy/e59d1d38_155663.txt
17175	155664	genealogy/bc34000c_155664.txt
17176	155665	genealogy/1e6a629c_155665.txt
17177	155666	genealogy/2cb1ecac_155666.txt
17178	155667	genealogy/7f3dfa6a_155667.txt
17179	155668	genealogy/f52460c0_155668.txt
17180	155669	genealogy/53829cca_155669.txt
17181	155670	genealogy/2f6bac97_155670.txt
17182	155671	genealogy/0bde734c_155671.txt
17183	155672	genealogy/4dcc2ce6_155672.txt
17184	155673	genealogy/c9cffcef_155673.txt
17185	155674	genealogy/a8b30513_155674.txt
17186	155675	genealogy/b78261c6_155675.txt
17187	155676	genealogy/19791f2f_155676.txt
17188	155677	genealogy/d4313c78_155677.txt
17189	155678	genealogy/84bb2b4e_155678.txt
17190	155679	genealogy/f3e2c9b1_155679.txt
17191	155680	genealogy/e1e72475_155680.txt
17192	155681	genealogy/9dba3f95_155681.txt
17193	155682	genealogy/55be1f4a_155682.txt
17194	155683	genealogy/7dc1c8e4_155683.txt
17195	155684	genealogy/5a2fc261_155684.txt
17196	155685	genealogy/79d6fdeb_155685.txt
17197	155686	genealogy/7edc9dbf_155686.txt
17198	155687	genealogy/a9bb812e_155687.txt
17199	155688	genealogy/af31134b_155688.txt
17200	155689	genealogy/49315c97_155689.txt
17201	155690	genealogy/6cdcf6ce_155690.txt
17202	155691	genealogy/f85d671a_155691.txt
17203	155692	genealogy/2a19d3b0_155692.txt
17204	155693	genealogy/c862041a_155693.txt
17205	155694	genealogy/db9db09f_155694.txt
17206	155695	genealogy/758b223b_155695.txt
17207	155696	genealogy/9a26530f_155696.txt
17208	155697	genealogy/6136c213_155697.txt
17209	155698	genealogy/9448ae5f_155698.txt
17210	155699	genealogy/b54f1b70_155699.txt
17211	155700	genealogy/6caf0e4b_155700.txt
17212	155701	genealogy/0f2f3d9a_155701.txt
17213	155702	genealogy/1f60dba2_155702.txt
17214	155703	genealogy/3ca78a88_155703.txt
17215	155704	genealogy/3de23af7_155704.txt
17216	155705	genealogy/254fbc36_155705.txt
17217	155706	genealogy/117f98ee_155706.txt
17218	155707	genealogy/2776ea22_155707.txt
17219	155708	genealogy/9fec428e_155708.txt
17220	155709	genealogy/2fa86827_155709.txt
17221	155710	genealogy/06d1e15b_155710.txt
17222	155711	genealogy/598bee7a_155711.txt
17223	155712	genealogy/4ff652ca_155712.txt
17224	155713	genealogy/10dfdb4b_155713.txt
17225	155714	genealogy/67ea170e_155714.txt
17226	155715	genealogy/4352a165_155715.txt
17227	155716	genealogy/94fc58c7_155716.txt
17228	155717	genealogy/9c34409b_155717.txt
17229	155718	genealogy/3fc94835_155718.txt
17230	155719	genealogy/018479f7_155719.txt
17231	155720	genealogy/cbf02506_155720.txt
17232	155721	genealogy/b2ca6bb3_155721.txt
17233	155722	genealogy/6b37936f_155722.txt
17234	155723	genealogy/72b8ca4d_155723.txt
17235	155724	genealogy/fb31accc_155724.txt
17236	155725	genealogy/621829f3_155725.txt
17237	155726	genealogy/8a122940_155726.txt
17238	155727	genealogy/ee81bf2f_155727.txt
17239	155728	genealogy/5f36daca_155728.txt
17240	155729	genealogy/e158534d_155729.txt
17241	155730	genealogy/968e7eca_155730.txt
17242	155731	genealogy/5a28ed3f_155731.txt
17243	155732	genealogy/a428f55c_155732.txt
17244	155733	genealogy/ee7ea42b_155733.txt
17245	155734	genealogy/193fd60c_155734.txt
17246	155735	genealogy/6a0206fa_155735.txt
17247	155736	genealogy/90c5212c_155736.txt
17248	155737	genealogy/8bd8a098_155737.txt
17249	155738	genealogy/89e06c3e_155738.txt
17250	155739	genealogy/f191bd9e_155739.txt
17251	155740	genealogy/60b152d5_155740.txt
17252	155741	genealogy/a0d54400_155741.txt
17253	155742	genealogy/8118a842_155742.txt
17254	155743	genealogy/db52d9af_155743.txt
17255	155744	genealogy/614d7adf_155744.txt
17256	155745	genealogy/1a94d6e7_155745.txt
17257	155746	genealogy/2e8d6a4b_155746.txt
17258	155747	genealogy/67d80499_155747.txt
17259	155748	genealogy/dddfb6dd_155748.txt
17260	155749	genealogy/ddc8f1f1_155749.txt
17261	155750	genealogy/ace2c20f_155750.txt
17262	155751	genealogy/dc4098ed_155751.txt
17263	155752	genealogy/b3f5986d_155752.txt
17264	155753	genealogy/7a839b62_155753.txt
17265	155754	genealogy/d627a75a_155754.txt
17266	155755	genealogy/a4af8737_155755.txt
17267	155756	genealogy/bd2d03a1_155756.txt
17268	155757	genealogy/15b17c6a_155757.txt
17269	155758	genealogy/dc45e4fa_155758.txt
17270	155759	genealogy/435ca117_155759.txt
17271	155760	genealogy/c0372f98_155760.txt
17272	155761	genealogy/2760fd07_155761.txt
17273	155762	genealogy/8410c12f_155762.txt
17274	155763	genealogy/892a9793_155763.txt
17275	155764	genealogy/c48f83be_155764.txt
17276	155765	genealogy/f24e1d92_155765.txt
17277	155766	genealogy/1743f324_155766.txt
17278	155767	genealogy/12d77103_155767.txt
17279	155768	genealogy/c8c974f4_155768.txt
17280	155769	genealogy/ab7e20ef_155769.txt
17281	155770	genealogy/cc8d5fdf_155770.txt
17282	155771	genealogy/525dffcc_155771.txt
17283	155772	genealogy/781ada10_155772.txt
17284	155773	genealogy/2289f2c4_155773.txt
17285	155774	genealogy/8f7413d8_155774.txt
17286	155775	genealogy/4f57a3b3_155775.txt
17287	155776	genealogy/10646b88_155776.txt
17288	155777	genealogy/1a459aa5_155777.txt
17289	155778	genealogy/7086eae7_155778.txt
17290	155779	genealogy/27cd336f_155779.txt
17291	155780	genealogy/b1e9423a_155780.txt
17292	155781	genealogy/097062bf_155781.txt
17293	155782	genealogy/6d7ad0b9_155782.txt
17294	155783	genealogy/46904841_155783.txt
17295	155784	genealogy/fff4cab4_155784.txt
17296	155785	genealogy/5e6b1f24_155785.txt
17297	155786	genealogy/436cb61a_155786.txt
17298	155787	genealogy/c3bc64fd_155787.txt
17299	155788	genealogy/a7977a72_155788.txt
17300	155789	genealogy/65f69d51_155789.txt
17301	155790	genealogy/f8b4bef3_155790.txt
17302	155791	genealogy/42708bc1_155791.txt
17303	155792	genealogy/12b148e1_155792.txt
17304	155793	genealogy/0a496008_155793.txt
17305	155794	genealogy/32e7e9b1_155794.txt
17306	155795	genealogy/fb66401c_155795.txt
17307	155796	genealogy/7dc1d6c5_155796.txt
17308	155797	genealogy/acd00ba3_155797.txt
17309	155798	genealogy/d73d5f46_155798.txt
17310	155799	genealogy/04e22a96_155799.txt
17311	155800	genealogy/e9ea4ac3_155800.txt
17312	155801	genealogy/8c242152_155801.txt
17313	155802	genealogy/02941f3c_155802.txt
17314	155803	genealogy/6e740205_155803.txt
17315	155804	genealogy/75a9b236_155804.txt
17316	155805	genealogy/b47b5893_155805.txt
17317	155806	genealogy/2289f2c4_155806.txt
17318	155807	genealogy/8f7413d8_155807.txt
17319	155808	genealogy/e3e7c917_155808.txt
17320	155809	genealogy/4f57a3b3_155809.txt
17321	155810	genealogy/10646b88_155810.txt
17322	155811	genealogy/cb70cb7d_155811.txt
17323	155812	genealogy/1a459aa5_155812.txt
17324	155813	genealogy/7086eae7_155813.txt
17325	155814	genealogy/6e268d93_155814.txt
17326	155815	genealogy/27cd336f_155815.txt
17327	155816	genealogy/9a8ff05c_155816.txt
17328	155817	genealogy/fe9f7aaa_155817.txt
17329	155818	genealogy/46904841_155818.txt
17330	155819	genealogy/738a0632_155819.txt
17331	155820	genealogy/6b7230b5_155820.txt
17332	155821	genealogy/decf94fb_155821.txt
17333	155822	genealogy/fff4cab4_155822.txt
17334	155823	genealogy/5e6b1f24_155823.txt
17335	155824	genealogy/436cb61a_155824.txt
17336	155825	genealogy/8c242152_155825.txt
17337	155826	genealogy/ccc8457a_155826.txt
17338	155827	genealogy/c3bc64fd_155827.txt
17339	155828	genealogy/a7977a72_155828.txt
17340	155829	genealogy/65f69d51_155829.txt
17341	155830	genealogy/f8b4bef3_155830.txt
17342	155831	genealogy/42708bc1_155831.txt
17343	155832	genealogy/12b148e1_155832.txt
17344	155833	genealogy/98cd7e12_155833.txt
17345	155834	genealogy/0a496008_155834.txt
17346	155835	genealogy/32e7e9b1_155835.txt
17347	155836	genealogy/fb66401c_155836.txt
17348	155837	genealogy/7dc1d6c5_155837.txt
17349	155838	genealogy/acd00ba3_155838.txt
17350	155839	genealogy/d73d5f46_155839.txt
17351	155840	genealogy/04e22a96_155840.txt
17352	155841	genealogy/e9ea4ac3_155841.txt
17353	155842	genealogy/14219310_155842.txt
17354	155843	genealogy/926a105a_155843.txt
17355	155844	genealogy/a69a1609_155844.txt
17356	155845	genealogy/e4f2915d_155845.txt
17357	155846	genealogy/52212b09_155846.txt
17358	155847	genealogy/2b52af34_155847.txt
17359	155848	genealogy/aa8235ac_155848.txt
17360	155849	genealogy/a89d3cc5_155849.txt
17361	155850	genealogy/a35129d6_155850.txt
17362	155851	genealogy/ab809e71_155851.txt
17363	155852	genealogy/44d12c10_155852.txt
17364	155853	genealogy/d2b09f37_155853.txt
17365	155854	genealogy/12671ecf_155854.txt
17366	155855	genealogy/677c8c26_155855.txt
17367	155856	genealogy/1b834787_155856.txt
17368	155857	genealogy/aba69b25_155857.txt
17369	155858	genealogy/4f4ff00d_155858.txt
17370	155859	genealogy/4d4e0f5f_155859.txt
17371	155860	genealogy/c6fa9974_155860.txt
17372	155861	genealogy/36c48d3b_155861.txt
17373	155862	genealogy/01c955f9_155862.txt
17374	155863	genealogy/98aeed78_155863.txt
17375	155864	genealogy/a090dc54_155864.txt
17376	155865	genealogy/8f13ddc3_155865.txt
17377	155866	genealogy/59ebc5a6_155866.txt
17378	155867	genealogy/7e529361_155867.txt
17379	155868	genealogy/97ff7dce_155868.txt
17380	155869	genealogy/20a89da3_155869.txt
17381	155870	genealogy/3945eb19_155870.txt
17382	155871	genealogy/25ce3c9e_155871.txt
17383	155872	genealogy/0141a737_155872.txt
17384	155873	genealogy/69c3d327_155873.txt
17385	155874	genealogy/2030292d_155874.txt
17386	155875	genealogy/fdd96b90_155875.txt
17387	155876	genealogy/3e799355_155876.txt
17388	155877	genealogy/7daa162d_155877.txt
17389	155878	genealogy/e6a561f3_155878.txt
17390	155879	genealogy/2af37f64_155879.txt
17391	155880	genealogy/ffeb76c8_155880.txt
17392	155881	genealogy/6a26de78_155881.txt
17393	155882	genealogy/1f0a38d5_155882.txt
17394	155883	genealogy/4f7928af_155883.txt
17395	155884	genealogy/6618f5bb_155884.txt
17396	155885	genealogy/d45cbb60_155885.txt
17397	155886	genealogy/b4f87c5b_155886.txt
17398	155887	genealogy/b13a319b_155887.txt
17399	155888	genealogy/774c5b36_155888.txt
17400	155889	genealogy/c51798e2_155889.txt
17401	155890	genealogy/70743bd7_155890.txt
17402	155891	genealogy/10df2ce9_155891.txt
17403	155892	genealogy/5653e13f_155892.txt
17404	155893	genealogy/8e237e4c_155893.txt
17405	155894	genealogy/09906c49_155894.txt
17406	155895	genealogy/43ca6c21_155895.txt
17407	155896	genealogy/12c05e65_155896.txt
17408	155897	genealogy/9cbaec3f_155897.txt
17409	155898	genealogy/45a4b5e2_155898.txt
17410	155899	genealogy/14bb5467_155899.txt
17411	155900	genealogy/ae038a4c_155900.txt
17412	155901	genealogy/6f708b18_155901.txt
17413	155902	genealogy/5733b67c_155902.txt
17414	155903	genealogy/cb30f02e_155903.txt
17415	155904	genealogy/8f11d5bf_155904.txt
17416	155905	genealogy/747a3f3d_155905.txt
17417	155906	genealogy/2d3f3644_155906.txt
17418	155907	genealogy/7713c69e_155907.txt
17419	155908	genealogy/2fae7f47_155908.txt
17420	155909	genealogy/681ac927_155909.txt
17421	155910	genealogy/f67e4512_155910.txt
17422	155911	genealogy/e8d0b646_155911.txt
17423	155912	genealogy/7f787a4b_155912.txt
17424	155913	genealogy/909a4b14_155913.txt
17425	155914	genealogy/4fc4dfac_155914.txt
17426	155915	genealogy/e8f0c3fc_155915.txt
17427	155916	genealogy/fa8d37cb_155916.txt
17428	155917	genealogy/13e46695_155917.txt
17429	155918	genealogy/e6b8a84d_155918.txt
17430	155919	genealogy/bee780bd_155919.txt
17431	155920	genealogy/895ae620_155920.txt
17432	155921	genealogy/fb054330_155921.txt
17433	155922	genealogy/c1276142_155922.txt
17434	155923	genealogy/740fccc1_155923.txt
17435	155924	genealogy/fd74b79d_155924.txt
17436	155925	genealogy/bd8c9a1f_155925.txt
17437	155926	genealogy/5a2518a1_155926.txt
17438	155927	genealogy/f7923a52_155927.txt
17439	155928	genealogy/acfd377d_155928.txt
17440	155929	genealogy/248facb1_155929.txt
17441	155930	genealogy/693f2c84_155930.txt
17442	155931	genealogy/5530403d_155931.txt
17443	155932	genealogy/d4745b7b_155932.txt
17444	155933	genealogy/5c6a84d2_155933.txt
17445	155934	genealogy/602e887b_155934.txt
17446	155935	genealogy/7d46586d_155935.txt
17447	155936	genealogy/af8af9a5_155936.txt
17448	155937	genealogy/f41e8333_155937.txt
17449	155938	genealogy/807322c2_155938.txt
17450	155939	genealogy/57ec465d_155939.txt
17451	155940	genealogy/391ec95f_155940.txt
17452	155941	genealogy/58580b19_155941.txt
17453	155942	genealogy/372ff219_155942.txt
17454	155943	genealogy/58721b19_155943.txt
17455	155944	genealogy/b37c743a_155944.txt
17456	155945	genealogy/eb36bf7c_155945.txt
17457	155946	genealogy/e1a76619_155946.txt
17458	155947	genealogy/38b093b1_155947.txt
17459	155948	genealogy/f8e1d7a8_155948.txt
17460	155949	genealogy/cb6cca79_155949.txt
17461	155950	genealogy/5cd07194_155950.txt
17462	155951	genealogy/2da8c5d4_155951.txt
17463	155952	genealogy/6cd81e07_155952.txt
17464	155953	genealogy/ec78ed91_155953.txt
17465	155954	genealogy/c5851e44_155954.txt
17466	155955	genealogy/926a105a_155955.txt
17467	155956	genealogy/a69a1609_155956.txt
17468	155957	genealogy/e4f2915d_155957.txt
17469	155958	genealogy/52212b09_155958.txt
17470	155959	genealogy/2b52af34_155959.txt
17471	155960	genealogy/aa8235ac_155960.txt
17472	155961	genealogy/a89d3cc5_155961.txt
17473	155962	genealogy/a35129d6_155962.txt
17474	155963	genealogy/ab809e71_155963.txt
17475	155964	genealogy/44d12c10_155964.txt
17476	155965	genealogy/d2b09f37_155965.txt
17477	155966	genealogy/12671ecf_155966.txt
17478	155967	genealogy/9e12edde_155967.txt
17479	155968	genealogy/3edf4f06_155968.txt
17480	155969	genealogy/6649619c_155969.txt
17481	155970	genealogy/91156762_155970.txt
17482	155971	genealogy/b51b7ee6_155971.txt
17483	155972	genealogy/5e04bc1c_155972.txt
17484	155973	genealogy/e93a2f07_155973.txt
17485	155974	genealogy/5d57bf73_155974.txt
17486	155975	genealogy/d636aad4_155975.txt
17487	155976	genealogy/9e55a5b1_155976.txt
17488	155977	genealogy/abe2a500_155977.txt
17489	155978	genealogy/0bf5e472_155978.txt
17490	155979	genealogy/b8a52278_155979.txt
17491	155980	genealogy/d3701b91_155980.txt
17492	155981	genealogy/7cd98f87_155981.txt
17493	155982	genealogy/677c8c26_155982.txt
17494	155983	genealogy/1b834787_155983.txt
17495	155984	genealogy/86869798_155984.txt
17496	155985	genealogy/e1f77168_155985.txt
17497	155986	genealogy/2ea8752a_155986.txt
17498	155987	genealogy/9bb374bc_155987.txt
17499	155988	genealogy/10247ce5_155988.txt
17500	155989	genealogy/10d16d35_155989.txt
17501	155990	genealogy/d780e6c8_155990.txt
17502	155991	genealogy/936908b4_155991.txt
17503	155992	genealogy/91bae8e2_155992.txt
17504	155993	genealogy/18734d0c_155993.txt
17505	155994	genealogy/21f390c5_155994.txt
17506	155995	genealogy/52519685_155995.txt
17507	155996	genealogy/684e9dee_155996.txt
17508	155997	genealogy/68af3dd7_155997.txt
17509	155998	genealogy/b7ee232d_155998.txt
17510	155999	genealogy/a2c2a0d1_155999.txt
17511	156000	genealogy/505d4641_156000.txt
17512	156001	genealogy/cb73863c_156001.txt
17513	156002	genealogy/166816b7_156002.txt
17514	156003	genealogy/5078d0cf_156003.txt
17515	156004	genealogy/19e29dc1_156004.txt
17516	156005	genealogy/0f0896d4_156005.txt
17517	156006	genealogy/6cdd8bf3_156006.txt
17518	156007	genealogy/0878e5a8_156007.txt
17519	156008	genealogy/f2ae4a82_156008.txt
17520	156009	genealogy/38bd2673_156009.txt
17521	156010	genealogy/6bed1590_156010.txt
17522	156011	genealogy/0ce94c7e_156011.txt
17523	156012	genealogy/644756fb_156012.txt
17524	156013	genealogy/3c2e8dfb_156013.txt
17525	156014	genealogy/1b37d476_156014.txt
17526	156015	genealogy/de96a2ea_156015.txt
17527	156016	genealogy/753bd8ab_156016.txt
17528	156017	genealogy/7231dbf8_156017.txt
17529	156018	genealogy/3fb19632_156018.txt
17530	156019	genealogy/69cc355e_156019.txt
17531	156020	genealogy/ddd0179d_156020.txt
17532	156021	genealogy/fa092d39_156021.txt
17533	156022	genealogy/36484184_156022.txt
17534	156023	genealogy/9a7c65d3_156023.txt
17535	156024	genealogy/aac13214_156024.txt
17536	156025	genealogy/46d63fd8_156025.txt
17537	156026	genealogy/f6116fde_156026.txt
17538	156027	genealogy/3b4a733c_156027.txt
17539	156028	genealogy/c5828f5c_156028.txt
17540	156029	genealogy/804ee9c7_156029.txt
17541	156030	genealogy/eb9360de_156030.txt
17542	156031	genealogy/6b543a48_156031.txt
17543	156032	genealogy/6ac76c9e_156032.txt
17544	156033	genealogy/ab35cc19_156033.txt
17545	156034	genealogy/5e18c642_156034.txt
17546	156035	genealogy/8a95aa52_156035.txt
17547	156036	genealogy/382bffcb_156036.txt
17548	156037	genealogy/c9679cff_156037.txt
17549	156038	genealogy/5cdb76d1_156038.txt
17550	156039	genealogy/440b1dd8_156039.txt
17551	156040	genealogy/477bafef_156040.txt
17552	156041	genealogy/25e08a60_156041.txt
17553	156042	genealogy/bf6b1b27_156042.txt
17554	156043	genealogy/f2df5010_156043.txt
17555	156044	genealogy/8994173b_156044.txt
17556	156045	genealogy/f2548862_156045.txt
17557	156046	genealogy/d68a3b85_156046.txt
17558	156047	genealogy/77a3f206_156047.txt
17559	156048	genealogy/f20deb5f_156048.txt
17560	156049	genealogy/9a61e1ee_156049.txt
17561	156050	genealogy/0d420b24_156050.txt
17562	156051	genealogy/d7967c28_156051.txt
17563	156052	genealogy/e3cfdfba_156052.txt
17564	156053	genealogy/dd527501_156053.txt
17565	156054	genealogy/931f164f_156054.txt
17566	156055	genealogy/c0c28570_156055.txt
17567	156056	genealogy/defdca3d_156056.txt
17568	156057	genealogy/50e7853b_156057.txt
17569	156058	genealogy/dfe42092_156058.txt
17570	156059	genealogy/02c2adf3_156059.txt
17571	156060	genealogy/11dc67f0_156060.txt
17572	156061	genealogy/83ab4385_156061.txt
17573	156062	genealogy/b5bf574a_156062.txt
17574	156063	genealogy/b64744ea_156063.txt
17575	156064	genealogy/1bfc82fd_156064.txt
17576	156065	genealogy/9c097dd1_156065.txt
17577	156066	genealogy/7a231f8a_156066.txt
17578	156067	genealogy/e996232c_156067.txt
17579	156068	genealogy/2fa8dd6c_156068.txt
17580	156069	genealogy/8b6aa551_156069.txt
17581	156070	genealogy/566b54a8_156070.txt
17582	156071	genealogy/11506e30_156071.txt
17583	156072	genealogy/f82a71dd_156072.txt
17584	156073	genealogy/b9b541ff_156073.txt
17585	156074	genealogy/b7653489_156074.txt
17586	156075	genealogy/7c82ab09_156075.txt
17587	156076	genealogy/734fb881_156076.txt
17588	156077	genealogy/24fdf2ba_156077.txt
17589	156078	genealogy/2725a8fd_156078.txt
17590	156079	genealogy/2aa281a9_156079.txt
17591	156080	genealogy/fb56da99_156080.txt
17592	156081	genealogy/d265999e_156081.txt
17593	156082	genealogy/4ad631e2_156082.txt
17594	156083	genealogy/a3582693_156083.txt
17595	156084	genealogy/fa2ec899_156084.txt
17596	156085	genealogy/a3ece619_156085.txt
17597	156086	genealogy/5b372a12_156086.txt
17598	156087	genealogy/ed5df392_156087.txt
17599	156088	genealogy/ab463247_156088.txt
17600	156089	genealogy/123a30f3_156089.txt
17601	156090	genealogy/fc676069_156090.txt
17602	156091	genealogy/66358722_156091.txt
17603	156092	genealogy/b305b49b_156092.txt
17604	156093	genealogy/db62f716_156093.txt
17605	156094	genealogy/652bf169_156094.txt
17606	156095	genealogy/c5d1486e_156095.txt
17607	156096	genealogy/ab4718fe_156096.txt
17608	156097	genealogy/3e4f4b67_156097.txt
17609	156098	genealogy/f5abfd6b_156098.txt
17610	156099	genealogy/111d4b69_156099.txt
17611	156100	genealogy/425a573b_156100.txt
17612	156101	genealogy/3b62dcd4_156101.txt
17613	156102	genealogy/ef0e60ba_156102.txt
17614	156103	genealogy/11836ca1_156103.txt
17615	156104	genealogy/b39b11c6_156104.txt
17616	156105	genealogy/5442a0e8_156105.txt
17617	156106	genealogy/9c6c4c4b_156106.txt
17618	156107	genealogy/58c6702f_156107.txt
17619	156108	genealogy/b45324dd_156108.txt
17620	156109	genealogy/8ce0c76a_156109.txt
17621	156110	genealogy/1c0c78d5_156110.txt
17622	156111	genealogy/039e1651_156111.txt
17623	156112	genealogy/cb4adea2_156112.txt
17624	156113	genealogy/49681058_156113.txt
17625	156114	genealogy/9a2a3336_156114.txt
17626	156115	genealogy/b17b47a7_156115.txt
17627	156116	genealogy/8ff20a9d_156116.txt
17628	156117	genealogy/e91c6aff_156117.txt
17629	156118	genealogy/81161989_156118.txt
17630	156119	genealogy/84406122_156119.txt
17631	156120	genealogy/1703a6f2_156120.txt
17632	156121	genealogy/73c909d0_156121.txt
17633	156122	genealogy/61fac408_156122.txt
17634	156123	genealogy/46444a06_156123.txt
17635	156124	genealogy/291ce582_156124.txt
17636	156125	genealogy/d380113b_156125.txt
17637	156126	genealogy/8e2855f4_156126.txt
17638	156127	genealogy/970929ad_156127.txt
17639	156128	genealogy/fcaf3990_156128.txt
17640	156129	genealogy/fc5ef9e9_156129.txt
17641	156130	genealogy/995ef374_156130.txt
17642	156131	genealogy/465a72e4_156131.txt
17643	156132	genealogy/1f09571c_156132.txt
17644	156133	genealogy/7dc40c83_156133.txt
17645	156134	genealogy/9dea69fd_156134.txt
17646	156135	genealogy/7cfb5d1d_156135.txt
17647	156136	genealogy/4047779b_156136.txt
17648	156137	genealogy/e77415d1_156137.txt
17649	156138	genealogy/95b5785d_156138.txt
17650	156139	genealogy/b834467e_156139.txt
17651	156140	genealogy/66b32339_156140.txt
17652	156141	genealogy/438790b2_156141.txt
17653	156142	genealogy/a13b444b_156142.txt
17654	156143	genealogy/7c34cf49_156143.txt
17655	156144	genealogy/d83ad3d7_156144.txt
17656	156145	genealogy/a399371f_156145.txt
17657	156146	genealogy/532a20f9_156146.txt
17658	156147	genealogy/6addd3d7_156147.txt
17659	156148	genealogy/dd44cf5b_156148.txt
17660	156149	genealogy/375241f5_156149.txt
17661	156150	genealogy/9c2903fb_156150.txt
17662	156151	genealogy/b825b1e0_156151.txt
17663	156152	genealogy/68e6cf9f_156152.txt
17664	156153	genealogy/30eb1f59_156153.txt
17665	156154	genealogy/05b03b01_156154.txt
17666	156155	genealogy/53928563_156155.txt
17667	156156	genealogy/034c3f50_156156.txt
17668	156157	genealogy/c210a16f_156157.txt
17669	156158	genealogy/c905ce19_156158.txt
17670	156159	genealogy/2318772e_156159.txt
17671	156160	genealogy/563742a2_156160.txt
17672	156161	genealogy/260efb83_156161.txt
17673	156162	genealogy/f5cddc12_156162.txt
17674	156163	genealogy/a61c787a_156163.txt
17675	156164	genealogy/32a8cfb0_156164.txt
17676	156165	genealogy/adbed9e4_156165.txt
17677	156166	genealogy/608b3a0c_156166.txt
17678	156167	genealogy/6ed1b28a_156167.txt
17679	156168	genealogy/41ddb404_156168.txt
17680	156169	genealogy/6eaf2d9c_156169.txt
17681	156170	genealogy/8d71d312_156170.txt
17682	156171	genealogy/a86f7343_156171.txt
17683	156172	genealogy/ad716647_156172.txt
17684	156173	genealogy/505147cf_156173.txt
17685	156174	genealogy/48584a26_156174.txt
17686	156175	genealogy/12d0030c_156175.txt
17687	156176	genealogy/24f5007d_156176.txt
17688	156177	genealogy/8f55425e_156177.txt
17689	156178	genealogy/453b9175_156178.txt
17690	156179	genealogy/38ba0cfe_156179.txt
17691	156180	genealogy/0f32eae4_156180.txt
17692	156181	genealogy/edfdea4f_156181.txt
17693	156182	genealogy/7666db4f_156182.txt
17694	156183	genealogy/e0e7631b_156183.txt
17695	156184	genealogy/af27b31d_156184.txt
17696	156185	genealogy/89d57a6b_156185.txt
17697	156186	genealogy/c2cc500f_156186.txt
17698	156187	genealogy/a7ea4ebb_156187.txt
17699	156188	genealogy/8d5a30b8_156188.txt
17700	156189	genealogy/3eb1e277_156189.txt
17701	156190	genealogy/7b73c840_156190.txt
17702	156191	genealogy/e252418b_156191.txt
17703	156192	genealogy/de6156c4_156192.txt
17704	156193	genealogy/51742729_156193.txt
17705	156194	genealogy/7346135e_156194.txt
17706	156195	genealogy/978f1f8a_156195.txt
17707	156196	genealogy/9e32f27f_156196.txt
17708	156197	genealogy/edc9225e_156197.txt
17709	156198	genealogy/38650e7a_156198.txt
17710	156199	genealogy/9f675320_156199.txt
17711	156200	genealogy/349c70b2_156200.txt
17712	156201	genealogy/5ecda624_156201.txt
17713	156202	genealogy/e39600a5_156202.txt
17714	156203	genealogy/82cf01e9_156203.txt
17715	156204	genealogy/77c27240_156204.txt
17716	156205	genealogy/02918d8b_156205.txt
17717	156206	genealogy/20ce1087_156206.txt
17718	156207	genealogy/25345ad1_156207.txt
17719	156208	genealogy/8c4feb7c_156208.txt
17720	156209	genealogy/bfe2ad62_156209.txt
17721	156210	genealogy/f42f3d20_156210.txt
17722	156211	genealogy/066690fe_156211.txt
17723	156212	genealogy/d696711e_156212.txt
17724	156213	genealogy/7bcd6aec_156213.txt
17725	156214	genealogy/151edee3_156214.txt
17726	156215	genealogy/491b92cf_156215.txt
17727	156216	genealogy/7f12600c_156216.txt
17728	156217	genealogy/bc539c21_156217.txt
17729	156218	genealogy/fa2eddf7_156218.txt
17730	156219	genealogy/97afdacc_156219.txt
17731	156220	genealogy/f134c750_156220.txt
17732	156221	genealogy/30145705_156221.txt
17733	156222	genealogy/a2fa31cb_156222.txt
17734	156223	genealogy/45b9f022_156223.txt
17735	156224	genealogy/5b2fcfec_156224.txt
17736	156225	genealogy/aaf21a90_156225.txt
17737	156226	genealogy/c736b182_156226.txt
17738	156227	genealogy/e25e6e31_156227.txt
17739	156228	genealogy/07d0d6a5_156228.txt
