rank	numeric_suffix	doc_id
0	1	hsm/6187e558_0001.txt
1	2	hsm/353e0404_0002.txt
2	3	hsm/367897e2_0003.txt
3	4	hsm/cae53001_0004.txt
4	5	hsm/4395371f_0005.txt
5	6	hsm/3701e20d_0006.txt
6	7	hsm/1b7c3a99_0007.txt
7	8	hsm/afb7bf8f_0008.txt
8	9	hsm/66cddb22_0009.txt
9	10	hsm/cd95bf4a_0010.txt
10	11	hsm/050b9ac8_0011.txt
11	12	hsm/b4755189_0012.txt
12	13	hsm/842c9f68_0013.txt
13	14	hsm/4c335d0c_0014.txt
14	15	hsm/2579559b_0015.txt
15	16	hsm/12be9463_0016.txt
16	17	hsm/c42466a3_0017.txt
17	18	hsm/f4ab653e_0018.txt
18	19	hsm/3b5b74fb_0019.txt
19	20	hsm/9f9eddf7_0020.txt
20	21	hsm/b8190834_0021.txt
21	22	hsm/8dc64bd0_0022.txt
22	23	hsm/5c25db70_0023.txt
23	24	hsm/1f76a560_0024.txt
24	25	hsm/0e6eadcf_0025.txt
25	26	hsm/e632bb92_0026.txt
26	27	hsm/36dad1c1_0027.txt
27	28	hsm/c23cff48_0028.txt
28	29	hsm/b48508de_0029.txt
29	30	hsm/b04a3197_0030.txt
30	31	hsm/01ef54c3_0031.txt
31	32	hsm/5ed037b2_0032.txt
32	33	hsm/83657664_0033.txt
33	34	hsm/a25c19bf_0034.txt
34	35	hsm/455e91f1_0035.txt
35	36	hsm/66c1fdb8_0036.txt
36	37	hsm/2b7b49f6_0037.txt
37	38	hsm/1dffb1dd_0038.txt
38	39	hsm/f75e1c0a_0039.txt
39	40	hsm/ecdf796e_0040.txt
40	41	hsm/4717f9f4_0041.txt
41	42	hsm/5f85e23c_0042.txt
42	43	hsm/04da833c_0043.txt
43	44	hsm/01c5ba4d_0044.txt
44	45	hsm/32ded110_0045.txt
45	46	hsm/9d60ebce_0046.txt
46	47	hsm/0224c574_0047.txt
47	48	hsm/687969a5_0048.txt
48	49	hsm/74b0a938_0049.txt
49	50	hsm/0f9bec3c_0050.txt
50	51	hsm/2a18e22a_0051.txt
51	52	hsm/d51bbd9d_0052.txt
52	53	hsm/9cd753e2_0053.txt
53	54	hsm/2a298911_0054.txt
54	55	hsm/787174c9_0055.txt
55	56	hsm/506a6823_0056.txt
56	57	hsm/1e1a0256_0057.txt
57	58	hsm/f97042b0_0058.txt
58	59	hsm/e5233b53_0059.txt
59	60	hsm/6c91be82_0060.txt
60	61	hsm/d48f9fdd_0061.txt
61	62	hsm/772d8a9c_0062.txt
62	63	hsm/52c08fb1_0063.txt
63	64	hsm/e5cdf29a_0064.txt
64	65	hsm/6766531f_0065.txt
65	66	hsm/13fd2691_0066.txt
66	67	hsm/b56a63bc_0067.txt
67	68	hsm/25323ac7_0068.txt
68	69	hsm/4e75402a_0069.txt
69	70	hsm/e684d52a_0070.txt
70	71	hsm/7ba22b25_0071.txt
71	72	hsm/530446ac_0072.txt
72	73	hsm/96542b6f_0073.txt
73	74	hsm/59a67d62_0074.txt
74	75	hsm/4dc11492_0075.txt
75	76	hsm/720f0cce_0076.txt
76	77	hsm/82329e56_0077.txt
77	78	hsm/67469174_0078.txt
78	79	hsm/1dbcdf9d_0079.txt
79	80	hsm/139cc63c_0080.txt
80	81	hsm/0a93ae09_0081.txt
81	82	hsm/e0856dd1_0082.txt
82	83	hsm/742edc67_0083.txt
83	84	hsm/a6b8bd23_0084.txt
84	85	hsm/a29009af_0085.txt
85	86	hsm/1815b86e_0086.txt
86	87	hsm/26c9f489_0087.txt
87	88	hsm/36bfaea9_0088.txt
88	89	hsm/4e876ecf_0089.txt
89	90	hsm/f85c9e76_0090.txt
90	91	hsm/c5e0b119_0091.txt
91	92	hsm/254187dc_0092.txt
92	93	hsm/b3b8a254_0093.txt
93	94	hsm/9e9595ea_0094.txt
94	95	hsm/407dbf3d_0095.txt
95	96	hsm/37028c57_0096.txt
96	97	hsm/60f2d014_0097.txt
97	98	hsm/277f7f5f_0098.txt
98	99	hsm/52673742_0099.txt
99	100	hsm/46c1807f_0100.txt
100	101	hsm/0064056e_0101.txt
101	102	hsm/13f375ee_0102.txt
102	103	hsm/fd5b9b37_0103.txt
103	104	hsm/c23cff48_0104.txt
104	105	hsm/820ceec1_0105.txt
105	106	hsm/1231f2bf_0106.txt
106	107	hsm/0ee3f59d_0107.txt
107	108	hsm/7f06c501_0108.txt
108	109	hsm/9aa6884a_0109.txt
109	110	hsm/0658c480_0110.txt
110	111	hsm/65827ff0_0111.txt
111	112	hsm/339ca768_0112.txt
112	113	hsm/04da836d_0113.txt
113	114	hsm/b5385def_0114.txt
114	115	hsm/9afe52eb_0115.txt
115	116	hsm/d5d12be3_0116.txt
116	117	hsm/e8d63491_0117.txt
117	118	hsm/8388ed9d_0118.txt
118	119	hsm/743177c1_0119.txt
119	120	hsm/0ea79e28_0120.txt
120	121	hsm/7533ab42_0121.txt
121	122	hsm/270b0bbb_0122.txt
122	123	hsm/0deb09a4_0123.txt
123	124	hsm/1d64808b_0124.txt
124	125	hsm/fbfb182e_0125.txt
125	126	hsm/f7e6dfb8_0126.txt
126	127	hsm/0972bec4_0127.txt
127	128	hsm/b43ce891_0128.txt
128	129	hsm/b1c34a4d_0129.txt
129	130	hsm/b8d0ac04_0130.txt
130	131	hsm/b7347db2_0131.txt
131	132	hsm/d4e73b86_0132.txt
132	133	hsm/3e18c333_0133.txt
133	134	hsm/93ac2016_0134.txt
134	135	hsm/31c39cc9_0135.txt
135	136	hsm/90d6e230_0136.txt
136	137	hsm/ed38b285_0137.txt
137	138	hsm/2d007d4e_0138.txt
138	139	hsm/97974aee_0139.txt
139	140	hsm/b160fcd0_0140.txt
140	141	hsm/3596dee9_0141.txt
141	142	hsm/3134774d_0142.txt
142	143	hsm/8d7495e7_0143.txt
143	144	hsm/f1fbd4e1_0144.txt
144	145	hsm/f4db30d6_0145.txt
145	146	hsm/80c2da24_0146.txt
146	147	hsm/7eb9e33b_0147.txt
147	148	hsm/517a3d09_0148.txt
148	149	hsm/6312db8b_0149.txt
149	150	hsm/e8666dbf_0150.txt
150	151	hsm/a2dcce6b_0151.txt
151	152	hsm/f438de37_0152.txt
152	153	hsm/8fa5b810_0153.txt
153	154	hsm/c0008762_0154.txt
154	155	hsm/8c2e94ee_0155.txt
155	156	hsm/8dc630e4_0156.txt
156	157	hsm/e29f7215_0157.txt
157	158	hsm/016ce776_0158.txt
158	159	hsm/3e2b6a3b_0159.txt
159	160	hsm/d27434be_0160.txt
160	161	hsm/1a51c45b_0161.txt
161	162	hsm/4a9c07d1_0162.txt
162	163	hsm/9c4d19ef_0163.txt
163	164	hsm/2f8ab6e5_0164.txt
164	165	hsm/ced5ab08_0165.txt
165	166	hsm/ee0f6787_0166.txt
166	167	hsm/801603ce_0167.txt
167	168	hsm/cee58b50_0168.txt
168	169	hsm/e980b143_0169.txt
169	170	hsm/965aab81_0170.txt
170	171	hsm/9f64a0c1_0171.txt
171	172	hsm/a508f060_0172.txt
172	173	hsm/1abdec3f_0173.txt
173	174	hsm/4a26268d_0174.txt
174	175	hsm/a3e577da_0175.txt
175	176	hsm/2033f294_0176.txt
176	177	hsm/f12d2cdb_0177.txt
177	178	hsm/e684d52a_0178.txt
178	179	hsm/5e40ee4d_0179.txt
179	180	hsm/2d42a5b5_0180.txt
180	181	hsm/0687d5e0_0181.txt
181	182	hsm/6494ead8_0182.txt
182	183	hsm/aef60262_0183.txt
183	184	hsm/c21e3754_0184.txt
184	185	hsm/16f6afb1_0185.txt
185	186	hsm/c4547448_0186.txt
186	187	hsm/c26a780a_0187.txt
187	188	hsm/4df37c92_0188.txt
188	189	hsm/d781dca3_0189.txt
189	190	hsm/c1ce8f10_0190.txt
190	191	hsm/2f11d6f8_0191.txt
191	192	hsm/c9b2e6b5_0192.txt
192	193	hsm/a40ea981_0193.txt
193	194	hsm/152cba68_0194.txt
194	195	hsm/de897df4_0195.txt
195	196	hsm/a438a449_0196.txt
196	197	hsm/663e47ea_0197.txt
197	198	hsm/75118f67_0198.txt
198	199	hsm/c0891fa3_0199.txt
199	200	hsm/2cc06b6c_0200.txt
200	201	hsm/277460a0_0201.txt
201	202	hsm/b1903905_0202.txt
202	203	hsm/ef00e9c3_0203.txt
203	204	hsm/49975502_0204.txt
204	205	hsm/9c5c889c_0205.txt
205	206	hsm/57a3163d_0206.txt
206	207	hsm/eb423dc2_0207.txt
207	208	hsm/524e1ae6_0208.txt
208	209	hsm/0873b33f_0209.txt
209	210	hsm/206f5e67_0210.txt
210	211	hsm/e219d8b9_0211.txt
211	212	hsm/4d3a4738_0212.txt
212	213	hsm/41ff7cd1_0213.txt
213	214	hsm/94ab9320_0214.txt
214	215	hsm/ddade5c2_0215.txt
215	216	hsm/3a821edf_0216.txt
216	217	hsm/fe179b08_0217.txt
217	218	hsm/52da71e8_0218.txt
218	219	hsm/8292b7d6_0219.txt
219	220	hsm/c1de6e01_0220.txt
220	221	hsm/966acab4_0221.txt
221	222	hsm/7d5264b6_0222.txt
222	223	hsm/18732da9_0223.txt
223	224	hsm/914ea8dd_0224.txt
224	225	hsm/7c46ffd7_0225.txt
225	226	hsm/1797be1a_0226.txt
226	227	hsm/6ab1e8e9_0227.txt
227	228	hsm/94b2db1e_0228.txt
228	229	hsm/f89c8e48_0229.txt
229	230	hsm/106bb002_0230.txt
230	231	hsm/24988a2b_0231.txt
231	232	hsm/190e388a_0232.txt
232	233	hsm/21120a26_0233.txt
233	234	hsm/322cec32_0234.txt
234	235	hsm/80968888_0235.txt
235	236	hsm/07868ad0_0236.txt
236	237	hsm/2fd64d69_0237.txt
237	238	hsm/2e38d0ec_0238.txt
238	239	hsm/d5fba3b9_0239.txt
239	240	hsm/a872669a_0240.txt
240	241	hsm/901e4e9a_0241.txt
241	242	hsm/b2fb5089_0242.txt
242	243	hsm/bed521f9_0243.txt
243	244	hsm/25df61b8_0244.txt
244	245	hsm/76571a13_0245.txt
245	246	hsm/765aa900_0246.txt
246	247	hsm/d915b18c_0247.txt
247	248	hsm/f3cb70e1_0248.txt
248	249	hsm/68bf6786_0249.txt
249	250	hsm/dd760c03_0250.txt
250	251	hsm/3fb5f963_0251.txt
251	252	hsm/21f76f40_0252.txt
252	253	hsm/693d30dd_0253.txt
253	254	hsm/982f5fa9_0254.txt
254	255	hsm/09109118_0255.txt
255	256	hsm/c565fb9f_0256.txt
256	257	hsm/690b078a_0257.txt
257	258	hsm/377d3ae0_0258.txt
258	259	hsm/15024945_0259.txt
259	260	hsm/071a4bc0_0260.txt
260	261	hsm/c0c22e0b_0261.txt
261	262	hsm/4236bdcf_0262.txt
262	263	hsm/8594611b_0263.txt
263	264	hsm/2c35868d_0264.txt
264	265	hsm/9f1cb28a_0265.txt
265	266	hsm/faac8671_0266.txt
266	267	hsm/9e289408_0267.txt
267	268	hsm/d084cd8f_0268.txt
268	269	hsm/33c1afb9_0269.txt
269	270	hsm/704fca28_0270.txt
270	271	hsm/e6912a59_0271.txt
271	272	hsm/4240623b_0272.txt
272	273	hsm/8720180d_0273.txt
273	274	hsm/0767b608_0274.txt
274	275	hsm/20268fab_0275.txt
275	276	hsm/deea9774_0276.txt
276	277	hsm/4de22ab6_0277.txt
277	278	hsm/fdb914ea_0278.txt
278	279	hsm/e86e8885_0279.txt
279	280	hsm/38adad1d_0280.txt
280	281	hsm/ccaef18a_0281.txt
281	282	hsm/9062f31a_0282.txt
282	283	hsm/61cba08b_0283.txt
283	284	hsm/dda5b357_0284.txt
284	285	hsm/8384abf9_0285.txt
285	286	hsm/20065544_0286.txt
286	287	hsm/5400c56f_0287.txt
287	288	hsm/51780bf3_0288.txt
288	289	hsm/5c04d3ac_0289.txt
289	290	hsm/5864ffc0_0290.txt
290	291	hsm/316ab0ce_0291.txt
291	292	hsm/f7017ce7_0292.txt
292	293	hsm/43db1538_0293.txt
293	294	hsm/29b2fc71_0294.txt
294	295	hsm/c249219d_0295.txt
295	296	hsm/8ff22e7c_0296.txt
296	297	hsm/5b3b6d5d_0297.txt
297	298	hsm/e8423ba8_0298.txt
298	299	hsm/ba402b00_0299.txt
299	300	hsm/a3eb5582_0300.txt
300	301	hsm/2beb4625_0301.txt
301	302	hsm/062e4b0f_0302.txt
302	303	hsm/9b9d43e4_0303.txt
303	304	hsm/a983a683_0304.txt
304	305	hsm/f2c12ab5_0305.txt
305	306	hsm/df4f5400_0306.txt
306	307	hsm/0053b04e_0307.txt
307	308	hsm/045e6f8c_0308.txt
308	309	hsm/71c4be02_0309.txt
309	310	hsm/dee85eb1_0310.txt
310	311	hsm/49c9034d_0311.txt
311	312	hsm/d8749aec_0312.txt
312	313	hsm/8d815052_0313.txt
313	314	hsm/e409de8c_0314.txt
314	315	hsm/4055a166_0315.txt
315	316	hsm/75195989_0316.txt
316	317	hsm/86fcc6fb_0317.txt
317	318	hsm/d068953b_0318.txt
318	319	hsm/bb2cf779_0319.txt
319	320	hsm/b5c19e20_0320.txt
320	321	hsm/ee5b2a02_0321.txt
321	322	hsm/6f9e63c2_0322.txt
322	323	hsm/f6613d31_0323.txt
323	324	hsm/3ef9fcc0_0324.txt
324	325	hsm/f5d34f4b_0325.txt
325	326	hsm/a4ea7948_0326.txt
326	327	hsm/875cf1b3_0327.txt
327	328	hsm/9fbd15c9_0328.txt
328	329	hsm/8067d519_0329.txt
329	330	hsm/ac3f0467_0330.txt
330	331	hsm/04dee4a2_0331.txt
331	332	hsm/3b4bece5_0332.txt
332	333	hsm/26d82456_0333.txt
333	334	hsm/5bfefc94_0334.txt
334	335	hsm/b48508de_0335.txt
335	336	hsm/e44b654f_0336.txt
336	337	hsm/88b67c78_0337.txt
337	338	hsm/18a9d993_0338.txt
338	339	hsm/9c3a84e8_0339.txt
339	340	hsm/4d0a4b2f_0340.txt
340	341	hsm/d5769c7c_0341.txt
341	342	hsm/a036ef75_0342.txt
342	343	hsm/7da8264f_0343.txt
343	344	hsm/a33e6898_0344.txt
344	345	hsm/7cd1c13f_0345.txt
345	346	hsm/482e69da_0346.txt
346	347	hsm/878739e3_0347.txt
347	348	hsm/8a5ef6c2_0348.txt
348	349	hsm/64cde443_0349.txt
349	350	hsm/b7f90d00_0350.txt
350	351	hsm/3830fccb_0351.txt
351	352	hsm/bd9c84ff_0352.txt
352	353	hsm/40a56e2d_0353.txt
353	354	hsm/973447ba_0354.txt
354	355	hsm/30ca708e_0355.txt
355	356	hsm/df052882_0356.txt
356	357	hsm/e014e99e_0357.txt
357	358	hsm/47290d4a_0358.txt
358	359	hsm/c77ac6fb_0359.txt
359	360	hsm/e4f7f836_0360.txt
360	361	hsm/08edb48e_0361.txt
361	362	hsm/34cf07b4_0362.txt
362	363	hsm/879fde9f_0363.txt
363	364	hsm/df76d7c1_0364.txt
364	365	hsm/d804e9aa_0365.txt
365	366	hsm/e82e08c1_0366.txt
366	367	hsm/debfde33_0367.txt
367	368	hsm/6014979c_0368.txt
368	369	hsm/8a942dbe_0369.txt
369	370	hsm/863ad4ce_0370.txt
370	371	hsm/03ca1c59_0371.txt
371	372	hsm/f7d01d6e_0372.txt
372	373	hsm/27b8de6f_0373.txt
373	374	hsm/8643c182_0374.txt
374	375	hsm/b00c9925_0375.txt
375	376	hsm/35e67b06_0376.txt
376	377	hsm/9253784b_0377.txt
377	378	hsm/22c6f1e7_0378.txt
378	379	hsm/0ad6758e_0379.txt
379	380	hsm/1b991573_0380.txt
380	381	hsm/6974c7c3_0381.txt
381	382	hsm/6bbcf027_0382.txt
382	383	hsm/cb0a8d12_0383.txt
383	384	hsm/724409cd_0384.txt
384	385	hsm/d7810af8_0385.txt
385	386	hsm/e944181c_0386.txt
386	387	hsm/a008d28d_0387.txt
387	388	hsm/0e9379b9_0388.txt
388	389	hsm/11eee40b_0389.txt
389	390	hsm/52be41fd_0390.txt
390	391	hsm/f7866cf8_0391.txt
391	392	hsm/5a3a66e4_0392.txt
392	393	hsm/a6aaac37_0393.txt
393	394	hsm/ea5c64af_0394.txt
394	395	hsm/e3c0d76e_0395.txt
395	396	hsm/790df3fb_0396.txt
396	397	hsm/5a41124a_0397.txt
397	398	hsm/45cf5986_0398.txt
398	399	hsm/8cd56395_0399.txt
399	400	hsm/77c2c42a_0400.txt
400	401	hsm/212f9733_0401.txt
401	402	hsm/f91917e5_0402.txt
402	403	hsm/bedcce70_0403.txt
403	404	hsm/bb7253c4_0404.txt
404	405	hsm/d13d6011_0405.txt
405	406	hsm/2ed9dba7_0406.txt
406	407	hsm/c1dd42b8_0407.txt
407	408	hsm/58484a21_0408.txt
408	409	hsm/78f0f77c_0409.txt
409	410	hsm/ff911f7c_0410.txt
410	411	hsm/d0c432b8_0411.txt
411	412	hsm/c2199f97_0412.txt
412	413	hsm/2093898c_0413.txt
413	414	hsm/f1f3de45_0414.txt
414	415	hsm/05e0c1de_0415.txt
415	416	hsm/daa23203_0416.txt
416	417	hsm/9fabbefd_0417.txt
417	418	hsm/d6f70c7e_0418.txt
418	419	hsm/e67e3d83_0419.txt
419	420	hsm/8259a706_0420.txt
420	421	hsm/90fca557_0421.txt
421	422	hsm/b79c4639_0422.txt
422	423	hsm/ae12a97a_0423.txt
423	424	hsm/8d792d69_0424.txt
424	425	hsm/e700dad4_0425.txt
425	426	hsm/7f193402_0426.txt
426	427	hsm/46f0d538_0427.txt
427	428	hsm/b2c987e5_0428.txt
428	429	hsm/dae847e5_0429.txt
429	430	hsm/e20cbecc_0430.txt
430	431	hsm/a927002f_0431.txt
431	432	hsm/178c998f_0432.txt
432	433	hsm/56f4812d_0433.txt
433	434	hsm/ac4cafe0_0434.txt
434	435	hsm/55ce66a4_0435.txt
435	436	hsm/5c37c468_0436.txt
436	437	hsm/8782bb1d_0437.txt
437	438	hsm/06606322_0438.txt
438	439	hsm/69e555f5_0439.txt
439	440	hsm/d8a3edf8_0440.txt
440	441	hsm/30642041_0441.txt
441	442	hsm/63933092_0442.txt
442	443	hsm/74cc1c68_0443.txt
443	444	hsm/66bd9f41_0444.txt
444	445	hsm/d1f1428c_0445.txt
445	446	hsm/ebd649d5_0446.txt
446	447	hsm/39aa6d1f_0447.txt
447	448	hsm/ab62b4a8_0448.txt
448	449	hsm/42c1d9b5_0449.txt
449	450	hsm/1e264d10_0450.txt
450	451	hsm/27fc5757_0451.txt
451	452	hsm/e22c446c_0452.txt
452	453	hsm/93bda4de_0453.txt
453	454	hsm/8de903e9_0454.txt
454	455	hsm/845c640c_0455.txt
455	456	hsm/fff37391_0456.txt
456	457	hsm/2c96089a_0457.txt
457	458	hsm/60af8cc0_0458.txt
458	459	hsm/7ad9f9ad_0459.txt
459	460	hsm/2ac1cda3_0460.txt
460	461	hsm/a682d251_0461.txt
461	462	hsm/a777aa2f_0462.txt
462	463	hsm/3d74ac47_0463.txt
463	464	hsm/40fa20db_0464.txt
464	465	hsm/670c2d15_0465.txt
465	466	hsm/49530d97_0466.txt
466	467	hsm/035f798a_0467.txt
467	468	hsm/d8e00521_0468.txt
468	469	hsm/58af7d1f_0469.txt
469	470	hsm/592bd0e7_0470.txt
470	471	hsm/5ae188c3_0471.txt
471	472	hsm/ed3ade7b_0472.txt
472	473	hsm/b8b52e86_0473.txt
473	474	hsm/7cf406e7_0474.txt
474	475	hsm/c4fd9385_0475.txt
475	476	hsm/ae2ec801_0476.txt
476	477	hsm/056c3d3d_0477.txt
477	478	hsm/22a1f827_0478.txt
478	479	hsm/94237cf8_0479.txt
479	480	hsm/05f461b1_0480.txt
480	481	hsm/2380c517_0481.txt
481	482	hsm/b4682eef_0482.txt
482	483	hsm/5fc5911c_0483.txt
483	484	hsm/f69e3519_0484.txt
484	485	hsm/57b8c19d_0485.txt
485	486	hsm/63c10410_0486.txt
486	487	hsm/7b18beed_0487.txt
487	488	hsm/252743f5_0488.txt
488	489	hsm/9111134d_0489.txt
489	490	hsm/e1538538_0490.txt
490	491	hsm/293bb3a6_0491.txt
491	492	hsm/a84c4cf4_0492.txt
492	493	hsm/ec19ce41_0493.txt
493	494	hsm/6c313903_0494.txt
494	495	hsm/68f999aa_0495.txt
495	496	hsm/75e9aee3_0496.txt
496	497	hsm/074b3ecc_0497.txt
497	498	hsm/53ad7e22_0498.txt
498	499	hsm/f9e964f3_0499.txt
499	500	hsm/9a299dc8_0500.txt
500	501	hsm/6c710f3c_0501.txt
501	502	hsm/92916fc5_0502.txt
502	503	hsm/286a53fc_0503.txt
503	504	hsm/5f3aafb7_0504.txt
504	505	hsm/2a3a977a_0505.txt
505	506	hsm/0141400b_0506.txt
506	507	hsm/c4ab3ef6_0507.txt
507	508	hsm/08078924_0508.txt
508	509	hsm/d442e108_0509.txt
509	510	hsm/cebcb4ba_0510.txt
510	511	hsm/4ec43ac0_0511.txt
511	512	hsm/20cce4a4_0512.txt
512	513	hsm/5f9ae7c4_0513.txt
513	514	hsm/f01484a8_0514.txt
514	515	hsm/faa21b48_0515.txt
515	516	hsm/ce96b701_0516.txt
516	517	hsm/2393f66b_0517.txt
517	518	hsm/29319857_0518.txt
518	519	hsm/18340570_0519.txt
519	520	hsm/666020fe_0520.txt
520	521	hsm/97eed9e5_0521.txt
521	522	hsm/7e352689_0522.txt
522	523	hsm/06d4963d_0523.txt
523	524	hsm/18e7952b_0524.txt
524	525	hsm/daf3ecb8_0525.txt
525	526	hsm/7e7c111b_0526.txt
526	527	hsm/1bfd7005_0527.txt
527	528	hsm/6f8ae019_0528.txt
528	529	hsm/195ea162_0529.txt
529	530	hsm/2f9989e0_0530.txt
530	531	hsm/e0368ff6_0531.txt
531	532	hsm/f3208abd_0532.txt
532	533	hsm/1f8cff70_0533.txt
533	534	hsm/4ec43ac0_0534.txt
534	535	hsm/380ba265_0535.txt
535	536	hsm/987b95d5_0536.txt
536	537	hsm/4a4cb313_0537.txt
537	538	hsm/4449a63d_0538.txt
538	539	hsm/0eb7a37e_0539.txt
539	540	hsm/c9dd4e25_0540.txt
540	541	hsm/5256ea53_0541.txt
541	542	hsm/3136e8bb_0542.txt
542	543	hsm/d349fcd7_0543.txt
543	544	hsm/60fd04af_0544.txt
544	545	hsm/d380ba6b_0545.txt
545	546	hsm/5ae2dd47_0546.txt
546	547	hsm/6f579f1d_0547.txt
547	548	hsm/a25a8684_0548.txt
548	549	hsm/e9d29f3d_0549.txt
549	550	hsm/b6128ebb_0550.txt
550	551	hsm/d9276f41_0551.txt
551	552	hsm/518ee789_0552.txt
552	553	hsm/a4b7fc9e_0553.txt
553	554	hsm/21115828_0554.txt
554	555	hsm/ee58e196_0555.txt
555	556	hsm/eac18afb_0556.txt
556	557	hsm/8e095799_0557.txt
557	558	hsm/230e7694_0558.txt
558	559	hsm/77c75f0b_0559.txt
559	560	hsm/9fdbe38a_0560.txt
560	561	hsm/929b6704_0561.txt
561	562	hsm/8e4f0619_0562.txt
562	563	hsm/ec04732c_0563.txt
563	564	hsm/99cb4ea0_0564.txt
564	565	hsm/8553fceb_0565.txt
565	566	hsm/a4361637_0566.txt
566	567	hsm/e684d52a_0567.txt
567	568	hsm/94b59015_0568.txt
568	569	hsm/75fc4feb_0569.txt
569	570	hsm/b7ae481b_0570.txt
570	571	hsm/1e48c1ba_0571.txt
571	572	hsm/270df883_0572.txt
572	573	hsm/57bef766_0573.txt
573	574	hsm/926569b4_0574.txt
574	575	hsm/b2f28778_0575.txt
575	576	hsm/f6a6f864_0576.txt
576	577	hsm/28646467_0577.txt
577	578	hsm/278583cb_0578.txt
578	579	hsm/eb96cdd0_0579.txt
579	580	hsm/f0d20605_0580.txt
580	581	hsm/548becd1_0581.txt
581	582	hsm/527152c9_0582.txt
582	583	hsm/67562bb4_0583.txt
583	584	hsm/29e4aced_0584.txt
584	585	hsm/7bbb08df_0585.txt
585	586	hsm/e0756af1_0586.txt
586	587	hsm/db42161a_0587.txt
587	588	hsm/cad5d5bc_0588.txt
588	589	hsm/adec7e13_0589.txt
589	590	hsm/b39a37df_0590.txt
590	591	hsm/86a558a3_0591.txt
591	592	hsm/e19aaf0e_0592.txt
592	593	hsm/3f492c71_0593.txt
593	594	hsm/114fde08_0594.txt
594	595	hsm/f975ad7c_0595.txt
595	596	hsm/b7b1bc2f_0596.txt
596	597	hsm/77ee36db_0597.txt
597	598	hsm/3285fb6c_0598.txt
598	599	hsm/76c162f4_0599.txt
599	600	hsm/4e98732d_0600.txt
600	601	hsm/515965e6_0601.txt
601	602	hsm/410098c1_0602.txt
602	603	hsm/c1a8be46_0603.txt
603	604	hsm/22ce649e_0604.txt
604	605	hsm/76823734_0605.txt
605	606	hsm/7e3a01de_0606.txt
606	607	hsm/ae210e4e_0607.txt
607	608	hsm/b188ac66_0608.txt
608	609	hsm/bc2333c8_0609.txt
609	610	hsm/7b0fba30_0610.txt
610	611	hsm/758d0518_0611.txt
611	612	hsm/a9658c76_0612.txt
612	613	hsm/3a4e7a6a_0613.txt
613	614	hsm/d31a1929_0614.txt
614	615	hsm/9db606bb_0615.txt
615	616	hsm/5b4bf72e_0616.txt
616	617	hsm/96bcbbe1_0617.txt
617	618	hsm/1389fabe_0618.txt
618	619	hsm/8b95374e_0619.txt
619	620	hsm/8d19519a_0620.txt
620	621	hsm/33074e10_0621.txt
621	622	hsm/229b9082_0622.txt
622	623	hsm/2f8dab1c_0623.txt
623	624	hsm/27969978_0624.txt
624	625	hsm/71ee4ffe_0625.txt
625	626	hsm/07fa9425_0626.txt
626	627	hsm/455ac0fc_0627.txt
627	628	hsm/bb8f0e9f_0628.txt
628	629	hsm/5ff8efba_0629.txt
629	630	hsm/e0947494_0630.txt
630	631	hsm/99db2230_0631.txt
631	632	hsm/9575cea8_0632.txt
632	633	hsm/36724560_0633.txt
633	634	hsm/9c0ccbed_0634.txt
634	635	hsm/ff50cb01_0635.txt
635	636	hsm/4974bd1c_0636.txt
636	637	hsm/4f1f1244_0637.txt
637	638	hsm/3d8adff6_0638.txt
638	639	hsm/0388a075_0639.txt
639	640	hsm/5486d1aa_0640.txt
640	641	hsm/fd68c07c_0641.txt
641	642	hsm/c1b494ca_0642.txt
642	643	hsm/f304cfae_0643.txt
643	644	hsm/e327ad02_0644.txt
644	645	hsm/5e1306da_0645.txt
645	646	hsm/13f88203_0646.txt
646	647	hsm/fe6d9a9f_0647.txt
647	648	hsm/c802aab2_0648.txt
648	649	hsm/bc8c2b57_0649.txt
649	650	hsm/45a8122e_0650.txt
650	651	hsm/09c7412c_0651.txt
651	652	hsm/670c2d15_0652.txt
652	653	hsm/11191139_0653.txt
653	654	hsm/8ae430fb_0654.txt
654	655	hsm/7e396ede_0655.txt
655	656	hsm/a2d3bd27_0656.txt
656	657	hsm/7a96583c_0657.txt
657	658	hsm/a2b3866d_0658.txt
658	659	hsm/e8458d09_0659.txt
659	660	hsm/ac362a35_0660.txt
660	661	hsm/6e5b18a6_0661.txt
661	662	hsm/0ef4f397_0662.txt
662	663	hsm/1dcce333_0663.txt
663	664	hsm/22aad7b0_0664.txt
664	665	hsm/39b33d46_0665.txt
665	666	hsm/f4896f15_0666.txt
666	667	hsm/5f07a431_0667.txt
667	668	hsm/253979e5_0668.txt
668	669	hsm/881f490d_0669.txt
669	670	hsm/5d0d2288_0670.txt
670	671	hsm/7d269ce7_0671.txt
671	672	hsm/7d4d046d_0672.txt
672	673	hsm/f05045cd_0673.txt
673	674	hsm/587d5471_0674.txt
674	675	hsm/356134c4_0675.txt
675	676	hsm/3b8f5a39_0676.txt
676	677	hsm/2c2905a4_0677.txt
677	678	hsm/a6282563_0678.txt
678	679	hsm/a34057d2_0679.txt
679	680	hsm/4060a2d8_0680.txt
680	681	hsm/2d98a9f1_0681.txt
681	682	hsm/909a670e_0682.txt
682	683	hsm/25dcbeed_0683.txt
683	684	hsm/dc19242e_0684.txt
684	685	hsm/99711940_0685.txt
685	686	hsm/ba9c347d_0686.txt
686	687	hsm/4e8315e2_0687.txt
687	688	hsm/bfd7eabe_0688.txt
688	689	hsm/88daa789_0689.txt
689	690	hsm/e94c8e67_0690.txt
690	691	hsm/30452ca7_0691.txt
691	692	hsm/0f3c315d_0692.txt
692	693	hsm/7a01d064_0693.txt
693	694	hsm/c42d91f1_0694.txt
694	695	hsm/9b2f904c_0695.txt
695	696	hsm/c49d75e9_0696.txt
696	697	hsm/22f4eb23_0697.txt
697	698	hsm/31dd7ed0_0698.txt
698	699	hsm/a3318022_0699.txt
699	700	hsm/171b1913_0700.txt
700	701	hsm/ed5a71b3_0701.txt
701	702	hsm/7278d571_0702.txt
702	703	hsm/e16b78cf_0703.txt
703	704	hsm/ed55631d_0704.txt
704	705	hsm/5ce9060e_0705.txt
705	706	hsm/80a77d83_0706.txt
706	707	hsm/57a7b109_0707.txt
707	708	hsm/339e7e3e_0708.txt
708	709	hsm/956d4eb4_0709.txt
709	710	hsm/d61bc3bd_0710.txt
710	711	hsm/c67a43ac_0711.txt
711	712	hsm/369113ab_0712.txt
712	713	hsm/714693a6_0713.txt
713	714	hsm/18cdd96f_0714.txt
714	715	hsm/c47b2841_0715.txt
715	716	hsm/09b81795_0716.txt
716	717	hsm/f30709c1_0717.txt
717	718	hsm/dccc9eca_0718.txt
718	719	hsm/a1dc82b7_0719.txt
719	720	hsm/bb42f8cb_0720.txt
720	721	hsm/a3a792c2_0721.txt
721	722	hsm/bb42f8cb_0722.txt
722	723	hsm/1ef4b396_0723.txt
723	724	hsm/f5309024_0724.txt
724	725	hsm/4ba05b27_0725.txt
725	726	hsm/15c51a0d_0726.txt
726	727	hsm/44995ae7_0727.txt
727	728	hsm/22dd9954_0728.txt
728	729	hsm/e28bd4e1_0729.txt
729	730	hsm/738ad9c8_0730.txt
730	731	hsm/6a4a7f99_0731.txt
731	732	hsm/a832f312_0732.txt
732	733	hsm/48f7b4a6_0733.txt
733	734	hsm/2dc85ae8_0734.txt
734	735	hsm/b7d3faed_0735.txt
735	736	hsm/41973b11_0736.txt
736	737	hsm/6a6103d7_0737.txt
737	738	hsm/1a1ea26e_0738.txt
738	739	hsm/7f91fc56_0739.txt
739	740	hsm/85154028_0740.txt
740	741	hsm/5058eb4d_0741.txt
741	742	hsm/60776d1a_0742.txt
742	743	hsm/62cced53_0743.txt
743	744	hsm/b19f7766_0744.txt
744	745	hsm/074bcd1f_0745.txt
745	746	hsm/c4621aa1_0746.txt
746	747	hsm/28d10e53_0747.txt
747	748	hsm/47f75690_0748.txt
748	749	hsm/b313b189_0749.txt
749	750	hsm/cc777927_0750.txt
750	751	hsm/db0d2977_0751.txt
751	752	hsm/f82d9804_0752.txt
752	753	hsm/8da9c22d_0753.txt
753	754	hsm/287c4721_0754.txt
754	755	hsm/ca88b9aa_0755.txt
755	756	hsm/828ee61b_0756.txt
756	757	hsm/2c2057ec_0757.txt
757	758	hsm/61f5216f_0758.txt
758	759	hsm/9407b4fa_0759.txt
759	760	hsm/3e7d9a9d_0760.txt
760	761	hsm/acffb5b8_0761.txt
761	762	hsm/ebcb9af3_0762.txt
762	763	hsm/f8156faa_0763.txt
763	764	hsm/7810ac07_0764.txt
764	765	hsm/3c0b6319_0765.txt
765	766	hsm/48465e97_0766.txt
766	767	hsm/9f00b69a_0767.txt
767	768	hsm/bb1bc9c0_0768.txt
768	769	hsm/e7839aa4_0769.txt
769	770	hsm/0a80f9bf_0770.txt
770	771	hsm/9f0ab9a6_0771.txt
771	772	hsm/5cacf2d6_0772.txt
772	773	hsm/0cec8bbe_0773.txt
773	774	hsm/109827d0_0774.txt
774	775	hsm/060c890d_0775.txt
775	776	hsm/51c2f391_0776.txt
776	777	hsm/f3e2ee60_0777.txt
777	778	hsm/391fa78d_0778.txt
778	779	hsm/66110bb0_0779.txt
779	780	hsm/f1f82b57_0780.txt
780	781	hsm/9aa25d0c_0781.txt
781	782	hsm/ffed3cf4_0782.txt
782	783	hsm/39db577b_0783.txt
783	784	hsm/b43b572d_0784.txt
784	785	hsm/c4ea962d_0785.txt
785	786	hsm/ee7c33a5_0786.txt
786	787	hsm/17550e85_0787.txt
787	788	hsm/859b7b0a_0788.txt
788	789	hsm/6fd02110_0789.txt
789	790	hsm/1b9e0182_0790.txt
790	791	hsm/d7b73217_0791.txt
791	792	hsm/1643fe97_0792.txt
792	793	hsm/b721965f_0793.txt
793	794	hsm/e098e075_0794.txt
794	795	hsm/f096657e_0795.txt
795	796	hsm/ae896803_0796.txt
796	797	hsm/ae43d9d1_0797.txt
797	798	hsm/79d63e5f_0798.txt
798	799	hsm/33592111_0799.txt
799	800	hsm/02c07221_0800.txt
800	801	hsm/9f8cdd29_0801.txt
801	802	hsm/715b7dca_0802.txt
802	803	hsm/b2b6c735_0803.txt
803	804	hsm/94f62476_0804.txt
804	805	hsm/a8da2d71_0805.txt
805	806	hsm/416774c5_0806.txt
806	807	hsm/16ab0347_0807.txt
807	808	hsm/58003e37_0808.txt
808	809	hsm/502452fa_0809.txt
809	810	hsm/a2afe2ba_0810.txt
810	811	hsm/71919cef_0811.txt
811	812	hsm/03cb98b8_0812.txt
812	813	hsm/1fec035f_0813.txt
813	814	hsm/22ca1f61_0814.txt
814	815	hsm/e7af879f_0815.txt
815	816	hsm/8ea2e192_0816.txt
816	817	hsm/65a6ca7b_0817.txt
817	818	hsm/c8445bcf_0818.txt
818	819	hsm/119b690f_0819.txt
819	820	hsm/60441880_0820.txt
820	821	hsm/f34f6a9b_0821.txt
821	822	hsm/ce351581_0822.txt
822	823	hsm/fca9f7bd_0823.txt
823	824	hsm/e1f45412_0824.txt
824	825	hsm/c356765b_0825.txt
825	826	hsm/a6bfafcc_0826.txt
826	827	hsm/e4e67ff6_0827.txt
827	828	hsm/22122342_0828.txt
828	829	hsm/a63f5817_0829.txt
829	830	hsm/4833bb53_0830.txt
830	831	hsm/f343d821_0831.txt
831	832	hsm/4d78e1b9_0832.txt
832	833	hsm/4cb861d9_0833.txt
833	834	hsm/120b3f46_0834.txt
834	835	hsm/0056a2bb_0835.txt
835	836	hsm/5fa533d7_0836.txt
836	837	hsm/b38e9456_0837.txt
837	838	hsm/0d26b6dd_0838.txt
838	839	hsm/c6997816_0839.txt
839	840	hsm/c4f83311_0840.txt
840	841	hsm/368ef4c2_0841.txt
841	842	hsm/7ec4957c_0842.txt
842	843	hsm/7fd22780_0843.txt
843	844	hsm/bacd5d9c_0844.txt
844	845	hsm/28861168_0845.txt
845	846	hsm/d0799ddf_0846.txt
846	847	hsm/76571a13_0847.txt
847	848	hsm/5c4ef2e8_0848.txt
848	849	hsm/20465343_0849.txt
849	850	hsm/cd312895_0850.txt
850	851	hsm/d17bea5e_0851.txt
851	852	hsm/c120f8bd_0852.txt
852	853	hsm/dcf15b39_0853.txt
853	854	hsm/35af32db_0854.txt
854	855	hsm/4198c005_0855.txt
855	856	hsm/3251ba41_0856.txt
856	857	hsm/75dc30fd_0857.txt
857	858	hsm/533e0153_0858.txt
858	859	hsm/173b7791_0859.txt
859	860	hsm/6d9be14c_0860.txt
860	861	hsm/7183854b_0861.txt
861	862	hsm/88e465f1_0862.txt
862	863	hsm/4907aadc_0863.txt
863	864	hsm/b1888041_0864.txt
864	865	hsm/4830cfa0_0865.txt
865	866	hsm/922f0b84_0866.txt
866	867	hsm/7d65f410_0867.txt
867	868	hsm/0d8ef602_0868.txt
868	869	hsm/3f25d71d_0869.txt
869	870	hsm/dbe082c4_0870.txt
870	871	hsm/48d8fcf5_0871.txt
871	872	hsm/9dbf6313_0872.txt
872	873	hsm/92ae5b32_0873.txt
873	874	hsm/e72e32b1_0874.txt
874	875	hsm/90976f16_0875.txt
875	876	hsm/a0c903ec_0876.txt
876	877	hsm/8534d02a_0877.txt
877	878	hsm/1df25273_0878.txt
878	879	hsm/bc2d51b9_0879.txt
879	880	hsm/69115197_0880.txt
880	881	hsm/fb386feb_0881.txt
881	882	hsm/dd5f9cff_0882.txt
882	883	hsm/d40711ec_0883.txt
883	884	hsm/6ed5db5e_0884.txt
884	885	hsm/23915109_0885.txt
885	886	hsm/a6ad98be_0886.txt
886	887	hsm/7a403d79_0887.txt
887	888	hsm/1e1d1320_0888.txt
888	889	hsm/b0ca3d0b_0889.txt
889	890	hsm/6f4ea40f_0890.txt
890	891	hsm/4c086183_0891.txt
891	892	hsm/d65bd270_0892.txt
892	893	hsm/6e2d0aff_0893.txt
893	894	hsm/a11a0c26_0894.txt
894	895	hsm/7d7c2325_0895.txt
895	896	hsm/541840b2_0896.txt
896	897	hsm/ac0042f1_0897.txt
897	898	hsm/d07adaf2_0898.txt
898	899	hsm/e21ad3a2_0899.txt
899	900	hsm/6ae8fc78_0900.txt
900	901	hsm/7d76e4da_0901.txt
901	902	hsm/4d9d3a8a_0902.txt
902	903	hsm/d741abb5_0903.txt
903	904	hsm/ef6c9f9e_0904.txt
904	905	hsm/47bbec7a_0905.txt
905	906	hsm/00df8e3e_0906.txt
906	907	hsm/b0c761b8_0907.txt
907	908	hsm/c5ec13d4_0908.txt
908	909	hsm/926bfb46_0909.txt
909	910	hsm/51fe2b40_0910.txt
910	911	hsm/4a5aef29_0911.txt
911	912	hsm/075f7162_0912.txt
912	913	hsm/8a8d4473_0913.txt
913	914	hsm/56c44a3c_0914.txt
914	915	hsm/8a4799a6_0915.txt
915	916	hsm/e8636a3d_0916.txt
916	917	hsm/8d04fd8f_0917.txt
917	918	hsm/c6dea4d2_0918.txt
918	919	hsm/febac8ca_0919.txt
919	920	hsm/a7bd0738_0920.txt
920	921	hsm/1797da92_0921.txt
921	922	hsm/9c8c4134_0922.txt
922	923	hsm/a8f2e0e3_0923.txt
923	924	hsm/d98f5c10_0924.txt
924	925	hsm/a934a266_0925.txt
925	926	hsm/32c769da_0926.txt
926	927	hsm/470c5902_0927.txt
927	928	hsm/26493f80_0928.txt
928	929	hsm/3271f4f7_0929.txt
929	930	hsm/9cf7e815_0930.txt
930	931	hsm/4bcee1df_0931.txt
931	932	hsm/9538a675_0932.txt
932	933	hsm/4ee0e1c7_0933.txt
933	934	hsm/1e96b241_0934.txt
934	935	hsm/ea8bfd72_0935.txt
935	936	hsm/cd068b32_0936.txt
936	937	hsm/d2b55df1_0937.txt
937	938	hsm/5a2dcdab_0938.txt
938	939	hsm/c4937255_0939.txt
939	940	hsm/abf7af37_0940.txt
940	941	hsm/bf96af09_0941.txt
941	942	hsm/d32544d0_0942.txt
942	943	hsm/c76830d7_0943.txt
943	944	hsm/47eb51e2_0944.txt
944	945	hsm/bf2dff97_0945.txt
945	946	hsm/c8319eb4_0946.txt
946	947	hsm/259f7a5f_0947.txt
947	948	hsm/7217224e_0948.txt
948	949	hsm/823735f0_0949.txt
949	950	hsm/a29a1fd5_0950.txt
950	951	hsm/0d7eccf3_0951.txt
951	952	hsm/8cbdcdd8_0952.txt
952	953	hsm/2e1a0627_0953.txt
953	954	hsm/68528f32_0954.txt
954	955	hsm/16f7fa4e_0955.txt
955	956	hsm/8c9f9be7_0956.txt
956	957	hsm/4f81efc1_0957.txt
957	958	hsm/226a98c6_0958.txt
958	959	hsm/ee3129f7_0959.txt
959	960	hsm/480b609a_0960.txt
960	961	hsm/8b5275ea_0961.txt
961	962	hsm/ce141b27_0962.txt
962	963	hsm/54fa223f_0963.txt
963	964	hsm/5b30816c_0964.txt
964	965	hsm/3a492b10_0965.txt
965	966	hsm/4f6bae1d_0966.txt
966	967	hsm/29655c46_0967.txt
967	968	hsm/91345a6d_0968.txt
968	969	hsm/865e96ce_0969.txt
969	970	hsm/39f1c9e0_0970.txt
970	971	hsm/bad02e89_0971.txt
971	972	hsm/f535383d_0972.txt
972	973	hsm/62bc893e_0973.txt
973	974	hsm/62aec4c7_0974.txt
974	975	hsm/30763455_0975.txt
975	976	hsm/b243c997_0976.txt
976	977	hsm/b7ac5be2_0977.txt
977	978	hsm/1f84e2ca_0978.txt
978	979	hsm/a462cbbf_0979.txt
979	980	hsm/2be3eebf_0980.txt
980	981	hsm/afba0bd7_0981.txt
981	982	hsm/5508bbcf_0982.txt
982	983	hsm/2c56968d_0983.txt
983	984	hsm/6e08e1a7_0984.txt
984	985	hsm/fdc7ac01_0985.txt
985	986	hsm/ceb9b322_0986.txt
986	987	hsm/1aba9257_0987.txt
987	988	hsm/67541c5e_0988.txt
988	989	hsm/17fe1c36_0989.txt
989	990	hsm/de03e611_0990.txt
990	991	hsm/b32a9b8e_0991.txt
991	992	hsm/75e6a853_0992.txt
992	993	hsm/f15de6ba_0993.txt
993	994	hsm/89ea89c9_0994.txt
994	995	hsm/e41e4b5e_0995.txt
995	996	hsm/b78b0fd7_0996.txt
996	997	hsm/3cc3d05d_0997.txt
997	998	hsm/0941049c_0998.txt
998	999	hsm/3b36f986_0999.txt
999	1000	hsm/e7e91311_1000.txt
1000	1001	hsm/247c064c_1001.txt
1001	1002	hsm/df89922d_1002.txt
1002	1003	hsm/e4b834df_1003.txt
1003	1004	hsm/18dcc150_1004.txt
1004	1005	hsm/211456dd_1005.txt
1005	1006	hsm/d69bddd5_1006.txt
1006	1007	hsm/871c409f_1007.txt
1007	1008	hsm/0e3b4c86_1008.txt
1008	1009	hsm/eccad5b5_1009.txt
1009	1010	hsm/f35fecde_1010.txt
1010	1011	hsm/a4518b6b_1011.txt
1011	1012	hsm/75b05f24_1012.txt
1012	1013	hsm/05f4414e_1013.txt
1013	1014	hsm/56db02d2_1014.txt
1014	1015	hsm/2af89abb_1015.txt
1015	1016	hsm/f412dad2_1016.txt
1016	1017	hsm/c4e1d0bc_1017.txt
1017	1018	hsm/ca3ab566_1018.txt
1018	1019	hsm/33537eab_1019.txt
1019	1020	hsm/19dd4e89_1020.txt
1020	1021	hsm/2cf2d3ee_1021.txt
1021	1022	hsm/2ae2a0be_1022.txt
1022	1023	hsm/e8ebb776_1023.txt
1023	1024	hsm/793af5e4_1024.txt
1024	1025	hsm/7fb15831_1025.txt
1025	1026	hsm/b218383e_1026.txt
1026	1027	hsm/e97f98ce_1027.txt
1027	1028	hsm/6cdff747_1028.txt
1028	1029	hsm/4812e12e_1029.txt
1029	1030	hsm/b0f5d772_1030.txt
1030	1031	hsm/3507bfc6_1031.txt
1031	1032	hsm/1bd878ed_1032.txt
1032	1033	hsm/4ccb0360_1033.txt
1033	1034	hsm/626f4de0_1034.txt
1034	1035	hsm/ea02da4c_1035.txt
1035	1036	hsm/17bb2ecc_1036.txt
1036	1037	hsm/47e12923_1037.txt
1037	1038	hsm/4192a03d_1038.txt
1038	1039	hsm/c6759deb_1039.txt
1039	1040	hsm/01ca844d_1040.txt
1040	1041	hsm/2f3f54b4_1041.txt
1041	1042	hsm/a89a5775_1042.txt
1042	1043	hsm/4573de7f_1043.txt
1043	1044	hsm/fe8cfe62_1044.txt
1044	1045	hsm/d88f59ad_1045.txt
1045	1046	hsm/25530de3_1046.txt
1046	1047	hsm/ffa23d68_1047.txt
1047	1048	hsm/b242d6e4_1048.txt
1048	1049	hsm/8eca5b87_1049.txt
1049	1050	hsm/5207165b_1050.txt
1050	1051	hsm/43652a1c_1051.txt
1051	1052	hsm/6b7178ce_1052.txt
1052	1053	hsm/06327b74_1053.txt
1053	1054	hsm/928edb31_1054.txt
1054	1055	hsm/326f2a4f_1055.txt
1055	1056	hsm/06067579_1056.txt
1056	1057	hsm/45772bb5_1057.txt
1057	1058	hsm/6fac336b_1058.txt
1058	1059	hsm/3673af95_1059.txt
1059	1060	hsm/18f70726_1060.txt
1060	1061	hsm/a05cf40b_1061.txt
1061	1062	hsm/68fba1ee_1062.txt
1062	1063	hsm/8c1b75c0_1063.txt
1063	1064	hsm/7d0ea421_1064.txt
1064	1065	hsm/5601937d_1065.txt
1065	1066	hsm/de4b65ef_1066.txt
1066	1067	hsm/c11d4341_1067.txt
1067	1068	hsm/b9b4a0f1_1068.txt
1068	1069	hsm/05eb93ee_1069.txt
1069	1070	hsm/3ef76c53_1070.txt
1070	1071	hsm/674c76ad_1071.txt
1071	1072	hsm/2434affc_1072.txt
1072	1073	hsm/6fbc1f3d_1073.txt
1073	1074	hsm/111244dc_1074.txt
1074	1075	hsm/487bd150_1075.txt
1075	1076	hsm/2c847b62_1076.txt
1076	1077	hsm/6d8ead06_1077.txt
1077	1078	hsm/ce5d3740_1078.txt
1078	1079	hsm/b52b1eb8_1079.txt
1079	1080	hsm/1f376984_1080.txt
1080	1081	hsm/3a2e1bbf_1081.txt
1081	1082	hsm/3b36ef42_1082.txt
1082	1083	hsm/89826544_1083.txt
1083	1084	hsm/24087628_1084.txt
1084	1085	hsm/acb1679f_1085.txt
1085	1086	hsm/f8bfd4b8_1086.txt
1086	1087	hsm/cc6a368e_1087.txt
1087	1088	hsm/4bf78aaa_1088.txt
1088	1089	hsm/66631af0_1089.txt
1089	1090	hsm/34475ffe_1090.txt
1090	1091	hsm/28134784_1091.txt
1091	1092	hsm/516f871e_1092.txt
1092	1093	hsm/eaa1d6e8_1093.txt
1093	1094	hsm/bb4ceaa1_1094.txt
1094	1095	hsm/8e2e0bf7_1095.txt
1095	1096	hsm/d42e87bf_1096.txt
1096	1097	hsm/63afc233_1097.txt
1097	1098	hsm/f484549e_1098.txt
1098	1099	hsm/8af1667d_1099.txt
1099	1100	hsm/4c4bcacf_1100.txt
1100	1101	hsm/da297324_1101.txt
1101	1102	hsm/1e48110a_1102.txt
1102	1103	hsm/2b04e64d_1103.txt
1103	1104	hsm/a2a27ab7_1104.txt
1104	1105	hsm/a929466d_1105.txt
1105	1106	hsm/7288d816_1106.txt
1106	1107	hsm/88ee30ea_1107.txt
1107	1108	hsm/5c075020_1108.txt
1108	1109	hsm/b296509f_1109.txt
1109	1110	hsm/0db60c60_1110.txt
1110	1111	hsm/342ad4e1_1111.txt
1111	1112	hsm/8904fe72_1112.txt
1112	1113	hsm/01e1e2aa_1113.txt
1113	1114	hsm/3e4bbc92_1114.txt
1114	1115	hsm/115a629e_1115.txt
1115	1116	hsm/89df5448_1116.txt
1116	1117	hsm/e3756c9f_1117.txt
1117	1118	hsm/f4241928_1118.txt
1118	1119	hsm/78ba3e12_1119.txt
1119	1120	hsm/00a59a63_1120.txt
1120	1121	hsm/0d9bd937_1121.txt
1121	1122	hsm/f45bce06_1122.txt
1122	1123	hsm/ba47c1fe_1123.txt
1123	1124	hsm/38e6306c_1124.txt
1124	1125	hsm/a8b09332_1125.txt
1125	1126	hsm/2e15ab4a_1126.txt
1126	1127	hsm/ada11007_1127.txt
1127	1128	hsm/9e48bbc5_1128.txt
1128	1129	hsm/8d2e016c_1129.txt
1129	1130	hsm/337f583b_1130.txt
1130	1131	hsm/d50318ee_1131.txt
1131	1132	hsm/d2bf8e1a_1132.txt
1132	1133	hsm/11233897_1133.txt
1133	1134	hsm/716e34e4_1134.txt
1134	1135	hsm/9d47e1e9_1135.txt
1135	1136	hsm/10c1b79c_1136.txt
1136	1137	hsm/891d8406_1137.txt
1137	1138	hsm/a16c2a6b_1138.txt
1138	1139	hsm/187150c0_1139.txt
1139	1140	hsm/12ba990e_1140.txt
1140	1141	hsm/9993921c_1141.txt
1141	1142	hsm/fa7cfe90_1142.txt
1142	1143	hsm/bfc70ee9_1143.txt
1143	1144	hsm/13ffb571_1144.txt
1144	1145	hsm/18dc6ca2_1145.txt
1145	1146	hsm/c7f1ca0e_1146.txt
1146	1147	hsm/9ab81d0f_1147.txt
1147	1148	hsm/01df4fa0_1148.txt
1148	1149	hsm/176d51db_1149.txt
1149	1150	hsm/8422ce9c_1150.txt
1150	1151	hsm/2f02198d_1151.txt
1151	1152	hsm/618bbc1e_1152.txt
1152	1153	hsm/28817a8c_1153.txt
1153	1154	hsm/652f78f2_1154.txt
1154	1155	hsm/9e6aa913_1155.txt
1155	1156	hsm/256dc24d_1156.txt
1156	1157	hsm/3f59e41d_1157.txt
1157	1158	hsm/ef3992d6_1158.txt
1158	1159	hsm/48bc5de0_1159.txt
1159	1160	hsm/414b1f6c_1160.txt
1160	1161	hsm/3a529aa2_1161.txt
1161	1162	hsm/d1d31665_1162.txt
1162	1163	hsm/569df115_1163.txt
1163	1164	hsm/7612e43c_1164.txt
1164	1165	hsm/f9e43bd3_1165.txt
1165	1166	hsm/e63b0108_1166.txt
1166	1167	hsm/ab74a227_1167.txt
1167	1168	hsm/050b378e_1168.txt
1168	1169	hsm/4306168f_1169.txt
1169	1170	hsm/c29170f6_1170.txt
1170	1171	hsm/51e20c5c_1171.txt
1171	1172	hsm/16035c6a_1172.txt
1172	1173	hsm/9a832b0a_1173.txt
1173	1174	hsm/2544c351_1174.txt
1174	1175	hsm/91d99269_1175.txt
1175	1176	hsm/381df52f_1176.txt
1176	1177	hsm/ce268263_1177.txt
1177	1178	hsm/3b83d3e3_1178.txt
1178	1179	hsm/ebfe6362_1179.txt
1179	1180	hsm/5366d8bb_1180.txt
1180	1181	hsm/49e1dec4_1181.txt
1181	1182	hsm/6793611e_1182.txt
1182	1183	hsm/c3f6438e_1183.txt
1183	1184	hsm/fefa4224_1184.txt
1184	1185	hsm/fe9a7677_1185.txt
1185	1186	hsm/1609d1bb_1186.txt
1186	1187	hsm/06cd699c_1187.txt
1187	1188	hsm/393c8415_1188.txt
1188	1189	hsm/81bbc95c_1189.txt
1189	1190	hsm/357c7e21_1190.txt
1190	1191	hsm/7e9f7244_1191.txt
1191	1192	hsm/6c9eed12_1192.txt
1192	1193	hsm/f3944b37_1193.txt
1193	1194	hsm/da47e044_1194.txt
1194	1195	hsm/9557de5e_1195.txt
1195	1196	hsm/b0c46f94_1196.txt
1196	1197	hsm/09b01605_1197.txt
1197	1198	hsm/62e827d1_1198.txt
1198	1199	hsm/2108bbcb_1199.txt
1199	1200	hsm/af47bf5b_1200.txt
1200	1201	hsm/b980e546_1201.txt
1201	1202	hsm/1f815187_1202.txt
1202	1203	hsm/bac30bda_1203.txt
1203	1204	hsm/3c3e135c_1204.txt
1204	1205	hsm/0649e924_1205.txt
1205	1206	hsm/c00991be_1206.txt
1206	1207	hsm/188b15dc_1207.txt
1207	1208	hsm/25dfdba7_1208.txt
1208	1209	hsm/62b2e68e_1209.txt
1209	1210	hsm/130a4875_1210.txt
1210	1211	hsm/2b081efa_1211.txt
1211	1212	hsm/439b1d3a_1212.txt
1212	1213	hsm/9b753bbb_1213.txt
1213	1214	hsm/870ac279_1214.txt
1214	1215	hsm/eafb4028_1215.txt
1215	1216	hsm/49096866_1216.txt
1216	1217	hsm/fa9b37ea_1217.txt
1217	1218	hsm/a12383b6_1218.txt
1218	1219	hsm/c05dae16_1219.txt
1219	1220	hsm/d8fade0c_1220.txt
1220	1221	hsm/ba16927f_1221.txt
1221	1222	hsm/87346508_1222.txt
1222	1223	hsm/c3d18963_1223.txt
1223	1224	hsm/b49c8e93_1224.txt
1224	1225	hsm/c063d6c7_1225.txt
1225	1226	hsm/ad94b0ef_1226.txt
1226	1227	hsm/0924f463_1227.txt
1227	1228	hsm/94122dbc_1228.txt
1228	1229	hsm/eea5d2a2_1229.txt
1229	1230	hsm/d93d09c1_1230.txt
1230	1231	hsm/6f422876_1231.txt
1231	1232	hsm/8a3fc38c_1232.txt
1232	1233	hsm/6ecdcae1_1233.txt
1233	1234	hsm/30b4aa10_1234.txt
1234	1235	hsm/18e5452c_1235.txt
1235	1236	hsm/0741c978_1236.txt
1236	1237	hsm/1cc1ec2a_1237.txt
1237	1238	hsm/6e2d5876_1238.txt
1238	1239	hsm/2c71a6ef_1239.txt
1239	1240	hsm/fe7bea83_1240.txt
1240	1241	hsm/f5f82f06_1241.txt
1241	1242	hsm/2b64bcd2_1242.txt
1242	1243	hsm/b189a7d5_1243.txt
1243	1244	hsm/4e37bf00_1244.txt
1244	1245	hsm/81a84408_1245.txt
1245	1246	hsm/33ed7fd4_1246.txt
1246	1247	hsm/f769ad17_1247.txt
1247	1248	hsm/d3ece63d_1248.txt
1248	1249	hsm/7357015c_1249.txt
1249	1250	hsm/64b40a30_1250.txt
1250	1251	hsm/1ffa158f_1251.txt
1251	1252	hsm/df88d676_1252.txt
1252	1253	hsm/f9bd3df6_1253.txt
1253	1254	hsm/b7ace67f_1254.txt
1254	1255	hsm/ce60400b_1255.txt
1255	1256	hsm/7f7ca566_1256.txt
1256	1257	hsm/655eae4f_1257.txt
1257	1258	hsm/736b9c0d_1258.txt
1258	1259	hsm/5c4e7dd1_1259.txt
1259	1260	hsm/65707d8e_1260.txt
1260	1261	hsm/ac7938e1_1261.txt
1261	1262	hsm/dbec90d9_1262.txt
1262	1263	hsm/77b5c7ee_1263.txt
1263	1264	hsm/2d3d591e_1264.txt
1264	1265	hsm/0ffc14e1_1265.txt
1265	1266	hsm/78a8e100_1266.txt
1266	1267	hsm/cce304aa_1267.txt
1267	1268	hsm/c05457df_1268.txt
1268	1269	hsm/6e1a6731_1269.txt
1269	1270	hsm/fba003ac_1270.txt
1270	1271	hsm/b4c545a5_1271.txt
1271	1272	hsm/d5a5c042_1272.txt
1272	1273	hsm/e5c05ffd_1273.txt
1273	1274	hsm/cf9bf8b6_1274.txt
1274	1275	hsm/5fefb75f_1275.txt
1275	1276	hsm/5daff3ca_1276.txt
1276	1277	hsm/c9581a32_1277.txt
1277	1278	hsm/c2a3970d_1278.txt
1278	1279	hsm/47cb8887_1279.txt
1279	1280	hsm/4a3775d5_1280.txt
1280	1281	hsm/d7829ab1_1281.txt
1281	1282	hsm/947837a4_1282.txt
1282	1283	hsm/e0fde304_1283.txt
1283	1284	hsm/2009a02f_1284.txt
1284	1285	hsm/43542d03_1285.txt
1285	1286	hsm/cf29d92b_1286.txt
1286	1287	hsm/8c135a6b_1287.txt
1287	1288	hsm/220e5dac_1288.txt
1288	1289	hsm/675b3a26_1289.txt
1289	1290	hsm/fdc7870a_1290.txt
1290	1291	hsm/367aa0e8_1291.txt
1291	1292	hsm/0bc418c7_1292.txt
1292	1293	hsm/4cfd18f4_1293.txt
1293	1294	hsm/c14bac33_1294.txt
1294	1295	hsm/264f7e7a_1295.txt
1295	1296	hsm/b908907d_1296.txt
1296	1297	hsm/973749ce_1297.txt
1297	1298	hsm/7b9f0696_1298.txt
1298	1299	hsm/3a92e1b6_1299.txt
1299	1300	hsm/fd268612_1300.txt
1300	1301	hsm/b4f59c96_1301.txt
1301	1302	hsm/877b4f7e_1302.txt
1302	1303	hsm/2146f029_1303.txt
1303	1304	hsm/5e78d056_1304.txt
1304	1305	hsm/527e92a2_1305.txt
1305	1306	hsm/23fd8453_1306.txt
1306	1307	hsm/e361f542_1307.txt
1307	1308	hsm/4ca089ce_1308.txt
1308	1309	hsm/40a1bfe7_1309.txt
1309	1310	hsm/c6c7d49d_1310.txt
1310	1311	hsm/3ef4f476_1311.txt
1311	1312	hsm/a2519684_1312.txt
1312	1313	hsm/155adb97_1313.txt
1313	1314	hsm/d8e28981_1314.txt
1314	1315	hsm/f678ff9e_1315.txt
1315	1316	hsm/f4768253_1316.txt
1316	1317	hsm/c0c3c6f5_1317.txt
1317	1318	hsm/bb91670d_1318.txt
1318	1319	hsm/5f5e6a9f_1319.txt
1319	1320	hsm/26d5b285_1320.txt
1320	1321	hsm/3f67b8cd_1321.txt
1321	1322	hsm/0086ac97_1322.txt
1322	1323	hsm/db0855c8_1323.txt
1323	1324	hsm/5f9bc431_1324.txt
1324	1325	hsm/7b5af7c6_1325.txt
1325	1326	hsm/55a71082_1326.txt
1326	1327	hsm/e684d52a_1327.txt
1327	1328	hsm/691b074e_1328.txt
1328	1329	hsm/4a0b3415_1329.txt
1329	1330	hsm/c46039ec_1330.txt
1330	1331	hsm/340c7c92_1331.txt
1331	1332	hsm/a4216ae7_1332.txt
1332	1333	hsm/edc9e70c_1333.txt
1333	1334	hsm/bed7c8bb_1334.txt
1334	1335	hsm/c9125665_1335.txt
1335	1336	hsm/3a9439ad_1336.txt
1336	1337	hsm/2c7d31a3_1337.txt
1337	1338	hsm/fb1bfef6_1338.txt
1338	1339	hsm/18c2d295_1339.txt
1339	1340	hsm/e4b18709_1340.txt
1340	1341	hsm/9a7fddc8_1341.txt
1341	1342	hsm/72699125_1342.txt
1342	1343	hsm/962c877c_1343.txt
1343	1344	hsm/14a24ab9_1344.txt
1344	1345	hsm/b75dad03_1345.txt
1345	1346	hsm/d6650f93_1346.txt
1346	1347	hsm/38d1ab7c_1347.txt
1347	1348	hsm/fd947bb3_1348.txt
1348	1349	hsm/bf3934c8_1349.txt
1349	1350	hsm/fdd361c2_1350.txt
1350	1351	hsm/3205571b_1351.txt
1351	1352	hsm/35ef8ffb_1352.txt
1352	1353	hsm/d242c113_1353.txt
1353	1354	hsm/eca24eff_1354.txt
1354	1355	hsm/e7b5edb4_1355.txt
1355	1356	hsm/f958bc0a_1356.txt
1356	1357	hsm/249bc51e_1357.txt
1357	1358	hsm/b5b88737_1358.txt
1358	1359	hsm/be4407c5_1359.txt
1359	1360	hsm/2cd40712_1360.txt
1360	1361	hsm/a228d4c1_1361.txt
1361	1362	hsm/bce5c1f8_1362.txt
1362	1363	hsm/b1c3234c_1363.txt
1363	1364	hsm/daee4999_1364.txt
1364	1365	hsm/705ca53d_1365.txt
1365	1366	hsm/9ef2c881_1366.txt
1366	1367	hsm/a42de55e_1367.txt
1367	1368	hsm/04523040_1368.txt
1368	1369	hsm/29fa8bf9_1369.txt
1369	1370	hsm/991928df_1370.txt
1370	1371	hsm/5374f649_1371.txt
1371	1372	hsm/165ab990_1372.txt
1372	1373	hsm/c142421c_1373.txt
1373	1374	hsm/51f88bc5_1374.txt
1374	1375	hsm/420b6afa_1375.txt
1375	1376	hsm/b0517c4a_1376.txt
1376	1377	hsm/01e7e05f_1377.txt
1377	1378	hsm/1caf6414_1378.txt
1378	1379	hsm/958dda31_1379.txt
1379	1380	hsm/f9e34745_1380.txt
1380	1381	hsm/dcb23fe7_1381.txt
1381	1382	hsm/8c6776a8_1382.txt
1382	1383	hsm/85c2f1da_1383.txt
1383	1384	hsm/b6bb0ef1_1384.txt
1384	1385	hsm/fc939874_1385.txt
1385	1386	hsm/eaaef417_1386.txt
1386	1387	hsm/e0d4da1c_1387.txt
1387	1388	hsm/d58d9427_1388.txt
1388	1389	hsm/69e5b2e4_1389.txt
1389	1390	hsm/90e5c9a5_1390.txt
1390	1391	hsm/8a06f11e_1391.txt
1391	1392	hsm/b7c76a91_1392.txt
1392	1393	hsm/fe2928fe_1393.txt
1393	1394	hsm/7dc5f485_1394.txt
1394	1395	hsm/e55bc6ab_1395.txt
1395	1396	hsm/58e815d4_1396.txt
1396	1397	hsm/1680e3d0_1397.txt
1397	1398	hsm/2e424432_1398.txt
1398	1399	hsm/aa5aaff2_1399.txt
1399	1400	hsm/4609d7e5_1400.txt
1400	1401	hsm/b55c0501_1401.txt
1401	1402	hsm/aaae5bad_1402.txt
1402	1403	hsm/88942deb_1403.txt
1403	1404	hsm/dd544a73_1404.txt
1404	1405	hsm/63e4d835_1405.txt
1405	1406	hsm/21d75bb6_1406.txt
1406	1407	hsm/f0fb3be5_1407.txt
1407	1408	hsm/31c4c98d_1408.txt
1408	1409	hsm/d3430827_1409.txt
1409	1410	hsm/97d17bf6_1410.txt
1410	1411	hsm/43022505_1411.txt
1411	1412	hsm/0c97aab9_1412.txt
1412	1413	hsm/b758e240_1413.txt
1413	1414	hsm/f87ca76e_1414.txt
1414	1415	hsm/910fa0f5_1415.txt
1415	1416	hsm/f1b88d1d_1416.txt
1416	1417	hsm/973dd3e0_1417.txt
1417	1418	hsm/28fd13b7_1418.txt
1418	1419	hsm/5d97960c_1419.txt
1419	1420	hsm/bb6874fc_1420.txt
1420	1421	hsm/74a3ad81_1421.txt
1421	1422	hsm/6142fb27_1422.txt
1422	1423	hsm/c92c7798_1423.txt
1423	1424	hsm/26e16ecd_1424.txt
1424	1425	hsm/3776f44d_1425.txt
1425	1426	hsm/fab66942_1426.txt
1426	1427	hsm/03f3c60f_1427.txt
1427	1428	hsm/b96bd900_1428.txt
1428	1429	hsm/eeb0bea5_1429.txt
1429	1430	hsm/7252b64e_1430.txt
1430	1431	hsm/a9182c7b_1431.txt
1431	1432	hsm/5b23251d_1432.txt
1432	1433	hsm/2e8ab78e_1433.txt
1433	1434	hsm/86c68ae6_1434.txt
1434	1435	hsm/c24eb235_1435.txt
1435	1436	hsm/642f2f69_1436.txt
1436	1437	hsm/0d696024_1437.txt
1437	1438	hsm/66df3fb1_1438.txt
1438	1439	hsm/3ed57382_1439.txt
1439	1440	hsm/d949c451_1440.txt
1440	1441	hsm/a1662a91_1441.txt
1441	1442	hsm/a5fb931f_1442.txt
1442	1443	hsm/32be4e30_1443.txt
1443	1444	hsm/6864b621_1444.txt
1444	1445	hsm/cf340b10_1445.txt
1445	1446	hsm/7d9447d4_1446.txt
1446	1447	hsm/33c11483_1447.txt
1447	1448	hsm/6f6068f2_1448.txt
1448	1449	hsm/e03c85e2_1449.txt
1449	1450	hsm/2be563b4_1450.txt
1450	1451	hsm/54301315_1451.txt
1451	1452	hsm/215aaf8d_1452.txt
1452	1453	hsm/90592813_1453.txt
1453	1454	hsm/319f55fb_1454.txt
1454	1455	hsm/96ed549f_1455.txt
1455	1456	hsm/ccba24d6_1456.txt
1456	1457	hsm/ea53e580_1457.txt
1457	1458	hsm/b6ce6b5e_1458.txt
1458	1459	hsm/3e1f6f08_1459.txt
1459	1460	hsm/53eece9d_1460.txt
1460	1461	hsm/6a469c34_1461.txt
1461	1462	hsm/74e51da0_1462.txt
1462	1463	hsm/76571a13_1463.txt
1463	1464	hsm/ed10de2b_1464.txt
1464	1465	hsm/bc20f666_1465.txt
1465	1466	hsm/b70fb5eb_1466.txt
1466	1467	hsm/fb738bc1_1467.txt
1467	1468	hsm/3a658e43_1468.txt
1468	1469	hsm/e6b87c7f_1469.txt
1469	1470	hsm/010f3e31_1470.txt
1470	1471	hsm/d2647688_1471.txt
1471	1472	hsm/1607db86_1472.txt
1472	1473	hsm/8b26678a_1473.txt
1473	1474	hsm/e9dcc2a3_1474.txt
1474	1475	hsm/929f961b_1475.txt
1475	1476	hsm/7e053d06_1476.txt
1476	1477	hsm/c2158281_1477.txt
1477	1478	hsm/f30709c1_1478.txt
1478	1479	hsm/2fa45895_1479.txt
1479	1480	hsm/1ef4b396_1480.txt
1480	1481	hsm/9b50c6ef_1481.txt
1481	1482	hsm/9b50c6ef_1482.txt
1482	1483	hsm/7bc05125_1483.txt
1483	1484	hsm/322bab9e_1484.txt
1484	1485	hsm/3ff202f5_1485.txt
1485	1486	hsm/f336c482_1486.txt
1486	1487	hsm/8963024b_1487.txt
1487	1488	hsm/aad031b8_1488.txt
1488	1489	hsm/e0f98909_1489.txt
1489	1490	hsm/4fcc3a19_1490.txt
1490	1491	hsm/bb30a43b_1491.txt
1491	1492	hsm/320da607_1492.txt
1492	1493	hsm/94ef453f_1493.txt
1493	1494	hsm/3b847a4b_1494.txt
1494	1495	hsm/2b6200be_1495.txt
1495	1496	hsm/dbaa6b59_1496.txt
1496	1497	hsm/fbde3685_1497.txt
1497	1498	hsm/b68ef900_1498.txt
1498	1499	hsm/63b9fda1_1499.txt
1499	1500	hsm/c93532cd_1500.txt
1500	1501	hsm/4a6e228a_1501.txt
1501	1502	hsm/5563412d_1502.txt
1502	1503	hsm/14ba1cb9_1503.txt
1503	1504	hsm/8f10e5cc_1504.txt
1504	1505	hsm/dba6e088_1505.txt
1505	1506	hsm/af373a89_1506.txt
1506	1507	hsm/338a1831_1507.txt
1507	1508	hsm/97c08ae9_1508.txt
1508	1509	hsm/0dd012ef_1509.txt
1509	1510	hsm/8e045155_1510.txt
1510	1511	hsm/141a6170_1511.txt
1511	1512	hsm/a20a507f_1512.txt
1512	1513	hsm/09b9d69f_1513.txt
1513	1514	hsm/674de62c_1514.txt
1514	1515	hsm/98d2e296_1515.txt
1515	1516	hsm/2bc532b2_1516.txt
1516	1517	hsm/ce92ad94_1517.txt
1517	1518	hsm/f1f50981_1518.txt
1518	1519	hsm/3fe6767d_1519.txt
1519	1520	hsm/542f474a_1520.txt
1520	1521	hsm/d6f99ea5_1521.txt
1521	1522	hsm/d35c8550_1522.txt
1522	1523	hsm/43512052_1523.txt
1523	1524	hsm/0b916b43_1524.txt
1524	1525	hsm/929ba817_1525.txt
1525	1526	hsm/c5528bb2_1526.txt
1526	1527	hsm/c4fd36cb_1527.txt
1527	1528	hsm/c586841b_1528.txt
1528	1529	hsm/0d26b6dd_1529.txt
1529	1530	hsm/dfc1c7f7_1530.txt
1530	1531	hsm/fe11f565_1531.txt
1531	1532	hsm/3a0dae0f_1532.txt
1532	1533	hsm/a8ea3079_1533.txt
1533	1534	hsm/b180861f_1534.txt
1534	1535	hsm/0bf978f3_1535.txt
1535	1536	hsm/73150e37_1536.txt
1536	1537	hsm/e7983ccb_1537.txt
1537	1538	hsm/cc072edf_1538.txt
1538	1539	hsm/14ba1cb9_1539.txt
1539	1540	hsm/bcef92b9_1540.txt
1540	1541	hsm/8e3abc51_1541.txt
1541	1542	hsm/f105c1bd_1542.txt
1542	1543	hsm/a897bfbb_1543.txt
1543	1544	hsm/a2521c1c_1544.txt
1544	1545	hsm/7104756d_1545.txt
1545	1546	hsm/66e5caf3_1546.txt
1546	1547	hsm/288bd74b_1547.txt
1547	1548	hsm/c41e1145_1548.txt
1548	1549	hsm/ca710cf3_1549.txt
1549	1550	hsm/4acb8d01_1550.txt
1550	1551	hsm/8e045155_1551.txt
1551	1552	hsm/a182f0c3_1552.txt
1552	1553	hsm/aef3883b_1553.txt
1553	1554	hsm/5ea876d1_1554.txt
1554	1555	hsm/28b01f75_1555.txt
1555	1556	hsm/1de1a95a_1556.txt
1556	1557	hsm/7ce873b6_1557.txt
1557	1558	hsm/47465a40_1558.txt
1558	1559	hsm/67601e0d_1559.txt
1559	1560	hsm/90836bf6_1560.txt
1560	1561	hsm/658267f6_1561.txt
1561	1562	hsm/b25472d1_1562.txt
1562	1563	hsm/022e075d_1563.txt
1563	1564	hsm/3a8eeb7e_1564.txt
1564	1565	hsm/c3548e21_1565.txt
1565	1566	hsm/13a8ef86_1566.txt
1566	1567	hsm/df5defd4_1567.txt
1567	1568	hsm/7e69e19b_1568.txt
1568	1569	hsm/219a18ec_1569.txt
1569	1570	hsm/2182216f_1570.txt
1570	1571	hsm/077338c3_1571.txt
1571	1572	hsm/2d7ef2d2_1572.txt
1572	1573	hsm/b45e4815_1573.txt
1573	1574	hsm/ff162666_1574.txt
1574	1575	hsm/2f4f9776_1575.txt
1575	1576	hsm/a0b577e8_1576.txt
1576	1577	hsm/0804c2d5_1577.txt
1577	1578	hsm/82675c95_1578.txt
1578	1579	hsm/93cff481_1579.txt
1579	1580	hsm/20ecb00b_1580.txt
1580	1581	hsm/204a1b03_1581.txt
1581	1582	hsm/e7015b1b_1582.txt
1582	1583	hsm/3c68420a_1583.txt
1583	1584	hsm/4b629749_1584.txt
1584	1585	hsm/813f4aac_1585.txt
1585	1586	hsm/5a1d9284_1586.txt
1586	1587	hsm/19c20727_1587.txt
1587	1588	hsm/4f06264e_1588.txt
1588	1589	hsm/70b43e16_1589.txt
1589	1590	hsm/72152767_1590.txt
1590	1591	hsm/c452896d_1591.txt
1591	1592	hsm/ee1da254_1592.txt
1592	1593	hsm/03f338c6_1593.txt
1593	1594	hsm/cfb9a826_1594.txt
1594	1595	hsm/db406ee5_1595.txt
1595	1596	hsm/14b5c836_1596.txt
1596	1597	hsm/bf3f184f_1597.txt
1597	1598	hsm/197f2fcf_1598.txt
1598	1599	hsm/7edbb754_1599.txt
1599	1600	hsm/253f580a_1600.txt
1600	1601	hsm/49012fc8_1601.txt
1601	1602	hsm/b55f46c9_1602.txt
1602	1603	hsm/8653003e_1603.txt
1603	1604	hsm/ea287b5c_1604.txt
1604	1605	hsm/b6143c1b_1605.txt
1605	1606	hsm/e2ac77a0_1606.txt
1606	1607	hsm/c4fcf10a_1607.txt
1607	1608	hsm/96a6b894_1608.txt
1608	1609	hsm/8a5d6401_1609.txt
1609	1610	hsm/b0e3b1c6_1610.txt
1610	1611	hsm/abf7c18d_1611.txt
1611	1612	hsm/ff14cc56_1612.txt
1612	1613	hsm/16bb0928_1613.txt
1613	1614	hsm/060c38a9_1614.txt
1614	1615	hsm/c4d7b0ea_1615.txt
1615	1616	hsm/ba021e52_1616.txt
1616	1617	hsm/19c0039d_1617.txt
1617	1618	hsm/c9f18fa2_1618.txt
1618	1619	hsm/baafa46a_1619.txt
1619	1620	hsm/836a691a_1620.txt
1620	1621	hsm/6357c6a6_1621.txt
1621	1622	hsm/6dffde58_1622.txt
1622	1623	hsm/06644935_1623.txt
1623	1624	hsm/599ae58f_1624.txt
1624	1625	hsm/6f98e641_1625.txt
1625	1626	hsm/99dfa9a7_1626.txt
1626	1627	hsm/3a96850e_1627.txt
1627	1628	hsm/e6549c0c_1628.txt
1628	1629	hsm/b8dbc1aa_1629.txt
1629	1630	hsm/b2099a8f_1630.txt
1630	1631	hsm/cad49499_1631.txt
1631	1632	hsm/131a6d99_1632.txt
1632	1633	hsm/84fcd660_1633.txt
1633	1634	hsm/a27e0af5_1634.txt
1634	1635	hsm/40142c95_1635.txt
1635	1636	hsm/bc2588f4_1636.txt
1636	1637	hsm/5e0f7d56_1637.txt
1637	1638	hsm/256d45f9_1638.txt
1638	1639	hsm/3dbc058f_1639.txt
1639	1640	hsm/673d0a93_1640.txt
1640	1641	hsm/54a572f1_1641.txt
1641	1642	hsm/15fa83f2_1642.txt
1642	1643	hsm/76571a13_1643.txt
1643	1644	hsm/f288f0b6_1644.txt
1644	1645	hsm/44ec1bd1_1645.txt
1645	1646	hsm/c23cff48_1646.txt
1646	1647	hsm/2471c0fa_1647.txt
1647	1648	hsm/a5d8fe35_1648.txt
1648	1649	hsm/f9711125_1649.txt
1649	1650	hsm/3fc8b19d_1650.txt
1650	1651	hsm/b9a564ec_1651.txt
1651	1652	hsm/aaca31e1_1652.txt
1652	1653	hsm/97cdd0f7_1653.txt
1653	1654	hsm/f7fabfd1_1654.txt
1654	1655	hsm/4dcfc2bd_1655.txt
1655	1656	hsm/b865d3a9_1656.txt
1656	1657	hsm/9ecdeb53_1657.txt
1657	1658	hsm/9e8351ca_1658.txt
1658	1659	hsm/8514940f_1659.txt
1659	1660	hsm/a13947c4_1660.txt
1660	1661	hsm/8d330ac7_1661.txt
1661	1662	hsm/ade24676_1662.txt
1662	1663	hsm/a73ab38e_1663.txt
1663	1664	hsm/4baad791_1664.txt
1664	1665	hsm/b1631da7_1665.txt
1665	1666	hsm/04e93f72_1666.txt
1666	1667	hsm/24c4084d_1667.txt
1667	1668	hsm/c9b022a8_1668.txt
1668	1669	hsm/0d659f53_1669.txt
1669	1670	hsm/2c107e87_1670.txt
1670	1671	hsm/0904dbce_1671.txt
1671	1672	hsm/3cb02a22_1672.txt
1672	1673	hsm/b090dbad_1673.txt
1673	1674	hsm/274ae95c_1674.txt
1674	1675	hsm/0df5a789_1675.txt
1675	1676	hsm/38ff2258_1676.txt
1676	1677	hsm/bcefbd4c_1677.txt
1677	1678	hsm/a000943c_1678.txt
1678	1679	hsm/3bf7ad12_1679.txt
1679	1680	hsm/6d5d5f1b_1680.txt
1680	1681	hsm/50b0d60f_1681.txt
1681	1682	hsm/a91714ec_1682.txt
1682	1683	hsm/5411de6b_1683.txt
1683	1684	hsm/f2af97e1_1684.txt
1684	1685	hsm/47c7e4b5_1685.txt
1685	1686	hsm/50f3afa6_1686.txt
1686	1687	hsm/4fa1e204_1687.txt
1687	1688	hsm/98ff17f8_1688.txt
1688	1689	hsm/456ca684_1689.txt
1689	1690	hsm/7a7ec2b2_1690.txt
1690	1691	hsm/105ad80c_1691.txt
1691	1692	hsm/78ba78b2_1692.txt
1692	1693	hsm/4db3071b_1693.txt
1693	1694	hsm/401d603e_1694.txt
1694	1695	hsm/60ac22ca_1695.txt
1695	1696	hsm/c444d808_1696.txt
1696	1697	hsm/8b0e204b_1697.txt
1697	1698	hsm/9e738c51_1698.txt
1698	1699	hsm/f07e944b_1699.txt
1699	1700	hsm/49bd446e_1700.txt
1700	1701	hsm/b39d329d_1701.txt
1701	1702	hsm/8fc5fc38_1702.txt
1702	1703	hsm/e26b2fe1_1703.txt
1703	1704	hsm/1bd70b8c_1704.txt
1704	1705	hsm/bde51322_1705.txt
1705	1706	hsm/c0d30171_1706.txt
1706	1707	hsm/a127002f_1707.txt
1707	1708	hsm/1faf51b2_1708.txt
1708	1709	hsm/c9a225bf_1709.txt
1709	1710	hsm/5b299665_1710.txt
1710	1711	hsm/3f50219d_1711.txt
1711	1712	hsm/b6f761f4_1712.txt
1712	1713	hsm/32394fa7_1713.txt
1713	1714	hsm/bea95629_1714.txt
1714	1715	hsm/69466cd7_1715.txt
1715	1716	hsm/f6ca77a5_1716.txt
1716	1717	hsm/46b0a7d6_1717.txt
1717	1718	hsm/baf293cc_1718.txt
1718	1719	hsm/487db11b_1719.txt
1719	1720	hsm/3f1bc5ba_1720.txt
1720	1721	hsm/87d3d95e_1721.txt
1721	1722	hsm/629d1b17_1722.txt
1722	1723	hsm/47e4af2e_1723.txt
1723	1724	hsm/5b85b401_1724.txt
1724	1725	hsm/d5a48cec_1725.txt
1725	1726	hsm/90e2b2f6_1726.txt
1726	1727	hsm/b2d29010_1727.txt
1727	1728	hsm/c17739f1_1728.txt
1728	1729	hsm/49570e8d_1729.txt
1729	1730	hsm/bc899736_1730.txt
1730	1731	hsm/3e8dff30_1731.txt
1731	1732	hsm/dd4aa4e5_1732.txt
1732	1733	hsm/f4fde26e_1733.txt
1733	1734	hsm/3acf2c0a_1734.txt
1734	1735	hsm/cbe3089e_1735.txt
1735	1736	hsm/202310e9_1736.txt
1736	1737	hsm/bfaba482_1737.txt
1737	1738	hsm/d1262d2f_1738.txt
1738	1739	hsm/6fe86220_1739.txt
1739	1740	hsm/714d163f_1740.txt
1740	1741	hsm/fc6c1077_1741.txt
1741	1742	hsm/b8e0fd41_1742.txt
1742	1743	hsm/d58ab6d7_1743.txt
1743	1744	hsm/1bff981e_1744.txt
1744	1745	hsm/896fa593_1745.txt
1745	1746	hsm/431a3a0d_1746.txt
1746	1747	hsm/477ed8a6_1747.txt
1747	1748	hsm/5298dc5e_1748.txt
1748	1749	hsm/9a9436d6_1749.txt
1749	1750	hsm/bb66b520_1750.txt
1750	1751	hsm/48ad9279_1751.txt
1751	1752	hsm/6dd0fc94_1752.txt
1752	1753	hsm/e158ab8a_1753.txt
1753	1754	hsm/f267b0e2_1754.txt
1754	1755	hsm/00cf9d38_1755.txt
1755	1756	hsm/6930f6eb_1756.txt
1756	1757	hsm/ce96964f_1757.txt
1757	1758	hsm/9061ad1c_1758.txt
1758	1759	hsm/d76981a7_1759.txt
1759	1760	hsm/e9f86673_1760.txt
1760	1761	hsm/de9cbea3_1761.txt
1761	1762	hsm/a8589bc8_1762.txt
1762	1763	hsm/4d22b927_1763.txt
1763	1764	hsm/538c441b_1764.txt
1764	1765	hsm/5f8f0edf_1765.txt
1765	1766	hsm/7c8e0898_1766.txt
1766	1767	hsm/3517c859_1767.txt
1767	1768	hsm/1a1d3d7c_1768.txt
1768	1769	hsm/f8ee673c_1769.txt
1769	1770	hsm/2bf83044_1770.txt
1770	1771	hsm/e0bdbe60_1771.txt
1771	1772	hsm/9b2a8683_1772.txt
1772	1773	hsm/2a68923e_1773.txt
1773	1774	hsm/2dcae2da_1774.txt
1774	1775	hsm/42c5f18e_1775.txt
1775	1776	hsm/24b46d00_1776.txt
1776	1777	hsm/e7b9c19e_1777.txt
1777	1778	hsm/69dc582c_1778.txt
1778	1779	hsm/f8a33669_1779.txt
1779	1780	hsm/590aef4a_1780.txt
1780	1781	hsm/c2dd05d3_1781.txt
1781	1782	hsm/be90942c_1782.txt
1782	1783	hsm/90e2a83b_1783.txt
1783	1784	hsm/fe32625d_1784.txt
1784	1785	hsm/96135eb2_1785.txt
1785	1786	hsm/e3258e81_1786.txt
1786	1787	hsm/8fc6f0a9_1787.txt
1787	1788	hsm/dd62e032_1788.txt
1788	1789	hsm/f2d3e1fe_1789.txt
1789	1790	hsm/ba80c544_1790.txt
1790	1791	hsm/332e62c7_1791.txt
1791	1792	hsm/c111a5af_1792.txt
1792	1793	hsm/d7037eb7_1793.txt
1793	1794	hsm/f1f307bc_1794.txt
1794	1795	hsm/e58d29fe_1795.txt
1795	1796	hsm/e65eff6f_1796.txt
1796	1797	hsm/457ab675_1797.txt
1797	1798	hsm/10f38532_1798.txt
1798	1799	hsm/fece08b9_1799.txt
1799	1800	hsm/3ee7afbd_1800.txt
1800	1801	hsm/399d3502_1801.txt
1801	1802	hsm/6c85cef6_1802.txt
1802	1803	hsm/39f7e5a1_1803.txt
1803	1804	hsm/2ddd6e2d_1804.txt
1804	1805	hsm/977f7ff7_1805.txt
1805	1806	hsm/d3d13a71_1806.txt
1806	1807	hsm/8c6e6728_1807.txt
1807	1808	hsm/01a3d7e8_1808.txt
1808	1809	hsm/29c014a8_1809.txt
1809	1810	hsm/46c2be08_1810.txt
1810	1811	hsm/38116a1f_1811.txt
1811	1812	hsm/e36cd663_1812.txt
1812	1813	hsm/a4ef593b_1813.txt
1813	1814	hsm/ee6a5ad4_1814.txt
1814	1815	hsm/5b6e92d9_1815.txt
1815	1816	hsm/71831c97_1816.txt
1816	1817	hsm/92fc9342_1817.txt
1817	1818	hsm/d921385d_1818.txt
1818	1819	hsm/2e9b4b69_1819.txt
1819	1820	hsm/ca8ff49b_1820.txt
1820	1821	hsm/7e65e8aa_1821.txt
1821	1822	hsm/db05f98b_1822.txt
1822	1823	hsm/9304edd2_1823.txt
1823	1824	hsm/3c58f358_1824.txt
1824	1825	hsm/0b49c265_1825.txt
1825	1826	hsm/0dc74d5a_1826.txt
1826	1827	hsm/4a697d0a_1827.txt
1827	1828	hsm/a22e1e14_1828.txt
1828	1829	hsm/987b95d5_1829.txt
1829	1830	hsm/dd2051ea_1830.txt
1830	1831	hsm/5840c3bd_1831.txt
1831	1832	hsm/9e4b765e_1832.txt
1832	1833	hsm/a7a0eb5b_1833.txt
1833	1834	hsm/987b95d5_1834.txt
1834	1835	hsm/5b4bf72e_1835.txt
1835	1836	hsm/96bcbbe1_1836.txt
1836	1837	hsm/1389fabe_1837.txt
1837	1838	hsm/8b95374e_1838.txt
1838	1839	hsm/8d19519a_1839.txt
1839	1840	hsm/33074e10_1840.txt
1840	1841	hsm/229b9082_1841.txt
1841	1842	hsm/2f8dab1c_1842.txt
1842	1843	hsm/27969978_1843.txt
1843	1844	hsm/71ee4ffe_1844.txt
1844	1845	hsm/07fa9425_1845.txt
1845	1846	hsm/455ac0fc_1846.txt
1846	1847	hsm/bb8f0e9f_1847.txt
1847	1848	hsm/5ff8efba_1848.txt
1848	1849	hsm/e0947494_1849.txt
1849	1850	hsm/99db2230_1850.txt
1850	1851	hsm/9575cea8_1851.txt
1851	1852	hsm/36724560_1852.txt
1852	1853	hsm/9c0ccbed_1853.txt
1853	1854	hsm/ff50cb01_1854.txt
1854	1855	hsm/4974bd1c_1855.txt
1855	1856	hsm/4f1f1244_1856.txt
1856	1857	hsm/3d8adff6_1857.txt
1857	1858	hsm/0388a075_1858.txt
1858	1859	hsm/5486d1aa_1859.txt
1859	1860	hsm/fd68c07c_1860.txt
1860	1861	hsm/c1b494ca_1861.txt
1861	1862	hsm/49e32f50_1862.txt
1862	1863	hsm/3183fb14_1863.txt
1863	1864	hsm/14b8ab74_1864.txt
1864	1865	hsm/737ebb68_1865.txt
1865	1866	hsm/927d6dad_1866.txt
1866	1867	hsm/43d79f5a_1867.txt
1867	1868	hsm/9b0aea5b_1868.txt
1868	1869	hsm/c63842b6_1869.txt
1869	1870	hsm/cf16c3aa_1870.txt
1870	1871	hsm/59332591_1871.txt
1871	1872	hsm/6ddc9d0b_1872.txt
1872	1873	hsm/055b5ec4_1873.txt
1873	1874	hsm/89fe677b_1874.txt
1874	1875	hsm/fd6b0fea_1875.txt
1875	1876	hsm/3616892e_1876.txt
1876	1877	hsm/14b75cce_1877.txt
1877	1878	hsm/957ce631_1878.txt
1878	1879	hsm/3406751f_1879.txt
1879	1880	hsm/54e23c06_1880.txt
1880	1881	hsm/4febc0f6_1881.txt
1881	1882	hsm/54c84cac_1882.txt
1882	1883	hsm/0c5cb29b_1883.txt
1883	1884	hsm/49ae7b75_1884.txt
1884	1885	hsm/c14c8baa_1885.txt
1885	1886	hsm/3ab32afa_1886.txt
1886	1887	hsm/43ce2955_1887.txt
1887	1888	hsm/dc066a5b_1888.txt
1888	1889	hsm/e684d52a_1889.txt
1889	1890	hsm/102d7943_1890.txt
1890	1891	hsm/8297d151_1891.txt
1891	1892	hsm/685e39c5_1892.txt
1892	1893	hsm/1220a014_1893.txt
1893	1894	hsm/04412119_1894.txt
1894	1895	hsm/5a352c2d_1895.txt
1895	1896	hsm/f830a41e_1896.txt
1896	1897	hsm/24b8ab67_1897.txt
1897	1898	hsm/b628bd83_1898.txt
1898	1899	hsm/145d9430_1899.txt
1899	1900	hsm/5532b2be_1900.txt
1900	1901	hsm/515d0c5d_1901.txt
1901	1902	hsm/2159458f_1902.txt
1902	1903	hsm/b8f9e9ea_1903.txt
1903	1904	hsm/3fa0e786_1904.txt
1904	1905	hsm/cb97616f_1905.txt
1905	1906	hsm/184e5fdc_1906.txt
1906	1907	hsm/ff98a4d5_1907.txt
1907	1908	hsm/b5f98e48_1908.txt
1908	1909	hsm/9da989f0_1909.txt
1909	1910	hsm/35a64f22_1910.txt
1910	1911	hsm/0269f9f1_1911.txt
1911	1912	hsm/44084844_1912.txt
1912	1913	hsm/954d15e0_1913.txt
1913	1914	hsm/35a64f22_1914.txt
1914	1915	hsm/ddbc1cd4_1915.txt
1915	1916	hsm/cdc7eec3_1916.txt
1916	1917	hsm/936e0a51_1917.txt
1917	1918	hsm/5fe86651_1918.txt
1918	1919	hsm/1c932af1_1919.txt
1919	1920	hsm/4e7f8600_1920.txt
1920	1921	hsm/6842966f_1921.txt
1921	1922	hsm/0551363b_1922.txt
1922	1923	hsm/ddbd24d7_1923.txt
1923	1924	hsm/c0089902_1924.txt
1924	1925	hsm/9de7e482_1925.txt
1925	1926	hsm/0551363b_1926.txt
1926	1927	hsm/5a536a09_1927.txt
1927	1928	hsm/6062ff11_1928.txt
1928	1929	hsm/35ea6960_1929.txt
1929	1930	hsm/0551363b_1930.txt
1930	1931	hsm/cdc275f8_1931.txt
1931	1932	hsm/f0de52bc_1932.txt
1932	1933	hsm/7ae066f4_1933.txt
1933	1934	hsm/0551363b_1934.txt
1934	1935	hsm/ddbd24d7_1935.txt
1935	1936	hsm/6ef9a317_1936.txt
1936	1937	hsm/d64044c2_1937.txt
1937	1938	hsm/c09b9505_1938.txt
1938	1939	hsm/b8b8c4b6_1939.txt
1939	1940	hsm/561714fd_1940.txt
1940	1941	hsm/92e9122a_1941.txt
1941	1942	hsm/1548c607_1942.txt
1942	1943	hsm/978c52c7_1943.txt
1943	1944	hsm/3311dd9a_1944.txt
1944	1945	hsm/6a991ee3_1945.txt
1945	1946	hsm/9d9a3854_1946.txt
1946	1947	hsm/2df55f5e_1947.txt
1947	1948	hsm/34fa7adb_1948.txt
1948	1949	hsm/3878aed1_1949.txt
1949	1950	hsm/88696e9c_1950.txt
1950	1951	hsm/5c7ee8b1_1951.txt
1951	1952	hsm/b35245dd_1952.txt
1952	1953	hsm/63d12b3b_1953.txt
1953	1954	hsm/f6c53f2d_1954.txt
1954	1955	hsm/6a4a2800_1955.txt
1955	1956	hsm/c1a65013_1956.txt
1956	1957	hsm/84a010c9_1957.txt
1957	1958	hsm/a28ed43b_1958.txt
1958	1959	hsm/2211b531_1959.txt
1959	1960	hsm/e3723731_1960.txt
1960	1961	hsm/338fac6d_1961.txt
1961	1962	hsm/79f2bbd7_1962.txt
1962	1963	hsm/19d99bdc_1963.txt
1963	1964	hsm/283cca68_1964.txt
1964	1965	hsm/560dc05c_1965.txt
1965	1966	hsm/88b03b82_1966.txt
1966	1967	hsm/71265df9_1967.txt
1967	1968	hsm/bf467082_1968.txt
1968	1969	hsm/d0846142_1969.txt
1969	1970	hsm/f9f5c32e_1970.txt
1970	1971	hsm/433bdac2_1971.txt
1971	1972	hsm/a901e99f_1972.txt
1972	1973	hsm/22e69d8a_1973.txt
1973	1974	hsm/b77ab416_1974.txt
1974	1975	hsm/46f35075_1975.txt
1975	1976	hsm/8225d61d_1976.txt
1976	1977	hsm/2313adc5_1977.txt
1977	1978	hsm/228b76aa_1978.txt
1978	1979	hsm/7c9981cd_1979.txt
1979	1980	hsm/ae92d478_1980.txt
1980	1981	hsm/5006110b_1981.txt
1981	1982	hsm/6294067a_1982.txt
1982	1983	hsm/a9dd410d_1983.txt
1983	1984	hsm/c0790682_1984.txt
1984	1985	hsm/98d65aed_1985.txt
1985	1986	hsm/1ce269c0_1986.txt
1986	1987	hsm/83cc128d_1987.txt
1987	1988	hsm/6e5295ae_1988.txt
1988	1989	hsm/bacf394d_1989.txt
1989	1990	hsm/1ce269c0_1990.txt
1990	1991	hsm/88264220_1991.txt
1991	1992	hsm/6f3d0985_1992.txt
1992	1993	hsm/404a6764_1993.txt
1993	1994	hsm/99455524_1994.txt
1994	1995	hsm/84d27717_1995.txt
1995	1996	hsm/26a383e6_1996.txt
1996	1997	hsm/94f55de0_1997.txt
1997	1998	hsm/77dd237c_1998.txt
1998	1999	hsm/236650e2_1999.txt
1999	2000	hsm/34ff076c_2000.txt
2000	2001	hsm/7295c7a1_2001.txt
2001	2002	hsm/72e871bb_2002.txt
2002	2003	hsm/a80f7cec_2003.txt
2003	2004	hsm/483d8f71_2004.txt
2004	2005	hsm/0d33348f_2005.txt
2005	2006	hsm/fcf6e6c4_2006.txt
2006	2007	hsm/6fb1c3dd_2007.txt
2007	2008	hsm/3b8245e8_2008.txt
2008	2009	hsm/f8f8e923_2009.txt
2009	2010	hsm/aa7560ad_2010.txt
2010	2011	hsm/841464e8_2011.txt
2011	2012	hsm/09f18660_2012.txt
2012	2013	hsm/1a7f67a1_2013.txt
2013	2014	hsm/d6fc49b1_2014.txt
2014	2015	hsm/6caaec78_2015.txt
2015	2016	hsm/04275941_2016.txt
2016	2017	hsm/adaf5b1f_2017.txt
2017	2018	hsm/4669812e_2018.txt
2018	2019	hsm/9398a9b4_2019.txt
2019	2020	hsm/926697a4_2020.txt
2020	2021	hsm/0d5a3e66_2021.txt
2021	2022	hsm/5d490eff_2022.txt
2022	2023	hsm/f13bedca_2023.txt
2023	2024	hsm/89f4d3ff_2024.txt
2024	2025	hsm/5f58bd9c_2025.txt
2025	2026	hsm/18901152_2026.txt
2026	2027	hsm/971ca930_2027.txt
2027	2028	hsm/5d63cd0f_2028.txt
2028	2029	hsm/161f91bb_2029.txt
2029	2030	hsm/c786ec90_2030.txt
2030	2031	hsm/a7f5e1ea_2031.txt
2031	2032	hsm/7118ab05_2032.txt
2032	2033	hsm/692b8855_2033.txt
2033	2034	hsm/070689fc_2034.txt
2034	2035	hsm/42f90d9e_2035.txt
2035	2036	hsm/ebdb1337_2036.txt
2036	2037	hsm/ada0d438_2037.txt
2037	2038	hsm/62d4a150_2038.txt
2038	2039	hsm/f34deb4a_2039.txt
2039	2040	hsm/95ffd09f_2040.txt
2040	2041	hsm/0c689899_2041.txt
2041	2042	hsm/1fa004c2_2042.txt
2042	2043	hsm/d4ee88b9_2043.txt
2043	2044	hsm/867a4902_2044.txt
2044	2045	hsm/6439a6e5_2045.txt
2045	2046	hsm/0f489432_2046.txt
2046	2047	hsm/d6156f85_2047.txt
2047	2048	hsm/062b0c22_2048.txt
2048	2049	hsm/d9796c5c_2049.txt
2049	2050	hsm/243992a6_2050.txt
2050	2051	hsm/09e716be_2051.txt
2051	2052	hsm/f6d5df1a_2052.txt
2052	2053	hsm/76c8854a_2053.txt
2053	2054	hsm/faea77ef_2054.txt
2054	2055	hsm/3966a11f_2055.txt
2055	2056	hsm/d142579b_2056.txt
2056	2057	hsm/a5ce5d68_2057.txt
2057	2058	hsm/1c082da5_2058.txt
2058	2059	hsm/7370d0df_2059.txt
2059	2060	hsm/8f8641c8_2060.txt
2060	2061	hsm/25edf2ec_2061.txt
2061	2062	hsm/a511438c_2062.txt
2062	2063	hsm/8f728206_2063.txt
2063	2064	hsm/02af2cdd_2064.txt
2064	2065	hsm/0377235b_2065.txt
2065	2066	hsm/523bd8fc_2066.txt
2066	2067	hsm/14c929ba_2067.txt
2067	2068	hsm/81370f7a_2068.txt
2068	2069	hsm/56edf330_2069.txt
2069	2070	hsm/1697e305_2070.txt
2070	2071	hsm/967f745a_2071.txt
2071	2072	hsm/306b8c06_2072.txt
2072	2073	hsm/d9cc4123_2073.txt
2073	2074	hsm/f1f2b7d6_2074.txt
2074	2075	hsm/b1f7aa57_2075.txt
2075	2076	hsm/1b8a77b2_2076.txt
2076	2077	hsm/98f1f7d2_2077.txt
2077	2078	hsm/dc294fe8_2078.txt
2078	2079	hsm/a182c121_2079.txt
2079	2080	hsm/cdb54b30_2080.txt
2080	2081	hsm/b0c184b8_2081.txt
2081	2082	hsm/4e9d3ab3_2082.txt
2082	2083	hsm/76bb0ac4_2083.txt
2083	2084	hsm/8ce5c1cd_2084.txt
2084	2085	hsm/23569599_2085.txt
2085	2086	hsm/e99ccd52_2086.txt
2086	2087	hsm/063c8f28_2087.txt
2087	2088	hsm/0569eb36_2088.txt
2088	2089	hsm/b29c7c8f_2089.txt
2089	2090	hsm/b48145ae_2090.txt
2090	2091	hsm/a1cc79a2_2091.txt
2091	2092	hsm/cc6558c5_2092.txt
2092	2093	hsm/420e5382_2093.txt
2093	2094	hsm/5f32007c_2094.txt
2094	2095	hsm/3106f4ca_2095.txt
2095	2096	hsm/81dc45ad_2096.txt
2096	2097	hsm/ae0a89d2_2097.txt
2097	2098	hsm/5647a219_2098.txt
2098	2099	hsm/0d30a03b_2099.txt
2099	2100	hsm/da07c19d_2100.txt
2100	2101	hsm/608964d3_2101.txt
2101	2102	hsm/19bc24f9_2102.txt
2102	2103	hsm/82f56437_2103.txt
2103	2104	hsm/be9fa9f6_2104.txt
2104	2105	hsm/44b2f34f_2105.txt
2105	2106	hsm/92f6002b_2106.txt
2106	2107	hsm/0360849b_2107.txt
2107	2108	hsm/76571a13_2108.txt
2108	2109	hsm/5563412d_2109.txt
2109	2110	hsm/14ba1cb9_2110.txt
2110	2111	hsm/8f10e5cc_2111.txt
2111	2112	hsm/dba6e088_2112.txt
2112	2113	hsm/af373a89_2113.txt
2113	2114	hsm/338a1831_2114.txt
2114	2115	hsm/97c08ae9_2115.txt
2115	2116	hsm/0dd012ef_2116.txt
2116	2117	hsm/8e045155_2117.txt
2117	2118	hsm/141a6170_2118.txt
2118	2119	hsm/0d26b6dd_2119.txt
2119	2120	hsm/467b108c_2120.txt
2120	2121	hsm/85b82608_2121.txt
2121	2122	hsm/27a425f3_2122.txt
2122	2123	hsm/4dedce06_2123.txt
2123	2124	hsm/facbed5c_2124.txt
2124	2125	hsm/51fa02b8_2125.txt
2125	2126	hsm/bb6d3d50_2126.txt
2126	2127	hsm/727bb62b_2127.txt
2127	2128	hsm/bd2ff9ce_2128.txt
2128	2129	hsm/9e8859e6_2129.txt
2129	2130	hsm/139a0de1_2130.txt
2130	2131	hsm/130e74ef_2131.txt
2131	2132	hsm/31dc1623_2132.txt
2132	2133	hsm/702f8c8d_2133.txt
2133	2134	hsm/a21cab9c_2134.txt
2134	2135	hsm/608a3b29_2135.txt
2135	2136	hsm/4a8dc6d2_2136.txt
2136	2137	hsm/aca3121b_2137.txt
2137	2138	hsm/e28f78de_2138.txt
2138	2139	hsm/66cf2e8d_2139.txt
2139	2140	hsm/58f28780_2140.txt
2140	2141	hsm/a7e0d4e8_2141.txt
2141	2142	hsm/8c9af780_2142.txt
2142	2143	hsm/be513774_2143.txt
2143	2144	hsm/40d83e29_2144.txt
2144	2145	hsm/bd44e60d_2145.txt
2145	2146	hsm/02a10c18_2146.txt
2146	2147	hsm/1658003a_2147.txt
2147	2148	hsm/79574663_2148.txt
2148	2149	hsm/50974669_2149.txt
2149	2150	hsm/562997df_2150.txt
2150	2151	hsm/443cfd5c_2151.txt
2151	2152	hsm/392d7267_2152.txt
2152	2153	hsm/e65f9c99_2153.txt
2153	2154	hsm/973a68dc_2154.txt
2154	2155	hsm/ae46f51c_2155.txt
2155	2156	hsm/8c793eac_2156.txt
2156	2157	hsm/e23ceb23_2157.txt
2157	2158	hsm/dafb50e2_2158.txt
2158	2159	hsm/044a2a8b_2159.txt
2159	2160	hsm/ea6245ec_2160.txt
2160	2161	hsm/12596bbd_2161.txt
2161	2162	hsm/6034fd1f_2162.txt
2162	2163	hsm/b8286f1e_2163.txt
2163	2164	hsm/a42afb59_2164.txt
2164	2165	hsm/7ba315e5_2165.txt
2165	2166	hsm/feb4ac5c_2166.txt
2166	2167	hsm/614abe09_2167.txt
2167	2168	hsm/9e158c36_2168.txt
2168	2169	hsm/d59242d3_2169.txt
2169	2170	hsm/70032180_2170.txt
2170	2171	hsm/63511bb0_2171.txt
2171	2172	hsm/ca19bff8_2172.txt
2172	2173	hsm/b51e3dfa_2173.txt
2173	2174	hsm/67453241_2174.txt
2174	2175	hsm/650af10b_2175.txt
2175	2176	hsm/aa932f0e_2176.txt
2176	2177	hsm/e406d166_2177.txt
2177	2178	hsm/666590bd_2178.txt
2178	2179	hsm/6dc0d69d_2179.txt
2179	2180	hsm/2b42d635_2180.txt
2180	2181	hsm/32980a7b_2181.txt
2181	2182	hsm/f53aab73_2182.txt
2182	2183	hsm/c318f24c_2183.txt
2183	2184	hsm/c5bd38ab_2184.txt
2184	2185	hsm/69105a57_2185.txt
2185	2186	hsm/16cea637_2186.txt
2186	2187	hsm/45c1aa9d_2187.txt
2187	2188	hsm/9c199636_2188.txt
2188	2189	hsm/84ee3889_2189.txt
2189	2190	hsm/d2d83b84_2190.txt
2190	2191	hsm/73027b0d_2191.txt
2191	2192	hsm/865473c7_2192.txt
2192	2193	hsm/d702c1f9_2193.txt
2193	2194	hsm/24b62260_2194.txt
2194	2195	hsm/b51fcded_2195.txt
2195	2196	hsm/ddec1126_2196.txt
2196	2197	hsm/04ad9f09_2197.txt
2197	2198	hsm/451f6efe_2198.txt
2198	2199	hsm/94ced443_2199.txt
2199	2200	hsm/aee8eef0_2200.txt
2200	2201	hsm/82be34be_2201.txt
2201	2202	hsm/6f74932a_2202.txt
2202	2203	hsm/eb27d20f_2203.txt
2203	2204	hsm/453cab56_2204.txt
2204	2205	hsm/859c0d8b_2205.txt
2205	2206	hsm/916b59bf_2206.txt
2206	2207	hsm/c6eb54a6_2207.txt
2207	2208	hsm/8b893ea3_2208.txt
2208	2209	hsm/e9c76809_2209.txt
2209	2210	hsm/294e6fad_2210.txt
2210	2211	hsm/364fc6ac_2211.txt
2211	2212	hsm/6caadb40_2212.txt
2212	2213	hsm/1695eda5_2213.txt
2213	2214	hsm/59e0ae49_2214.txt
2214	2215	hsm/66df6fef_2215.txt
2215	2216	hsm/2ce58dcd_2216.txt
2216	2217	hsm/c15acaa5_2217.txt
2217	2218	hsm/27d7cefd_2218.txt
2218	2219	hsm/a8ffda65_2219.txt
2219	2220	hsm/aaa0e68a_2220.txt
2220	2221	hsm/317524b0_2221.txt
2221	2222	hsm/b00107dc_2222.txt
2222	2223	hsm/a5eeb77d_2223.txt
2223	2224	hsm/a5eeb77d_2224.txt
2224	2225	hsm/1e048fe2_2225.txt
2225	2226	hsm/cd9d1a0c_2226.txt
2226	2227	hsm/aa08a7fe_2227.txt
2227	2228	hsm/25993c10_2228.txt
2228	2229	hsm/78bc125a_2229.txt
2229	2230	hsm/5a4662c4_2230.txt
2230	2231	hsm/4b1622e3_2231.txt
2231	2232	hsm/53082cef_2232.txt
2232	2233	hsm/3fe58cad_2233.txt
2233	2234	hsm/0cb636d4_2234.txt
2234	2235	hsm/9d145935_2235.txt
2235	2236	hsm/11637cd7_2236.txt
2236	2237	hsm/3e5b7d7c_2237.txt
2237	2238	hsm/7ce404c5_2238.txt
2238	2239	hsm/82e08e28_2239.txt
2239	2240	hsm/f4a689f9_2240.txt
2240	2241	hsm/5139880b_2241.txt
2241	2242	hsm/536c5236_2242.txt
2242	2243	hsm/10371386_2243.txt
2243	2244	hsm/5c22c3c3_2244.txt
2244	2245	hsm/19264802_2245.txt
2245	2246	hsm/195c8f2c_2246.txt
2246	2247	hsm/c1a9cb71_2247.txt
2247	2248	hsm/3fffa59d_2248.txt
2248	2249	hsm/38de5690_2249.txt
2249	2250	hsm/72a4cca9_2250.txt
2250	2251	hsm/5db9cc78_2251.txt
2251	2252	hsm/9c3d9074_2252.txt
2252	2253	hsm/1f73a17c_2253.txt
2253	2254	hsm/97380d4f_2254.txt
2254	2255	hsm/aea2c32f_2255.txt
2255	2256	hsm/6e54cb9c_2256.txt
2256	2257	hsm/b2169fd7_2257.txt
2257	2258	hsm/7413ad02_2258.txt
2258	2259	hsm/7aa5229b_2259.txt
2259	2260	hsm/aa4c0ce5_2260.txt
2260	2261	hsm/0a428130_2261.txt
2261	2262	hsm/49ffbd7a_2262.txt
2262	2263	hsm/962a4a07_2263.txt
2263	2264	hsm/c99ad28e_2264.txt
2264	2265	hsm/25a798fd_2265.txt
2265	2266	hsm/64e63fc2_2266.txt
2266	2267	hsm/879becb4_2267.txt
2267	2268	hsm/0840f3ec_2268.txt
2268	2269	hsm/f3ffa2b1_2269.txt
2269	2270	hsm/2b3c6524_2270.txt
2270	2271	hsm/82dfda21_2271.txt
2271	2272	hsm/5a9dc1d8_2272.txt
2272	2273	hsm/0f5c53cc_2273.txt
2273	2274	hsm/44b1503b_2274.txt
2274	2275	hsm/6dd607fe_2275.txt
2275	2276	hsm/b9a7bad1_2276.txt
2276	2277	hsm/19ef04b3_2277.txt
2277	2278	hsm/a763ebc7_2278.txt
2278	2279	hsm/76122039_2279.txt
2279	2280	hsm/3933df3a_2280.txt
2280	2281	hsm/46ab5841_2281.txt
2281	2282	hsm/21f3935b_2282.txt
2282	2283	hsm/a0355538_2283.txt
2283	2284	hsm/58694fef_2284.txt
2284	2285	hsm/23255f77_2285.txt
2285	2286	hsm/efeb0b39_2286.txt
2286	2287	hsm/4c4e24b4_2287.txt
2287	2288	hsm/8dcf48a7_2288.txt
2288	2289	hsm/0d9dcf13_2289.txt
2289	2290	hsm/e87958cb_2290.txt
2290	2291	hsm/41a7cb20_2291.txt
2291	2292	hsm/3d56a489_2292.txt
2292	2293	hsm/bdce88b3_2293.txt
2293	2294	hsm/7978e62c_2294.txt
2294	2295	hsm/fb98886e_2295.txt
2295	2296	hsm/140229c8_2296.txt
2296	2297	hsm/5b6f24dd_2297.txt
2297	2298	hsm/3fc9f8d5_2298.txt
2298	2299	hsm/72a75a70_2299.txt
2299	2300	hsm/1d1af2a2_2300.txt
2300	2301	hsm/91c276e0_2301.txt
2301	2302	hsm/797b931a_2302.txt
2302	2303	hsm/105f2f9c_2303.txt
2303	2304	hsm/36fcdfd7_2304.txt
2304	2305	hsm/4c538faa_2305.txt
2305	2306	hsm/bc953a37_2306.txt
2306	2307	hsm/7069e205_2307.txt
2307	2308	hsm/7b6ba712_2308.txt
2308	2309	hsm/588bf98f_2309.txt
2309	2310	hsm/a65757f6_2310.txt
2310	2311	hsm/a4f3d4fd_2311.txt
2311	2312	hsm/0f09a9e0_2312.txt
2312	2313	hsm/31146848_2313.txt
2313	2314	hsm/438eeab4_2314.txt
2314	2315	hsm/4cc06a54_2315.txt
2315	2316	hsm/a2b1e6d3_2316.txt
2316	2317	hsm/e6c023e1_2317.txt
2317	2318	hsm/b905ad2d_2318.txt
2318	2319	hsm/4f336379_2319.txt
2319	2320	hsm/58697cfe_2320.txt
2320	2321	hsm/b0fd04ae_2321.txt
2321	2322	hsm/b5102f52_2322.txt
2322	2323	hsm/a742f1ad_2323.txt
2323	2324	hsm/e4b05b77_2324.txt
2324	2325	hsm/d411698b_2325.txt
2325	2326	hsm/92cd3d53_2326.txt
2326	2327	hsm/525c6449_2327.txt
2327	2328	hsm/1208a9f0_2328.txt
2328	2329	hsm/69132d0b_2329.txt
2329	2330	hsm/221799b7_2330.txt
2330	2331	hsm/ada13247_2331.txt
2331	2332	hsm/88d969b9_2332.txt
2332	2333	hsm/3ca7c621_2333.txt
2333	2334	hsm/b7e454e6_2334.txt
2334	2335	hsm/1821664f_2335.txt
2335	2336	hsm/81c0cb92_2336.txt
2336	2337	hsm/1918478a_2337.txt
2337	2338	hsm/1697588f_2338.txt
2338	2339	hsm/d6332f92_2339.txt
2339	2340	hsm/bc8c2b57_2340.txt
2340	2341	hsm/1c2b2d22_2341.txt
2341	2342	hsm/b56ce398_2342.txt
2342	2343	hsm/1745b366_2343.txt
2343	2344	hsm/88d3f179_2344.txt
2344	2345	hsm/408bfa82_2345.txt
2345	2346	hsm/86009733_2346.txt
2346	2347	hsm/2fbf88a5_2347.txt
2347	2348	hsm/7c477493_2348.txt
2348	2349	hsm/28df1b44_2349.txt
2349	2350	hsm/a04ad42a_2350.txt
2350	2351	hsm/39b21a37_2351.txt
2351	2352	hsm/491eb015_2352.txt
2352	2353	hsm/1b541cd1_2353.txt
2353	2354	hsm/15e290b3_2354.txt
2354	2355	hsm/e038b412_2355.txt
2355	2356	hsm/e35451d2_2356.txt
2356	2357	hsm/ce5740a0_2357.txt
2357	2358	hsm/f39af235_2358.txt
2358	2359	hsm/ed7fd0f5_2359.txt
2359	2360	hsm/cb45caea_2360.txt
2360	2361	hsm/dc2ff448_2361.txt
2361	2362	hsm/bb28452a_2362.txt
2362	2363	hsm/aa681574_2363.txt
2363	2364	hsm/68b75b86_2364.txt
2364	2365	hsm/43d992d5_2365.txt
2365	2366	hsm/292da431_2366.txt
2366	2367	hsm/fa907421_2367.txt
2367	2368	hsm/9072a9a8_2368.txt
2368	2369	hsm/62be4a03_2369.txt
2369	2370	hsm/99f2bb8c_2370.txt
2370	2371	hsm/97eb3c17_2371.txt
2371	2372	hsm/5a92bd68_2372.txt
2372	2373	hsm/cdd91d07_2373.txt
2373	2374	hsm/6d6825e6_2374.txt
2374	2375	hsm/fd821d92_2375.txt
2375	2376	hsm/73071795_2376.txt
2376	2377	hsm/6bf0a68f_2377.txt
2377	2378	hsm/eac66f31_2378.txt
2378	2379	hsm/f62701a6_2379.txt
2379	2380	hsm/312759d3_2380.txt
2380	2381	hsm/fb836a6e_2381.txt
2381	2382	hsm/a9618e0f_2382.txt
2382	2383	hsm/d8d26c38_2383.txt
2383	2384	hsm/a0f01d01_2384.txt
2384	2385	hsm/487c43d7_2385.txt
2385	2386	hsm/e93dc066_2386.txt
2386	2387	hsm/9980940b_2387.txt
2387	2388	hsm/c66f17fa_2388.txt
2388	2389	hsm/8c30916d_2389.txt
2389	2390	hsm/43ea0c8f_2390.txt
2390	2391	hsm/d9408e0a_2391.txt
2391	2392	hsm/96657fa9_2392.txt
2392	2393	hsm/30d430e8_2393.txt
2393	2394	hsm/0a1bcaa5_2394.txt
2394	2395	hsm/333df760_2395.txt
2395	2396	hsm/8f91b495_2396.txt
2396	2397	hsm/d4fa5ea4_2397.txt
2397	2398	hsm/4b0db386_2398.txt
2398	2399	hsm/aa04082d_2399.txt
2399	2400	hsm/a22c634c_2400.txt
2400	2401	hsm/d2fea8fb_2401.txt
2401	2402	hsm/19bd5cbe_2402.txt
2402	2403	hsm/6052dd13_2403.txt
2403	2404	hsm/36946c6f_2404.txt
2404	2405	hsm/2bee6b97_2405.txt
2405	2406	hsm/ab4fb61d_2406.txt
2406	2407	hsm/36a14274_2407.txt
2407	2408	hsm/31e2313c_2408.txt
2408	2409	hsm/3d197d26_2409.txt
2409	2410	hsm/12e04edf_2410.txt
2410	2411	hsm/120628ce_2411.txt
2411	2412	hsm/c7cdc208_2412.txt
2412	2413	hsm/c6202721_2413.txt
2413	2414	hsm/bb4d0525_2414.txt
2414	2415	hsm/9f21762a_2415.txt
2415	2416	hsm/f5c68f91_2416.txt
2416	2417	hsm/a83d73bb_2417.txt
2417	2418	hsm/fa839ae6_2418.txt
2418	2419	hsm/e1e14e8b_2419.txt
2419	2420	hsm/efeab358_2420.txt
2420	2421	hsm/a5f5f642_2421.txt
2421	2422	hsm/f392eb11_2422.txt
2422	2423	hsm/ff178154_2423.txt
2423	2424	hsm/945cd121_2424.txt
2424	2425	hsm/997cc3f4_2425.txt
2425	2426	hsm/ca5a4b1d_2426.txt
2426	2427	hsm/d1e993d7_2427.txt
2427	2428	hsm/760c19ee_2428.txt
2428	2429	hsm/78f9c2cb_2429.txt
2429	2430	hsm/011f7546_2430.txt
2430	2431	hsm/d90a63b0_2431.txt
2431	2432	hsm/d9748369_2432.txt
2432	2433	hsm/6b209a22_2433.txt
2433	2434	hsm/21a433b6_2434.txt
2434	2435	hsm/7b089c97_2435.txt
2435	2436	hsm/ffb5fe56_2436.txt
2436	2437	hsm/984f0662_2437.txt
2437	2438	hsm/a6e22b7a_2438.txt
2438	2439	hsm/70aa5761_2439.txt
2439	2440	hsm/1e3a5aa9_2440.txt
2440	2441	hsm/72da9bd6_2441.txt
2441	2442	hsm/7a7e3f11_2442.txt
2442	2443	hsm/51a4d585_2443.txt
2443	2444	hsm/3cc9561d_2444.txt
2444	2445	hsm/1038295e_2445.txt
2445	2446	hsm/0831fbb1_2446.txt
2446	2447	hsm/31787460_2447.txt
2447	2448	hsm/6091a3c8_2448.txt
2448	2449	hsm/0193a730_2449.txt
2449	2450	hsm/78989178_2450.txt
2450	2451	hsm/1c893d05_2451.txt
2451	2452	hsm/9509d172_2452.txt
2452	2453	hsm/3eda9bd2_2453.txt
2453	2454	hsm/8ad6e27c_2454.txt
2454	2455	hsm/a285c739_2455.txt
2455	2456	hsm/90af5356_2456.txt
2456	2457	hsm/f50483d3_2457.txt
2457	2458	hsm/7a831d31_2458.txt
2458	2459	hsm/4e5ea327_2459.txt
2459	2460	hsm/a4a23d85_2460.txt
2460	2461	hsm/81d160b2_2461.txt
2461	2462	hsm/7418a41c_2462.txt
2462	2463	hsm/3540ced5_2463.txt
2463	2464	hsm/b10736f0_2464.txt
2464	2465	hsm/dfabea03_2465.txt
2465	2466	hsm/0d520232_2466.txt
2466	2467	hsm/9f3bfd5a_2467.txt
2467	2468	hsm/93cc8b2f_2468.txt
2468	2469	hsm/e35edb82_2469.txt
2469	2470	hsm/f6f8cc56_2470.txt
2470	2471	hsm/3c90a1aa_2471.txt
2471	2472	hsm/a208d362_2472.txt
2472	2473	hsm/57c8dd6f_2473.txt
2473	2474	hsm/22f3c40e_2474.txt
2474	2475	hsm/11136e99_2475.txt
2475	2476	hsm/6db622e6_2476.txt
2476	2477	hsm/eb4e62e1_2477.txt
2477	2478	hsm/c5f43ceb_2478.txt
2478	2479	hsm/25e12e37_2479.txt
2479	2480	hsm/b6c8b4f4_2480.txt
2480	2481	hsm/6bf9b457_2481.txt
2481	2482	hsm/f7a7c43b_2482.txt
2482	2483	hsm/02a4577c_2483.txt
2483	2484	hsm/733928a3_2484.txt
2484	2485	hsm/76571a13_2485.txt
2485	2486	hsm/9bb64812_2486.txt
2486	2487	hsm/27963180_2487.txt
2487	2488	hsm/0ecad9b2_2488.txt
2488	2489	hsm/8630c66b_2489.txt
2489	2490	hsm/b39fb7cf_2490.txt
2490	2491	hsm/a9f16fb3_2491.txt
2491	2492	hsm/4633e72e_2492.txt
2492	2493	hsm/937eaa18_2493.txt
2493	2494	hsm/cef38525_2494.txt
2494	2495	hsm/a1c47061_2495.txt
2495	2496	hsm/4c267784_2496.txt
2496	2497	hsm/4d565673_2497.txt
2497	2498	hsm/3b6bf3d9_2498.txt
2498	2499	hsm/e1ff8a5e_2499.txt
2499	2500	hsm/5c64c803_2500.txt
2500	2501	hsm/925bb927_2501.txt
2501	2502	hsm/a4dde564_2502.txt
2502	2503	hsm/5da87856_2503.txt
2503	2504	hsm/d47d5621_2504.txt
2504	2505	hsm/5261b467_2505.txt
2505	2506	hsm/296818b9_2506.txt
2506	2507	hsm/e684d52a_2507.txt
2507	2508	hsm/43486841_2508.txt
2508	2509	hsm/c7a90b7b_2509.txt
2509	2510	hsm/de9d7fab_2510.txt
2510	2511	hsm/d75129c6_2511.txt
2511	2512	hsm/7530cea2_2512.txt
2512	2513	hsm/76bfa4ab_2513.txt
2513	2514	hsm/910bdbb4_2514.txt
2514	2515	hsm/51563379_2515.txt
2515	2516	hsm/e6700a27_2516.txt
2516	2517	hsm/266b3f44_2517.txt
2517	2518	hsm/aeaefba6_2518.txt
2518	2519	hsm/dd1d71b7_2519.txt
2519	2520	hsm/99bcee39_2520.txt
2520	2521	hsm/89fc2915_2521.txt
2521	2522	hsm/6e6d0f09_2522.txt
2522	2523	hsm/576f9721_2523.txt
2523	2524	hsm/fb2e6262_2524.txt
2524	2525	hsm/022a7605_2525.txt
2525	2526	hsm/32e11a4f_2526.txt
2526	2527	hsm/b979fe13_2527.txt
2527	2528	hsm/cf08e3c2_2528.txt
2528	2529	hsm/a98183c0_2529.txt
2529	2530	hsm/47ac7382_2530.txt
2530	2531	hsm/b2e3be90_2531.txt
2531	2532	hsm/be2e61d6_2532.txt
2532	2533	hsm/46fb0af2_2533.txt
2533	2534	hsm/be46da6c_2534.txt
2534	2535	hsm/3b53b7fa_2535.txt
2535	2536	hsm/47e5c8f5_2536.txt
2536	2537	hsm/470b4305_2537.txt
2537	2538	hsm/9ec01528_2538.txt
2538	2539	hsm/2a3cb1a5_2539.txt
2539	2540	hsm/92e46a44_2540.txt
2540	2541	hsm/d071e5ba_2541.txt
2541	2542	hsm/5f468b8a_2542.txt
2542	2543	hsm/099b9238_2543.txt
2543	2544	hsm/17178002_2544.txt
2544	2545	hsm/838df58a_2545.txt
2545	2546	hsm/0d443ed9_2546.txt
2546	2547	hsm/3b063faa_2547.txt
2547	2548	hsm/9d377938_2548.txt
2548	2549	hsm/840413cf_2549.txt
2549	2550	hsm/ebadcdb4_2550.txt
2550	2551	hsm/8ef5b601_2551.txt
2551	2552	hsm/427fb78b_2552.txt
2552	2553	hsm/372fc44a_2553.txt
2553	2554	hsm/7be71221_2554.txt
2554	2555	hsm/3bdbfa38_2555.txt
2555	2556	hsm/c7b2680d_2556.txt
2556	2557	hsm/7db61bfb_2557.txt
2557	2558	hsm/d84ea72a_2558.txt
2558	2559	hsm/4dbb9d8c_2559.txt
2559	2560	hsm/60d96e90_2560.txt
2560	2561	hsm/28bd4788_2561.txt
2561	2562	hsm/834d8c7c_2562.txt
2562	2563	hsm/3388a303_2563.txt
2563	2564	hsm/d90b6ccc_2564.txt
2564	2565	hsm/382f2604_2565.txt
2565	2566	hsm/36aa3224_2566.txt
2566	2567	hsm/a422864f_2567.txt
2567	2568	hsm/51e50370_2568.txt
2568	2569	hsm/1007c8cc_2569.txt
2569	2570	hsm/cbbbb4a5_2570.txt
2570	2571	hsm/306c2efe_2571.txt
2571	2572	hsm/b4c0cb0b_2572.txt
2572	2573	hsm/e0234de9_2573.txt
2573	2574	hsm/718ec765_2574.txt
2574	2575	hsm/7978145d_2575.txt
2575	2576	hsm/c874f639_2576.txt
2576	2577	hsm/07fd5853_2577.txt
2577	2578	hsm/6a599b46_2578.txt
2578	2579	hsm/e50d87e8_2579.txt
2579	2580	hsm/78461a61_2580.txt
2580	2581	hsm/c6dcd92d_2581.txt
2581	2582	hsm/36f8fc03_2582.txt
2582	2583	hsm/a572fdad_2583.txt
2583	2584	hsm/b1111276_2584.txt
2584	2585	hsm/54fa7688_2585.txt
2585	2586	hsm/544d4aab_2586.txt
2586	2587	hsm/c2c9765a_2587.txt
2587	2588	hsm/0369959f_2588.txt
2588	2589	hsm/46539cff_2589.txt
2589	2590	hsm/4b0216e8_2590.txt
2590	2591	hsm/206fe436_2591.txt
2591	2592	hsm/38de2330_2592.txt
2592	2593	hsm/db7adf84_2593.txt
2593	2594	hsm/bdc0b726_2594.txt
2594	2595	hsm/9fd2d746_2595.txt
2595	2596	hsm/618d1a0b_2596.txt
2596	2597	hsm/4c38ab81_2597.txt
2597	2598	hsm/6029bbbe_2598.txt
2598	2599	hsm/cafde8a5_2599.txt
2599	2600	hsm/c7e8f9a9_2600.txt
2600	2601	hsm/8d3716da_2601.txt
2601	2602	hsm/36ce669b_2602.txt
2602	2603	hsm/4bc7e66d_2603.txt
2603	2604	hsm/8e66b06b_2604.txt
2604	2605	hsm/95a1dcdc_2605.txt
2605	2606	hsm/8350ad31_2606.txt
2606	2607	hsm/4753ec3a_2607.txt
2607	2608	hsm/14bb5674_2608.txt
2608	2609	hsm/3b90085b_2609.txt
2609	2610	hsm/00c8e7fd_2610.txt
2610	2611	hsm/95f91816_2611.txt
2611	2612	hsm/19785a21_2612.txt
2612	2613	hsm/1fa7cd94_2613.txt
2613	2614	hsm/b948c128_2614.txt
2614	2615	hsm/be045ff5_2615.txt
2615	2616	hsm/b17ef757_2616.txt
2616	2617	hsm/22dd8292_2617.txt
2617	2618	hsm/3205a97b_2618.txt
2618	2619	hsm/74201ecc_2619.txt
2619	2620	hsm/1eeb51e3_2620.txt
2620	2621	hsm/771b96a6_2621.txt
2621	2622	hsm/0d7811d4_2622.txt
2622	2623	hsm/216f7f77_2623.txt
2623	2624	hsm/b2fe2e70_2624.txt
2624	2625	hsm/407aef3a_2625.txt
2625	2626	hsm/e1f02abb_2626.txt
2626	2627	hsm/a622f5f2_2627.txt
2627	2628	hsm/6135d260_2628.txt
2628	2629	hsm/29a8547b_2629.txt
2629	2630	hsm/f0b01a30_2630.txt
2630	2631	hsm/1c85605d_2631.txt
2631	2632	hsm/937161de_2632.txt
2632	2633	hsm/5e2a0f22_2633.txt
2633	2634	hsm/c2c9765a_2634.txt
2634	2635	hsm/fbd8f618_2635.txt
2635	2636	hsm/28e8548a_2636.txt
2636	2637	hsm/933b53fe_2637.txt
2637	2638	hsm/d53648e4_2638.txt
2638	2639	hsm/5c8a30b2_2639.txt
2639	2640	hsm/6aea7d25_2640.txt
2640	2641	hsm/0b7e8431_2641.txt
2641	2642	hsm/4461d201_2642.txt
2642	2643	hsm/9b54a41c_2643.txt
2643	2644	hsm/ff252e11_2644.txt
2644	2645	hsm/c36da891_2645.txt
2645	2646	hsm/9a444da0_2646.txt
2646	2647	hsm/789196b1_2647.txt
2647	2648	hsm/2cf3557b_2648.txt
2648	2649	hsm/fc98c8fd_2649.txt
2649	2650	hsm/b6389408_2650.txt
2650	2651	hsm/907dcfe7_2651.txt
2651	2652	hsm/ded9d8d5_2652.txt
2652	2653	hsm/db5bb18e_2653.txt
2653	2654	hsm/73582007_2654.txt
2654	2655	hsm/a0c75679_2655.txt
2655	2656	hsm/4f9a015c_2656.txt
2656	2657	hsm/93aca600_2657.txt
2657	2658	hsm/90ef11f9_2658.txt
2658	2659	hsm/d0d2f195_2659.txt
2659	2660	hsm/4a3d1f96_2660.txt
2660	2661	hsm/3fe5b863_2661.txt
2661	2662	hsm/5fe71840_2662.txt
2662	2663	hsm/41284c76_2663.txt
2663	2664	hsm/b8dacfc0_2664.txt
2664	2665	hsm/60ab5a35_2665.txt
2665	2666	hsm/fd3a818d_2666.txt
2666	2667	hsm/5b5cdc26_2667.txt
2667	2668	hsm/617da8c4_2668.txt
2668	2669	hsm/987b95d5_2669.txt
2669	2670	hsm/ae1c25e3_2670.txt
2670	2671	hsm/b06ac7d5_2671.txt
2671	2672	hsm/464963e1_2672.txt
2672	2673	hsm/b9264ce9_2673.txt
2673	2674	hsm/f59f51d5_2674.txt
2674	2675	hsm/3406647d_2675.txt
2675	2676	hsm/924f1590_2676.txt
2676	2677	hsm/e67090b3_2677.txt
2677	2678	hsm/c229ba04_2678.txt
2678	2679	hsm/6b1dbf3a_2679.txt
2679	2680	hsm/bb7ed9d3_2680.txt
2680	2681	hsm/0e545610_2681.txt
2681	2682	hsm/d59dc635_2682.txt
2682	2683	hsm/29d968a4_2683.txt
2683	2684	hsm/9e30db6d_2684.txt
2684	2685	hsm/86aace17_2685.txt
2685	2686	hsm/13ec08ac_2686.txt
2686	2687	hsm/1f09c118_2687.txt
2687	2688	hsm/7f5b8d05_2688.txt
2688	2689	hsm/a3119a6f_2689.txt
2689	2690	hsm/9bf1f414_2690.txt
2690	2691	hsm/e491eeba_2691.txt
2691	2692	hsm/e63921b2_2692.txt
2692	2693	hsm/d352224a_2693.txt
2693	2694	hsm/ba441d25_2694.txt
2694	2695	hsm/7edd83e1_2695.txt
2695	2696	hsm/42e6860c_2696.txt
2696	2697	hsm/5270dfdf_2697.txt
2697	2698	hsm/c0e3cc6a_2698.txt
2698	2699	hsm/49b582e3_2699.txt
2699	2700	hsm/382937e0_2700.txt
2700	2701	hsm/bbdb8e85_2701.txt
2701	2702	hsm/4458cea6_2702.txt
2702	2703	hsm/e9a286d4_2703.txt
2703	2704	hsm/7035db2c_2704.txt
2704	2705	hsm/f5ad5b42_2705.txt
2705	2706	hsm/ae3feeb4_2706.txt
2706	2707	hsm/1277be3b_2707.txt
2707	2708	hsm/29ee4e3f_2708.txt
2708	2709	hsm/826df729_2709.txt
2709	2710	hsm/72e0e0e8_2710.txt
2710	2711	hsm/252e7d84_2711.txt
2711	2712	hsm/d564b80b_2712.txt
2712	2713	hsm/bbe55138_2713.txt
2713	2714	hsm/ea09d8e1_2714.txt
2714	2715	hsm/b6ef5afb_2715.txt
2715	2716	hsm/d2a07aab_2716.txt
2716	2717	hsm/8d4d0f5c_2717.txt
2717	2718	hsm/62b35d8e_2718.txt
2718	2719	hsm/aab248bf_2719.txt
2719	2720	hsm/d5e716b5_2720.txt
2720	2721	hsm/e644c2d2_2721.txt
2721	2722	hsm/92f8904e_2722.txt
2722	2723	hsm/53568688_2723.txt
2723	2724	hsm/88bca708_2724.txt
2724	2725	hsm/a95fe963_2725.txt
2725	2726	hsm/126f7b82_2726.txt
2726	2727	hsm/f2e83258_2727.txt
2727	2728	hsm/342d6057_2728.txt
2728	2729	hsm/3461d420_2729.txt
2729	2730	hsm/109208e0_2730.txt
2730	2731	hsm/8810aa07_2731.txt
2731	2732	hsm/2db86461_2732.txt
2732	2733	hsm/188fc382_2733.txt
2733	2734	hsm/5b5cdc26_2734.txt
2734	2735	hsm/94f62476_2735.txt
2735	2736	hsm/a8da2d71_2736.txt
2736	2737	hsm/22122342_2737.txt
2737	2738	hsm/a63f5817_2738.txt
2738	2739	hsm/4833bb53_2739.txt
2739	2740	hsm/f343d821_2740.txt
2740	2741	hsm/4d78e1b9_2741.txt
2741	2742	hsm/4cb861d9_2742.txt
2742	2743	hsm/120b3f46_2743.txt
2743	2744	hsm/0056a2bb_2744.txt
2744	2745	hsm/5fa533d7_2745.txt
2745	2746	hsm/20aeb48e_2746.txt
2746	2747	hsm/57671310_2747.txt
2747	2748	hsm/e3d07a54_2748.txt
2748	2749	hsm/57671310_2749.txt
2749	2750	hsm/720b30b0_2750.txt
2750	2751	hsm/05421845_2751.txt
2751	2752	hsm/39a4671a_2752.txt
2752	2753	hsm/e0604040_2753.txt
2753	2754	hsm/f0f7cc76_2754.txt
2754	2755	hsm/8bd85581_2755.txt
2755	2756	hsm/3db88d16_2756.txt
2756	2757	hsm/3f81279b_2757.txt
2757	2758	hsm/a66e16a4_2758.txt
2758	2759	hsm/87737fa3_2759.txt
2759	2760	hsm/9bf38cca_2760.txt
2760	2761	hsm/1a31f3d5_2761.txt
2761	2762	hsm/5d9ca100_2762.txt
2762	2763	hsm/b79dfae5_2763.txt
2763	2764	hsm/99cb2acb_2764.txt
2764	2765	hsm/34719f4d_2765.txt
2765	2766	hsm/6ad63739_2766.txt
2766	2767	hsm/1b657ab6_2767.txt
2767	2768	hsm/9945c1c5_2768.txt
2768	2769	hsm/29c26565_2769.txt
2769	2770	hsm/b94ac060_2770.txt
2770	2771	hsm/63be2c05_2771.txt
2771	2772	hsm/e3b1e9e5_2772.txt
2772	2773	hsm/4c24ad8f_2773.txt
2773	2774	hsm/6be3a37a_2774.txt
2774	2775	hsm/83c81333_2775.txt
2775	2776	hsm/157eb7ee_2776.txt
2776	2777	hsm/60fad40e_2777.txt
2777	2778	hsm/3bcda738_2778.txt
2778	2779	hsm/de08d98e_2779.txt
2779	2780	hsm/786e6633_2780.txt
2780	2781	hsm/8d752459_2781.txt
2781	2782	hsm/ef65e4f5_2782.txt
2782	2783	hsm/e1310d21_2783.txt
2783	2784	hsm/c259036c_2784.txt
2784	2785	hsm/e5aa823d_2785.txt
2785	2786	hsm/829cae2e_2786.txt
2786	2787	hsm/c0167c1c_2787.txt
2787	2788	hsm/7b2855a4_2788.txt
2788	2789	hsm/65cca94e_2789.txt
2789	2790	hsm/7b5ae33d_2790.txt
2790	2791	hsm/dbebd8b2_2791.txt
2791	2792	hsm/ff8b2a3e_2792.txt
2792	2793	hsm/60e99358_2793.txt
2793	2794	hsm/7947fe6b_2794.txt
2794	2795	hsm/540e6f9d_2795.txt
2795	2796	hsm/d7abe081_2796.txt
2796	2797	hsm/0a36464c_2797.txt
2797	2798	hsm/e6e785cf_2798.txt
2798	2799	hsm/b0c4a6f5_2799.txt
2799	2800	hsm/844597b4_2800.txt
2800	2801	hsm/2451c99a_2801.txt
2801	2802	hsm/ae1125b9_2802.txt
2802	2803	hsm/b9687105_2803.txt
2803	2804	hsm/5a39fe6a_2804.txt
2804	2805	hsm/cf7dee6b_2805.txt
2805	2806	hsm/57d2c75e_2806.txt
2806	2807	hsm/ac5ad49a_2807.txt
2807	2808	hsm/3a429f7e_2808.txt
2808	2809	hsm/f0f5e1e8_2809.txt
2809	2810	hsm/864efa15_2810.txt
2810	2811	hsm/01e375a6_2811.txt
2811	2812	hsm/5cff6c9f_2812.txt
2812	2813	hsm/ecc94229_2813.txt
2813	2814	hsm/3b3c4b76_2814.txt
2814	2815	hsm/cc37a707_2815.txt
2815	2816	hsm/c8f31363_2816.txt
2816	2817	hsm/4e17bfac_2817.txt
2817	2818	hsm/b1530bed_2818.txt
2818	2819	hsm/1e906c20_2819.txt
2819	2820	hsm/506ac812_2820.txt
2820	2821	hsm/90153269_2821.txt
2821	2822	hsm/6a58ee63_2822.txt
2822	2823	hsm/bf4a7a36_2823.txt
2823	2824	hsm/d47d5621_2824.txt
2824	2825	hsm/43ce2955_2825.txt
2825	2826	hsm/bf0d09f4_2826.txt
2826	2827	hsm/e684d52a_2827.txt
2827	2828	hsm/7470b95d_2828.txt
2828	2829	hsm/0e29ee65_2829.txt
2829	2830	hsm/687a07f6_2830.txt
2830	2831	hsm/e6137093_2831.txt
2831	2832	hsm/999efc81_2832.txt
2832	2833	hsm/cc44e392_2833.txt
2833	2834	hsm/ea5905b3_2834.txt
2834	2835	hsm/c2c9765a_2835.txt
2835	2836	hsm/422887a3_2836.txt
2836	2837	hsm/c155dfa4_2837.txt
2837	2838	hsm/39b06ac8_2838.txt
2838	2839	hsm/cac78fb0_2839.txt
2839	2840	hsm/281ae981_2840.txt
2840	2841	hsm/f3dad035_2841.txt
2841	2842	hsm/aaa60a61_2842.txt
2842	2843	hsm/b06a21c3_2843.txt
2843	2844	hsm/cfc800bb_2844.txt
2844	2845	hsm/164af925_2845.txt
2845	2846	hsm/222388f3_2846.txt
2846	2847	hsm/4894be4c_2847.txt
2847	2848	hsm/83154571_2848.txt
2848	2849	hsm/03385158_2849.txt
2849	2850	hsm/2ead74f8_2850.txt
2850	2851	hsm/505c786c_2851.txt
2851	2852	hsm/240b9ec4_2852.txt
2852	2853	hsm/e1a6196a_2853.txt
2853	2854	hsm/fd68c95a_2854.txt
2854	2855	hsm/1f532aa0_2855.txt
2855	2856	hsm/61ae4678_2856.txt
2856	2857	hsm/b764339c_2857.txt
2857	2858	hsm/abe68cf5_2858.txt
2858	2859	hsm/ed112e45_2859.txt
2859	2860	hsm/f6636fa9_2860.txt
2860	2861	hsm/d33d492d_2861.txt
2861	2862	hsm/bb6ac6c9_2862.txt
2862	2863	hsm/421bd5c6_2863.txt
2863	2864	hsm/42544b15_2864.txt
2864	2865	hsm/f0432262_2865.txt
2865	2866	hsm/ac808f6a_2866.txt
2866	2867	hsm/280615ab_2867.txt
2867	2868	hsm/4a8bab35_2868.txt
2868	2869	hsm/de379666_2869.txt
2869	2870	hsm/e99e394d_2870.txt
2870	2871	hsm/7f6839fd_2871.txt
2871	2872	hsm/e0cf6f5e_2872.txt
2872	2873	hsm/c81e1ed6_2873.txt
2873	2874	hsm/6b2621d0_2874.txt
2874	2875	hsm/5f9998cb_2875.txt
2875	2876	hsm/07bd3e77_2876.txt
2876	2877	hsm/20ad7b03_2877.txt
2877	2878	hsm/a3822d8b_2878.txt
2878	2879	hsm/f38b9036_2879.txt
2879	2880	hsm/0a9caef1_2880.txt
2880	2881	hsm/2311ca92_2881.txt
2881	2882	hsm/141e3366_2882.txt
2882	2883	hsm/e009701e_2883.txt
2883	2884	hsm/086c5667_2884.txt
2884	2885	hsm/c7c0f063_2885.txt
2885	2886	hsm/eb65ec60_2886.txt
2886	2887	hsm/37a6d810_2887.txt
2887	2888	hsm/a56f66ed_2888.txt
2888	2889	hsm/d9909bd8_2889.txt
2889	2890	hsm/e5c133a8_2890.txt
2890	2891	hsm/b92c5d59_2891.txt
2891	2892	hsm/bb7790b2_2892.txt
2892	2893	hsm/39946470_2893.txt
2893	2894	hsm/078322e2_2894.txt
2894	2895	hsm/035bf253_2895.txt
2895	2896	hsm/9500681f_2896.txt
2896	2897	hsm/5a396caa_2897.txt
2897	2898	hsm/7938da58_2898.txt
2898	2899	hsm/c825a3fe_2899.txt
2899	2900	hsm/724811d4_2900.txt
2900	2901	hsm/55d99b20_2901.txt
2901	2902	hsm/0f483a1e_2902.txt
2902	2903	hsm/37ffff9d_2903.txt
2903	2904	hsm/40336d9d_2904.txt
2904	2905	hsm/c3c61d4a_2905.txt
2905	2906	hsm/0d78321a_2906.txt
2906	2907	hsm/af1683be_2907.txt
2907	2908	hsm/902c64c7_2908.txt
2908	2909	hsm/814bf08c_2909.txt
2909	2910	hsm/d49a94ad_2910.txt
2910	2911	hsm/2a6a4a77_2911.txt
2911	2912	hsm/33860c5b_2912.txt
2912	2913	hsm/0c1d263f_2913.txt
2913	2914	hsm/7f8fc998_2914.txt
2914	2915	hsm/4d285377_2915.txt
2915	2916	hsm/5feed5af_2916.txt
2916	2917	hsm/3afe8b02_2917.txt
2917	2918	hsm/d20e0c80_2918.txt
2918	2919	hsm/023c9bec_2919.txt
2919	2920	hsm/1e39b1d9_2920.txt
2920	2921	hsm/1e39b1d9_2921.txt
2921	2922	hsm/1e39b1d9_2922.txt
2922	2923	hsm/c9645af4_2923.txt
2923	2924	hsm/e1ab0f4a_2924.txt
2924	2925	hsm/974a3eca_2925.txt
2925	2926	hsm/f0ddd81c_2926.txt
2926	2927	hsm/fd20869e_2927.txt
2927	2928	hsm/74566ad2_2928.txt
2928	2929	hsm/8a5a9ce5_2929.txt
2929	2930	hsm/75ae51db_2930.txt
2930	2931	hsm/bb8e8e99_2931.txt
2931	2932	hsm/bbd5c592_2932.txt
2932	2933	hsm/f2fe24f5_2933.txt
2933	2934	hsm/3b3e9436_2934.txt
2934	2935	hsm/5317197f_2935.txt
2935	2936	hsm/182b2f60_2936.txt
2936	2937	hsm/910bd41b_2937.txt
2937	2938	hsm/ece5af1b_2938.txt
2938	2939	hsm/f2a40d00_2939.txt
2939	2940	hsm/a3930904_2940.txt
2940	2941	hsm/ed53e528_2941.txt
2941	2942	hsm/8df0bc99_2942.txt
2942	2943	hsm/865cc9b0_2943.txt
2943	2944	hsm/f59d0b02_2944.txt
2944	2945	hsm/99fc182b_2945.txt
2945	2946	hsm/dae67a39_2946.txt
2946	2947	hsm/22e62604_2947.txt
2947	2948	hsm/b82ae26f_2948.txt
2948	2949	hsm/7b0bc3c2_2949.txt
2949	2950	hsm/f831e6ca_2950.txt
2950	2951	hsm/a6f392b1_2951.txt
2951	2952	hsm/21d13e3a_2952.txt
2952	2953	hsm/4c66d794_2953.txt
2953	2954	hsm/0b47bcd0_2954.txt
2954	2955	hsm/163ebc44_2955.txt
2955	2956	hsm/22f2686a_2956.txt
2956	2957	hsm/8adb824d_2957.txt
2957	2958	hsm/6ba1c659_2958.txt
2958	2959	hsm/aaebafa3_2959.txt
2959	2960	hsm/6ee72da6_2960.txt
2960	2961	hsm/59a73757_2961.txt
2961	2962	hsm/dfc5fb25_2962.txt
2962	2963	hsm/da958a9a_2963.txt
2963	2964	hsm/8686c8fb_2964.txt
2964	2965	hsm/d1bd0556_2965.txt
2965	2966	hsm/c2ada73f_2966.txt
2966	2967	hsm/b6f5b108_2967.txt
2967	2968	hsm/e74651c7_2968.txt
2968	2969	hsm/70818a74_2969.txt
2969	2970	hsm/788e52bf_2970.txt
2970	2971	hsm/01f657ab_2971.txt
2971	2972	hsm/2b51d045_2972.txt
2972	2973	hsm/de805251_2973.txt
2973	2974	hsm/ae597b73_2974.txt
2974	2975	hsm/a1043fed_2975.txt
2975	2976	hsm/336f0998_2976.txt
2976	2977	hsm/0ffa02c5_2977.txt
2977	2978	hsm/6ed493c3_2978.txt
2978	2979	hsm/1f529567_2979.txt
2979	2980	hsm/12412ca7_2980.txt
2980	2981	hsm/68cbd52c_2981.txt
2981	2982	hsm/4a389a3d_2982.txt
2982	2983	hsm/df04055f_2983.txt
2983	2984	hsm/5d5ba48e_2984.txt
2984	2985	hsm/c0eeba8d_2985.txt
2985	2986	hsm/e45d3be7_2986.txt
2986	2987	hsm/7a87c6a6_2987.txt
2987	2988	hsm/54f81aa5_2988.txt
2988	2989	hsm/9df97c51_2989.txt
2989	2990	hsm/5e66fcf6_2990.txt
2990	2991	hsm/15282919_2991.txt
2991	2992	hsm/41d8eb3b_2992.txt
2992	2993	hsm/f460ac9a_2993.txt
2993	2994	hsm/a1d25b05_2994.txt
2994	2995	hsm/fa205d75_2995.txt
2995	2996	hsm/7f5ddca0_2996.txt
2996	2997	hsm/e9314cf0_2997.txt
2997	2998	hsm/f9656ba2_2998.txt
2998	2999	hsm/f1ae701f_2999.txt
2999	3000	hsm/fa594403_3000.txt
3000	3001	hsm/76bec240_3001.txt
3001	3002	hsm/d4188ddd_3002.txt
3002	3003	hsm/408d0579_3003.txt
3003	3004	hsm/4df26c45_3004.txt
3004	3005	hsm/511755f2_3005.txt
3005	3006	hsm/811fd261_3006.txt
3006	3007	hsm/7cba6c77_3007.txt
3007	3008	hsm/38eeebe7_3008.txt
3008	3009	hsm/14f9e351_3009.txt
3009	3010	hsm/778b0f73_3010.txt
3010	3011	hsm/670c2d15_3011.txt
3011	3012	hsm/880179b5_3012.txt
3012	3013	hsm/0cd99700_3013.txt
3013	3014	hsm/88b9d393_3014.txt
3014	3015	hsm/34823c62_3015.txt
3015	3016	hsm/63ccc482_3016.txt
3016	3017	hsm/6cf22768_3017.txt
3017	3018	hsm/1d4d8551_3018.txt
3018	3019	hsm/a49873bb_3019.txt
3019	3020	hsm/d653127f_3020.txt
3020	3021	hsm/d378d955_3021.txt
3021	3022	hsm/d6f9089e_3022.txt
3022	3023	hsm/15127aa0_3023.txt
3023	3024	hsm/503c19a7_3024.txt
3024	3025	hsm/ccbd930b_3025.txt
3025	3026	hsm/042bad7d_3026.txt
3026	3027	hsm/fef692d3_3027.txt
3027	3028	hsm/d939a41b_3028.txt
3028	3029	hsm/9c2a4850_3029.txt
3029	3030	hsm/200e5bb9_3030.txt
3030	3031	hsm/5b5cdc26_3031.txt
3031	3032	hsm/8d3e63be_3032.txt
3032	3033	hsm/9679b82b_3033.txt
3033	3034	hsm/ed8c48fb_3034.txt
3034	3035	hsm/d50481c1_3035.txt
3035	3036	hsm/b70162b7_3036.txt
3036	3037	hsm/16e7e6d4_3037.txt
3037	3038	hsm/3f4d0b98_3038.txt
3038	3039	hsm/6cf9a749_3039.txt
3039	3040	hsm/699a3950_3040.txt
3040	3041	hsm/5ec1f52e_3041.txt
3041	3042	hsm/d9c52fcf_3042.txt
3042	3043	hsm/5df039dd_3043.txt
3043	3044	hsm/af4e8297_3044.txt
3044	3045	hsm/c63e488d_3045.txt
3045	3046	hsm/ba04f069_3046.txt
3046	3047	hsm/7cbf77da_3047.txt
3047	3048	hsm/8a4813eb_3048.txt
3048	3049	hsm/7a4034ba_3049.txt
3049	3050	hsm/394fb832_3050.txt
3050	3051	hsm/7c3fe1b4_3051.txt
3051	3052	hsm/7f146048_3052.txt
3052	3053	hsm/ac8a7867_3053.txt
3053	3054	hsm/22b726a8_3054.txt
3054	3055	hsm/d5214efb_3055.txt
3055	3056	hsm/c0ccfbcf_3056.txt
3056	3057	hsm/9d031335_3057.txt
3057	3058	hsm/d72f5d94_3058.txt
3058	3059	hsm/77bb6f45_3059.txt
3059	3060	hsm/26029abe_3060.txt
3060	3061	hsm/d54f4f50_3061.txt
3061	3062	hsm/0c0fab08_3062.txt
3062	3063	hsm/ee1c489e_3063.txt
3063	3064	hsm/35fe7014_3064.txt
3064	3065	hsm/977414bb_3065.txt
3065	3066	hsm/d5b2843f_3066.txt
3066	3067	hsm/857c092a_3067.txt
3067	3068	hsm/51304a32_3068.txt
3068	3069	hsm/3dd4ffd4_3069.txt
3069	3070	hsm/938ac61e_3070.txt
3070	3071	hsm/92ebee1b_3071.txt
3071	3072	hsm/d9bcd9b1_3072.txt
3072	3073	hsm/5264564c_3073.txt
3073	3074	hsm/519ebf9c_3074.txt
3074	3075	hsm/9b19200d_3075.txt
3075	3076	hsm/72f9f96d_3076.txt
3076	3077	hsm/3e024fc2_3077.txt
3077	3078	hsm/c5fcda0f_3078.txt
3078	3079	hsm/0e4fc8ba_3079.txt
3079	3080	hsm/36130d8d_3080.txt
3080	3081	hsm/7d632caf_3081.txt
3081	3082	hsm/b729a89b_3082.txt
3082	3083	hsm/4a4c2690_3083.txt
3083	3084	hsm/4ec43ac0_3084.txt
3084	3085	hsm/2491b1b3_3085.txt
3085	3086	hsm/e5f07e01_3086.txt
3086	3087	hsm/76571a13_3087.txt
3087	3088	hsm/db2ffb28_3088.txt
3088	3089	hsm/d8a3e03d_3089.txt
3089	3090	hsm/2e9f34a6_3090.txt
3090	3091	hsm/65fca052_3091.txt
3091	3092	hsm/7536c9cc_3092.txt
3092	3093	hsm/972e73cf_3093.txt
3093	3094	hsm/ea8eb781_3094.txt
3094	3095	hsm/65172743_3095.txt
3095	3096	hsm/6cc7a0d8_3096.txt
3096	3097	hsm/ea79f661_3097.txt
3097	3098	hsm/67ce8c88_3098.txt
3098	3099	hsm/fbecf3ef_3099.txt
3099	3100	hsm/ead048aa_3100.txt
3100	3101	hsm/75b45e59_3101.txt
3101	3102	hsm/81c89bb3_3102.txt
3102	3103	hsm/b77c9d05_3103.txt
3103	3104	hsm/595cf15d_3104.txt
3104	3105	hsm/b7b2a992_3105.txt
3105	3106	hsm/e49563f2_3106.txt
3106	3107	hsm/cd186e24_3107.txt
3107	3108	hsm/c38117f3_3108.txt
3108	3109	hsm/73bc54fa_3109.txt
3109	3110	hsm/4ae9df47_3110.txt
3110	3111	hsm/293eb14c_3111.txt
3111	3112	hsm/e82d3281_3112.txt
3112	3113	hsm/dd9c6797_3113.txt
3113	3114	hsm/bf8b1cc3_3114.txt
3114	3115	hsm/38f41d0f_3115.txt
3115	3116	hsm/4ae0b0c8_3116.txt
3116	3117	hsm/8ce07bca_3117.txt
3117	3118	hsm/1f000d7a_3118.txt
3118	3119	hsm/5f43d960_3119.txt
3119	3120	hsm/5e8435cb_3120.txt
3120	3121	hsm/bff757a6_3121.txt
3121	3122	hsm/389d2325_3122.txt
3122	3123	hsm/9b5f3797_3123.txt
3123	3124	hsm/6d51c721_3124.txt
3124	3125	hsm/3b2b556b_3125.txt
3125	3126	hsm/db596448_3126.txt
3126	3127	hsm/5a3238eb_3127.txt
3127	3128	hsm/d6b2417b_3128.txt
3128	3129	hsm/3597d1a9_3129.txt
3129	3130	hsm/f718fc39_3130.txt
3130	3131	hsm/54d26976_3131.txt
3131	3132	hsm/7ce4ea77_3132.txt
3132	3133	hsm/4fc9a057_3133.txt
3133	3134	hsm/f5312090_3134.txt
3134	3135	hsm/0665ab9f_3135.txt
3135	3136	hsm/2c25d610_3136.txt
3136	3137	hsm/bbd7c432_3137.txt
3137	3138	hsm/267342aa_3138.txt
3138	3139	hsm/8833b478_3139.txt
3139	3140	hsm/3dd042fb_3140.txt
3140	3141	hsm/0dfc8ebe_3141.txt
3141	3142	hsm/a2f9b12e_3142.txt
3142	3143	hsm/05b0ac39_3143.txt
3143	3144	hsm/efad016b_3144.txt
3144	3145	hsm/936c69a4_3145.txt
3145	3146	hsm/9960d692_3146.txt
3146	3147	hsm/d6a2e84c_3147.txt
3147	3148	hsm/1f22a5d7_3148.txt
3148	3149	hsm/deee0f89_3149.txt
3149	3150	hsm/29d6587b_3150.txt
3150	3151	hsm/cc061bbf_3151.txt
3151	3152	hsm/fffe7524_3152.txt
3152	3153	hsm/7e65b254_3153.txt
3153	3154	hsm/e5dd4c6d_3154.txt
3154	3155	hsm/d158d5b6_3155.txt
3155	3156	hsm/ddf7a3f8_3156.txt
3156	3157	hsm/1d38b843_3157.txt
3157	3158	hsm/63e843a6_3158.txt
3158	3159	hsm/bfae8f46_3159.txt
3159	3160	hsm/41542471_3160.txt
3160	3161	hsm/fdaad116_3161.txt
3161	3162	hsm/455efadd_3162.txt
3162	3163	hsm/b43f26c5_3163.txt
3163	3164	hsm/100b6c7b_3164.txt
3164	3165	hsm/079043f9_3165.txt
3165	3166	hsm/9408b2d5_3166.txt
3166	3167	hsm/4062e45f_3167.txt
3167	3168	hsm/6ca00742_3168.txt
3168	3169	hsm/5eae61ee_3169.txt
3169	3170	hsm/6b835d51_3170.txt
3170	3171	hsm/0dd8ff9c_3171.txt
3171	3172	hsm/02e546c2_3172.txt
3172	3173	hsm/20d713fa_3173.txt
3173	3174	hsm/1ca248e7_3174.txt
3174	3175	hsm/0a8b7872_3175.txt
3175	3176	hsm/4336dffb_3176.txt
3176	3177	hsm/dadb101e_3177.txt
3177	3178	hsm/f506a7fb_3178.txt
3178	3179	hsm/cbc70948_3179.txt
3179	3180	hsm/2e4e6914_3180.txt
3180	3181	hsm/46acf14a_3181.txt
3181	3182	hsm/e882e565_3182.txt
3182	3183	hsm/264c82f2_3183.txt
3183	3184	hsm/d7b975a6_3184.txt
3184	3185	hsm/18c94876_3185.txt
3185	3186	hsm/35ceea8e_3186.txt
3186	3187	hsm/24f06aca_3187.txt
3187	3188	hsm/eef06b2d_3188.txt
3188	3189	hsm/818149d5_3189.txt
3189	3190	hsm/1f6dc13b_3190.txt
3190	3191	hsm/c79f5a6d_3191.txt
3191	3192	hsm/8082bd36_3192.txt
3192	3193	hsm/b9239e18_3193.txt
3193	3194	hsm/377fc7e9_3194.txt
3194	3195	hsm/305f6e8e_3195.txt
3195	3196	hsm/7ef7c563_3196.txt
3196	3197	hsm/3f295823_3197.txt
3197	3198	hsm/d298ead7_3198.txt
3198	3199	hsm/e53e1a4f_3199.txt
3199	3200	hsm/ebdc4ddd_3200.txt
3200	3201	hsm/d3a8ecaf_3201.txt
3201	3202	hsm/761f6aa8_3202.txt
3202	3203	hsm/bfdb7b33_3203.txt
3203	3204	hsm/dc420679_3204.txt
3204	3205	hsm/5c45469c_3205.txt
3205	3206	hsm/e7888a93_3206.txt
3206	3207	hsm/f703a80c_3207.txt
3207	3208	hsm/5491ff06_3208.txt
3208	3209	hsm/63b914ef_3209.txt
3209	3210	hsm/9412e582_3210.txt
3210	3211	hsm/ddcca4b2_3211.txt
3211	3212	hsm/9e5a9e9e_3212.txt
3212	3213	hsm/d02b5662_3213.txt
3213	3214	hsm/fa284c1a_3214.txt
3214	3215	hsm/9d5c3757_3215.txt
3215	3216	hsm/72790294_3216.txt
3216	3217	hsm/26b76f3f_3217.txt
3217	3218	hsm/9949d256_3218.txt
3218	3219	hsm/2d06b972_3219.txt
3219	3220	hsm/7619ccb9_3220.txt
3220	3221	hsm/cb4cd39e_3221.txt
3221	3222	hsm/a08836e7_3222.txt
3222	3223	hsm/9d978145_3223.txt
3223	3224	hsm/f50b190a_3224.txt
3224	3225	hsm/324e5af7_3225.txt
3225	3226	hsm/c5dfa1e0_3226.txt
3226	3227	hsm/00abd9d5_3227.txt
3227	3228	hsm/28397367_3228.txt
3228	3229	hsm/a016e08a_3229.txt
3229	3230	hsm/0b2be2b6_3230.txt
3230	3231	hsm/90009ad0_3231.txt
3231	3232	hsm/067954a5_3232.txt
3232	3233	hsm/5b03e562_3233.txt
3233	3234	hsm/8a101e82_3234.txt
3234	3235	hsm/10f73ed9_3235.txt
3235	3236	hsm/9a92f7ca_3236.txt
3236	3237	hsm/780a1081_3237.txt
3237	3238	hsm/139bda7b_3238.txt
3238	3239	hsm/362eb20d_3239.txt
3239	3240	hsm/f60ba5de_3240.txt
3240	3241	hsm/b08e65a2_3241.txt
3241	3242	hsm/14daeb3b_3242.txt
3242	3243	hsm/8a34f0c4_3243.txt
3243	3244	hsm/8c55a8b6_3244.txt
3244	3245	hsm/2fe0dcb3_3245.txt
3245	3246	hsm/e41cda9f_3246.txt
3246	3247	hsm/70bee3f7_3247.txt
3247	3248	hsm/21c30d82_3248.txt
3248	3249	hsm/e2a2a6e5_3249.txt
3249	3250	hsm/d861519e_3250.txt
3250	3251	hsm/61276542_3251.txt
3251	3252	hsm/f80aabeb_3252.txt
3252	3253	hsm/9c521bcb_3253.txt
3253	3254	hsm/59b72a51_3254.txt
3254	3255	hsm/7beb334c_3255.txt
3255	3256	hsm/e9ffcf84_3256.txt
3256	3257	hsm/94043c09_3257.txt
3257	3258	hsm/8868db3c_3258.txt
3258	3259	hsm/2c5d3327_3259.txt
3259	3260	hsm/1694de03_3260.txt
3260	3261	hsm/1caefd96_3261.txt
3261	3262	hsm/b4071e25_3262.txt
3262	3263	hsm/fb1ea965_3263.txt
3263	3264	hsm/bae7932e_3264.txt
3264	3265	hsm/066dd023_3265.txt
3265	3266	hsm/564b8cdc_3266.txt
3266	3267	hsm/4d584429_3267.txt
3267	3268	hsm/e861992c_3268.txt
3268	3269	hsm/c803bb0b_3269.txt
3269	3270	hsm/269ddb8d_3270.txt
3270	3271	hsm/9a935330_3271.txt
3271	3272	hsm/8264c346_3272.txt
3272	3273	hsm/b790aa84_3273.txt
3273	3274	hsm/f0528e2e_3274.txt
3274	3275	hsm/1834cbd2_3275.txt
3275	3276	hsm/c001fd23_3276.txt
3276	3277	hsm/8f85fd15_3277.txt
3277	3278	hsm/78a32bf9_3278.txt
3278	3279	hsm/94188b1f_3279.txt
3279	3280	hsm/4b16a62a_3280.txt
3280	3281	hsm/2f9c4a99_3281.txt
3281	3282	hsm/d0472477_3282.txt
3282	3283	hsm/3fd251a6_3283.txt
3283	3284	hsm/30b4aa10_3284.txt
3284	3285	hsm/18e5452c_3285.txt
3285	3286	hsm/0741c978_3286.txt
3286	3287	hsm/1cc1ec2a_3287.txt
3287	3288	hsm/6e2d5876_3288.txt
3288	3289	hsm/2c71a6ef_3289.txt
3289	3290	hsm/fe7bea83_3290.txt
3290	3291	hsm/f5f82f06_3291.txt
3291	3292	hsm/2b64bcd2_3292.txt
3292	3293	hsm/b189a7d5_3293.txt
3293	3294	hsm/4e37bf00_3294.txt
3294	3295	hsm/81a84408_3295.txt
3295	3296	hsm/33ed7fd4_3296.txt
3296	3297	hsm/f769ad17_3297.txt
3297	3298	hsm/d3ece63d_3298.txt
3298	3299	hsm/7357015c_3299.txt
3299	3300	hsm/64b40a30_3300.txt
3300	3301	hsm/1ffa158f_3301.txt
3301	3302	hsm/df88d676_3302.txt
3302	3303	hsm/f9bd3df6_3303.txt
3303	3304	hsm/b7ace67f_3304.txt
3304	3305	hsm/ce60400b_3305.txt
3305	3306	hsm/7f7ca566_3306.txt
3306	3307	hsm/655eae4f_3307.txt
3307	3308	hsm/736b9c0d_3308.txt
3308	3309	hsm/5c4e7dd1_3309.txt
3309	3310	hsm/65707d8e_3310.txt
3310	3311	hsm/ac7938e1_3311.txt
3311	3312	hsm/dbec90d9_3312.txt
3312	3313	hsm/77b5c7ee_3313.txt
3313	3314	hsm/2d3d591e_3314.txt
3314	3315	hsm/0ffc14e1_3315.txt
3315	3316	hsm/78a8e100_3316.txt
3316	3317	hsm/cce304aa_3317.txt
3317	3318	hsm/c05457df_3318.txt
3318	3319	hsm/6e1a6731_3319.txt
3319	3320	hsm/fba003ac_3320.txt
3320	3321	hsm/b4c545a5_3321.txt
3321	3322	hsm/d5a5c042_3322.txt
3322	3323	hsm/e5c05ffd_3323.txt
3323	3324	hsm/cf9bf8b6_3324.txt
3324	3325	hsm/5fefb75f_3325.txt
3325	3326	hsm/5daff3ca_3326.txt
3326	3327	hsm/c9581a32_3327.txt
3327	3328	hsm/6686b860_3328.txt
3328	3329	hsm/8ca29cac_3329.txt
3329	3330	hsm/00a8ac68_3330.txt
3330	3331	hsm/e15ea3c0_3331.txt
3331	3332	hsm/e25adaf3_3332.txt
3332	3333	hsm/92b8a652_3333.txt
3333	3334	hsm/b60d8582_3334.txt
3334	3335	hsm/4ec43ac0_3335.txt
3335	3336	hsm/0b468795_3336.txt
3336	3337	hsm/c8974f78_3337.txt
3337	3338	hsm/af1683be_3338.txt
3338	3339	hsm/902c64c7_3339.txt
3339	3340	hsm/804b607a_3340.txt
3340	3341	hsm/b7057159_3341.txt
3341	3342	hsm/0b1abd57_3342.txt
3342	3343	hsm/b456248c_3343.txt
3343	3344	hsm/4d9411d6_3344.txt
3344	3345	hsm/408327a1_3345.txt
3345	3346	hsm/6c3cd5fe_3346.txt
3346	3347	hsm/4b500bd8_3347.txt
3347	3348	hsm/c566fa92_3348.txt
3348	3349	hsm/4ba08b1c_3349.txt
3349	3350	hsm/698aeb0c_3350.txt
3350	3351	hsm/49a2b9c9_3351.txt
3351	3352	hsm/049813f6_3352.txt
3352	3353	hsm/76571a13_3353.txt
3353	3354	hsm/b288fe48_3354.txt
3354	3355	hsm/0c4b4877_3355.txt
3355	3356	hsm/720b310f_3356.txt
3356	3357	hsm/e55f07cd_3357.txt
3357	3358	hsm/10f674e0_3358.txt
3358	3359	hsm/9902f233_3359.txt
3359	3360	hsm/d2762310_3360.txt
3360	3361	hsm/db4d04c3_3361.txt
3361	3362	hsm/f475a37a_3362.txt
3362	3363	hsm/c1593f9e_3363.txt
3363	3364	hsm/8b9af9f3_3364.txt
3364	3365	hsm/6ad9b7a8_3365.txt
3365	3366	hsm/50609fd4_3366.txt
3366	3367	hsm/4a40466c_3367.txt
3367	3368	hsm/79a27a7b_3368.txt
3368	3369	hsm/223f8207_3369.txt
3369	3370	hsm/00576810_3370.txt
3370	3371	hsm/b722d31e_3371.txt
3371	3372	hsm/fd1471a0_3372.txt
3372	3373	hsm/7c04456d_3373.txt
3373	3374	hsm/fa2bf365_3374.txt
3374	3375	hsm/ee634bf2_3375.txt
3375	3376	hsm/475831d1_3376.txt
3376	3377	hsm/e37a40ce_3377.txt
3377	3378	hsm/290b381c_3378.txt
3378	3379	hsm/57c6d8a7_3379.txt
3379	3380	hsm/a9ea9b86_3380.txt
3380	3381	hsm/38924c7c_3381.txt
3381	3382	hsm/cdd79c96_3382.txt
3382	3383	hsm/facae139_3383.txt
3383	3384	hsm/3702720d_3384.txt
3384	3385	hsm/d2228b67_3385.txt
3385	3386	hsm/fc2c0bb1_3386.txt
3386	3387	hsm/768e469a_3387.txt
3387	3388	hsm/9327b0ba_3388.txt
3388	3389	hsm/9bb7e835_3389.txt
3389	3390	hsm/06a28fa7_3390.txt
3390	3391	hsm/4cf804fa_3391.txt
3391	3392	hsm/7d6ee5af_3392.txt
3392	3393	hsm/ab1450ae_3393.txt
3393	3394	hsm/96e2d135_3394.txt
3394	3395	hsm/2ca05c2e_3395.txt
3395	3396	hsm/76740257_3396.txt
3396	3397	hsm/0f7825c5_3397.txt
3397	3398	hsm/1051db6e_3398.txt
3398	3399	hsm/c7f2c385_3399.txt
3399	3400	hsm/8b75540c_3400.txt
3400	3401	hsm/df926264_3401.txt
3401	3402	hsm/0fd014e0_3402.txt
3402	3403	hsm/7beaf9f4_3403.txt
3403	3404	hsm/f871cabb_3404.txt
3404	3405	hsm/9749aaca_3405.txt
3405	3406	hsm/811fbc5c_3406.txt
3406	3407	hsm/c3a641ea_3407.txt
3407	3408	hsm/29865022_3408.txt
3408	3409	hsm/4d77070f_3409.txt
3409	3410	hsm/e00a2718_3410.txt
3410	3411	hsm/ca412347_3411.txt
3411	3412	hsm/2002f0e0_3412.txt
3412	3413	hsm/e0bc734c_3413.txt
3413	3414	hsm/34d05a98_3414.txt
3414	3415	hsm/fbff2d4c_3415.txt
3415	3416	hsm/006edc4e_3416.txt
3416	3417	hsm/20bf7b0e_3417.txt
3417	3418	hsm/6716e657_3418.txt
3418	3419	hsm/a19c7d0a_3419.txt
3419	3420	hsm/e73fb264_3420.txt
3420	3421	hsm/5a62fc8e_3421.txt
3421	3422	hsm/7e79f63b_3422.txt
3422	3423	hsm/a91860e9_3423.txt
3423	3424	hsm/3f499c0f_3424.txt
3424	3425	hsm/a721b2f7_3425.txt
3425	3426	hsm/2391d2b7_3426.txt
3426	3427	hsm/89ac2106_3427.txt
3427	3428	hsm/713801c1_3428.txt
3428	3429	hsm/bc06f60f_3429.txt
3429	3430	hsm/05b110c8_3430.txt
3430	3431	hsm/b4c2cbea_3431.txt
3431	3432	hsm/ef7591a6_3432.txt
3432	3433	hsm/1c04815c_3433.txt
3433	3434	hsm/f604b2f9_3434.txt
3434	3435	hsm/513bf890_3435.txt
3435	3436	hsm/3c57c1a8_3436.txt
3436	3437	hsm/5fa4e70c_3437.txt
3437	3438	hsm/9a44f27d_3438.txt
3438	3439	hsm/61b2f1c9_3439.txt
3439	3440	hsm/7fcebed7_3440.txt
3440	3441	hsm/49e15c1a_3441.txt
3441	3442	hsm/809cd430_3442.txt
3442	3443	hsm/cc3e337a_3443.txt
3443	3444	hsm/b2f9f856_3444.txt
3444	3445	hsm/45bcae22_3445.txt
3445	3446	hsm/a75fec7a_3446.txt
3446	3447	hsm/97f8c6b4_3447.txt
3447	3448	hsm/d54ae9d8_3448.txt
3448	3449	hsm/21f8113e_3449.txt
3449	3450	hsm/ae80bb80_3450.txt
3450	3451	hsm/c8b0b0d9_3451.txt
3451	3452	hsm/a0b95547_3452.txt
3452	3453	hsm/88cb6ccd_3453.txt
3453	3454	hsm/3685cc33_3454.txt
3454	3455	hsm/63b27351_3455.txt
3455	3456	hsm/3452a9fe_3456.txt
3456	3457	hsm/a382aa7f_3457.txt
3457	3458	hsm/796942d3_3458.txt
3458	3459	hsm/0c3c3dcb_3459.txt
3459	3460	hsm/20dcea1a_3460.txt
3460	3461	hsm/625124c6_3461.txt
3461	3462	hsm/8d2b5b50_3462.txt
3462	3463	hsm/d231ac72_3463.txt
3463	3464	hsm/e3e3cded_3464.txt
3464	3465	hsm/a7f1b9b6_3465.txt
3465	3466	hsm/c0826bd3_3466.txt
3466	3467	hsm/5c6c5767_3467.txt
3467	3468	hsm/9e1d6b6b_3468.txt
3468	3469	hsm/1240e3ea_3469.txt
3469	3470	hsm/263c39b9_3470.txt
3470	3471	hsm/45c8acdb_3471.txt
3471	3472	hsm/5f3ffaa3_3472.txt
3472	3473	hsm/2e199429_3473.txt
3473	3474	hsm/f178ca3f_3474.txt
3474	3475	hsm/57514ccb_3475.txt
3475	3476	hsm/686dee74_3476.txt
3476	3477	hsm/11b70929_3477.txt
3477	3478	hsm/fb18f69c_3478.txt
3478	3479	hsm/d91d88d5_3479.txt
3479	3480	hsm/b5b13026_3480.txt
3480	3481	hsm/33b54b92_3481.txt
3481	3482	hsm/a378887c_3482.txt
3482	3483	hsm/71c28396_3483.txt
3483	3484	hsm/0d7f645e_3484.txt
3484	3485	hsm/31584f76_3485.txt
3485	3486	hsm/987b95d5_3486.txt
3486	3487	hsm/c2c9765a_3487.txt
3487	3488	hsm/b73b7e3a_3488.txt
3488	3489	hsm/b082e0b2_3489.txt
3489	3490	hsm/fc1efeed_3490.txt
3490	3491	hsm/b2774719_3491.txt
3491	3492	hsm/21efaac5_3492.txt
3492	3493	hsm/36050dd7_3493.txt
3493	3494	hsm/ddc3ed4b_3494.txt
3494	3495	hsm/1c33d52e_3495.txt
3495	3496	hsm/b34f480b_3496.txt
3496	3497	hsm/b10364de_3497.txt
3497	3498	hsm/20bc42cc_3498.txt
3498	3499	hsm/991d0472_3499.txt
3499	3500	hsm/3ce7763a_3500.txt
3500	3501	hsm/060d478a_3501.txt
3501	3502	hsm/a1b3bb24_3502.txt
3502	3503	hsm/c9ea9945_3503.txt
3503	3504	hsm/935584bc_3504.txt
3504	3505	hsm/17f64f37_3505.txt
3505	3506	hsm/36421282_3506.txt
3506	3507	hsm/fb264f4f_3507.txt
3507	3508	hsm/d11dd324_3508.txt
3508	3509	hsm/1db33a59_3509.txt
3509	3510	hsm/1d20cfc2_3510.txt
3510	3511	hsm/a977f1f1_3511.txt
3511	3512	hsm/1689de53_3512.txt
3512	3513	hsm/2bde05b8_3513.txt
3513	3514	hsm/46f596d6_3514.txt
3514	3515	hsm/3b20921a_3515.txt
3515	3516	hsm/634f246f_3516.txt
3516	3517	hsm/0ac89314_3517.txt
3517	3518	hsm/dea3c125_3518.txt
3518	3519	hsm/76a7b2a9_3519.txt
3519	3520	hsm/f69fefd8_3520.txt
3520	3521	hsm/ab9a556b_3521.txt
3521	3522	hsm/38130a64_3522.txt
3522	3523	hsm/0d892a2d_3523.txt
3523	3524	hsm/38e4a0f9_3524.txt
3524	3525	hsm/d8e8ce18_3525.txt
3525	3526	hsm/fbe6da09_3526.txt
3526	3527	hsm/f38a7f31_3527.txt
3527	3528	hsm/decc2eb7_3528.txt
3528	3529	hsm/faa5c37e_3529.txt
3529	3530	hsm/97a00987_3530.txt
3530	3531	hsm/24188ace_3531.txt
3531	3532	hsm/005875e8_3532.txt
3532	3533	hsm/d87ef15b_3533.txt
3533	3534	hsm/1d6944ab_3534.txt
3534	3535	hsm/5f53b17e_3535.txt
3535	3536	hsm/96fbc31f_3536.txt
3536	3537	hsm/467521f5_3537.txt
3537	3538	hsm/ac70c7f1_3538.txt
3538	3539	hsm/e7ee61d8_3539.txt
3539	3540	hsm/2559b0f0_3540.txt
3540	3541	hsm/e180199b_3541.txt
3541	3542	hsm/fd8ac640_3542.txt
3542	3543	hsm/0cad5e47_3543.txt
3543	3544	hsm/65eccdbd_3544.txt
3544	3545	hsm/dfc84558_3545.txt
3545	3546	hsm/5e1dbd6a_3546.txt
3546	3547	hsm/705cdcf1_3547.txt
3547	3548	hsm/7bf6554a_3548.txt
3548	3549	hsm/b009a63f_3549.txt
3549	3550	hsm/44289331_3550.txt
3550	3551	hsm/d2a9f808_3551.txt
3551	3552	hsm/0df171b7_3552.txt
3552	3553	hsm/94c7de19_3553.txt
3553	3554	hsm/c3db4724_3554.txt
3554	3555	hsm/48bd159f_3555.txt
3555	3556	hsm/b5b39bdc_3556.txt
3556	3557	hsm/61d4f267_3557.txt
3557	3558	hsm/9b767b99_3558.txt
3558	3559	hsm/e2c2fedc_3559.txt
3559	3560	hsm/631db200_3560.txt
3560	3561	hsm/f8c301ee_3561.txt
3561	3562	hsm/ebec9d11_3562.txt
3562	3563	hsm/6410bdd0_3563.txt
3563	3564	hsm/509ef7e7_3564.txt
3564	3565	hsm/10b3400d_3565.txt
3565	3566	hsm/7332ff14_3566.txt
3566	3567	hsm/02bb5701_3567.txt
3567	3568	hsm/fd70bc72_3568.txt
3568	3569	hsm/d8912a96_3569.txt
3569	3570	hsm/31c1c823_3570.txt
3570	3571	hsm/9de76d20_3571.txt
3571	3572	hsm/1c5d456b_3572.txt
3572	3573	hsm/56e9f7cf_3573.txt
3573	3574	hsm/d900b819_3574.txt
3574	3575	hsm/4d4ff251_3575.txt
3575	3576	hsm/8dbb6129_3576.txt
3576	3577	hsm/159ff0a1_3577.txt
3577	3578	hsm/1910f496_3578.txt
3578	3579	hsm/197ee8e7_3579.txt
3579	3580	hsm/e684d52a_3580.txt
3580	3581	hsm/02774a12_3581.txt
3581	3582	hsm/8c7e72a7_3582.txt
3582	3583	hsm/357b3eea_3583.txt
3583	3584	hsm/a72a375d_3584.txt
3584	3585	hsm/08d3b389_3585.txt
3585	3586	hsm/e3fd5ef9_3586.txt
3586	3587	hsm/f2cafc7a_3587.txt
3587	3588	hsm/28739373_3588.txt
3588	3589	hsm/e3d2ce55_3589.txt
3589	3590	hsm/46755a19_3590.txt
3590	3591	hsm/9e7f9333_3591.txt
3591	3592	hsm/0d11f1da_3592.txt
3592	3593	hsm/9aa2bb35_3593.txt
3593	3594	hsm/cce44268_3594.txt
3594	3595	hsm/ae8422fa_3595.txt
3595	3596	hsm/3b951550_3596.txt
3596	3597	hsm/4345d6f2_3597.txt
3597	3598	hsm/bd84601b_3598.txt
3598	3599	hsm/4768238c_3599.txt
3599	3600	hsm/3a1f06ab_3600.txt
3600	3601	hsm/e684d52a_3601.txt
3601	3602	hsm/5dacbcbe_3602.txt
3602	3603	hsm/e30aa011_3603.txt
3603	3604	hsm/c5e0b119_3604.txt
3604	3605	hsm/254187dc_3605.txt
3605	3606	hsm/b3b8a254_3606.txt
3606	3607	hsm/9e9595ea_3607.txt
3607	3608	hsm/407dbf3d_3608.txt
3608	3609	hsm/37028c57_3609.txt
3609	3610	hsm/60f2d014_3610.txt
3610	3611	hsm/277f7f5f_3611.txt
3611	3612	hsm/52673742_3612.txt
3612	3613	hsm/46c1807f_3613.txt
3613	3614	hsm/0064056e_3614.txt
3614	3615	hsm/13f375ee_3615.txt
3615	3616	hsm/a5215575_3616.txt
3616	3617	hsm/55e92caf_3617.txt
3617	3618	hsm/c42e4fb3_3618.txt
3618	3619	hsm/c23cff48_3619.txt
3619	3620	hsm/bbd4b9eb_3620.txt
3620	3621	hsm/4c0a5b99_3621.txt
3621	3622	hsm/b336746d_3622.txt
3622	3623	hsm/42bd0ad2_3623.txt
3623	3624	hsm/6ce63ae7_3624.txt
3624	3625	hsm/c41f5106_3625.txt
3625	3626	hsm/85a6c9b9_3626.txt
3626	3627	hsm/32db8193_3627.txt
3627	3628	hsm/d5c910d0_3628.txt
3628	3629	hsm/a6710805_3629.txt
3629	3630	hsm/205e161d_3630.txt
3630	3631	hsm/eed19588_3631.txt
3631	3632	hsm/4ab3402f_3632.txt
3632	3633	hsm/674f8844_3633.txt
3633	3634	hsm/0809ce54_3634.txt
3634	3635	hsm/96944a29_3635.txt
3635	3636	hsm/743d1a9b_3636.txt
3636	3637	hsm/16101196_3637.txt
3637	3638	hsm/c43bca01_3638.txt
3638	3639	hsm/fd0429ce_3639.txt
3639	3640	hsm/320dd772_3640.txt
3640	3641	hsm/a56bb6f6_3641.txt
3641	3642	hsm/25b98e29_3642.txt
3642	3643	hsm/583d5395_3643.txt
3643	3644	hsm/4b28a958_3644.txt
3644	3645	hsm/e8ee7d0c_3645.txt
3645	3646	hsm/82e193e0_3646.txt
3646	3647	hsm/1b0815d6_3647.txt
3647	3648	hsm/56562774_3648.txt
3648	3649	hsm/42947386_3649.txt
3649	3650	hsm/3256ea64_3650.txt
3650	3651	hsm/08594f1a_3651.txt
3651	3652	hsm/b794b19d_3652.txt
3652	3653	hsm/4bdcb46a_3653.txt
3653	3654	hsm/7840fdb1_3654.txt
3654	3655	hsm/90d85f57_3655.txt
3655	3656	hsm/28daaf33_3656.txt
3656	3657	hsm/c7b7e6ba_3657.txt
3657	3658	hsm/c554ffdf_3658.txt
3658	3659	hsm/a4e1fd59_3659.txt
3659	3660	hsm/94fc3576_3660.txt
3660	3661	hsm/cc2ad996_3661.txt
3661	3662	hsm/22cdd5da_3662.txt
3662	3663	hsm/0203694c_3663.txt
3663	3664	hsm/41998560_3664.txt
3664	3665	hsm/9fc25a06_3665.txt
3665	3666	hsm/5b0caedc_3666.txt
3666	3667	hsm/926b428b_3667.txt
3667	3668	hsm/a2df4a60_3668.txt
3668	3669	hsm/17ee37e2_3669.txt
3669	3670	hsm/9f8d3096_3670.txt
3670	3671	hsm/2dddb755_3671.txt
3671	3672	hsm/c9d5448e_3672.txt
3672	3673	hsm/ea60b972_3673.txt
3673	3674	hsm/eb503e5a_3674.txt
3674	3675	hsm/d79eba81_3675.txt
3675	3676	hsm/20eaffa3_3676.txt
3676	3677	hsm/842dd764_3677.txt
3677	3678	hsm/be914f69_3678.txt
3678	3679	hsm/01a062c6_3679.txt
3679	3680	hsm/22533822_3680.txt
3680	3681	hsm/4f834c75_3681.txt
3681	3682	hsm/75f60d0f_3682.txt
3682	3683	hsm/fffc493c_3683.txt
3683	3684	hsm/bf927046_3684.txt
3684	3685	hsm/9b310fc5_3685.txt
3685	3686	hsm/df4464de_3686.txt
3686	3687	hsm/37421103_3687.txt
3687	3688	hsm/6c6a7ffe_3688.txt
3688	3689	hsm/91a2062e_3689.txt
3689	3690	hsm/96d9546e_3690.txt
3690	3691	hsm/aa351bcb_3691.txt
3691	3692	hsm/393e085d_3692.txt
3692	3693	hsm/3af61442_3693.txt
3693	3694	hsm/277f5700_3694.txt
3694	3695	hsm/bc1a4375_3695.txt
3695	3696	hsm/00bb6155_3696.txt
3696	3697	hsm/55f40428_3697.txt
3697	3698	hsm/c9c92a2d_3698.txt
3698	3699	hsm/59b49213_3699.txt
3699	3700	hsm/76779733_3700.txt
3700	3701	hsm/973e1683_3701.txt
3701	3702	hsm/7bca2898_3702.txt
3702	3703	hsm/f4aeb2d8_3703.txt
3703	3704	hsm/739c5409_3704.txt
3704	3705	hsm/0659b151_3705.txt
3705	3706	hsm/962b3c7c_3706.txt
3706	3707	hsm/ec045feb_3707.txt
3707	3708	hsm/adbfd426_3708.txt
3708	3709	hsm/008866d1_3709.txt
3709	3710	hsm/fb2787d9_3710.txt
3710	3711	hsm/27ce5374_3711.txt
3711	3712	hsm/645410d1_3712.txt
3712	3713	hsm/7bc7b633_3713.txt
3713	3714	hsm/9d8c5b91_3714.txt
3714	3715	hsm/12884b2d_3715.txt
3715	3716	hsm/d0c08a77_3716.txt
3716	3717	hsm/d51d3fc6_3717.txt
3717	3718	hsm/3e79ae59_3718.txt
3718	3719	hsm/26d6202e_3719.txt
3719	3720	hsm/697eb122_3720.txt
3720	3721	hsm/6b3ba8e2_3721.txt
3721	3722	hsm/314a865d_3722.txt
3722	3723	hsm/5a03fe4a_3723.txt
3723	3724	hsm/f29d39cc_3724.txt
3724	3725	hsm/7d64abb8_3725.txt
3725	3726	hsm/62e3a736_3726.txt
3726	3727	hsm/4a1c8840_3727.txt
3727	3728	hsm/d05df1bf_3728.txt
3728	3729	hsm/15382a55_3729.txt
3729	3730	hsm/ceec3b81_3730.txt
3730	3731	hsm/fd440059_3731.txt
3731	3732	hsm/56447e4a_3732.txt
3732	3733	hsm/12845471_3733.txt
3733	3734	hsm/a70bcaea_3734.txt
3734	3735	hsm/5e36afc9_3735.txt
3735	3736	hsm/863e010c_3736.txt
3736	3737	hsm/9388eb39_3737.txt
3737	3738	hsm/34374816_3738.txt
3738	3739	hsm/2d1eed10_3739.txt
3739	3740	hsm/b8b73cee_3740.txt
3740	3741	hsm/12578c68_3741.txt
3741	3742	hsm/623064b8_3742.txt
3742	3743	hsm/9cecf3ec_3743.txt
3743	3744	hsm/75bb3129_3744.txt
3744	3745	hsm/523bd4a4_3745.txt
3745	3746	hsm/80f9e14d_3746.txt
3746	3747	hsm/8bee6642_3747.txt
3747	3748	hsm/f01f7792_3748.txt
3748	3749	hsm/1dafbd3a_3749.txt
3749	3750	hsm/7ccc8b41_3750.txt
3750	3751	hsm/52f7dbee_3751.txt
3751	3752	hsm/14a20060_3752.txt
3752	3753	hsm/2add7f7a_3753.txt
3753	3754	hsm/7a8e0e43_3754.txt
3754	3755	hsm/9d49f953_3755.txt
3755	3756	hsm/bab4d817_3756.txt
3756	3757	hsm/1b28df38_3757.txt
3757	3758	hsm/4ac9b70d_3758.txt
3758	3759	hsm/480d871f_3759.txt
3759	3760	hsm/36a0f53d_3760.txt
3760	3761	hsm/3c042b40_3761.txt
3761	3762	hsm/84268916_3762.txt
3762	3763	hsm/8290e262_3763.txt
3763	3764	hsm/a895523f_3764.txt
3764	3765	hsm/a0e47976_3765.txt
3765	3766	hsm/0b7c2475_3766.txt
3766	3767	hsm/c35b36a8_3767.txt
3767	3768	hsm/cd31a83f_3768.txt
3768	3769	hsm/0a7e931a_3769.txt
3769	3770	hsm/e04eee62_3770.txt
3770	3771	hsm/61008693_3771.txt
3771	3772	hsm/4ec43ac0_3772.txt
3772	3773	hsm/4579cda4_3773.txt
3773	3774	hsm/09371157_3774.txt
3774	3775	hsm/c40eca11_3775.txt
3775	3776	hsm/ce26917d_3776.txt
3776	3777	hsm/57a58755_3777.txt
3777	3778	hsm/3333938d_3778.txt
3778	3779	hsm/3621ec69_3779.txt
3779	3780	hsm/11a201ab_3780.txt
3780	3781	hsm/8e845b23_3781.txt
3781	3782	hsm/56491ac1_3782.txt
3782	3783	hsm/6ad3cf3f_3783.txt
3783	3784	hsm/96a7f140_3784.txt
3784	3785	hsm/0f38a705_3785.txt
3785	3786	hsm/695761d3_3786.txt
3786	3787	hsm/6b85aa3d_3787.txt
3787	3788	hsm/9b2c3849_3788.txt
3788	3789	hsm/2effb13b_3789.txt
3789	3790	hsm/0495e182_3790.txt
3790	3791	hsm/0535f726_3791.txt
3791	3792	hsm/49ee8f67_3792.txt
3792	3793	hsm/d2df06a9_3793.txt
3793	3794	hsm/a286faf0_3794.txt
3794	3795	hsm/70d104ef_3795.txt
3795	3796	hsm/e7d42850_3796.txt
3796	3797	hsm/d167b02f_3797.txt
3797	3798	hsm/78dcf79a_3798.txt
3798	3799	hsm/f885dc94_3799.txt
3799	3800	hsm/899ce4ae_3800.txt
3800	3801	hsm/93e767df_3801.txt
3801	3802	hsm/8f3709e7_3802.txt
3802	3803	hsm/e857c8f3_3803.txt
3803	3804	hsm/cc8753fb_3804.txt
3804	3805	hsm/3155fc31_3805.txt
3805	3806	hsm/26d06a46_3806.txt
3806	3807	hsm/7250024e_3807.txt
3807	3808	hsm/3335a684_3808.txt
3808	3809	hsm/8fde0433_3809.txt
3809	3810	hsm/3851e1b9_3810.txt
3810	3811	hsm/333301bf_3811.txt
3811	3812	hsm/c735f68a_3812.txt
3812	3813	hsm/de78afee_3813.txt
3813	3814	hsm/8af93d41_3814.txt
3814	3815	hsm/68ffe4c0_3815.txt
3815	3816	hsm/66daeadf_3816.txt
3816	3817	hsm/1638bfd5_3817.txt
3817	3818	hsm/67d152c3_3818.txt
3818	3819	hsm/501104a2_3819.txt
3819	3820	hsm/34e43c1d_3820.txt
3820	3821	hsm/63c42c54_3821.txt
3821	3822	hsm/a23466d4_3822.txt
3822	3823	hsm/82450ff3_3823.txt
3823	3824	hsm/d17022a5_3824.txt
3824	3825	hsm/2a17d0a4_3825.txt
3825	3826	hsm/38f49ae0_3826.txt
3826	3827	hsm/144aafb7_3827.txt
3827	3828	hsm/cd289e8a_3828.txt
3828	3829	hsm/907bd077_3829.txt
3829	3830	hsm/6db0c94e_3830.txt
3830	3831	hsm/f3d4db92_3831.txt
3831	3832	hsm/e09e8998_3832.txt
3832	3833	hsm/9048244b_3833.txt
3833	3834	hsm/869a4574_3834.txt
3834	3835	hsm/3e0a626d_3835.txt
3835	3836	hsm/d23fed05_3836.txt
3836	3837	hsm/3497b06a_3837.txt
3837	3838	hsm/beffc691_3838.txt
3838	3839	hsm/795851e9_3839.txt
3839	3840	hsm/1735b030_3840.txt
3840	3841	hsm/b1cb1469_3841.txt
3841	3842	hsm/26e79189_3842.txt
3842	3843	hsm/c91c9bf1_3843.txt
3843	3844	hsm/92a306c9_3844.txt
3844	3845	hsm/9f632abe_3845.txt
3845	3846	hsm/0b6d87cc_3846.txt
3846	3847	hsm/0cc9c73d_3847.txt
3847	3848	hsm/9230149e_3848.txt
3848	3849	hsm/224c6991_3849.txt
3849	3850	hsm/f62d14b5_3850.txt
3850	3851	hsm/afc397cf_3851.txt
3851	3852	hsm/790ba683_3852.txt
3852	3853	hsm/4de2658b_3853.txt
3853	3854	hsm/74f40a59_3854.txt
3854	3855	hsm/bc21db0c_3855.txt
3855	3856	hsm/aed280ed_3856.txt
3856	3857	hsm/0dc80841_3857.txt
3857	3858	hsm/87f6ffbd_3858.txt
3858	3859	hsm/267e874d_3859.txt
3859	3860	hsm/2d8fc30c_3860.txt
3860	3861	hsm/7aa871e1_3861.txt
3861	3862	hsm/ab808aea_3862.txt
3862	3863	hsm/cd7f72f7_3863.txt
3863	3864	hsm/5133bd68_3864.txt
3864	3865	hsm/3afd53a6_3865.txt
3865	3866	hsm/2f8ea054_3866.txt
3866	3867	hsm/d82cf10a_3867.txt
3867	3868	hsm/0447098f_3868.txt
3868	3869	hsm/80af85b4_3869.txt
3869	3870	hsm/7835734a_3870.txt
3870	3871	hsm/0ad6ee36_3871.txt
3871	3872	hsm/f93fee74_3872.txt
3872	3873	hsm/da0f3f09_3873.txt
3873	3874	hsm/e0104dc7_3874.txt
3874	3875	hsm/adb10cf9_3875.txt
3875	3876	hsm/e242e583_3876.txt
3876	3877	hsm/f87102a2_3877.txt
3877	3878	hsm/27a731e8_3878.txt
3878	3879	hsm/cbef8c78_3879.txt
3879	3880	hsm/423b6b92_3880.txt
3880	3881	hsm/f3208abd_3881.txt
3881	3882	hsm/1f8cff70_3882.txt
3882	3883	hsm/976ee9bd_3883.txt
3883	3884	hsm/fa831d0d_3884.txt
3884	3885	hsm/2b5be902_3885.txt
3885	3886	hsm/5b5cdc26_3886.txt
3886	3887	hsm/a32c61b5_3887.txt
3887	3888	hsm/ff8125f1_3888.txt
3888	3889	hsm/bebc964d_3889.txt
3889	3890	hsm/b2a09719_3890.txt
3890	3891	hsm/3033ed47_3891.txt
3891	3892	hsm/961af1e3_3892.txt
3892	3893	hsm/67804634_3893.txt
3893	3894	hsm/a166c8d7_3894.txt
3894	3895	hsm/a34913f6_3895.txt
3895	3896	hsm/cf9fe973_3896.txt
3896	3897	hsm/832bd499_3897.txt
3897	3898	hsm/a02cb523_3898.txt
3898	3899	hsm/571388aa_3899.txt
3899	3900	hsm/1ab01c0a_3900.txt
3900	3901	hsm/4d22175d_3901.txt
3901	3902	hsm/d0ee3e78_3902.txt
3902	3903	hsm/67b145ff_3903.txt
3903	3904	hsm/99e1470d_3904.txt
3904	3905	hsm/33c9955e_3905.txt
3905	3906	hsm/2a8bc462_3906.txt
3906	3907	hsm/02f15386_3907.txt
3907	3908	hsm/013255eb_3908.txt
3908	3909	hsm/c23cff48_3909.txt
3909	3910	hsm/2cc02c00_3910.txt
3910	3911	hsm/a7ceee55_3911.txt
3911	3912	hsm/809b1e16_3912.txt
3912	3913	hsm/cb48dcc4_3913.txt
3913	3914	hsm/b8bf82b3_3914.txt
3914	3915	hsm/17a2f418_3915.txt
3915	3916	hsm/77ba0a28_3916.txt
3916	3917	hsm/0352bbc5_3917.txt
3917	3918	hsm/83db55fa_3918.txt
3918	3919	hsm/3140c8c3_3919.txt
3919	3920	hsm/65d4a2e2_3920.txt
3920	3921	hsm/326fdb9b_3921.txt
3921	3922	hsm/2ee8d73d_3922.txt
3922	3923	hsm/4b578318_3923.txt
3923	3924	hsm/5af6637f_3924.txt
3924	3925	hsm/72b372f4_3925.txt
3925	3926	hsm/cef92e2f_3926.txt
3926	3927	hsm/d7597f31_3927.txt
3927	3928	hsm/89ad2f54_3928.txt
3928	3929	hsm/826e3c94_3929.txt
3929	3930	hsm/8d264c8e_3930.txt
3930	3931	hsm/c5fb00cc_3931.txt
3931	3932	hsm/1665c208_3932.txt
3932	3933	hsm/7f8543aa_3933.txt
3933	3934	hsm/0ac32e7a_3934.txt
3934	3935	hsm/55dfec4a_3935.txt
3935	3936	hsm/ffc6f80c_3936.txt
3936	3937	hsm/ea8a0021_3937.txt
3937	3938	hsm/42f796dd_3938.txt
3938	3939	hsm/f4eae5b4_3939.txt
3939	3940	hsm/eb2abd47_3940.txt
3940	3941	hsm/ae84e528_3941.txt
3941	3942	hsm/4fb4b555_3942.txt
3942	3943	hsm/1fd9a473_3943.txt
3943	3944	hsm/76caf745_3944.txt
3944	3945	hsm/2991b763_3945.txt
3945	3946	hsm/c96954d6_3946.txt
3946	3947	hsm/a388671f_3947.txt
3947	3948	hsm/8e9bb13d_3948.txt
3948	3949	hsm/c37c7ff9_3949.txt
3949	3950	hsm/838b5847_3950.txt
3950	3951	hsm/8ff3c40d_3951.txt
3951	3952	hsm/46dc9c15_3952.txt
3952	3953	hsm/ab358cda_3953.txt
3953	3954	hsm/2b8b629f_3954.txt
3954	3955	hsm/65433a2c_3955.txt
3955	3956	hsm/684714bb_3956.txt
3956	3957	hsm/a689c881_3957.txt
3957	3958	hsm/b509e224_3958.txt
3958	3959	hsm/ebff7e87_3959.txt
3959	3960	hsm/8ee59fd4_3960.txt
3960	3961	hsm/b088fe75_3961.txt
3961	3962	hsm/50af17f0_3962.txt
3962	3963	hsm/f59f31b5_3963.txt
3963	3964	hsm/8c8be96a_3964.txt
3964	3965	hsm/cb51c8b7_3965.txt
3965	3966	hsm/fe680c8a_3966.txt
3966	3967	hsm/9fc99ad8_3967.txt
3967	3968	hsm/dadc4354_3968.txt
3968	3969	hsm/8e5d1422_3969.txt
3969	3970	hsm/4e469506_3970.txt
3970	3971	hsm/86c035f1_3971.txt
3971	3972	hsm/c86e39cf_3972.txt
3972	3973	hsm/72155b65_3973.txt
3973	3974	hsm/94c9028d_3974.txt
3974	3975	hsm/ee7019df_3975.txt
3975	3976	hsm/17c9dcb6_3976.txt
3976	3977	hsm/5c23e76b_3977.txt
3977	3978	hsm/53c69b9b_3978.txt
3978	3979	hsm/1896f690_3979.txt
3979	3980	hsm/76f48ddb_3980.txt
3980	3981	hsm/4748bca7_3981.txt
3981	3982	hsm/c42be169_3982.txt
3982	3983	hsm/2dcdbd68_3983.txt
3983	3984	hsm/731f76f3_3984.txt
3984	3985	hsm/b7efbc02_3985.txt
3985	3986	hsm/444ca3eb_3986.txt
3986	3987	hsm/8eb15bee_3987.txt
3987	3988	hsm/84af7b48_3988.txt
3988	3989	hsm/f9955682_3989.txt
3989	3990	hsm/569bfb88_3990.txt
3990	3991	hsm/ccd22cc8_3991.txt
3991	3992	hsm/70f2fb39_3992.txt
3992	3993	hsm/65909d55_3993.txt
3993	3994	hsm/d7f00288_3994.txt
3994	3995	hsm/86fd8702_3995.txt
3995	3996	hsm/548c0dcf_3996.txt
3996	3997	hsm/688858c2_3997.txt
3997	3998	hsm/bd69e54c_3998.txt
3998	3999	hsm/42f62f82_3999.txt
3999	4000	hsm/5918b651_4000.txt
4000	4001	hsm/dc9833cd_4001.txt
4001	4002	hsm/caf9847f_4002.txt
4002	4003	hsm/881e9d67_4003.txt
4003	4004	hsm/23aea58f_4004.txt
4004	4005	hsm/96644940_4005.txt
4005	4006	hsm/b05d7586_4006.txt
4006	4007	hsm/e684d52a_4007.txt
4007	4008	hsm/279f2262_4008.txt
4008	4009	hsm/ffcbc3a8_4009.txt
4009	4010	hsm/d9d259d3_4010.txt
4010	4011	hsm/e3122af1_4011.txt
4011	4012	hsm/0eddd647_4012.txt
4012	4013	hsm/95a5baef_4013.txt
4013	4014	hsm/a4d56140_4014.txt
4014	4015	hsm/beb98b4f_4015.txt
4015	4016	hsm/8b8bac67_4016.txt
4016	4017	hsm/f5e7f405_4017.txt
4017	4018	hsm/4f83e331_4018.txt
4018	4019	hsm/46b8a831_4019.txt
4019	4020	hsm/f342575a_4020.txt
4020	4021	hsm/59e96ad6_4021.txt
4021	4022	hsm/9a30e2ec_4022.txt
4022	4023	hsm/acb67e5f_4023.txt
4023	4024	hsm/d00a5f97_4024.txt
4024	4025	hsm/adde832c_4025.txt
4025	4026	hsm/67175cf8_4026.txt
4026	4027	hsm/97311a5c_4027.txt
4027	4028	hsm/26368c3a_4028.txt
4028	4029	hsm/d57ebdbf_4029.txt
4029	4030	hsm/1109616b_4030.txt
4030	4031	hsm/bf8ef8b1_4031.txt
4031	4032	hsm/341982e0_4032.txt
4032	4033	hsm/50ebca5e_4033.txt
4033	4034	hsm/78160145_4034.txt
4034	4035	hsm/b42eb1ff_4035.txt
4035	4036	hsm/a6c28daf_4036.txt
4036	4037	hsm/1b8b5da9_4037.txt
4037	4038	hsm/f6e70abe_4038.txt
4038	4039	hsm/11c512c4_4039.txt
4039	4040	hsm/7a14741e_4040.txt
4040	4041	hsm/30b87f6f_4041.txt
4041	4042	hsm/6a3280ef_4042.txt
4042	4043	hsm/8ee1129d_4043.txt
4043	4044	hsm/2108bc06_4044.txt
4044	4045	hsm/42b3bf2a_4045.txt
4045	4046	hsm/2b390679_4046.txt
4046	4047	hsm/dcb0ecfc_4047.txt
4047	4048	hsm/637a9d67_4048.txt
4048	4049	hsm/8ebe2209_4049.txt
4049	4050	hsm/cf88c0c0_4050.txt
4050	4051	hsm/80798062_4051.txt
4051	4052	hsm/c1e44cb8_4052.txt
4052	4053	hsm/d77072e3_4053.txt
4053	4054	hsm/222dc4fa_4054.txt
4054	4055	hsm/ba369cc8_4055.txt
4055	4056	hsm/75e5307e_4056.txt
4056	4057	hsm/5ebb1fdc_4057.txt
4057	4058	hsm/e358aa86_4058.txt
4058	4059	hsm/b323c083_4059.txt
4059	4060	hsm/88ee84c8_4060.txt
4060	4061	hsm/ef4b8318_4061.txt
4061	4062	hsm/6e98be3b_4062.txt
4062	4063	hsm/3f58dcda_4063.txt
4063	4064	hsm/6815a6e7_4064.txt
4064	4065	hsm/1acab459_4065.txt
4065	4066	hsm/eb51e2c0_4066.txt
4066	4067	hsm/15367ecb_4067.txt
4067	4068	hsm/c97f1319_4068.txt
4068	4069	hsm/855875ff_4069.txt
4069	4070	hsm/ad8ed549_4070.txt
4070	4071	hsm/1dcafb97_4071.txt
4071	4072	hsm/5f02a38a_4072.txt
4072	4073	hsm/35f57fef_4073.txt
4073	4074	hsm/37a16d67_4074.txt
4074	4075	hsm/052095d2_4075.txt
4075	4076	hsm/142068e6_4076.txt
4076	4077	hsm/38fdfcc5_4077.txt
4077	4078	hsm/77d85a5f_4078.txt
4078	4079	hsm/da66be5f_4079.txt
4079	4080	hsm/0c7cd2b5_4080.txt
4080	4081	hsm/c45f9b60_4081.txt
4081	4082	hsm/696bdbd9_4082.txt
4082	4083	hsm/16905210_4083.txt
4083	4084	hsm/b11cc7d6_4084.txt
4084	4085	hsm/00f0aae9_4085.txt
4085	4086	hsm/8f25408d_4086.txt
4086	4087	hsm/de829a42_4087.txt
4087	4088	hsm/1ca6cab5_4088.txt
4088	4089	hsm/e4255490_4089.txt
4089	4090	hsm/b1da30e5_4090.txt
4090	4091	hsm/680eeb73_4091.txt
4091	4092	hsm/f686567a_4092.txt
4092	4093	hsm/e3c2bbe5_4093.txt
4093	4094	hsm/16449a30_4094.txt
4094	4095	hsm/a7b1a29b_4095.txt
4095	4096	hsm/978f74a8_4096.txt
4096	4097	hsm/17637607_4097.txt
4097	4098	hsm/884eb4a1_4098.txt
4098	4099	hsm/be3398a2_4099.txt
4099	4100	hsm/e07d89f3_4100.txt
4100	4101	hsm/5f4384b7_4101.txt
4101	4102	hsm/400367a4_4102.txt
4102	4103	hsm/1fabc1df_4103.txt
4103	4104	hsm/f3208abd_4104.txt
4104	4105	hsm/1f8cff70_4105.txt
4105	4106	hsm/80527490_4106.txt
4106	4107	hsm/e4b05154_4107.txt
4107	4108	hsm/4e147056_4108.txt
4108	4109	hsm/5a8c3e06_4109.txt
4109	4110	hsm/369c0e1c_4110.txt
4110	4111	hsm/49e7b7c2_4111.txt
4111	4112	hsm/9100e310_4112.txt
4112	4113	hsm/256c16fb_4113.txt
4113	4114	hsm/006ed079_4114.txt
4114	4115	hsm/8e08600c_4115.txt
4115	4116	hsm/91e2b540_4116.txt
4116	4117	hsm/462a009b_4117.txt
4117	4118	hsm/161d02b0_4118.txt
4118	4119	hsm/58109e1f_4119.txt
4119	4120	hsm/84b41bb1_4120.txt
4120	4121	hsm/dc558ec6_4121.txt
4121	4122	hsm/b9c8a2c2_4122.txt
4122	4123	hsm/71db16dc_4123.txt
4123	4124	hsm/ed6ce856_4124.txt
4124	4125	hsm/cadf7714_4125.txt
4125	4126	hsm/79ca0eda_4126.txt
4126	4127	hsm/dccbfd44_4127.txt
4127	4128	hsm/7bde43fb_4128.txt
4128	4129	hsm/1a7c9147_4129.txt
4129	4130	hsm/3e81bf13_4130.txt
4130	4131	hsm/d1786925_4131.txt
4131	4132	hsm/3a31a96a_4132.txt
4132	4133	hsm/3bc42ac9_4133.txt
4133	4134	hsm/ba25748e_4134.txt
4134	4135	hsm/175151b8_4135.txt
4135	4136	hsm/7c6c14f9_4136.txt
4136	4137	hsm/41edb011_4137.txt
4137	4138	hsm/98c000ee_4138.txt
4138	4139	hsm/2ba5ebbd_4139.txt
4139	4140	hsm/8a74ee71_4140.txt
4140	4141	hsm/6e77bafd_4141.txt
4141	4142	hsm/188b7e2b_4142.txt
4142	4143	hsm/33a28886_4143.txt
4143	4144	hsm/e12ec3fb_4144.txt
4144	4145	hsm/3a8433f4_4145.txt
4145	4146	hsm/019f5697_4146.txt
4146	4147	hsm/19de5bac_4147.txt
4147	4148	hsm/deba4975_4148.txt
4148	4149	hsm/05ceef14_4149.txt
4149	4150	hsm/3d9f75d6_4150.txt
4150	4151	hsm/2b66a79e_4151.txt
4151	4152	hsm/d72098de_4152.txt
4152	4153	hsm/27b38a92_4153.txt
4153	4154	hsm/abd44a4e_4154.txt
4154	4155	hsm/68dc5a25_4155.txt
4155	4156	hsm/9db83085_4156.txt
4156	4157	hsm/7a03d832_4157.txt
4157	4158	hsm/9b646440_4158.txt
4158	4159	hsm/e6026ab0_4159.txt
4159	4160	hsm/29f21a13_4160.txt
4160	4161	hsm/6f819aec_4161.txt
4161	4162	hsm/fd39d7b4_4162.txt
4162	4163	hsm/fd239d69_4163.txt
4163	4164	hsm/9d1ad27d_4164.txt
4164	4165	hsm/4bfe7608_4165.txt
4165	4166	hsm/dd459044_4166.txt
4166	4167	hsm/a0ec98c4_4167.txt
4167	4168	hsm/396e4dec_4168.txt
4168	4169	hsm/73f6bc89_4169.txt
4169	4170	hsm/0ff3b67f_4170.txt
4170	4171	hsm/2cc54639_4171.txt
4171	4172	hsm/f8baf969_4172.txt
4172	4173	hsm/dda06dea_4173.txt
4173	4174	hsm/35b8a62f_4174.txt
4174	4175	hsm/a454a17f_4175.txt
4175	4176	hsm/65235b73_4176.txt
4176	4177	hsm/d02ddcb5_4177.txt
4177	4178	hsm/6dcaaf89_4178.txt
4178	4179	hsm/4f9c6baf_4179.txt
4179	4180	hsm/e241aa19_4180.txt
4180	4181	hsm/47bee0aa_4181.txt
4181	4182	hsm/80f464e6_4182.txt
4182	4183	hsm/65c9ff5c_4183.txt
4183	4184	hsm/488cc484_4184.txt
4184	4185	hsm/1b67bf59_4185.txt
4185	4186	hsm/b0856c6a_4186.txt
4186	4187	hsm/bb3e3ac3_4187.txt
4187	4188	hsm/4e7ac817_4188.txt
4188	4189	hsm/1f48b342_4189.txt
4189	4190	hsm/5c390806_4190.txt
4190	4191	hsm/ace3bc07_4191.txt
4191	4192	hsm/6dff7e0a_4192.txt
4192	4193	hsm/7cd565ab_4193.txt
4193	4194	hsm/0ada7dcc_4194.txt
4194	4195	hsm/89b09fa6_4195.txt
4195	4196	hsm/f4c22789_4196.txt
4196	4197	hsm/4e70b81f_4197.txt
4197	4198	hsm/e3af0d5b_4198.txt
4198	4199	hsm/d048c6d2_4199.txt
4199	4200	hsm/585b4ea1_4200.txt
4200	4201	hsm/955fe024_4201.txt
4201	4202	hsm/de43bcf9_4202.txt
4202	4203	hsm/41ff159e_4203.txt
4203	4204	hsm/5e8c3e7f_4204.txt
4204	4205	hsm/081dd61e_4205.txt
4205	4206	hsm/f5fbdfbb_4206.txt
4206	4207	hsm/db435616_4207.txt
4207	4208	hsm/c0b2dba6_4208.txt
4208	4209	hsm/6c02d27c_4209.txt
4209	4210	hsm/ed5b72ff_4210.txt
4210	4211	hsm/e43ef9a1_4211.txt
4211	4212	hsm/e26c6bb0_4212.txt
4212	4213	hsm/7ad9f9ad_4213.txt
4213	4214	hsm/5b133d51_4214.txt
4214	4215	hsm/76571a13_4215.txt
4215	4216	hsm/9a348083_4216.txt
4216	4217	hsm/ef06949d_4217.txt
4217	4218	hsm/006bd762_4218.txt
4218	4219	hsm/594e0757_4219.txt
4219	4220	hsm/f082beb2_4220.txt
4220	4221	hsm/ba8afbea_4221.txt
4221	4222	hsm/2312666f_4222.txt
4222	4223	hsm/f389b84e_4223.txt
4223	4224	hsm/783c0b75_4224.txt
4224	4225	hsm/4901aff9_4225.txt
4225	4226	hsm/e45f1936_4226.txt
4226	4227	hsm/c667ca15_4227.txt
4227	4228	hsm/6821309f_4228.txt
4228	4229	hsm/3d8632be_4229.txt
4229	4230	hsm/87d99aea_4230.txt
4230	4231	hsm/d4cd07a0_4231.txt
4231	4232	hsm/9d89ed30_4232.txt
4232	4233	hsm/d09cc89f_4233.txt
4233	4234	hsm/f17b1574_4234.txt
4234	4235	hsm/ab8d80e4_4235.txt
4235	4236	hsm/648429a8_4236.txt
4236	4237	hsm/9c0b6cd4_4237.txt
4237	4238	hsm/2fac4977_4238.txt
4238	4239	hsm/e953466c_4239.txt
4239	4240	hsm/3ce3ae88_4240.txt
4240	4241	hsm/3587f295_4241.txt
4241	4242	hsm/e9876e91_4242.txt
4242	4243	hsm/e94a1517_4243.txt
4243	4244	hsm/1f4660ad_4244.txt
4244	4245	hsm/998d4525_4245.txt
4245	4246	hsm/c299ab77_4246.txt
4246	4247	hsm/dd11d41b_4247.txt
4247	4248	hsm/bbaa5b92_4248.txt
4248	4249	hsm/0cac45e6_4249.txt
4249	4250	hsm/230f2661_4250.txt
4250	4251	hsm/c973474e_4251.txt
4251	4252	hsm/a040a13d_4252.txt
4252	4253	hsm/e94640ef_4253.txt
4253	4254	hsm/0bdcc27d_4254.txt
4254	4255	hsm/d82f0228_4255.txt
4255	4256	hsm/88649947_4256.txt
4256	4257	hsm/5a87046b_4257.txt
4257	4258	hsm/07e1577b_4258.txt
4258	4259	hsm/099ac9dd_4259.txt
4259	4260	hsm/7181a9b1_4260.txt
4260	4261	hsm/3f0be2fa_4261.txt
4261	4262	hsm/d2342f4b_4262.txt
4262	4263	hsm/2d6f436f_4263.txt
4263	4264	hsm/131af259_4264.txt
4264	4265	hsm/fd78b04b_4265.txt
4265	4266	hsm/95545a69_4266.txt
4266	4267	hsm/5d1988a6_4267.txt
4267	4268	hsm/bf195914_4268.txt
4268	4269	hsm/900b23de_4269.txt
4269	4270	hsm/d2a95f13_4270.txt
4270	4271	hsm/adbc5840_4271.txt
4271	4272	hsm/3eadf14f_4272.txt
4272	4273	hsm/4d77d072_4273.txt
4273	4274	hsm/8a62f3bc_4274.txt
4274	4275	hsm/8b19fd94_4275.txt
4275	4276	hsm/dd96febe_4276.txt
4276	4277	hsm/93b25588_4277.txt
4277	4278	hsm/a6bd1d0d_4278.txt
4278	4279	hsm/dba022db_4279.txt
4279	4280	hsm/45fd7e33_4280.txt
4280	4281	hsm/d1773a3e_4281.txt
4281	4282	hsm/ed5ad3b8_4282.txt
4282	4283	hsm/c2adab5c_4283.txt
4283	4284	hsm/a80c5e7e_4284.txt
4284	4285	hsm/d18a5eb4_4285.txt
4285	4286	hsm/879e6f86_4286.txt
4286	4287	hsm/4c191c6a_4287.txt
4287	4288	hsm/14a8e009_4288.txt
4288	4289	hsm/abfd3733_4289.txt
4289	4290	hsm/0e0d2a17_4290.txt
4290	4291	hsm/a3803953_4291.txt
4291	4292	hsm/471a89f6_4292.txt
4292	4293	hsm/d492c515_4293.txt
4293	4294	hsm/637e8464_4294.txt
4294	4295	hsm/8da3336b_4295.txt
4295	4296	hsm/25e34ac9_4296.txt
4296	4297	hsm/7fbbd4ae_4297.txt
4297	4298	hsm/830f3348_4298.txt
4298	4299	hsm/c0ca0b4f_4299.txt
4299	4300	hsm/1bd19d49_4300.txt
4300	4301	hsm/d414766d_4301.txt
4301	4302	hsm/b32c71bc_4302.txt
4302	4303	hsm/c70328df_4303.txt
4303	4304	hsm/039f78de_4304.txt
4304	4305	hsm/294c6179_4305.txt
4305	4306	hsm/2e272e24_4306.txt
4306	4307	hsm/15c8a25d_4307.txt
4307	4308	hsm/05f1fa07_4308.txt
4308	4309	hsm/17b6dc33_4309.txt
4309	4310	hsm/87a8cfe3_4310.txt
4310	4311	hsm/62e7baff_4311.txt
4311	4312	hsm/2ea0403c_4312.txt
4312	4313	hsm/3e2f77bb_4313.txt
4313	4314	hsm/61502f8d_4314.txt
4314	4315	hsm/4e6673d1_4315.txt
4315	4316	hsm/57b5e943_4316.txt
4316	4317	hsm/87e0111c_4317.txt
4317	4318	hsm/e690374b_4318.txt
4318	4319	hsm/88f2b12a_4319.txt
4319	4320	hsm/cb599d86_4320.txt
4320	4321	hsm/59db1071_4321.txt
4321	4322	hsm/b4e890d5_4322.txt
4322	4323	hsm/e26d97ab_4323.txt
4323	4324	hsm/b4e890d5_4324.txt
4324	4325	hsm/e26d97ab_4325.txt
4325	4326	hsm/ccfba10e_4326.txt
4326	4327	hsm/b80e39a0_4327.txt
4327	4328	hsm/15d8bb27_4328.txt
4328	4329	hsm/72d2b171_4329.txt
4329	4330	hsm/9ffabd7c_4330.txt
4330	4331	hsm/740015a8_4331.txt
4331	4332	hsm/3ac1d05c_4332.txt
4332	4333	hsm/d0cc4f66_4333.txt
4333	4334	hsm/ada875d6_4334.txt
4334	4335	hsm/f823afb1_4335.txt
4335	4336	hsm/261e0a0e_4336.txt
4336	4337	hsm/78c64633_4337.txt
4337	4338	hsm/b4e890d5_4338.txt
4338	4339	hsm/e0a39e61_4339.txt
4339	4340	hsm/7703f420_4340.txt
4340	4341	hsm/37be762c_4341.txt
4341	4342	hsm/12618fc9_4342.txt
4342	4343	hsm/93aabc28_4343.txt
4343	4344	hsm/25dcf694_4344.txt
4344	4345	hsm/1e5bb562_4345.txt
4345	4346	hsm/5b036d79_4346.txt
4346	4347	hsm/94fd4d3b_4347.txt
4347	4348	hsm/1dd0c6de_4348.txt
4348	4349	hsm/b9b33f6b_4349.txt
4349	4350	hsm/d5e71534_4350.txt
4350	4351	hsm/b07d4ef6_4351.txt
4351	4352	hsm/690a5f47_4352.txt
4352	4353	hsm/7e455ddb_4353.txt
4353	4354	hsm/43b30975_4354.txt
4354	4355	hsm/d8b88220_4355.txt
4355	4356	hsm/68b63b9c_4356.txt
4356	4357	hsm/dca74d31_4357.txt
4357	4358	hsm/d1032b2b_4358.txt
4358	4359	hsm/b2bf97b2_4359.txt
4359	4360	hsm/ab87914f_4360.txt
4360	4361	hsm/563c0356_4361.txt
4361	4362	hsm/436763db_4362.txt
4362	4363	hsm/8818cef2_4363.txt
4363	4364	hsm/1f1e21a3_4364.txt
4364	4365	hsm/18b3f692_4365.txt
4365	4366	hsm/8f891fa0_4366.txt
4366	4367	hsm/9e83bd69_4367.txt
4367	4368	hsm/db4ba57c_4368.txt
4368	4369	hsm/9e304950_4369.txt
4369	4370	hsm/84a1ff03_4370.txt
4370	4371	hsm/0925b429_4371.txt
4371	4372	hsm/e4866e92_4372.txt
4372	4373	hsm/a1a86ba7_4373.txt
4373	4374	hsm/60572541_4374.txt
4374	4375	hsm/b4053895_4375.txt
4375	4376	hsm/20c38095_4376.txt
4376	4377	hsm/92100946_4377.txt
4377	4378	hsm/fbc7f619_4378.txt
4378	4379	hsm/78bc125a_4379.txt
4379	4380	hsm/5a4662c4_4380.txt
4380	4381	hsm/4b1622e3_4381.txt
4381	4382	hsm/53082cef_4382.txt
4382	4383	hsm/3fe58cad_4383.txt
4383	4384	hsm/0cb636d4_4384.txt
4384	4385	hsm/9d145935_4385.txt
4385	4386	hsm/11637cd7_4386.txt
4386	4387	hsm/7104b75f_4387.txt
4387	4388	hsm/8cc12e09_4388.txt
4388	4389	hsm/96d90e51_4389.txt
4389	4390	hsm/deec58ae_4390.txt
4390	4391	hsm/f279dca1_4391.txt
4391	4392	hsm/9c3693de_4392.txt
4392	4393	hsm/821a8db0_4393.txt
4393	4394	hsm/0b9fd49b_4394.txt
4394	4395	hsm/b37d8c81_4395.txt
4395	4396	hsm/5ba25394_4396.txt
4396	4397	hsm/33c77416_4397.txt
4397	4398	hsm/54534088_4398.txt
4398	4399	hsm/768502f2_4399.txt
4399	4400	hsm/420ddc19_4400.txt
4400	4401	hsm/dae1061e_4401.txt
4401	4402	hsm/dae1061e_4402.txt
4402	4403	hsm/dae1061e_4403.txt
4403	4404	hsm/dae1061e_4404.txt
4404	4405	hsm/4697b4d6_4405.txt
4405	4406	hsm/9f782a42_4406.txt
4406	4407	hsm/b240bc17_4407.txt
4407	4408	hsm/6b5f521a_4408.txt
4408	4409	hsm/fbfd7ac1_4409.txt
4409	4410	hsm/9633bde4_4410.txt
4410	4411	hsm/2dd1636c_4411.txt
4411	4412	hsm/3e267e74_4412.txt
4412	4413	hsm/b67fdedf_4413.txt
4413	4414	hsm/a33aa004_4414.txt
4414	4415	hsm/2a8a9eff_4415.txt
4415	4416	hsm/87e3d5ea_4416.txt
4416	4417	hsm/4ac3906e_4417.txt
4417	4418	hsm/aebe2ffd_4418.txt
4418	4419	hsm/491358a8_4419.txt
4419	4420	hsm/9e77ce9e_4420.txt
4420	4421	hsm/ef410517_4421.txt
4421	4422	hsm/f6afc044_4422.txt
4422	4423	hsm/dc83e1e9_4423.txt
4423	4424	hsm/75709b01_4424.txt
4424	4425	hsm/d7b7a3a6_4425.txt
4425	4426	hsm/af1683be_4426.txt
4426	4427	hsm/902c64c7_4427.txt
4427	4428	hsm/d90a16cc_4428.txt
4428	4429	hsm/6b8b509f_4429.txt
4429	4430	hsm/e8feb5fb_4430.txt
4430	4431	hsm/f08f1b2b_4431.txt
4431	4432	hsm/ea818dd2_4432.txt
4432	4433	hsm/dfbd2404_4433.txt
4433	4434	hsm/935c7726_4434.txt
4434	4435	hsm/cf138669_4435.txt
4435	4436	hsm/ac29352f_4436.txt
4436	4437	hsm/907a9560_4437.txt
4437	4438	hsm/8ef2b8ce_4438.txt
4438	4439	hsm/97a4a031_4439.txt
4439	4440	hsm/6b17f1fc_4440.txt
4440	4441	hsm/85689adb_4441.txt
4441	4442	hsm/ab7f44f8_4442.txt
4442	4443	hsm/31c39695_4443.txt
4443	4444	hsm/b6735b02_4444.txt
4444	4445	hsm/089cae96_4445.txt
4445	4446	hsm/1767ba02_4446.txt
4446	4447	hsm/16708558_4447.txt
4447	4448	hsm/f89fa07c_4448.txt
4448	4449	hsm/97674f08_4449.txt
4449	4450	hsm/a1889855_4450.txt
4450	4451	hsm/53c2c56e_4451.txt
4451	4452	hsm/2e515802_4452.txt
4452	4453	hsm/d506e00e_4453.txt
4453	4454	hsm/0fcc8cf0_4454.txt
4454	4455	hsm/42284bee_4455.txt
4455	4456	hsm/a0046c96_4456.txt
4456	4457	hsm/633a2060_4457.txt
4457	4458	hsm/4e51aad7_4458.txt
4458	4459	hsm/f5e3843f_4459.txt
4459	4460	hsm/b1cac1c8_4460.txt
4460	4461	hsm/b07202a9_4461.txt
4461	4462	hsm/10e2871f_4462.txt
4462	4463	hsm/98edd452_4463.txt
4463	4464	hsm/ddde7266_4464.txt
4464	4465	hsm/f08e2f7d_4465.txt
4465	4466	hsm/c2166aa7_4466.txt
4466	4467	hsm/fbacaef9_4467.txt
4467	4468	hsm/2db48189_4468.txt
4468	4469	hsm/321d7d1f_4469.txt
4469	4470	hsm/abf7be66_4470.txt
4470	4471	hsm/acc6d31b_4471.txt
4471	4472	hsm/972db56b_4472.txt
4472	4473	hsm/6b7d4151_4473.txt
4473	4474	hsm/12f2520f_4474.txt
4474	4475	hsm/a9cc0bb5_4475.txt
4475	4476	hsm/c3f53482_4476.txt
4476	4477	hsm/114160be_4477.txt
4477	4478	hsm/22864d24_4478.txt
4478	4479	hsm/d7ac5df5_4479.txt
4479	4480	hsm/44625e63_4480.txt
4480	4481	hsm/642c179b_4481.txt
4481	4482	hsm/cd6f2388_4482.txt
4482	4483	hsm/417e0f88_4483.txt
4483	4484	hsm/8265c4c5_4484.txt
4484	4485	hsm/1fcdfb74_4485.txt
4485	4486	hsm/97259cba_4486.txt
4486	4487	hsm/a6c4f0d0_4487.txt
4487	4488	hsm/a7a3ea92_4488.txt
4488	4489	hsm/0bb95782_4489.txt
4489	4490	hsm/2418df08_4490.txt
4490	4491	hsm/7bb9f84a_4491.txt
4491	4492	hsm/d18a1341_4492.txt
4492	4493	hsm/770cbb67_4493.txt
4493	4494	hsm/dd7a9605_4494.txt
4494	4495	hsm/7572f51e_4495.txt
4495	4496	hsm/ae60205e_4496.txt
4496	4497	hsm/876e9c64_4497.txt
4497	4498	hsm/f8cb0c4c_4498.txt
4498	4499	hsm/0b28ea36_4499.txt
4499	4500	hsm/219bbf2f_4500.txt
4500	4501	hsm/82d51d64_4501.txt
4501	4502	hsm/0ac22b90_4502.txt
4502	4503	hsm/fa5fe93e_4503.txt
4503	4504	hsm/c8895f78_4504.txt
4504	4505	hsm/81142208_4505.txt
4505	4506	hsm/ab8932e3_4506.txt
4506	4507	hsm/8fd197b5_4507.txt
4507	4508	hsm/d4b80d9d_4508.txt
4508	4509	hsm/32d82453_4509.txt
4509	4510	hsm/861c635d_4510.txt
4510	4511	hsm/11b01e31_4511.txt
4511	4512	hsm/bf4fa37e_4512.txt
4512	4513	hsm/74bdbd14_4513.txt
4513	4514	hsm/14cb10ae_4514.txt
4514	4515	hsm/68a334c0_4515.txt
4515	4516	hsm/e752ecf9_4516.txt
4516	4517	hsm/bbbb420d_4517.txt
4517	4518	hsm/1177f637_4518.txt
4518	4519	hsm/1bb04740_4519.txt
4519	4520	hsm/b661857c_4520.txt
4520	4521	hsm/6b51b7cd_4521.txt
4521	4522	hsm/db7c6531_4522.txt
4522	4523	hsm/236c187f_4523.txt
4523	4524	hsm/13888359_4524.txt
4524	4525	hsm/c63b7381_4525.txt
4525	4526	hsm/a61b4da1_4526.txt
4526	4527	hsm/27a27770_4527.txt
4527	4528	hsm/7d1f9308_4528.txt
4528	4529	hsm/50a42acd_4529.txt
4529	4530	hsm/85d2ddf2_4530.txt
4530	4531	hsm/86c5e8bb_4531.txt
4531	4532	hsm/6029b8fa_4532.txt
4532	4533	hsm/9fb85f70_4533.txt
4533	4534	hsm/bafd8187_4534.txt
4534	4535	hsm/9e968f7b_4535.txt
4535	4536	hsm/d4fb494d_4536.txt
4536	4537	hsm/98677008_4537.txt
4537	4538	hsm/fa1a9381_4538.txt
4538	4539	hsm/c2bfc0b4_4539.txt
4539	4540	hsm/424ae3ee_4540.txt
4540	4541	hsm/98083eb9_4541.txt
4541	4542	hsm/8c37b54b_4542.txt
4542	4543	hsm/30d41c36_4543.txt
4543	4544	hsm/a7a7dc70_4544.txt
4544	4545	hsm/81858b9f_4545.txt
4545	4546	hsm/725c3ecb_4546.txt
4546	4547	hsm/f4efde29_4547.txt
4547	4548	hsm/9e211ad8_4548.txt
4548	4549	hsm/a515565d_4549.txt
4549	4550	hsm/c605e84e_4550.txt
4550	4551	hsm/e2dec736_4551.txt
4551	4552	hsm/356cced3_4552.txt
4552	4553	hsm/d84b9d87_4553.txt
4553	4554	hsm/7eee487f_4554.txt
4554	4555	hsm/9a2b6a6d_4555.txt
4555	4556	hsm/d0040f72_4556.txt
4556	4557	hsm/1bf97d8e_4557.txt
4557	4558	hsm/e50ac155_4558.txt
4558	4559	hsm/b9ad7a93_4559.txt
4559	4560	hsm/92439c5b_4560.txt
4560	4561	hsm/d8a29724_4561.txt
4561	4562	hsm/d9ec0120_4562.txt
4562	4563	hsm/03a58681_4563.txt
4563	4564	hsm/239a329a_4564.txt
4564	4565	hsm/592f03ca_4565.txt
4565	4566	hsm/7482c1d6_4566.txt
4566	4567	hsm/515a522b_4567.txt
4567	4568	hsm/019da133_4568.txt
4568	4569	hsm/75e6f07e_4569.txt
4569	4570	hsm/d6700b26_4570.txt
4570	4571	hsm/08e5f812_4571.txt
4571	4572	hsm/969bc667_4572.txt
4572	4573	hsm/ceb80289_4573.txt
4573	4574	hsm/6ee3c48b_4574.txt
4574	4575	hsm/e992d262_4575.txt
4575	4576	hsm/8ae2107f_4576.txt
4576	4577	hsm/bd845256_4577.txt
4577	4578	hsm/82333913_4578.txt
4578	4579	hsm/60cb0fb6_4579.txt
4579	4580	hsm/a9520d7d_4580.txt
4580	4581	hsm/94366564_4581.txt
4581	4582	hsm/bbadc089_4582.txt
4582	4583	hsm/69a1aae9_4583.txt
4583	4584	hsm/ea56ad9c_4584.txt
4584	4585	hsm/fb7edccc_4585.txt
4585	4586	hsm/15fc5501_4586.txt
4586	4587	hsm/60c79b6e_4587.txt
4587	4588	hsm/b2152e33_4588.txt
4588	4589	hsm/d3c9f138_4589.txt
4589	4590	hsm/1735ea1d_4590.txt
4590	4591	hsm/59cde0b7_4591.txt
4591	4592	hsm/63543844_4592.txt
4592	4593	hsm/855f3b06_4593.txt
4593	4594	hsm/1b9e0acb_4594.txt
4594	4595	hsm/098da779_4595.txt
4595	4596	hsm/300d8d6a_4596.txt
4596	4597	hsm/eb139bce_4597.txt
4597	4598	hsm/c62cf9c3_4598.txt
4598	4599	hsm/62be82f4_4599.txt
4599	4600	hsm/62be82f4_4600.txt
4600	4601	hsm/d5445b92_4601.txt
4601	4602	hsm/d61206cc_4602.txt
4602	4603	hsm/634c1c3d_4603.txt
4603	4604	hsm/f72b520c_4604.txt
4604	4605	hsm/23556842_4605.txt
4605	4606	hsm/017d2250_4606.txt
4606	4607	hsm/f3a24bf1_4607.txt
4607	4608	hsm/fa72b8b2_4608.txt
4608	4609	hsm/9388e319_4609.txt
4609	4610	hsm/e19aa1c1_4610.txt
4610	4611	hsm/9c372e85_4611.txt
4611	4612	hsm/f9f5470f_4612.txt
4612	4613	hsm/bef564e7_4613.txt
4613	4614	hsm/fd41ce42_4614.txt
4614	4615	hsm/3e21a01d_4615.txt
4615	4616	hsm/98cecaab_4616.txt
4616	4617	hsm/11b42b00_4617.txt
4617	4618	hsm/deb33957_4618.txt
4618	4619	hsm/0d028eb0_4619.txt
4619	4620	hsm/b3b66646_4620.txt
4620	4621	hsm/1981e9ce_4621.txt
4621	4622	hsm/369ac0bb_4622.txt
4622	4623	hsm/b183bb76_4623.txt
4623	4624	hsm/69896036_4624.txt
4624	4625	hsm/00630ff8_4625.txt
4625	4626	hsm/8ea8e7f2_4626.txt
4626	4627	hsm/f552f1ae_4627.txt
4627	4628	hsm/d38bf538_4628.txt
4628	4629	hsm/9981ab9c_4629.txt
4629	4630	hsm/8b7f5c12_4630.txt
4630	4631	hsm/ac342d58_4631.txt
4631	4632	hsm/6553449b_4632.txt
4632	4633	hsm/d891b926_4633.txt
4633	4634	hsm/94f76a1c_4634.txt
4634	4635	hsm/cf9abec0_4635.txt
4635	4636	hsm/763c501e_4636.txt
4636	4637	hsm/a6a30565_4637.txt
4637	4638	hsm/6fd5d877_4638.txt
4638	4639	hsm/a2b56562_4639.txt
4639	4640	hsm/1b3a45d6_4640.txt
4640	4641	hsm/70cd8dee_4641.txt
4641	4642	hsm/d7e1489e_4642.txt
4642	4643	hsm/5fb15d47_4643.txt
4643	4644	hsm/a5e72a14_4644.txt
4644	4645	hsm/dd96ee26_4645.txt
4645	4646	hsm/6808d9a5_4646.txt
4646	4647	hsm/24b8d7f6_4647.txt
4647	4648	hsm/1f4a5d3d_4648.txt
4648	4649	hsm/94ff434b_4649.txt
4649	4650	hsm/859958c2_4650.txt
4650	4651	hsm/466b12bb_4651.txt
4651	4652	hsm/6f838d25_4652.txt
4652	4653	hsm/93699e32_4653.txt
4653	4654	hsm/f592ea0c_4654.txt
4654	4655	hsm/e9ff1c2e_4655.txt
4655	4656	hsm/5fa32514_4656.txt
4656	4657	hsm/790c6359_4657.txt
4657	4658	hsm/465270db_4658.txt
4658	4659	hsm/474cfb19_4659.txt
4659	4660	hsm/5341955e_4660.txt
4660	4661	hsm/7b067c88_4661.txt
4661	4662	hsm/a74fb94d_4662.txt
4662	4663	hsm/9e69ccef_4663.txt
4663	4664	hsm/38f50b08_4664.txt
4664	4665	hsm/87ca3d62_4665.txt
4665	4666	hsm/6c5bb825_4666.txt
4666	4667	hsm/95c00fd3_4667.txt
4667	4668	hsm/3d5b85cf_4668.txt
4668	4669	hsm/ea5adb42_4669.txt
4669	4670	hsm/ce89abe0_4670.txt
4670	4671	hsm/acd3b509_4671.txt
4671	4672	hsm/0ce3c472_4672.txt
4672	4673	hsm/d44b6cfb_4673.txt
4673	4674	hsm/cfe2d33d_4674.txt
4674	4675	hsm/851a22a8_4675.txt
4675	4676	hsm/e4e0eb1a_4676.txt
4676	4677	hsm/0b872639_4677.txt
4677	4678	hsm/b3a7b860_4678.txt
4678	4679	hsm/f1346568_4679.txt
4679	4680	hsm/78bc125a_4680.txt
4680	4681	hsm/5a4662c4_4681.txt
4681	4682	hsm/4b1622e3_4682.txt
4682	4683	hsm/53082cef_4683.txt
4683	4684	hsm/3fe58cad_4684.txt
4684	4685	hsm/0cb636d4_4685.txt
4685	4686	hsm/9d145935_4686.txt
4686	4687	hsm/11637cd7_4687.txt
4687	4688	hsm/f101b38c_4688.txt
4688	4689	hsm/cfa27956_4689.txt
4689	4690	hsm/cfa27956_4690.txt
4690	4691	hsm/f56de7ec_4691.txt
4691	4692	hsm/f56de7ec_4692.txt
4692	4693	hsm/2fef90b2_4693.txt
4693	4694	hsm/2fef90b2_4694.txt
4694	4695	hsm/0f4bbadd_4695.txt
4695	4696	hsm/0f4bbadd_4696.txt
4696	4697	hsm/858644f0_4697.txt
4697	4698	hsm/29c3423a_4698.txt
4698	4699	hsm/9b6d212b_4699.txt
4699	4700	hsm/a67c1cac_4700.txt
4700	4701	hsm/dba6368d_4701.txt
4701	4702	hsm/8e8f587b_4702.txt
4702	4703	hsm/f8f225b1_4703.txt
4703	4704	hsm/56940a5b_4704.txt
4704	4705	hsm/7ea45689_4705.txt
4705	4706	hsm/19698f30_4706.txt
4706	4707	hsm/6789ee9b_4707.txt
4707	4708	hsm/97773feb_4708.txt
4708	4709	hsm/eae4df06_4709.txt
4709	4710	hsm/7adcd0eb_4710.txt
4710	4711	hsm/ed0eaad9_4711.txt
4711	4712	hsm/69cf9498_4712.txt
4712	4713	hsm/4712fe55_4713.txt
4713	4714	hsm/30a4cf7c_4714.txt
4714	4715	hsm/8924ea36_4715.txt
4715	4716	hsm/141d0509_4716.txt
4716	4717	hsm/a48b9960_4717.txt
4717	4718	hsm/72d39c20_4718.txt
4718	4719	hsm/12f759e0_4719.txt
4719	4720	hsm/c6f0729f_4720.txt
4720	4721	hsm/64d0f652_4721.txt
4721	4722	hsm/9de03467_4722.txt
4722	4723	hsm/9d656cd5_4723.txt
4723	4724	hsm/e1467764_4724.txt
4724	4725	hsm/9e25dd5c_4725.txt
4725	4726	hsm/748b7558_4726.txt
4726	4727	hsm/669fc9ef_4727.txt
4727	4728	hsm/2ea11947_4728.txt
4728	4729	hsm/aac4eb68_4729.txt
4729	4730	hsm/cdffe1cd_4730.txt
4730	4731	hsm/98deadb0_4731.txt
4731	4732	hsm/1d2c8371_4732.txt
4732	4733	hsm/99fc9108_4733.txt
4733	4734	hsm/ad64934b_4734.txt
4734	4735	hsm/74c50271_4735.txt
4735	4736	hsm/4f01e61e_4736.txt
4736	4737	hsm/f8937db3_4737.txt
4737	4738	hsm/4972a618_4738.txt
4738	4739	hsm/3b396fd2_4739.txt
4739	4740	hsm/dddf4115_4740.txt
4740	4741	hsm/acbc7f35_4741.txt
4741	4742	hsm/98aa7d63_4742.txt
4742	4743	hsm/03349d1e_4743.txt
4743	4744	hsm/3224587f_4744.txt
4744	4745	hsm/03167692_4745.txt
4745	4746	hsm/ba55f8b2_4746.txt
4746	4747	hsm/f58aeec2_4747.txt
4747	4748	hsm/7ce8c562_4748.txt
4748	4749	hsm/3145a518_4749.txt
4749	4750	hsm/e3fd8a7d_4750.txt
4750	4751	hsm/c5080924_4751.txt
4751	4752	hsm/80527490_4752.txt
4752	4753	hsm/e4b05154_4753.txt
4753	4754	hsm/4e147056_4754.txt
4754	4755	hsm/5a8c3e06_4755.txt
4755	4756	hsm/369c0e1c_4756.txt
4756	4757	hsm/49e7b7c2_4757.txt
4757	4758	hsm/9100e310_4758.txt
4758	4759	hsm/c1c2f4f1_4759.txt
4759	4760	hsm/c49d75e9_4760.txt
4760	4761	hsm/e5b940bb_4761.txt
4761	4762	hsm/3f0cd434_4762.txt
4762	4763	hsm/b7687bab_4763.txt
4763	4764	hsm/0a82eeef_4764.txt
4764	4765	hsm/1d4177dc_4765.txt
4765	4766	hsm/f5d57b23_4766.txt
4766	4767	hsm/e0e37dda_4767.txt
4767	4768	hsm/3cab036b_4768.txt
4768	4769	hsm/996e0409_4769.txt
4769	4770	hsm/17d8052c_4770.txt
4770	4771	hsm/3451bfd2_4771.txt
4771	4772	hsm/8697ab49_4772.txt
4772	4773	hsm/f1c4cc2b_4773.txt
4773	4774	hsm/ac92059e_4774.txt
4774	4775	hsm/610ceb05_4775.txt
4775	4776	hsm/03cdab29_4776.txt
4776	4777	hsm/9f73f459_4777.txt
4777	4778	hsm/24caf77d_4778.txt
4778	4779	hsm/d0e55b63_4779.txt
4779	4780	hsm/a386a99a_4780.txt
4780	4781	hsm/71e08395_4781.txt
4781	4782	hsm/bde3b987_4782.txt
4782	4783	hsm/b16cd8ef_4783.txt
4783	4784	hsm/4a4110da_4784.txt
4784	4785	hsm/0d1f7195_4785.txt
4785	4786	hsm/de235c22_4786.txt
4786	4787	hsm/2f80856a_4787.txt
4787	4788	hsm/2875ae4d_4788.txt
4788	4789	hsm/b2606535_4789.txt
4789	4790	hsm/8fdcfceb_4790.txt
4790	4791	hsm/29916016_4791.txt
4791	4792	hsm/e909d0c6_4792.txt
4792	4793	hsm/8cdcdccd_4793.txt
4793	4794	hsm/8c19033e_4794.txt
4794	4795	hsm/5eecd133_4795.txt
4795	4796	hsm/93af0db5_4796.txt
4796	4797	hsm/f5bea393_4797.txt
4797	4798	hsm/44428975_4798.txt
4798	4799	hsm/919d974e_4799.txt
4799	4800	hsm/8c3cdbc6_4800.txt
4800	4801	hsm/0d39ded0_4801.txt
4801	4802	hsm/8a0fe0fc_4802.txt
4802	4803	hsm/222f4749_4803.txt
4803	4804	hsm/b566d453_4804.txt
4804	4805	hsm/a64a3c71_4805.txt
4805	4806	hsm/8801d9d3_4806.txt
4806	4807	hsm/b1938811_4807.txt
4807	4808	hsm/6545abb2_4808.txt
4808	4809	hsm/abe7e057_4809.txt
4809	4810	hsm/310006d8_4810.txt
4810	4811	hsm/514ffd9f_4811.txt
4811	4812	hsm/8a4745f2_4812.txt
4812	4813	hsm/06f9fcbc_4813.txt
4813	4814	hsm/118d5bad_4814.txt
4814	4815	hsm/828073a9_4815.txt
4815	4816	hsm/0336eee7_4816.txt
4816	4817	hsm/f0e21c43_4817.txt
4817	4818	hsm/1bf97d8e_4818.txt
4818	4819	hsm/e50ac155_4819.txt
4819	4820	hsm/b9ad7a93_4820.txt
4820	4821	hsm/2ca4c230_4821.txt
4821	4822	hsm/2dd5faa9_4822.txt
4822	4823	hsm/e63e6214_4823.txt
4823	4824	hsm/426f7cac_4824.txt
4824	4825	hsm/16cd6003_4825.txt
4825	4826	hsm/1c86a17a_4826.txt
4826	4827	hsm/7948646e_4827.txt
4827	4828	hsm/c8587e85_4828.txt
4828	4829	hsm/0cca9333_4829.txt
4829	4830	hsm/c6867147_4830.txt
4830	4831	hsm/534b637e_4831.txt
4831	4832	hsm/da05e3a8_4832.txt
4832	4833	hsm/e7c26962_4833.txt
4833	4834	hsm/a4ed2b76_4834.txt
4834	4835	hsm/9ccf0e81_4835.txt
4835	4836	hsm/aa4123bf_4836.txt
4836	4837	hsm/0b454306_4837.txt
4837	4838	hsm/91d4f126_4838.txt
4838	4839	hsm/1eb7cff5_4839.txt
4839	4840	hsm/c2b4ce20_4840.txt
4840	4841	hsm/5bdf8dbf_4841.txt
4841	4842	hsm/6e398357_4842.txt
4842	4843	hsm/c2f509c5_4843.txt
4843	4844	hsm/787c00b9_4844.txt
4844	4845	hsm/92501044_4845.txt
4845	4846	hsm/42e58e73_4846.txt
4846	4847	hsm/8a8af291_4847.txt
4847	4848	hsm/cea18596_4848.txt
4848	4849	hsm/1bac0a4d_4849.txt
4849	4850	hsm/2bb670b5_4850.txt
4850	4851	hsm/59474094_4851.txt
4851	4852	hsm/d15963eb_4852.txt
4852	4853	hsm/d651d950_4853.txt
4853	4854	hsm/5b7c2a11_4854.txt
4854	4855	hsm/75535f33_4855.txt
4855	4856	hsm/0f6696c6_4856.txt
4856	4857	hsm/11edd323_4857.txt
4857	4858	hsm/d5d3f2bb_4858.txt
4858	4859	hsm/09c6240b_4859.txt
4859	4860	hsm/ae692a83_4860.txt
4860	4861	hsm/701fa680_4861.txt
4861	4862	hsm/ca2142ad_4862.txt
4862	4863	hsm/d7de9aed_4863.txt
4863	4864	hsm/e99612a0_4864.txt
4864	4865	hsm/b2f10933_4865.txt
4865	4866	hsm/eaf5d25c_4866.txt
4866	4867	hsm/2b244706_4867.txt
4867	4868	hsm/14e51131_4868.txt
4868	4869	hsm/cb3760bd_4869.txt
4869	4870	hsm/185dbb80_4870.txt
4870	4871	hsm/683bd0af_4871.txt
4871	4872	hsm/42cdd251_4872.txt
4872	4873	hsm/011ed0d5_4873.txt
4873	4874	hsm/5fb21a76_4874.txt
4874	4875	hsm/c4b30f94_4875.txt
4875	4876	hsm/08bdafa4_4876.txt
4876	4877	hsm/e322eaa6_4877.txt
4877	4878	hsm/3f633d80_4878.txt
4878	4879	hsm/537ce106_4879.txt
4879	4880	hsm/8ed7d951_4880.txt
4880	4881	hsm/cfeb98e0_4881.txt
4881	4882	hsm/b4df1445_4882.txt
4882	4883	hsm/0cb7e2c6_4883.txt
4883	4884	hsm/04c02dee_4884.txt
4884	4885	hsm/38dcc598_4885.txt
4885	4886	hsm/56beddfb_4886.txt
4886	4887	hsm/9d908b50_4887.txt
4887	4888	hsm/8bc7418b_4888.txt
4888	4889	hsm/c84744d4_4889.txt
4889	4890	hsm/be4955b6_4890.txt
4890	4891	hsm/690772e1_4891.txt
4891	4892	hsm/e151eaf7_4892.txt
4892	4893	hsm/fa812422_4893.txt
4893	4894	hsm/7a8ab42e_4894.txt
4894	4895	hsm/4d903a2e_4895.txt
4895	4896	hsm/11bc49dd_4896.txt
4896	4897	hsm/e05e0d65_4897.txt
4897	4898	hsm/61c12b7d_4898.txt
4898	4899	hsm/837d8a1d_4899.txt
4899	4900	hsm/617a6063_4900.txt
4900	4901	hsm/7d5ce4a0_4901.txt
4901	4902	hsm/372a07b4_4902.txt
4902	4903	hsm/55ba1de4_4903.txt
4903	4904	hsm/5c8b088b_4904.txt
4904	4905	hsm/3ee80f71_4905.txt
4905	4906	hsm/e72034b9_4906.txt
4906	4907	hsm/910df318_4907.txt
4907	4908	hsm/67e6a3d4_4908.txt
4908	4909	hsm/d6194ac9_4909.txt
4909	4910	hsm/d1179788_4910.txt
4910	4911	hsm/203c6146_4911.txt
4911	4912	hsm/82425122_4912.txt
4912	4913	hsm/82092fbe_4913.txt
4913	4914	hsm/ba3bac28_4914.txt
4914	4915	hsm/dcef6336_4915.txt
4915	4916	hsm/c065a925_4916.txt
4916	4917	hsm/8afa7b44_4917.txt
4917	4918	hsm/e3f9ec41_4918.txt
4918	4919	hsm/8b98f7cb_4919.txt
4919	4920	hsm/61361d96_4920.txt
4920	4921	hsm/b2de6c4b_4921.txt
4921	4922	hsm/b45e2886_4922.txt
4922	4923	hsm/f5f1deff_4923.txt
4923	4924	hsm/b73b6f9b_4924.txt
4924	4925	hsm/dbe07a60_4925.txt
4925	4926	hsm/ca6ec1c2_4926.txt
4926	4927	hsm/7850cfd8_4927.txt
4927	4928	hsm/85fe7c1c_4928.txt
4928	4929	hsm/db05cc1e_4929.txt
4929	4930	hsm/982b4d45_4930.txt
4930	4931	hsm/38e8eba3_4931.txt
4931	4932	hsm/324ee44e_4932.txt
4932	4933	hsm/1e4c6f38_4933.txt
4933	4934	hsm/f32abc90_4934.txt
4934	4935	hsm/67d5bcc0_4935.txt
4935	4936	hsm/99640d3f_4936.txt
4936	4937	hsm/e725ad07_4937.txt
4937	4938	hsm/c7e00786_4938.txt
4938	4939	hsm/c9fbff0c_4939.txt
4939	4940	hsm/0e423617_4940.txt
4940	4941	hsm/fb155ea0_4941.txt
4941	4942	hsm/1d5fe298_4942.txt
4942	4943	hsm/1a794c4c_4943.txt
4943	4944	hsm/43f76024_4944.txt
4944	4945	hsm/9a4c7047_4945.txt
4945	4946	hsm/46f4c083_4946.txt
4946	4947	hsm/ef228619_4947.txt
4947	4948	hsm/60197608_4948.txt
4948	4949	hsm/6d37659f_4949.txt
4949	4950	hsm/ff04e666_4950.txt
4950	4951	hsm/8f84c5c5_4951.txt
4951	4952	hsm/076452a8_4952.txt
4952	4953	hsm/777b8fba_4953.txt
4953	4954	hsm/81fbda09_4954.txt
4954	4955	hsm/1a9626ca_4955.txt
4955	4956	hsm/726853ac_4956.txt
4956	4957	hsm/448c693a_4957.txt
4957	4958	hsm/6d09c3e5_4958.txt
4958	4959	hsm/799aa12f_4959.txt
4959	4960	hsm/1bd80f6a_4960.txt
4960	4961	hsm/81a888e0_4961.txt
4961	4962	hsm/3d48b822_4962.txt
4962	4963	hsm/36e2100a_4963.txt
4963	4964	hsm/e2c840f1_4964.txt
4964	4965	hsm/fa396584_4965.txt
4965	4966	hsm/08341e3c_4966.txt
4966	4967	hsm/8474bf9f_4967.txt
4967	4968	hsm/b849f1ff_4968.txt
4968	4969	hsm/3b83fd2e_4969.txt
4969	4970	hsm/b686b580_4970.txt
4970	4971	hsm/e5d35475_4971.txt
4971	4972	hsm/cf190409_4972.txt
4972	4973	hsm/330c8395_4973.txt
4973	4974	hsm/e933e635_4974.txt
4974	4975	hsm/15a6e518_4975.txt
4975	4976	hsm/ae653019_4976.txt
4976	4977	hsm/ac85723b_4977.txt
4977	4978	hsm/b689c97d_4978.txt
4978	4979	hsm/688fa232_4979.txt
4979	4980	hsm/6550cbe4_4980.txt
4980	4981	hsm/4fad5491_4981.txt
4981	4982	hsm/749f2891_4982.txt
4982	4983	hsm/87cef8f3_4983.txt
4983	4984	hsm/20ae6c67_4984.txt
4984	4985	hsm/42d74f5d_4985.txt
4985	4986	hsm/4543887b_4986.txt
4986	4987	hsm/4c223eab_4987.txt
4987	4988	hsm/25993c10_4988.txt
4988	4989	hsm/78bc125a_4989.txt
4989	4990	hsm/5a4662c4_4990.txt
4990	4991	hsm/4b1622e3_4991.txt
4991	4992	hsm/53082cef_4992.txt
4992	4993	hsm/3fe58cad_4993.txt
4993	4994	hsm/0cb636d4_4994.txt
4994	4995	hsm/9d145935_4995.txt
4995	4996	hsm/11637cd7_4996.txt
4996	4997	hsm/ef75f19c_4997.txt
4997	4998	hsm/bdc9b518_4998.txt
4998	4999	hsm/ff321314_4999.txt
4999	5000	hsm/bcf0023d_5000.txt
5000	5001	hsm/2235bf01_5001.txt
5001	5002	hsm/d12d4b82_5002.txt
5002	5003	hsm/f46635b4_5003.txt
5003	5004	hsm/4c99740e_5004.txt
5004	5005	hsm/9eda70c7_5005.txt
5005	5006	hsm/257b6ff2_5006.txt
5006	5007	hsm/09c097ae_5007.txt
5007	5008	hsm/9bc07eac_5008.txt
5008	5009	hsm/2da00762_5009.txt
5009	5010	hsm/223b9113_5010.txt
5010	5011	hsm/b86f5ff5_5011.txt
5011	5012	hsm/ff80b84b_5012.txt
5012	5013	hsm/c9d14126_5013.txt
5013	5014	hsm/04b62d24_5014.txt
5014	5015	hsm/f8a77b7c_5015.txt
5015	5016	hsm/64f506af_5016.txt
5016	5017	hsm/235c1bce_5017.txt
5017	5018	hsm/bbc1ac75_5018.txt
5018	5019	hsm/bd8d2572_5019.txt
5019	5020	hsm/4c92f2fc_5020.txt
5020	5021	hsm/d1f79d05_5021.txt
5021	5022	hsm/c0b4d4a7_5022.txt
5022	5023	hsm/aa13bb81_5023.txt
5023	5024	hsm/63397c1a_5024.txt
5024	5025	hsm/ccd4acdd_5025.txt
5025	5026	hsm/c728be22_5026.txt
5026	5027	hsm/87c4bd56_5027.txt
5027	5028	hsm/fadd950a_5028.txt
5028	5029	hsm/22e4320f_5029.txt
5029	5030	hsm/35a71f45_5030.txt
5030	5031	hsm/ee4706a5_5031.txt
5031	5032	hsm/d7fb3aa4_5032.txt
5032	5033	hsm/277c0fc0_5033.txt
5033	5034	hsm/eba51adb_5034.txt
5034	5035	hsm/dde29043_5035.txt
5035	5036	hsm/ccd4acdd_5036.txt
5036	5037	hsm/291129c2_5037.txt
5037	5038	hsm/ca653776_5038.txt
5038	5039	hsm/4bd374cc_5039.txt
5039	5040	hsm/bbce6abc_5040.txt
5040	5041	hsm/2e4d6895_5041.txt
5041	5042	hsm/e5440bd5_5042.txt
5042	5043	hsm/9f5354bc_5043.txt
5043	5044	hsm/51130ee4_5044.txt
5044	5045	hsm/688df4ef_5045.txt
5045	5046	hsm/ea37ae06_5046.txt
5046	5047	hsm/1b75a4ff_5047.txt
5047	5048	hsm/87c59660_5048.txt
5048	5049	hsm/a2305aab_5049.txt
5049	5050	hsm/7ab6b01d_5050.txt
5050	5051	hsm/32c4d5de_5051.txt
5051	5052	hsm/cd04381d_5052.txt
5052	5053	hsm/064a0859_5053.txt
5053	5054	hsm/6bb54b0a_5054.txt
5054	5055	hsm/ae7fc61c_5055.txt
5055	5056	hsm/7ad0aae8_5056.txt
5056	5057	hsm/ad79ab7b_5057.txt
5057	5058	hsm/17b58b2d_5058.txt
5058	5059	hsm/55f4ac36_5059.txt
5059	5060	hsm/d9f549d5_5060.txt
5060	5061	hsm/b0f198f5_5061.txt
5061	5062	hsm/e8508432_5062.txt
5062	5063	hsm/bbf93a27_5063.txt
5063	5064	hsm/51f761c1_5064.txt
5064	5065	hsm/c5b64630_5065.txt
5065	5066	hsm/598981e3_5066.txt
5066	5067	hsm/8a608ad9_5067.txt
5067	5068	hsm/04c1f986_5068.txt
5068	5069	hsm/01aa6c3b_5069.txt
5069	5070	hsm/c38336e5_5070.txt
5070	5071	hsm/7504dc82_5071.txt
5071	5072	hsm/98ed050b_5072.txt
5072	5073	hsm/8193054b_5073.txt
5073	5074	hsm/86b81618_5074.txt
5074	5075	hsm/fe3b8731_5075.txt
5075	5076	hsm/1f3038b3_5076.txt
5076	5077	hsm/8256ae17_5077.txt
5077	5078	hsm/9c240460_5078.txt
5078	5079	hsm/42415a66_5079.txt
5079	5080	hsm/7902f4e9_5080.txt
5080	5081	hsm/b41234c6_5081.txt
5081	5082	hsm/b62e889c_5082.txt
5082	5083	hsm/f91465c3_5083.txt
5083	5084	hsm/ff95f941_5084.txt
5084	5085	hsm/0054e9e7_5085.txt
5085	5086	hsm/a12cb684_5086.txt
5086	5087	hsm/50857c94_5087.txt
5087	5088	hsm/6a6f4d75_5088.txt
5088	5089	hsm/7d4e7b8d_5089.txt
5089	5090	hsm/32d2dd60_5090.txt
5090	5091	hsm/788ba80c_5091.txt
5091	5092	hsm/11c60181_5092.txt
5092	5093	hsm/27b440ce_5093.txt
5093	5094	hsm/c856a260_5094.txt
5094	5095	hsm/b64c9874_5095.txt
5095	5096	hsm/5f17df69_5096.txt
5096	5097	hsm/3c3f85f6_5097.txt
5097	5098	hsm/877dfe91_5098.txt
5098	5099	hsm/bc8c2b57_5099.txt
5099	5100	hsm/99466fd3_5100.txt
5100	5101	hsm/9227e491_5101.txt
5101	5102	hsm/9531fd24_5102.txt
5102	5103	hsm/56476b15_5103.txt
5103	5104	hsm/6ea9ce3b_5104.txt
5104	5105	hsm/1516b904_5105.txt
5105	5106	hsm/968e6af9_5106.txt
5106	5107	hsm/a4441d64_5107.txt
5107	5108	hsm/bef7617b_5108.txt
5108	5109	hsm/1bccd206_5109.txt
5109	5110	hsm/d9d79fc3_5110.txt
5110	5111	hsm/5e779a23_5111.txt
5111	5112	hsm/3b2b74f9_5112.txt
5112	5113	hsm/ea2621a7_5113.txt
5113	5114	hsm/1eb56db0_5114.txt
5114	5115	hsm/f416636f_5115.txt
5115	5116	hsm/9814fe88_5116.txt
5116	5117	hsm/57371e83_5117.txt
5117	5118	hsm/694e5129_5118.txt
5118	5119	hsm/d6ee9d73_5119.txt
5119	5120	hsm/704f7178_5120.txt
5120	5121	hsm/728d9ce7_5121.txt
5121	5122	hsm/a46bd13a_5122.txt
5122	5123	hsm/864e2aaf_5123.txt
5123	5124	hsm/3cf682d8_5124.txt
5124	5125	hsm/7b226cb6_5125.txt
5125	5126	hsm/dde7447b_5126.txt
5126	5127	hsm/530975ba_5127.txt
5127	5128	hsm/0e1f9c01_5128.txt
5128	5129	hsm/6709f9a7_5129.txt
5129	5130	hsm/fbe38f37_5130.txt
5130	5131	hsm/6660b5ec_5131.txt
5131	5132	hsm/5904d768_5132.txt
5132	5133	hsm/bb7367a7_5133.txt
5133	5134	hsm/695506f1_5134.txt
5134	5135	hsm/0be7b777_5135.txt
5135	5136	hsm/e21a8612_5136.txt
5136	5137	hsm/424743e8_5137.txt
5137	5138	hsm/6e6a19b0_5138.txt
5138	5139	hsm/5616dfc2_5139.txt
5139	5140	hsm/5c93921b_5140.txt
5140	5141	hsm/384b4f70_5141.txt
5141	5142	hsm/f1d2e50e_5142.txt
5142	5143	hsm/244abfb4_5143.txt
5143	5144	hsm/7ef475fa_5144.txt
5144	5145	hsm/e0b47cbb_5145.txt
5145	5146	hsm/ab5e94e3_5146.txt
5146	5147	hsm/f93e904a_5147.txt
5147	5148	hsm/7cfa06dd_5148.txt
5148	5149	hsm/b738da67_5149.txt
5149	5150	hsm/53ca919e_5150.txt
5150	5151	hsm/9cfb4f78_5151.txt
5151	5152	hsm/803cf01d_5152.txt
5152	5153	hsm/2c4ed945_5153.txt
5153	5154	hsm/0735a930_5154.txt
5154	5155	hsm/e1f62e12_5155.txt
5155	5156	hsm/99d62532_5156.txt
5156	5157	hsm/75f71de5_5157.txt
5157	5158	hsm/0e259eb0_5158.txt
5158	5159	hsm/53f65fa2_5159.txt
5159	5160	hsm/81b5c3b1_5160.txt
5160	5161	hsm/292f35a3_5161.txt
5161	5162	hsm/b3b2a306_5162.txt
5162	5163	hsm/88fd310b_5163.txt
5163	5164	hsm/76571a13_5164.txt
5164	5165	hsm/3cdeb807_5165.txt
5165	5166	hsm/8c4662da_5166.txt
5166	5167	hsm/62878f80_5167.txt
5167	5168	hsm/5d869628_5168.txt
5168	5169	hsm/82206a22_5169.txt
5169	5170	hsm/991da848_5170.txt
5170	5171	hsm/ea79f086_5171.txt
5171	5172	hsm/31c9d627_5172.txt
5172	5173	hsm/14aa22f8_5173.txt
5173	5174	hsm/e07d4fd1_5174.txt
5174	5175	hsm/bb4484e7_5175.txt
5175	5176	hsm/33d8a40e_5176.txt
5176	5177	hsm/efb41fa4_5177.txt
5177	5178	hsm/81644b5a_5178.txt
5178	5179	hsm/f32abc90_5179.txt
5179	5180	hsm/c7f91576_5180.txt
5180	5181	hsm/fcb6df36_5181.txt
5181	5182	hsm/0803ba9d_5182.txt
5182	5183	hsm/b0090002_5183.txt
5183	5184	hsm/58886a76_5184.txt
5184	5185	hsm/68a03b08_5185.txt
5185	5186	hsm/42ced1ea_5186.txt
5186	5187	hsm/b5b92692_5187.txt
5187	5188	hsm/fd204135_5188.txt
5188	5189	hsm/7a581a0f_5189.txt
5189	5190	hsm/7536c9cc_5190.txt
5190	5191	hsm/972e73cf_5191.txt
5191	5192	hsm/ea8eb781_5192.txt
5192	5193	hsm/65172743_5193.txt
5193	5194	hsm/6cc7a0d8_5194.txt
5194	5195	hsm/ea79f661_5195.txt
5195	5196	hsm/67ce8c88_5196.txt
5196	5197	hsm/fbecf3ef_5197.txt
5197	5198	hsm/ead048aa_5198.txt
5198	5199	hsm/75b45e59_5199.txt
5199	5200	hsm/81c89bb3_5200.txt
5200	5201	hsm/b77c9d05_5201.txt
5201	5202	hsm/595cf15d_5202.txt
5202	5203	hsm/b7b2a992_5203.txt
5203	5204	hsm/e49563f2_5204.txt
5204	5205	hsm/cd186e24_5205.txt
5205	5206	hsm/c38117f3_5206.txt
5206	5207	hsm/73bc54fa_5207.txt
5207	5208	hsm/4ae9df47_5208.txt
5208	5209	hsm/293eb14c_5209.txt
5209	5210	hsm/e82d3281_5210.txt
5210	5211	hsm/dd9c6797_5211.txt
5211	5212	hsm/bf8b1cc3_5212.txt
5212	5213	hsm/38f41d0f_5213.txt
5213	5214	hsm/4ae0b0c8_5214.txt
5214	5215	hsm/8ce07bca_5215.txt
5215	5216	hsm/1f000d7a_5216.txt
5216	5217	hsm/3e54a7de_5217.txt
5217	5218	hsm/9247987f_5218.txt
5218	5219	hsm/4a6454ef_5219.txt
5219	5220	hsm/85dfaa53_5220.txt
5220	5221	hsm/055712b1_5221.txt
5221	5222	hsm/022e029c_5222.txt
5222	5223	hsm/834568cc_5223.txt
5223	5224	hsm/9ea230a2_5224.txt
5224	5225	hsm/392198c6_5225.txt
5225	5226	hsm/54efa067_5226.txt
5226	5227	hsm/258bc438_5227.txt
5227	5228	hsm/8a67cc46_5228.txt
5228	5229	hsm/c7e764c5_5229.txt
5229	5230	hsm/56280274_5230.txt
5230	5231	hsm/519ee88a_5231.txt
5231	5232	hsm/1519af30_5232.txt
5232	5233	hsm/df52779a_5233.txt
5233	5234	hsm/c314ca86_5234.txt
5234	5235	hsm/c11cf4cf_5235.txt
5235	5236	hsm/c7674392_5236.txt
5236	5237	hsm/99cd15a0_5237.txt
5237	5238	hsm/d66031b7_5238.txt
5238	5239	hsm/fb8c74b4_5239.txt
5239	5240	hsm/a4b5c6be_5240.txt
5240	5241	hsm/90cffcf7_5241.txt
5241	5242	hsm/ac748503_5242.txt
5242	5243	hsm/cba9f42b_5243.txt
5243	5244	hsm/a621a5cc_5244.txt
5244	5245	hsm/dc1c450d_5245.txt
5245	5246	hsm/4816e141_5246.txt
5246	5247	hsm/d63c1398_5247.txt
5247	5248	hsm/14feb3c9_5248.txt
5248	5249	hsm/b31e0181_5249.txt
5249	5250	hsm/1fc7cdcf_5250.txt
5250	5251	hsm/5111ff4b_5251.txt
5251	5252	hsm/7da9925e_5252.txt
5252	5253	hsm/4ccf7a7e_5253.txt
5253	5254	hsm/b55442bb_5254.txt
5254	5255	hsm/d0be2add_5255.txt
5255	5256	hsm/a5c01f2f_5256.txt
5256	5257	hsm/47d4040c_5257.txt
5257	5258	hsm/9359d10c_5258.txt
5258	5259	hsm/3df284f3_5259.txt
5259	5260	hsm/16cb7cc7_5260.txt
5260	5261	hsm/2b9aea0e_5261.txt
5261	5262	hsm/ae97e6eb_5262.txt
5262	5263	hsm/eb806993_5263.txt
5263	5264	hsm/0a04f19f_5264.txt
5264	5265	hsm/c95a0355_5265.txt
5265	5266	hsm/a63a16cb_5266.txt
5266	5267	hsm/5da8eb51_5267.txt
5267	5268	hsm/fe713862_5268.txt
5268	5269	hsm/6c1afefd_5269.txt
5269	5270	hsm/ba76b1db_5270.txt
5270	5271	hsm/b968b8a2_5271.txt
5271	5272	hsm/26538dbf_5272.txt
5272	5273	hsm/9477c575_5273.txt
5273	5274	hsm/51e05c3d_5274.txt
5274	5275	hsm/1fa2de95_5275.txt
5275	5276	hsm/8fd888e5_5276.txt
5276	5277	hsm/0e80bf45_5277.txt
5277	5278	hsm/25735432_5278.txt
5278	5279	hsm/c5555834_5279.txt
5279	5280	hsm/5e60c0f7_5280.txt
5280	5281	hsm/17cd69eb_5281.txt
5281	5282	hsm/47a88beb_5282.txt
5282	5283	hsm/e6070b52_5283.txt
5283	5284	hsm/c6bc9564_5284.txt
5284	5285	hsm/9433c77e_5285.txt
5285	5286	hsm/f6c1b673_5286.txt
5286	5287	hsm/c1adfa01_5287.txt
5287	5288	hsm/9af5b3c3_5288.txt
5288	5289	hsm/54eee1f7_5289.txt
5289	5290	hsm/cc2a0c95_5290.txt
5290	5291	hsm/56dc493d_5291.txt
5291	5292	hsm/f34a4ca3_5292.txt
5292	5293	hsm/3f4310ab_5293.txt
5293	5294	hsm/69f689a3_5294.txt
5294	5295	hsm/0b3b7077_5295.txt
5295	5296	hsm/5f69f14a_5296.txt
5296	5297	hsm/7f3d45d1_5297.txt
5297	5298	hsm/f6d75737_5298.txt
5298	5299	hsm/ba3c8662_5299.txt
5299	5300	hsm/d25c1d83_5300.txt
5300	5301	hsm/5ac565f2_5301.txt
5301	5302	hsm/46088530_5302.txt
5302	5303	hsm/6b6520ca_5303.txt
5303	5304	hsm/7b65294a_5304.txt
5304	5305	hsm/97c607cc_5305.txt
5305	5306	hsm/0d292c4b_5306.txt
5306	5307	hsm/aa401138_5307.txt
5307	5308	hsm/bb3f64ad_5308.txt
5308	5309	hsm/0cedf900_5309.txt
5309	5310	hsm/376caf9a_5310.txt
5310	5311	hsm/8414dff5_5311.txt
5311	5312	hsm/9156c035_5312.txt
5312	5313	hsm/2ddf351d_5313.txt
5313	5314	hsm/deae8db1_5314.txt
5314	5315	hsm/d8ad5ea9_5315.txt
5315	5316	hsm/d8875604_5316.txt
5316	5317	hsm/7caec01a_5317.txt
5317	5318	hsm/4ef85d52_5318.txt
5318	5319	hsm/952d11e7_5319.txt
5319	5320	hsm/02436e75_5320.txt
5320	5321	hsm/fc89e06e_5321.txt
5321	5322	hsm/2a86a7cd_5322.txt
5322	5323	hsm/3af0aad3_5323.txt
5323	5324	hsm/91897641_5324.txt
5324	5325	hsm/3609ffb3_5325.txt
5325	5326	hsm/58ee7b39_5326.txt
5326	5327	hsm/35ef221f_5327.txt
5327	5328	hsm/54842608_5328.txt
5328	5329	hsm/49691cce_5329.txt
5329	5330	hsm/2e62ea11_5330.txt
5330	5331	hsm/9daef82c_5331.txt
5331	5332	hsm/10f1666c_5332.txt
5332	5333	hsm/36850912_5333.txt
5333	5334	hsm/310d0bd9_5334.txt
5334	5335	hsm/9f8fac77_5335.txt
5335	5336	hsm/806014de_5336.txt
5336	5337	hsm/5bc42f46_5337.txt
5337	5338	hsm/c86fee7c_5338.txt
5338	5339	hsm/e80d0134_5339.txt
5339	5340	hsm/2527d1b7_5340.txt
5340	5341	hsm/29078196_5341.txt
5341	5342	hsm/4a0b3415_5342.txt
5342	5343	hsm/c46039ec_5343.txt
5343	5344	hsm/340c7c92_5344.txt
5344	5345	hsm/a4216ae7_5345.txt
5345	5346	hsm/edc9e70c_5346.txt
5346	5347	hsm/bed7c8bb_5347.txt
5347	5348	hsm/c9125665_5348.txt
5348	5349	hsm/f9a2746f_5349.txt
5349	5350	hsm/f4bc4295_5350.txt
5350	5351	hsm/3a9b2b1a_5351.txt
5351	5352	hsm/8d392c7d_5352.txt
5352	5353	hsm/77ce9571_5353.txt
5353	5354	hsm/e37d53c6_5354.txt
5354	5355	hsm/80b4e2e3_5355.txt
5355	5356	hsm/77296d58_5356.txt
5356	5357	hsm/942df4f3_5357.txt
5357	5358	hsm/5b4bf72e_5358.txt
5358	5359	hsm/96bcbbe1_5359.txt
5359	5360	hsm/1389fabe_5360.txt
5360	5361	hsm/8b95374e_5361.txt
5361	5362	hsm/8d19519a_5362.txt
5362	5363	hsm/33074e10_5363.txt
5363	5364	hsm/229b9082_5364.txt
5364	5365	hsm/2f8dab1c_5365.txt
5365	5366	hsm/27969978_5366.txt
5366	5367	hsm/71ee4ffe_5367.txt
5367	5368	hsm/07fa9425_5368.txt
5368	5369	hsm/455ac0fc_5369.txt
5369	5370	hsm/bb8f0e9f_5370.txt
5370	5371	hsm/5ff8efba_5371.txt
5371	5372	hsm/e0947494_5372.txt
5372	5373	hsm/99db2230_5373.txt
5373	5374	hsm/9575cea8_5374.txt
5374	5375	hsm/36724560_5375.txt
5375	5376	hsm/9c0ccbed_5376.txt
5376	5377	hsm/ff50cb01_5377.txt
5377	5378	hsm/4974bd1c_5378.txt
5378	5379	hsm/4f1f1244_5379.txt
5379	5380	hsm/3d8adff6_5380.txt
5380	5381	hsm/0388a075_5381.txt
5381	5382	hsm/5486d1aa_5382.txt
5382	5383	hsm/fd68c07c_5383.txt
5383	5384	hsm/c1b494ca_5384.txt
5384	5385	hsm/4894be4c_5385.txt
5385	5386	hsm/83154571_5386.txt
5386	5387	hsm/03385158_5387.txt
5387	5388	hsm/2ead74f8_5388.txt
5388	5389	hsm/505c786c_5389.txt
5389	5390	hsm/240b9ec4_5390.txt
5390	5391	hsm/e1a6196a_5391.txt
5391	5392	hsm/fd68c95a_5392.txt
5392	5393	hsm/1f532aa0_5393.txt
5393	5394	hsm/61ae4678_5394.txt
5394	5395	hsm/b764339c_5395.txt
5395	5396	hsm/abe68cf5_5396.txt
5396	5397	hsm/ed112e45_5397.txt
5397	5398	hsm/3f9a44f9_5398.txt
5398	5399	hsm/f8a33669_5399.txt
5399	5400	hsm/590aef4a_5400.txt
5400	5401	hsm/c2dd05d3_5401.txt
5401	5402	hsm/be90942c_5402.txt
5402	5403	hsm/90e2a83b_5403.txt
5403	5404	hsm/fe32625d_5404.txt
5404	5405	hsm/96135eb2_5405.txt
5405	5406	hsm/e3258e81_5406.txt
5406	5407	hsm/8fc6f0a9_5407.txt
5407	5408	hsm/dd62e032_5408.txt
5408	5409	hsm/f2d3e1fe_5409.txt
5409	5410	hsm/ba80c544_5410.txt
5410	5411	hsm/332e62c7_5411.txt
5411	5412	hsm/c111a5af_5412.txt
5412	5413	hsm/d7037eb7_5413.txt
5413	5414	hsm/f1f307bc_5414.txt
5414	5415	hsm/e58d29fe_5415.txt
5415	5416	hsm/e65eff6f_5416.txt
5416	5417	hsm/457ab675_5417.txt
5417	5418	hsm/10f38532_5418.txt
5418	5419	hsm/fece08b9_5419.txt
5419	5420	hsm/3ee7afbd_5420.txt
5420	5421	hsm/399d3502_5421.txt
5421	5422	hsm/6c85cef6_5422.txt
5422	5423	hsm/39f7e5a1_5423.txt
5423	5424	hsm/2ddd6e2d_5424.txt
5424	5425	hsm/977f7ff7_5425.txt
5425	5426	hsm/d3d13a71_5426.txt
5426	5427	hsm/8c6e6728_5427.txt
5427	5428	hsm/01a3d7e8_5428.txt
5428	5429	hsm/29c014a8_5429.txt
5429	5430	hsm/46c2be08_5430.txt
5430	5431	hsm/38116a1f_5431.txt
5431	5432	hsm/e36cd663_5432.txt
5432	5433	hsm/a4ef593b_5433.txt
5433	5434	hsm/ee6a5ad4_5434.txt
5434	5435	hsm/5b6e92d9_5435.txt
5435	5436	hsm/71831c97_5436.txt
5436	5437	hsm/92fc9342_5437.txt
5437	5438	hsm/3507bfc6_5438.txt
5438	5439	hsm/1bd878ed_5439.txt
5439	5440	hsm/4ccb0360_5440.txt
5440	5441	hsm/626f4de0_5441.txt
5441	5442	hsm/ea02da4c_5442.txt
5442	5443	hsm/17bb2ecc_5443.txt
5443	5444	hsm/47e12923_5444.txt
5444	5445	hsm/4192a03d_5445.txt
5445	5446	hsm/c6759deb_5446.txt
5446	5447	hsm/01ca844d_5447.txt
5447	5448	hsm/2f3f54b4_5448.txt
5448	5449	hsm/a89a5775_5449.txt
5449	5450	hsm/4573de7f_5450.txt
5450	5451	hsm/fe8cfe62_5451.txt
5451	5452	hsm/d88f59ad_5452.txt
5452	5453	hsm/25530de3_5453.txt
5453	5454	hsm/ffa23d68_5454.txt
5454	5455	hsm/b242d6e4_5455.txt
5455	5456	hsm/8eca5b87_5456.txt
5456	5457	hsm/5207165b_5457.txt
5457	5458	hsm/43652a1c_5458.txt
5458	5459	hsm/6b7178ce_5459.txt
5459	5460	hsm/06327b74_5460.txt
5460	5461	hsm/928edb31_5461.txt
5461	5462	hsm/326f2a4f_5462.txt
5462	5463	hsm/06067579_5463.txt
5463	5464	hsm/45772bb5_5464.txt
5464	5465	hsm/6fac336b_5465.txt
5465	5466	hsm/3673af95_5466.txt
5466	5467	hsm/18f70726_5467.txt
5467	5468	hsm/a05cf40b_5468.txt
5468	5469	hsm/68fba1ee_5469.txt
5469	5470	hsm/8c1b75c0_5470.txt
5470	5471	hsm/7d0ea421_5471.txt
5471	5472	hsm/5601937d_5472.txt
5472	5473	hsm/de4b65ef_5473.txt
5473	5474	hsm/c11d4341_5474.txt
5474	5475	hsm/b9b4a0f1_5475.txt
5475	5476	hsm/05eb93ee_5476.txt
5476	5477	hsm/3ef76c53_5477.txt
5477	5478	hsm/674c76ad_5478.txt
5478	5479	hsm/2434affc_5479.txt
5479	5480	hsm/6fbc1f3d_5480.txt
5480	5481	hsm/111244dc_5481.txt
5481	5482	hsm/487bd150_5482.txt
5482	5483	hsm/2c847b62_5483.txt
5483	5484	hsm/6d8ead06_5484.txt
5484	5485	hsm/ce5d3740_5485.txt
5485	5486	hsm/b52b1eb8_5486.txt
5486	5487	hsm/1f376984_5487.txt
5487	5488	hsm/3a2e1bbf_5488.txt
5488	5489	hsm/3b36ef42_5489.txt
5489	5490	hsm/89826544_5490.txt
5490	5491	hsm/24087628_5491.txt
5491	5492	hsm/acb1679f_5492.txt
5492	5493	hsm/f8bfd4b8_5493.txt
5493	5494	hsm/cc6a368e_5494.txt
5494	5495	hsm/4bf78aaa_5495.txt
5495	5496	hsm/66631af0_5496.txt
5496	5497	hsm/34475ffe_5497.txt
5497	5498	hsm/28134784_5498.txt
5498	5499	hsm/516f871e_5499.txt
5499	5500	hsm/eaa1d6e8_5500.txt
5500	5501	hsm/bb4ceaa1_5501.txt
5501	5502	hsm/8e2e0bf7_5502.txt
5502	5503	hsm/d42e87bf_5503.txt
5503	5504	hsm/63afc233_5504.txt
5504	5505	hsm/f484549e_5505.txt
5505	5506	hsm/8af1667d_5506.txt
5506	5507	hsm/4c4bcacf_5507.txt
5507	5508	hsm/da297324_5508.txt
5508	5509	hsm/1e48110a_5509.txt
5509	5510	hsm/2b04e64d_5510.txt
5510	5511	hsm/a2a27ab7_5511.txt
5511	5512	hsm/a929466d_5512.txt
5512	5513	hsm/7288d816_5513.txt
5513	5514	hsm/88ee30ea_5514.txt
5514	5515	hsm/5c075020_5515.txt
5515	5516	hsm/b296509f_5516.txt
5516	5517	hsm/0db60c60_5517.txt
5517	5518	hsm/342ad4e1_5518.txt
5518	5519	hsm/8904fe72_5519.txt
5519	5520	hsm/01e1e2aa_5520.txt
5520	5521	hsm/3e4bbc92_5521.txt
5521	5522	hsm/115a629e_5522.txt
5522	5523	hsm/89df5448_5523.txt
5523	5524	hsm/e3756c9f_5524.txt
5524	5525	hsm/f4241928_5525.txt
5525	5526	hsm/78ba3e12_5526.txt
5526	5527	hsm/00a59a63_5527.txt
5527	5528	hsm/0d9bd937_5528.txt
5528	5529	hsm/f45bce06_5529.txt
5529	5530	hsm/ba47c1fe_5530.txt
5530	5531	hsm/38e6306c_5531.txt
5531	5532	hsm/a8b09332_5532.txt
5532	5533	hsm/2e15ab4a_5533.txt
5533	5534	hsm/ada11007_5534.txt
5534	5535	hsm/9e48bbc5_5535.txt
5535	5536	hsm/8d2e016c_5536.txt
5536	5537	hsm/337f583b_5537.txt
5537	5538	hsm/bc8c2b57_5538.txt
5538	5539	hsm/e2c445b3_5539.txt
5539	5540	hsm/8402963a_5540.txt
5540	5541	hsm/f3e39eff_5541.txt
5541	5542	hsm/85521d49_5542.txt
5542	5543	hsm/0cc26ef6_5543.txt
5543	5544	hsm/ee0323c2_5544.txt
5544	5545	hsm/4798e110_5545.txt
5545	5546	hsm/0bab500e_5546.txt
5546	5547	hsm/aea3b537_5547.txt
5547	5548	hsm/3c41ba8b_5548.txt
5548	5549	hsm/8916228d_5549.txt
5549	5550	hsm/596102d1_5550.txt
5550	5551	hsm/3870f898_5551.txt
5551	5552	hsm/d641eddc_5552.txt
5552	5553	hsm/b03780af_5553.txt
5553	5554	hsm/f305facf_5554.txt
5554	5555	hsm/de4d3711_5555.txt
5555	5556	hsm/0476a778_5556.txt
5556	5557	hsm/ca4f42b6_5557.txt
5557	5558	hsm/927e6319_5558.txt
5558	5559	hsm/6346eb1c_5559.txt
5559	5560	hsm/f1f34638_5560.txt
5560	5561	hsm/eded1455_5561.txt
5561	5562	hsm/69e42417_5562.txt
5562	5563	hsm/d979cfd6_5563.txt
5563	5564	hsm/8bfaf2d2_5564.txt
5564	5565	hsm/d811d2df_5565.txt
5565	5566	hsm/b1e8fd8d_5566.txt
5566	5567	hsm/12ae2dce_5567.txt
5567	5568	hsm/b61c8702_5568.txt
5568	5569	hsm/9cf1e8df_5569.txt
5569	5570	hsm/e1bf923b_5570.txt
5570	5571	hsm/5cde1b11_5571.txt
5571	5572	hsm/d995242c_5572.txt
5572	5573	hsm/bb613890_5573.txt
5573	5574	hsm/62a62045_5574.txt
5574	5575	hsm/7a1410ad_5575.txt
5575	5576	hsm/fdb25c12_5576.txt
5576	5577	hsm/c80a913d_5577.txt
5577	5578	hsm/4837ba85_5578.txt
5578	5579	hsm/b723937b_5579.txt
5579	5580	hsm/752ff1bc_5580.txt
5580	5581	hsm/d3a6e885_5581.txt
5581	5582	hsm/17e4b863_5582.txt
5582	5583	hsm/225873c2_5583.txt
5583	5584	hsm/e533f765_5584.txt
5584	5585	hsm/7918abf4_5585.txt
5585	5586	hsm/937f9161_5586.txt
5586	5587	hsm/2ba78a1b_5587.txt
5587	5588	hsm/dfa3bda6_5588.txt
5588	5589	hsm/88e048eb_5589.txt
5589	5590	hsm/905c5b7d_5590.txt
5590	5591	hsm/f9ad5690_5591.txt
5591	5592	hsm/f088449d_5592.txt
5592	5593	hsm/fe52a49b_5593.txt
5593	5594	hsm/e5176195_5594.txt
5594	5595	hsm/7af05b9c_5595.txt
5595	5596	hsm/701962b1_5596.txt
5596	5597	hsm/6845041b_5597.txt
5597	5598	hsm/91684824_5598.txt
5598	5599	hsm/1e457fbd_5599.txt
5599	5600	hsm/806c4df6_5600.txt
5600	5601	hsm/88f16d5f_5601.txt
5601	5602	hsm/fce88661_5602.txt
5602	5603	hsm/25e177f2_5603.txt
5603	5604	hsm/25e177f2_5604.txt
5604	5605	hsm/832bc659_5605.txt
5605	5606	hsm/2a6e7557_5606.txt
5606	5607	hsm/7a1ecc7b_5607.txt
5607	5608	hsm/77bc4012_5608.txt
5608	5609	hsm/5894dd43_5609.txt
5609	5610	hsm/d9fc933f_5610.txt
5610	5611	hsm/230c0c28_5611.txt
5611	5612	hsm/1253fe62_5612.txt
5612	5613	hsm/b9a320f1_5613.txt
5613	5614	hsm/c0297c66_5614.txt
5614	5615	hsm/58244662_5615.txt
5615	5616	hsm/26193aa9_5616.txt
5616	5617	hsm/00d58017_5617.txt
5617	5618	hsm/2f1e2061_5618.txt
5618	5619	hsm/05c55314_5619.txt
5619	5620	hsm/c53dfb11_5620.txt
5620	5621	hsm/b8ef3dcc_5621.txt
5621	5622	hsm/672a5209_5622.txt
5622	5623	hsm/d6a8a96a_5623.txt
5623	5624	hsm/d6a8a96a_5624.txt
5624	5625	hsm/cd19603c_5625.txt
5625	5626	hsm/d6a8a96a_5626.txt
5626	5627	hsm/62c6ff29_5627.txt
5627	5628	hsm/0b1e7f23_5628.txt
5628	5629	hsm/d28760cc_5629.txt
5629	5630	hsm/0372907c_5630.txt
5630	5631	hsm/ff7f8294_5631.txt
5631	5632	hsm/1999073d_5632.txt
5632	5633	hsm/365a0120_5633.txt
5633	5634	hsm/1bc5b133_5634.txt
5634	5635	hsm/4c6661ca_5635.txt
5635	5636	hsm/a4d1f4f6_5636.txt
5636	5637	hsm/1f0cf159_5637.txt
5637	5638	hsm/a0d18638_5638.txt
5638	5639	hsm/6ad442e6_5639.txt
5639	5640	hsm/c85e03dc_5640.txt
5640	5641	hsm/d92d9480_5641.txt
5641	5642	hsm/83434173_5642.txt
5642	5643	hsm/a9353a42_5643.txt
5643	5644	hsm/77c269f4_5644.txt
5644	5645	hsm/e6671db4_5645.txt
5645	5646	hsm/182286b1_5646.txt
5646	5647	hsm/44bf0520_5647.txt
5647	5648	hsm/a9d50e5b_5648.txt
5648	5649	hsm/e985d5bf_5649.txt
5649	5650	hsm/bc47e26c_5650.txt
5650	5651	hsm/f4d5d72b_5651.txt
5651	5652	hsm/3472382c_5652.txt
5652	5653	hsm/8350d57c_5653.txt
5653	5654	hsm/8350d57c_5654.txt
5654	5655	hsm/37430cb6_5655.txt
5655	5656	hsm/d7b51515_5656.txt
5656	5657	hsm/7cb0cb8a_5657.txt
5657	5658	hsm/c23bc0c4_5658.txt
5658	5659	hsm/1639d313_5659.txt
5659	5660	hsm/30ee45ff_5660.txt
5660	5661	hsm/d5440745_5661.txt
5661	5662	hsm/648b5b5a_5662.txt
5662	5663	hsm/9e336254_5663.txt
5663	5664	hsm/3173cf0c_5664.txt
5664	5665	hsm/70adf2d6_5665.txt
5665	5666	hsm/c85e03dc_5666.txt
5666	5667	hsm/0c998a6d_5667.txt
5667	5668	hsm/8b905134_5668.txt
5668	5669	hsm/36bba3ae_5669.txt
5669	5670	hsm/5429035c_5670.txt
5670	5671	hsm/4d10935c_5671.txt
5671	5672	hsm/a0c75679_5672.txt
5672	5673	hsm/4f9a015c_5673.txt
5673	5674	hsm/93aca600_5674.txt
5674	5675	hsm/90ef11f9_5675.txt
5675	5676	hsm/d0d2f195_5676.txt
5676	5677	hsm/4a3d1f96_5677.txt
5677	5678	hsm/3fe5b863_5678.txt
5678	5679	hsm/5fe71840_5679.txt
5679	5680	hsm/41284c76_5680.txt
5680	5681	hsm/b8dacfc0_5681.txt
5681	5682	hsm/60ab5a35_5682.txt
5682	5683	hsm/fd3a818d_5683.txt
5683	5684	hsm/30a91512_5684.txt
5684	5685	hsm/b2f1ac55_5685.txt
5685	5686	hsm/1f31ba30_5686.txt
5686	5687	hsm/69180a08_5687.txt
5687	5688	hsm/c255a6a3_5688.txt
5688	5689	hsm/c255a6a3_5689.txt
5689	5690	hsm/9431c5bd_5690.txt
5690	5691	hsm/783239c5_5691.txt
5691	5692	hsm/64bd1925_5692.txt
5692	5693	hsm/d93f09c5_5693.txt
5693	5694	hsm/7582c457_5694.txt
5694	5695	hsm/26a8f231_5695.txt
5695	5696	hsm/13983f47_5696.txt
5696	5697	hsm/45525d29_5697.txt
5697	5698	hsm/baf2a074_5698.txt
5698	5699	hsm/9eae0800_5699.txt
5699	5700	hsm/f88af4ee_5700.txt
5700	5701	hsm/5e011353_5701.txt
5701	5702	hsm/42705939_5702.txt
5702	5703	hsm/e3d17d38_5703.txt
5703	5704	hsm/f67e6d74_5704.txt
5704	5705	hsm/64fadfe8_5705.txt
5705	5706	hsm/dd3626c5_5706.txt
5706	5707	hsm/158c0b5d_5707.txt
5707	5708	hsm/7536c9cc_5708.txt
5708	5709	hsm/972e73cf_5709.txt
5709	5710	hsm/ea8eb781_5710.txt
5710	5711	hsm/65172743_5711.txt
5711	5712	hsm/6cc7a0d8_5712.txt
5712	5713	hsm/ea79f661_5713.txt
5713	5714	hsm/67ce8c88_5714.txt
5714	5715	hsm/fbecf3ef_5715.txt
5715	5716	hsm/ead048aa_5716.txt
5716	5717	hsm/75b45e59_5717.txt
5717	5718	hsm/81c89bb3_5718.txt
5718	5719	hsm/b77c9d05_5719.txt
5719	5720	hsm/595cf15d_5720.txt
5720	5721	hsm/b7b2a992_5721.txt
5721	5722	hsm/e49563f2_5722.txt
5722	5723	hsm/cd186e24_5723.txt
5723	5724	hsm/c38117f3_5724.txt
5724	5725	hsm/73bc54fa_5725.txt
5725	5726	hsm/4ae9df47_5726.txt
5726	5727	hsm/293eb14c_5727.txt
5727	5728	hsm/e82d3281_5728.txt
5728	5729	hsm/dd9c6797_5729.txt
5729	5730	hsm/bf8b1cc3_5730.txt
5730	5731	hsm/38f41d0f_5731.txt
5731	5732	hsm/4ae0b0c8_5732.txt
5732	5733	hsm/8ce07bca_5733.txt
5733	5734	hsm/1f000d7a_5734.txt
5734	5735	hsm/2a6ee34f_5735.txt
5735	5736	hsm/5e54b144_5736.txt
5736	5737	hsm/34805ee8_5737.txt
5737	5738	hsm/53fc2433_5738.txt
5738	5739	hsm/f4f24e0a_5739.txt
5739	5740	hsm/041661d0_5740.txt
5740	5741	hsm/4f55282b_5741.txt
5741	5742	hsm/7a56a545_5742.txt
5742	5743	hsm/517a4977_5743.txt
5743	5744	hsm/bfd1b028_5744.txt
5744	5745	hsm/085b8fe1_5745.txt
5745	5746	hsm/ad6fb5ac_5746.txt
5746	5747	hsm/a1184554_5747.txt
5747	5748	hsm/76fa54bb_5748.txt
5748	5749	hsm/ac51a627_5749.txt
5749	5750	hsm/d47d5621_5750.txt
5750	5751	hsm/43ce2955_5751.txt
5751	5752	hsm/b68fb9a4_5752.txt
5752	5753	hsm/e684d52a_5753.txt
5753	5754	hsm/9562f442_5754.txt
5754	5755	hsm/5e06aaa1_5755.txt
5755	5756	hsm/692247b2_5756.txt
5756	5757	hsm/a7e54c88_5757.txt
5757	5758	hsm/c49d75e9_5758.txt
5758	5759	hsm/ab984d85_5759.txt
5759	5760	hsm/c89c168d_5760.txt
5760	5761	hsm/ab984d85_5761.txt
5761	5762	hsm/a1131070_5762.txt
5762	5763	hsm/7ab43a73_5763.txt
5763	5764	hsm/d0baf469_5764.txt
5764	5765	hsm/9364de63_5765.txt
5765	5766	hsm/8d263a3f_5766.txt
5766	5767	hsm/e82b3edf_5767.txt
5767	5768	hsm/6901ed23_5768.txt
5768	5769	hsm/0a8f915e_5769.txt
5769	5770	hsm/08884297_5770.txt
5770	5771	hsm/5c14579b_5771.txt
5771	5772	hsm/8c576d9a_5772.txt
5772	5773	hsm/9d51247d_5773.txt
5773	5774	hsm/7979a2d7_5774.txt
5774	5775	hsm/93bf22c5_5775.txt
5775	5776	hsm/b4cae244_5776.txt
5776	5777	hsm/6b7f461e_5777.txt
5777	5778	hsm/44bc9965_5778.txt
5778	5779	hsm/ac3d7937_5779.txt
5779	5780	hsm/fc631967_5780.txt
5780	5781	hsm/5da3b0e6_5781.txt
5781	5782	hsm/33be0ceb_5782.txt
5782	5783	hsm/61243194_5783.txt
5783	5784	hsm/512d5b98_5784.txt
5784	5785	hsm/ef35cb37_5785.txt
5785	5786	hsm/ef5c4b63_5786.txt
5786	5787	hsm/a4a26b4e_5787.txt
5787	5788	hsm/45d0d17d_5788.txt
5788	5789	hsm/df5ca27b_5789.txt
5789	5790	hsm/2eed9811_5790.txt
5790	5791	hsm/8c16f382_5791.txt
5791	5792	hsm/9640f391_5792.txt
5792	5793	hsm/8ec8b53f_5793.txt
5793	5794	hsm/25552c0e_5794.txt
5794	5795	hsm/a4b68289_5795.txt
5795	5796	hsm/8b8504b0_5796.txt
5796	5797	hsm/85f4bad0_5797.txt
5797	5798	hsm/e5f92c8a_5798.txt
5798	5799	hsm/d82110ec_5799.txt
5799	5800	hsm/538ee73d_5800.txt
5800	5801	hsm/1b4c1b36_5801.txt
5801	5802	hsm/7a46cfdd_5802.txt
5802	5803	hsm/8048348e_5803.txt
5803	5804	hsm/d89564e3_5804.txt
5804	5805	hsm/0227ccc8_5805.txt
5805	5806	hsm/1d6944ab_5806.txt
5806	5807	hsm/797be621_5807.txt
5807	5808	hsm/63f6bb69_5808.txt
5808	5809	hsm/76780390_5809.txt
5809	5810	hsm/0239ecab_5810.txt
5810	5811	hsm/34611f8c_5811.txt
5811	5812	hsm/c91855de_5812.txt
5812	5813	hsm/d49e1b0b_5813.txt
5813	5814	hsm/6b94cad1_5814.txt
5814	5815	hsm/17489e24_5815.txt
5815	5816	hsm/5748b5b1_5816.txt
5816	5817	hsm/4ec43ac0_5817.txt
5817	5818	hsm/069c1a30_5818.txt
5818	5819	hsm/55130d7c_5819.txt
5819	5820	hsm/a6936908_5820.txt
5820	5821	hsm/4bc9ea93_5821.txt
5821	5822	hsm/adaf90d7_5822.txt
5822	5823	hsm/f6eecb69_5823.txt
5823	5824	hsm/ba810090_5824.txt
5824	5825	hsm/2bd92816_5825.txt
5825	5826	hsm/56f34865_5826.txt
5826	5827	hsm/08416f1e_5827.txt
5827	5828	hsm/7148098c_5828.txt
5828	5829	hsm/0b973e0a_5829.txt
5829	5830	hsm/b4e64218_5830.txt
5830	5831	hsm/53bd11b8_5831.txt
5831	5832	hsm/22c072c7_5832.txt
5832	5833	hsm/abcc0dd7_5833.txt
5833	5834	hsm/3cab036b_5834.txt
5834	5835	hsm/5b4bf72e_5835.txt
5835	5836	hsm/96bcbbe1_5836.txt
5836	5837	hsm/1389fabe_5837.txt
5837	5838	hsm/8b95374e_5838.txt
5838	5839	hsm/8d19519a_5839.txt
5839	5840	hsm/33074e10_5840.txt
5840	5841	hsm/229b9082_5841.txt
5841	5842	hsm/2f8dab1c_5842.txt
5842	5843	hsm/27969978_5843.txt
5843	5844	hsm/71ee4ffe_5844.txt
5844	5845	hsm/07fa9425_5845.txt
5845	5846	hsm/455ac0fc_5846.txt
5846	5847	hsm/bb8f0e9f_5847.txt
5847	5848	hsm/5ff8efba_5848.txt
5848	5849	hsm/e0947494_5849.txt
5849	5850	hsm/99db2230_5850.txt
5850	5851	hsm/9575cea8_5851.txt
5851	5852	hsm/36724560_5852.txt
5852	5853	hsm/9c0ccbed_5853.txt
5853	5854	hsm/ff50cb01_5854.txt
5854	5855	hsm/4974bd1c_5855.txt
5855	5856	hsm/4f1f1244_5856.txt
5856	5857	hsm/3d8adff6_5857.txt
5857	5858	hsm/0388a075_5858.txt
5858	5859	hsm/5486d1aa_5859.txt
5859	5860	hsm/fd68c07c_5860.txt
5860	5861	hsm/c1b494ca_5861.txt
5861	5862	hsm/d1c8ebf4_5862.txt
5862	5863	hsm/be58fbf3_5863.txt
5863	5864	hsm/d19090f8_5864.txt
5864	5865	hsm/f50b2223_5865.txt
5865	5866	hsm/67f8dd1a_5866.txt
5866	5867	hsm/6768722d_5867.txt
5867	5868	hsm/300b74e1_5868.txt
5868	5869	hsm/d6ba7e06_5869.txt
5869	5870	hsm/ab852ff6_5870.txt
5870	5871	hsm/b63481f4_5871.txt
5871	5872	hsm/3092d2de_5872.txt
5872	5873	hsm/2c5c4261_5873.txt
5873	5874	hsm/f31c9ffe_5874.txt
5874	5875	hsm/1a63f287_5875.txt
5875	5876	hsm/ea1ec443_5876.txt
5876	5877	hsm/1b0e4ad9_5877.txt
5877	5878	hsm/fc733334_5878.txt
5878	5879	hsm/202f663a_5879.txt
5879	5880	hsm/59ba2cd0_5880.txt
5880	5881	hsm/e43f9fd6_5881.txt
5881	5882	hsm/9268ec48_5882.txt
5882	5883	hsm/caea088d_5883.txt
5883	5884	hsm/e7556034_5884.txt
5884	5885	hsm/1ebdd8e7_5885.txt
5885	5886	hsm/ee72455d_5886.txt
5886	5887	hsm/40ea5c6d_5887.txt
5887	5888	hsm/f65ce09f_5888.txt
5888	5889	hsm/f213a60c_5889.txt
5889	5890	hsm/19cd75f7_5890.txt
5890	5891	hsm/a15181bc_5891.txt
5891	5892	hsm/74adb26f_5892.txt
5892	5893	hsm/b2e01851_5893.txt
5893	5894	hsm/b1b3b4bc_5894.txt
5894	5895	hsm/2a508f12_5895.txt
5895	5896	hsm/d507b9e6_5896.txt
5896	5897	hsm/18fdedba_5897.txt
5897	5898	hsm/8d084ab4_5898.txt
5898	5899	hsm/cb038a7a_5899.txt
5899	5900	hsm/486daabb_5900.txt
5900	5901	hsm/5b0a04e3_5901.txt
5901	5902	hsm/0c63420b_5902.txt
5902	5903	hsm/806608fb_5903.txt
5903	5904	hsm/7bb7c2ca_5904.txt
5904	5905	hsm/08ddcd9f_5905.txt
5905	5906	hsm/013040c3_5906.txt
5906	5907	hsm/aec382cf_5907.txt
5907	5908	hsm/a3a6cbf9_5908.txt
5908	5909	hsm/7acf2706_5909.txt
5909	5910	hsm/f261683e_5910.txt
5910	5911	hsm/1ac9cac1_5911.txt
5911	5912	hsm/cdd25333_5912.txt
5912	5913	hsm/57cefb13_5913.txt
5913	5914	hsm/ab02d180_5914.txt
5914	5915	hsm/3c3827f4_5915.txt
5915	5916	hsm/86dd00d2_5916.txt
5916	5917	hsm/312487c3_5917.txt
5917	5918	hsm/481dabe8_5918.txt
5918	5919	hsm/78bc125a_5919.txt
5919	5920	hsm/5a4662c4_5920.txt
5920	5921	hsm/4b1622e3_5921.txt
5921	5922	hsm/53082cef_5922.txt
5922	5923	hsm/3fe58cad_5923.txt
5923	5924	hsm/0cb636d4_5924.txt
5924	5925	hsm/9d145935_5925.txt
5925	5926	hsm/11637cd7_5926.txt
5926	5927	hsm/9b41f49a_5927.txt
5927	5928	hsm/b1e91217_5928.txt
5928	5929	hsm/6d204623_5929.txt
5929	5930	hsm/e9c3ed3c_5930.txt
5930	5931	hsm/d1fe4d2e_5931.txt
5931	5932	hsm/5c88c495_5932.txt
5932	5933	hsm/4f254768_5933.txt
5933	5934	hsm/dce3e274_5934.txt
5934	5935	hsm/4f973f14_5935.txt
5935	5936	hsm/b42cddc3_5936.txt
5936	5937	hsm/92cc8266_5937.txt
5937	5938	hsm/6a77ff10_5938.txt
5938	5939	hsm/1313286c_5939.txt
5939	5940	hsm/a78f7e55_5940.txt
5940	5941	hsm/8cdc54ff_5941.txt
5941	5942	hsm/e6fe5bd6_5942.txt
5942	5943	hsm/7867bf92_5943.txt
5943	5944	hsm/b3c35f9b_5944.txt
5944	5945	hsm/4e26f4b8_5945.txt
5945	5946	hsm/d5d2b79e_5946.txt
5946	5947	hsm/3b14f946_5947.txt
5947	5948	hsm/c46f00db_5948.txt
5948	5949	hsm/204d6803_5949.txt
5949	5950	hsm/269849b4_5950.txt
5950	5951	hsm/e5e58f6e_5951.txt
5951	5952	hsm/e80c7ab1_5952.txt
5952	5953	hsm/7ebbf8fe_5953.txt
5953	5954	hsm/7a549d28_5954.txt
5954	5955	hsm/c7cb073d_5955.txt
5955	5956	hsm/6a4da083_5956.txt
5956	5957	hsm/8949c108_5957.txt
5957	5958	hsm/1053d67e_5958.txt
5958	5959	hsm/e11b16a3_5959.txt
5959	5960	hsm/4bba439a_5960.txt
5960	5961	hsm/213fd6d5_5961.txt
5961	5962	hsm/d789d9e5_5962.txt
5962	5963	hsm/8b9ba407_5963.txt
5963	5964	hsm/9c98bb4c_5964.txt
5964	5965	hsm/4b1bd525_5965.txt
5965	5966	hsm/476bd573_5966.txt
5966	5967	hsm/f4d7573d_5967.txt
5967	5968	hsm/8239eb27_5968.txt
5968	5969	hsm/9432a36f_5969.txt
5969	5970	hsm/9c832bb9_5970.txt
5970	5971	hsm/c586a5bb_5971.txt
5971	5972	hsm/0e39af16_5972.txt
5972	5973	hsm/b504d547_5973.txt
5973	5974	hsm/1fd84a85_5974.txt
5974	5975	hsm/6d6116fa_5975.txt
5975	5976	hsm/6128942e_5976.txt
5976	5977	hsm/cc383ae7_5977.txt
5977	5978	hsm/02edce45_5978.txt
5978	5979	hsm/776ef5c2_5979.txt
5979	5980	hsm/9f294d23_5980.txt
5980	5981	hsm/bed6f252_5981.txt
5981	5982	hsm/43ce2955_5982.txt
5982	5983	hsm/069940bd_5983.txt
5983	5984	hsm/e684d52a_5984.txt
5984	5985	hsm/3cdeb807_5985.txt
5985	5986	hsm/c2c9765a_5986.txt
5986	5987	hsm/1e320b39_5987.txt
5987	5988	hsm/5bf77281_5988.txt
5988	5989	hsm/3a4c6e8d_5989.txt
5989	5990	hsm/fe15ae4b_5990.txt
5990	5991	hsm/7804de35_5991.txt
5991	5992	hsm/1cbb59e6_5992.txt
5992	5993	hsm/3624942b_5993.txt
5993	5994	hsm/73be282e_5994.txt
5994	5995	hsm/f895b88b_5995.txt
5995	5996	hsm/d88097a1_5996.txt
5996	5997	hsm/03ff0f2a_5997.txt
5997	5998	hsm/3528e26f_5998.txt
5998	5999	hsm/a4bdccd6_5999.txt
5999	6000	hsm/f46ea1c9_6000.txt
6000	6001	hsm/2c38d4fb_6001.txt
6001	6002	hsm/a543e86e_6002.txt
6002	6003	hsm/4b003003_6003.txt
6003	6004	hsm/6b98ed5b_6004.txt
6004	6005	hsm/8a6b0572_6005.txt
6005	6006	hsm/c5fe926b_6006.txt
6006	6007	hsm/387e440d_6007.txt
6007	6008	hsm/1b5f0843_6008.txt
6008	6009	hsm/955634e1_6009.txt
6009	6010	hsm/9b0b710c_6010.txt
6010	6011	hsm/3d4231b9_6011.txt
6011	6012	hsm/f07902a4_6012.txt
6012	6013	hsm/9f32796c_6013.txt
6013	6014	hsm/f2ca3763_6014.txt
6014	6015	hsm/2be5485a_6015.txt
6015	6016	hsm/eaef0fa7_6016.txt
6016	6017	hsm/6e366a81_6017.txt
6017	6018	hsm/99bcb802_6018.txt
6018	6019	hsm/139cd5a9_6019.txt
6019	6020	hsm/a72a0d29_6020.txt
6020	6021	hsm/26df508b_6021.txt
6021	6022	hsm/03eb984b_6022.txt
6022	6023	hsm/a137f27f_6023.txt
6023	6024	hsm/c447db48_6024.txt
6024	6025	hsm/3ad7a04f_6025.txt
6025	6026	hsm/0e9980c6_6026.txt
6026	6027	hsm/15b9e872_6027.txt
6027	6028	hsm/09f796b0_6028.txt
6028	6029	hsm/d5c7cfef_6029.txt
6029	6030	hsm/4e08b2eb_6030.txt
6030	6031	hsm/d711daff_6031.txt
6031	6032	hsm/54a51876_6032.txt
6032	6033	hsm/d03fa376_6033.txt
6033	6034	hsm/2aa03166_6034.txt
6034	6035	hsm/3f9fbe93_6035.txt
6035	6036	hsm/3ea750d6_6036.txt
6036	6037	hsm/c5c6c654_6037.txt
6037	6038	hsm/6cdc5e89_6038.txt
6038	6039	hsm/227d2bfd_6039.txt
6039	6040	hsm/6889ea02_6040.txt
6040	6041	hsm/419acad1_6041.txt
6041	6042	hsm/1f3dcdc4_6042.txt
6042	6043	hsm/6101af6e_6043.txt
6043	6044	hsm/bf12a5cc_6044.txt
6044	6045	hsm/25b4cc03_6045.txt
6045	6046	hsm/01c60c0f_6046.txt
6046	6047	hsm/9c133ac9_6047.txt
6047	6048	hsm/73e7ec1f_6048.txt
6048	6049	hsm/3b28d682_6049.txt
6049	6050	hsm/438e9441_6050.txt
6050	6051	hsm/da12a69e_6051.txt
6051	6052	hsm/1c00dc0a_6052.txt
6052	6053	hsm/bea3b006_6053.txt
6053	6054	hsm/891f8302_6054.txt
6054	6055	hsm/eed38e62_6055.txt
6055	6056	hsm/d46ecc9c_6056.txt
6056	6057	hsm/7476f54b_6057.txt
6057	6058	hsm/cf37828a_6058.txt
6058	6059	hsm/fb85cb94_6059.txt
6059	6060	hsm/98d4b60d_6060.txt
6060	6061	hsm/7dbc5270_6061.txt
6061	6062	hsm/77851c4e_6062.txt
6062	6063	hsm/419b7272_6063.txt
6063	6064	hsm/54f5b9d3_6064.txt
6064	6065	hsm/ba2cc76f_6065.txt
6065	6066	hsm/66129bcd_6066.txt
6066	6067	hsm/ddffcc84_6067.txt
6067	6068	hsm/154faf51_6068.txt
6068	6069	hsm/2a06b63e_6069.txt
6069	6070	hsm/14295a2c_6070.txt
6070	6071	hsm/5fd4648d_6071.txt
6071	6072	hsm/751debba_6072.txt
6072	6073	hsm/22001744_6073.txt
6073	6074	hsm/6c9b38ad_6074.txt
6074	6075	hsm/9ce035de_6075.txt
6075	6076	hsm/283df311_6076.txt
6076	6077	hsm/b222a7fd_6077.txt
6077	6078	hsm/7829ec33_6078.txt
6078	6079	hsm/b29cdcb1_6079.txt
6079	6080	hsm/792e862b_6080.txt
6080	6081	hsm/d16bc71e_6081.txt
6081	6082	hsm/f7dac80f_6082.txt
6082	6083	hsm/b3bb5080_6083.txt
6083	6084	hsm/cd21224b_6084.txt
6084	6085	hsm/24bd71e5_6085.txt
6085	6086	hsm/5261b467_6086.txt
6086	6087	hsm/73a14103_6087.txt
6087	6088	hsm/e684d52a_6088.txt
6088	6089	hsm/ac3c8210_6089.txt
6089	6090	hsm/dc7f1605_6090.txt
6090	6091	hsm/5d52ed83_6091.txt
6091	6092	hsm/9be43b94_6092.txt
6092	6093	hsm/3960c73f_6093.txt
6093	6094	hsm/00d6268e_6094.txt
6094	6095	hsm/316ab0ce_6095.txt
6095	6096	hsm/48de77e1_6096.txt
6096	6097	hsm/ae101763_6097.txt
6097	6098	hsm/4af5c62e_6098.txt
6098	6099	hsm/e3ed4e90_6099.txt
6099	6100	hsm/cfabd891_6100.txt
6100	6101	hsm/dc193ceb_6101.txt
6101	6102	hsm/89828582_6102.txt
6102	6103	hsm/01e095e4_6103.txt
6103	6104	hsm/72bf4930_6104.txt
6104	6105	hsm/0dc78ba2_6105.txt
6105	6106	hsm/b3085a39_6106.txt
6106	6107	hsm/9ec30ae4_6107.txt
6107	6108	hsm/f7964ec3_6108.txt
6108	6109	hsm/fc592e4f_6109.txt
6109	6110	hsm/788cba7a_6110.txt
6110	6111	hsm/5695da08_6111.txt
6111	6112	hsm/955605e7_6112.txt
6112	6113	hsm/d0be4d4b_6113.txt
6113	6114	hsm/ce60a649_6114.txt
6114	6115	hsm/6abe23a9_6115.txt
6115	6116	hsm/e235dfde_6116.txt
6116	6117	hsm/b9c94286_6117.txt
6117	6118	hsm/28b2e96b_6118.txt
6118	6119	hsm/720065b1_6119.txt
6119	6120	hsm/46e182cc_6120.txt
6120	6121	hsm/8408bce3_6121.txt
6121	6122	hsm/b400139c_6122.txt
6122	6123	hsm/fedef0b1_6123.txt
6123	6124	hsm/4b2de38a_6124.txt
6124	6125	hsm/66d51294_6125.txt
6125	6126	hsm/a419990e_6126.txt
6126	6127	hsm/eeff71ec_6127.txt
6127	6128	hsm/a092d624_6128.txt
6128	6129	hsm/07fd40d6_6129.txt
6129	6130	hsm/466844e6_6130.txt
6130	6131	hsm/28222d52_6131.txt
6131	6132	hsm/75bdc1ce_6132.txt
6132	6133	hsm/ba013ff6_6133.txt
6133	6134	hsm/0e6b08fe_6134.txt
6134	6135	hsm/93164248_6135.txt
6135	6136	hsm/15299609_6136.txt
6136	6137	hsm/bc8c2b57_6137.txt
6137	6138	hsm/f14cc0ae_6138.txt
6138	6139	hsm/8cd89e50_6139.txt
6139	6140	hsm/666a0726_6140.txt
6140	6141	hsm/d973e3dd_6141.txt
6141	6142	hsm/ed871e13_6142.txt
6142	6143	hsm/a41c0cb5_6143.txt
6143	6144	hsm/ea2eeb9c_6144.txt
6144	6145	hsm/6e96c6e4_6145.txt
6145	6146	hsm/ee4bb2b6_6146.txt
6146	6147	hsm/4e5f4927_6147.txt
6147	6148	hsm/9546a2be_6148.txt
6148	6149	hsm/71125e4d_6149.txt
6149	6150	hsm/a3611873_6150.txt
6150	6151	hsm/c21e6d62_6151.txt
6151	6152	hsm/0b6128ea_6152.txt
6152	6153	hsm/9e2a7e3b_6153.txt
6153	6154	hsm/23922d1b_6154.txt
6154	6155	hsm/70b01bab_6155.txt
6155	6156	hsm/953e1cc3_6156.txt
6156	6157	hsm/50a11d0d_6157.txt
6157	6158	hsm/a313d815_6158.txt
6158	6159	hsm/003831a6_6159.txt
6159	6160	hsm/cb8c15f3_6160.txt
6160	6161	hsm/fa5dd177_6161.txt
6161	6162	hsm/0769bbce_6162.txt
6162	6163	hsm/a86bb630_6163.txt
6163	6164	hsm/91b8b453_6164.txt
6164	6165	hsm/64317d48_6165.txt
6165	6166	hsm/f788b741_6166.txt
6166	6167	hsm/20dcaad6_6167.txt
6167	6168	hsm/e3731f8b_6168.txt
6168	6169	hsm/7697662d_6169.txt
6169	6170	hsm/d2366b26_6170.txt
6170	6171	hsm/cde5674b_6171.txt
6171	6172	hsm/180eafae_6172.txt
6172	6173	hsm/d24f216e_6173.txt
6173	6174	hsm/7ea7642f_6174.txt
6174	6175	hsm/9d6b2a0d_6175.txt
6175	6176	hsm/cdeed6e0_6176.txt
6176	6177	hsm/8de8b835_6177.txt
6177	6178	hsm/f57a66f4_6178.txt
6178	6179	hsm/10815494_6179.txt
6179	6180	hsm/54ea7394_6180.txt
6180	6181	hsm/8a824c00_6181.txt
6181	6182	hsm/e169c243_6182.txt
6182	6183	hsm/f2960942_6183.txt
6183	6184	hsm/3a873f8e_6184.txt
6184	6185	hsm/3f579f31_6185.txt
6185	6186	hsm/ff7c5121_6186.txt
6186	6187	hsm/309cb7fe_6187.txt
6187	6188	hsm/36083f10_6188.txt
6188	6189	hsm/d6c5cfab_6189.txt
6189	6190	hsm/ad9fcc85_6190.txt
6190	6191	hsm/5269483a_6191.txt
6191	6192	hsm/230ba9d3_6192.txt
6192	6193	hsm/34a79026_6193.txt
6193	6194	hsm/01e4a762_6194.txt
6194	6195	hsm/a81d8c1c_6195.txt
6195	6196	hsm/f67e2aa4_6196.txt
6196	6197	hsm/a6d7873d_6197.txt
6197	6198	hsm/fcecf2fc_6198.txt
6198	6199	hsm/3542212a_6199.txt
6199	6200	hsm/dbe7a5b9_6200.txt
6200	6201	hsm/4d730149_6201.txt
6201	6202	hsm/a2918938_6202.txt
6202	6203	hsm/ed782947_6203.txt
6203	6204	hsm/04492546_6204.txt
6204	6205	hsm/a8787897_6205.txt
6205	6206	hsm/0a1f3f9b_6206.txt
6206	6207	hsm/ebcf01ca_6207.txt
6207	6208	hsm/5f1152f3_6208.txt
6208	6209	hsm/4108117b_6209.txt
6209	6210	hsm/ef432cc5_6210.txt
6210	6211	hsm/84947d4c_6211.txt
6211	6212	hsm/17068405_6212.txt
6212	6213	hsm/70ecfc0e_6213.txt
6213	6214	hsm/33117125_6214.txt
6214	6215	hsm/e7fdeb0e_6215.txt
6215	6216	hsm/7d6bc1a0_6216.txt
6216	6217	hsm/6713376a_6217.txt
6217	6218	hsm/7e3cbb6e_6218.txt
6218	6219	hsm/f5860f2b_6219.txt
6219	6220	hsm/69b5164c_6220.txt
6220	6221	hsm/5e01cffe_6221.txt
6221	6222	hsm/e6ebca47_6222.txt
6222	6223	hsm/e42cb215_6223.txt
6223	6224	hsm/ce82bfb8_6224.txt
6224	6225	hsm/b9a80bdd_6225.txt
6225	6226	hsm/86606124_6226.txt
6226	6227	hsm/d23a4c63_6227.txt
6227	6228	hsm/ff21567f_6228.txt
6228	6229	hsm/0ccc75b9_6229.txt
6229	6230	hsm/0f0209bc_6230.txt
6230	6231	hsm/86bf50eb_6231.txt
6231	6232	hsm/05b96e28_6232.txt
6232	6233	hsm/0e29cc1d_6233.txt
6233	6234	hsm/13ae07af_6234.txt
6234	6235	hsm/93f04854_6235.txt
6235	6236	hsm/2aaaa7fa_6236.txt
6236	6237	hsm/b47400ed_6237.txt
6237	6238	hsm/db021713_6238.txt
6238	6239	hsm/ae9b083e_6239.txt
6239	6240	hsm/c04654c0_6240.txt
6240	6241	hsm/fd72623e_6241.txt
6241	6242	hsm/1b179279_6242.txt
6242	6243	hsm/4d2821e9_6243.txt
6243	6244	hsm/3e5b7d7c_6244.txt
6244	6245	hsm/7ce404c5_6245.txt
6245	6246	hsm/82e08e28_6246.txt
6246	6247	hsm/f4a689f9_6247.txt
6247	6248	hsm/5139880b_6248.txt
6248	6249	hsm/536c5236_6249.txt
6249	6250	hsm/10371386_6250.txt
6250	6251	hsm/5c22c3c3_6251.txt
6251	6252	hsm/19264802_6252.txt
6252	6253	hsm/195c8f2c_6253.txt
6253	6254	hsm/c1a9cb71_6254.txt
6254	6255	hsm/3fffa59d_6255.txt
6255	6256	hsm/38de5690_6256.txt
6256	6257	hsm/72a4cca9_6257.txt
6257	6258	hsm/5db9cc78_6258.txt
6258	6259	hsm/9c3d9074_6259.txt
6259	6260	hsm/1f73a17c_6260.txt
6260	6261	hsm/97380d4f_6261.txt
6261	6262	hsm/aea2c32f_6262.txt
6262	6263	hsm/6e54cb9c_6263.txt
6263	6264	hsm/b2169fd7_6264.txt
6264	6265	hsm/7413ad02_6265.txt
6265	6266	hsm/7aa5229b_6266.txt
6266	6267	hsm/aa4c0ce5_6267.txt
6267	6268	hsm/0a428130_6268.txt
6268	6269	hsm/49ffbd7a_6269.txt
6269	6270	hsm/962a4a07_6270.txt
6270	6271	hsm/c99ad28e_6271.txt
6271	6272	hsm/25a798fd_6272.txt
6272	6273	hsm/64e63fc2_6273.txt
6273	6274	hsm/879becb4_6274.txt
6274	6275	hsm/0840f3ec_6275.txt
6275	6276	hsm/f3ffa2b1_6276.txt
6276	6277	hsm/2b3c6524_6277.txt
6277	6278	hsm/82dfda21_6278.txt
6278	6279	hsm/5a9dc1d8_6279.txt
6279	6280	hsm/0f5c53cc_6280.txt
6280	6281	hsm/44b1503b_6281.txt
6281	6282	hsm/6dd607fe_6282.txt
6282	6283	hsm/b9a7bad1_6283.txt
6283	6284	hsm/19ef04b3_6284.txt
6284	6285	hsm/a763ebc7_6285.txt
6285	6286	hsm/76122039_6286.txt
6286	6287	hsm/3933df3a_6287.txt
6287	6288	hsm/46ab5841_6288.txt
6288	6289	hsm/21f3935b_6289.txt
6289	6290	hsm/a0355538_6290.txt
6290	6291	hsm/58694fef_6291.txt
6291	6292	hsm/23255f77_6292.txt
6292	6293	hsm/efeb0b39_6293.txt
6293	6294	hsm/4c4e24b4_6294.txt
6294	6295	hsm/8dcf48a7_6295.txt
6295	6296	hsm/0d9dcf13_6296.txt
6296	6297	hsm/e87958cb_6297.txt
6297	6298	hsm/41a7cb20_6298.txt
6298	6299	hsm/3d56a489_6299.txt
6299	6300	hsm/bdce88b3_6300.txt
6300	6301	hsm/7978e62c_6301.txt
6301	6302	hsm/fb98886e_6302.txt
6302	6303	hsm/140229c8_6303.txt
6303	6304	hsm/5b6f24dd_6304.txt
6304	6305	hsm/3fc9f8d5_6305.txt
6305	6306	hsm/72a75a70_6306.txt
6306	6307	hsm/1d1af2a2_6307.txt
6307	6308	hsm/91c276e0_6308.txt
6308	6309	hsm/797b931a_6309.txt
6309	6310	hsm/105f2f9c_6310.txt
6310	6311	hsm/36fcdfd7_6311.txt
6311	6312	hsm/4c538faa_6312.txt
6312	6313	hsm/bc953a37_6313.txt
6313	6314	hsm/7069e205_6314.txt
6314	6315	hsm/7b6ba712_6315.txt
6315	6316	hsm/588bf98f_6316.txt
6316	6317	hsm/a65757f6_6317.txt
6317	6318	hsm/a4f3d4fd_6318.txt
6318	6319	hsm/0f09a9e0_6319.txt
6319	6320	hsm/31146848_6320.txt
6320	6321	hsm/438eeab4_6321.txt
6321	6322	hsm/4cc06a54_6322.txt
6322	6323	hsm/a2b1e6d3_6323.txt
6323	6324	hsm/e6c023e1_6324.txt
6324	6325	hsm/b905ad2d_6325.txt
6325	6326	hsm/4f336379_6326.txt
6326	6327	hsm/58697cfe_6327.txt
6327	6328	hsm/b0fd04ae_6328.txt
6328	6329	hsm/b5102f52_6329.txt
6329	6330	hsm/a742f1ad_6330.txt
6330	6331	hsm/e4b05b77_6331.txt
6331	6332	hsm/d411698b_6332.txt
6332	6333	hsm/92cd3d53_6333.txt
6333	6334	hsm/525c6449_6334.txt
6334	6335	hsm/1208a9f0_6335.txt
6335	6336	hsm/69132d0b_6336.txt
6336	6337	hsm/221799b7_6337.txt
6337	6338	hsm/ada13247_6338.txt
6338	6339	hsm/88d969b9_6339.txt
6339	6340	hsm/3ca7c621_6340.txt
6340	6341	hsm/b7e454e6_6341.txt
6341	6342	hsm/1821664f_6342.txt
6342	6343	hsm/81c0cb92_6343.txt
6343	6344	hsm/420cb59d_6344.txt
6344	6345	hsm/c9fdadf6_6345.txt
6345	6346	hsm/e026c904_6346.txt
6346	6347	hsm/ec90741f_6347.txt
6347	6348	hsm/cb204d5b_6348.txt
6348	6349	hsm/3669f69d_6349.txt
6349	6350	hsm/83ad795e_6350.txt
6350	6351	hsm/9a191514_6351.txt
6351	6352	hsm/f8e5a5ec_6352.txt
6352	6353	hsm/dd020952_6353.txt
6353	6354	hsm/ec915bb5_6354.txt
6354	6355	hsm/250900f4_6355.txt
6355	6356	hsm/7a2612f4_6356.txt
6356	6357	hsm/88408ae2_6357.txt
6357	6358	hsm/113af6dd_6358.txt
6358	6359	hsm/4c576c94_6359.txt
6359	6360	hsm/e62bccc7_6360.txt
6360	6361	hsm/df07ea67_6361.txt
6361	6362	hsm/ce00f0b6_6362.txt
6362	6363	hsm/1ba649d2_6363.txt
6363	6364	hsm/4bb8fc07_6364.txt
6364	6365	hsm/13289c2d_6365.txt
6365	6366	hsm/fc783ac1_6366.txt
6366	6367	hsm/fa2d2df4_6367.txt
6367	6368	hsm/3c038dde_6368.txt
6368	6369	hsm/346b8e97_6369.txt
6369	6370	hsm/43e20d07_6370.txt
6370	6371	hsm/49e02fcf_6371.txt
6371	6372	hsm/e5160a28_6372.txt
6372	6373	hsm/5261b9d6_6373.txt
6373	6374	hsm/115677de_6374.txt
6374	6375	hsm/1074f80c_6375.txt
6375	6376	hsm/254832fa_6376.txt
6376	6377	hsm/3dc0e73b_6377.txt
6377	6378	hsm/57b66a0b_6378.txt
6378	6379	hsm/bdca9337_6379.txt
6379	6380	hsm/9304b381_6380.txt
6380	6381	hsm/36d5c888_6381.txt
6381	6382	hsm/d483dafb_6382.txt
6382	6383	hsm/95a3528c_6383.txt
6383	6384	hsm/b230e851_6384.txt
6384	6385	hsm/6eab95de_6385.txt
6385	6386	hsm/8bcfd8ce_6386.txt
6386	6387	hsm/91ffdf94_6387.txt
6387	6388	hsm/c82597fa_6388.txt
6388	6389	hsm/32a45573_6389.txt
6389	6390	hsm/d2a120c1_6390.txt
6390	6391	hsm/4ad63f6d_6391.txt
6391	6392	hsm/1396929e_6392.txt
6392	6393	hsm/8edc27c9_6393.txt
6393	6394	hsm/9e5493cd_6394.txt
6394	6395	hsm/983238f3_6395.txt
6395	6396	hsm/34f1f975_6396.txt
6396	6397	hsm/973a8f2e_6397.txt
6397	6398	hsm/893ba743_6398.txt
6398	6399	hsm/ca79169b_6399.txt
6399	6400	hsm/c34aca22_6400.txt
6400	6401	hsm/78473bca_6401.txt
6401	6402	hsm/03ba2bf7_6402.txt
6402	6403	hsm/51253057_6403.txt
6403	6404	hsm/48953745_6404.txt
6404	6405	hsm/149f3b40_6405.txt
6405	6406	hsm/d5ad4fcf_6406.txt
6406	6407	hsm/8bbad7c2_6407.txt
6407	6408	hsm/ca41adbd_6408.txt
6408	6409	hsm/ab1b8cbf_6409.txt
6409	6410	hsm/6ad61892_6410.txt
6410	6411	hsm/db062da4_6411.txt
6411	6412	hsm/5ce47b10_6412.txt
6412	6413	hsm/20ec7398_6413.txt
6413	6414	hsm/e878a769_6414.txt
6414	6415	hsm/b3befbd2_6415.txt
6415	6416	hsm/08f9acec_6416.txt
6416	6417	hsm/5a44ccb4_6417.txt
6417	6418	hsm/8397e093_6418.txt
6418	6419	hsm/6e56f5e6_6419.txt
6419	6420	hsm/c30a5b11_6420.txt
6420	6421	hsm/efbbee0a_6421.txt
6421	6422	hsm/e5f840a8_6422.txt
6422	6423	hsm/96a95132_6423.txt
6423	6424	hsm/3b53b7fa_6424.txt
6424	6425	hsm/47e5c8f5_6425.txt
6425	6426	hsm/470b4305_6426.txt
6426	6427	hsm/9ec01528_6427.txt
6427	6428	hsm/2a3cb1a5_6428.txt
6428	6429	hsm/92e46a44_6429.txt
6429	6430	hsm/d071e5ba_6430.txt
6430	6431	hsm/5f468b8a_6431.txt
6431	6432	hsm/099b9238_6432.txt
6432	6433	hsm/17178002_6433.txt
6433	6434	hsm/d7c0c432_6434.txt
6434	6435	hsm/c91ae748_6435.txt
6435	6436	hsm/b2d4140e_6436.txt
6436	6437	hsm/404ec0f1_6437.txt
6437	6438	hsm/425e30ad_6438.txt
6438	6439	hsm/c3c48af0_6439.txt
6439	6440	hsm/80527490_6440.txt
6440	6441	hsm/e4b05154_6441.txt
6441	6442	hsm/4e147056_6442.txt
6442	6443	hsm/5a8c3e06_6443.txt
6443	6444	hsm/369c0e1c_6444.txt
6444	6445	hsm/49e7b7c2_6445.txt
6445	6446	hsm/9100e310_6446.txt
6446	6447	hsm/78a24083_6447.txt
6447	6448	hsm/8e5cc3d3_6448.txt
6448	6449	hsm/3507bfc6_6449.txt
6449	6450	hsm/1bd878ed_6450.txt
6450	6451	hsm/4ccb0360_6451.txt
6451	6452	hsm/626f4de0_6452.txt
6452	6453	hsm/ea02da4c_6453.txt
6453	6454	hsm/17bb2ecc_6454.txt
6454	6455	hsm/47e12923_6455.txt
6455	6456	hsm/4192a03d_6456.txt
6456	6457	hsm/c6759deb_6457.txt
6457	6458	hsm/01ca844d_6458.txt
6458	6459	hsm/2f3f54b4_6459.txt
6459	6460	hsm/a89a5775_6460.txt
6460	6461	hsm/4573de7f_6461.txt
6461	6462	hsm/fe8cfe62_6462.txt
6462	6463	hsm/d88f59ad_6463.txt
6463	6464	hsm/25530de3_6464.txt
6464	6465	hsm/ffa23d68_6465.txt
6465	6466	hsm/b242d6e4_6466.txt
6466	6467	hsm/8eca5b87_6467.txt
6467	6468	hsm/5207165b_6468.txt
6468	6469	hsm/43652a1c_6469.txt
6469	6470	hsm/6b7178ce_6470.txt
6470	6471	hsm/06327b74_6471.txt
6471	6472	hsm/928edb31_6472.txt
6472	6473	hsm/326f2a4f_6473.txt
6473	6474	hsm/06067579_6474.txt
6474	6475	hsm/45772bb5_6475.txt
6475	6476	hsm/6fac336b_6476.txt
6476	6477	hsm/3673af95_6477.txt
6477	6478	hsm/18f70726_6478.txt
6478	6479	hsm/a05cf40b_6479.txt
6479	6480	hsm/68fba1ee_6480.txt
6480	6481	hsm/8c1b75c0_6481.txt
6481	6482	hsm/7d0ea421_6482.txt
6482	6483	hsm/5601937d_6483.txt
6483	6484	hsm/de4b65ef_6484.txt
6484	6485	hsm/c11d4341_6485.txt
6485	6486	hsm/b9b4a0f1_6486.txt
6486	6487	hsm/05eb93ee_6487.txt
6487	6488	hsm/3ef76c53_6488.txt
6488	6489	hsm/674c76ad_6489.txt
6489	6490	hsm/2434affc_6490.txt
6490	6491	hsm/6fbc1f3d_6491.txt
6491	6492	hsm/111244dc_6492.txt
6492	6493	hsm/487bd150_6493.txt
6493	6494	hsm/2c847b62_6494.txt
6494	6495	hsm/6d8ead06_6495.txt
6495	6496	hsm/ce5d3740_6496.txt
6496	6497	hsm/b52b1eb8_6497.txt
6497	6498	hsm/1f376984_6498.txt
6498	6499	hsm/3a2e1bbf_6499.txt
6499	6500	hsm/3b36ef42_6500.txt
6500	6501	hsm/89826544_6501.txt
6501	6502	hsm/24087628_6502.txt
6502	6503	hsm/acb1679f_6503.txt
6503	6504	hsm/f8bfd4b8_6504.txt
6504	6505	hsm/cc6a368e_6505.txt
6505	6506	hsm/4bf78aaa_6506.txt
6506	6507	hsm/66631af0_6507.txt
6507	6508	hsm/34475ffe_6508.txt
6508	6509	hsm/28134784_6509.txt
6509	6510	hsm/516f871e_6510.txt
6510	6511	hsm/eaa1d6e8_6511.txt
6511	6512	hsm/bb4ceaa1_6512.txt
6512	6513	hsm/8e2e0bf7_6513.txt
6513	6514	hsm/d42e87bf_6514.txt
6514	6515	hsm/63afc233_6515.txt
6515	6516	hsm/f484549e_6516.txt
6516	6517	hsm/8af1667d_6517.txt
6517	6518	hsm/4c4bcacf_6518.txt
6518	6519	hsm/da297324_6519.txt
6519	6520	hsm/1e48110a_6520.txt
6520	6521	hsm/2b04e64d_6521.txt
6521	6522	hsm/a2a27ab7_6522.txt
6522	6523	hsm/a929466d_6523.txt
6523	6524	hsm/7288d816_6524.txt
6524	6525	hsm/88ee30ea_6525.txt
6525	6526	hsm/5c075020_6526.txt
6526	6527	hsm/b296509f_6527.txt
6527	6528	hsm/0db60c60_6528.txt
6528	6529	hsm/342ad4e1_6529.txt
6529	6530	hsm/8904fe72_6530.txt
6530	6531	hsm/01e1e2aa_6531.txt
6531	6532	hsm/3e4bbc92_6532.txt
6532	6533	hsm/115a629e_6533.txt
6533	6534	hsm/89df5448_6534.txt
6534	6535	hsm/e3756c9f_6535.txt
6535	6536	hsm/f4241928_6536.txt
6536	6537	hsm/78ba3e12_6537.txt
6537	6538	hsm/00a59a63_6538.txt
6538	6539	hsm/0d9bd937_6539.txt
6539	6540	hsm/f45bce06_6540.txt
6540	6541	hsm/ba47c1fe_6541.txt
6541	6542	hsm/38e6306c_6542.txt
6542	6543	hsm/a8b09332_6543.txt
6543	6544	hsm/2e15ab4a_6544.txt
6544	6545	hsm/ada11007_6545.txt
6545	6546	hsm/9e48bbc5_6546.txt
6546	6547	hsm/8d2e016c_6547.txt
6547	6548	hsm/337f583b_6548.txt
6548	6549	hsm/507d84a5_6549.txt
6549	6550	hsm/84720e50_6550.txt
6550	6551	hsm/f3501c3f_6551.txt
6551	6552	hsm/2d6a9a83_6552.txt
6552	6553	hsm/c05bb0f2_6553.txt
6553	6554	hsm/ecbc172e_6554.txt
6554	6555	hsm/ea621dce_6555.txt
6555	6556	hsm/10d18add_6556.txt
6556	6557	hsm/a1334120_6557.txt
6557	6558	hsm/dc016eaf_6558.txt
6558	6559	hsm/b2d9cc36_6559.txt
6559	6560	hsm/9f96cf62_6560.txt
6560	6561	hsm/4a82a899_6561.txt
6561	6562	hsm/cccedd7f_6562.txt
6562	6563	hsm/bc2da064_6563.txt
6563	6564	hsm/d951985c_6564.txt
6564	6565	hsm/f2f19d6e_6565.txt
6565	6566	hsm/172ec491_6566.txt
6566	6567	hsm/47d4a459_6567.txt
6567	6568	hsm/786c619b_6568.txt
6568	6569	hsm/367a91ac_6569.txt
6569	6570	hsm/67e5bc00_6570.txt
6570	6571	hsm/acc15d14_6571.txt
6571	6572	hsm/ecd4d242_6572.txt
6572	6573	hsm/7d8bc49f_6573.txt
6573	6574	hsm/faa75b04_6574.txt
6574	6575	hsm/46dc3b9d_6575.txt
6575	6576	hsm/f08012cc_6576.txt
6576	6577	hsm/fbcbe2e7_6577.txt
6577	6578	hsm/ec5312cb_6578.txt
6578	6579	hsm/3a636701_6579.txt
6579	6580	hsm/ab3e2ab8_6580.txt
6580	6581	hsm/275f82dd_6581.txt
6581	6582	hsm/0b968caa_6582.txt
6582	6583	hsm/b27584b3_6583.txt
6583	6584	hsm/32378057_6584.txt
6584	6585	hsm/b4f06f3c_6585.txt
6585	6586	hsm/a3cbef23_6586.txt
6586	6587	hsm/a034528d_6587.txt
6587	6588	hsm/b180ea38_6588.txt
6588	6589	hsm/60c1a388_6589.txt
6589	6590	hsm/6bce518e_6590.txt
6590	6591	hsm/6768d2f6_6591.txt
6591	6592	hsm/4d81e621_6592.txt
6592	6593	hsm/e3a2ecec_6593.txt
6593	6594	hsm/af6bd0da_6594.txt
6594	6595	hsm/4be45e8e_6595.txt
6595	6596	hsm/370f228d_6596.txt
6596	6597	hsm/4df78515_6597.txt
6597	6598	hsm/7dc53a7f_6598.txt
6598	6599	hsm/00445222_6599.txt
6599	6600	hsm/feb18fa6_6600.txt
6600	6601	hsm/f7a435aa_6601.txt
6601	6602	hsm/e0b10296_6602.txt
6602	6603	hsm/ced932c7_6603.txt
6603	6604	hsm/cf542b2a_6604.txt
6604	6605	hsm/7f99420d_6605.txt
6605	6606	hsm/6ddf5488_6606.txt
6606	6607	hsm/752ffb80_6607.txt
6607	6608	hsm/236fc972_6608.txt
6608	6609	hsm/deaccea5_6609.txt
6609	6610	hsm/717d4088_6610.txt
6610	6611	hsm/6281adc8_6611.txt
6611	6612	hsm/dc06ebfe_6612.txt
6612	6613	hsm/36d8f814_6613.txt
6613	6614	hsm/2091a5cd_6614.txt
6614	6615	hsm/3a57492a_6615.txt
6615	6616	hsm/e83a9027_6616.txt
6616	6617	hsm/ea211e4c_6617.txt
6617	6618	hsm/710f0e7f_6618.txt
6618	6619	hsm/8e935d01_6619.txt
6619	6620	hsm/addc3140_6620.txt
6620	6621	hsm/2360cb63_6621.txt
6621	6622	hsm/4f1d4dc3_6622.txt
6622	6623	hsm/3096106c_6623.txt
6623	6624	hsm/cc41b193_6624.txt
6624	6625	hsm/07eaea83_6625.txt
6625	6626	hsm/757d2be1_6626.txt
6626	6627	hsm/e994199e_6627.txt
6627	6628	hsm/04915a80_6628.txt
6628	6629	hsm/d74f18c5_6629.txt
6629	6630	hsm/9ce8e2a9_6630.txt
6630	6631	hsm/2449e58e_6631.txt
6631	6632	hsm/b595151f_6632.txt
6632	6633	hsm/fc6ade96_6633.txt
6633	6634	hsm/faaadf7d_6634.txt
6634	6635	hsm/36a0d872_6635.txt
6635	6636	hsm/6a71be6c_6636.txt
6636	6637	hsm/d4b790a3_6637.txt
6637	6638	hsm/1d6b5c19_6638.txt
6638	6639	hsm/c5220c2f_6639.txt
6639	6640	hsm/a8657e19_6640.txt
6640	6641	hsm/0174f256_6641.txt
6641	6642	hsm/b7ea217a_6642.txt
6642	6643	hsm/a0d6550e_6643.txt
6643	6644	hsm/a67b4296_6644.txt
6644	6645	hsm/c2873daa_6645.txt
6645	6646	hsm/09213058_6646.txt
6646	6647	hsm/218a4f62_6647.txt
6647	6648	hsm/42fe1342_6648.txt
6648	6649	hsm/64df2cd4_6649.txt
6649	6650	hsm/ffa6c38c_6650.txt
6650	6651	hsm/138226b6_6651.txt
6651	6652	hsm/08d4402c_6652.txt
6652	6653	hsm/bc19f87e_6653.txt
6653	6654	hsm/9be766df_6654.txt
6654	6655	hsm/5baa9ef3_6655.txt
6655	6656	hsm/c2f101c5_6656.txt
6656	6657	hsm/fa919dd0_6657.txt
6657	6658	hsm/3c5b4aff_6658.txt
6658	6659	hsm/52a6a042_6659.txt
6659	6660	hsm/ab9e4e73_6660.txt
6660	6661	hsm/59af3445_6661.txt
6661	6662	hsm/ee1c569e_6662.txt
6662	6663	hsm/2a2f1dd5_6663.txt
6663	6664	hsm/e1d02bc4_6664.txt
6664	6665	hsm/2c2c07d3_6665.txt
6665	6666	hsm/a397a63c_6666.txt
6666	6667	hsm/8ded75f0_6667.txt
6667	6668	hsm/bdbd3910_6668.txt
6668	6669	hsm/75359299_6669.txt
6669	6670	hsm/d309976d_6670.txt
6670	6671	hsm/aa737fba_6671.txt
6671	6672	hsm/82240874_6672.txt
6672	6673	hsm/709e696e_6673.txt
6673	6674	hsm/feb0982e_6674.txt
6674	6675	hsm/c1fbffd9_6675.txt
6675	6676	hsm/624759c2_6676.txt
6676	6677	hsm/0ba83caf_6677.txt
6677	6678	hsm/ce4958b2_6678.txt
6678	6679	hsm/b831a5e3_6679.txt
6679	6680	hsm/3ca9ece2_6680.txt
6680	6681	hsm/952b50b5_6681.txt
6681	6682	hsm/7ca11d04_6682.txt
6682	6683	hsm/804216d2_6683.txt
6683	6684	hsm/afed6e5f_6684.txt
6684	6685	hsm/3f4ecc04_6685.txt
6685	6686	hsm/e002eb22_6686.txt
6686	6687	hsm/95990562_6687.txt
6687	6688	hsm/99a47fb7_6688.txt
6688	6689	hsm/dffce948_6689.txt
6689	6690	hsm/37f023b3_6690.txt
6690	6691	hsm/b428743f_6691.txt
6691	6692	hsm/75cf5603_6692.txt
6692	6693	hsm/aee549dd_6693.txt
6693	6694	hsm/5ea48838_6694.txt
6694	6695	hsm/e32e2bcb_6695.txt
6695	6696	hsm/0c6a719c_6696.txt
6696	6697	hsm/84f14f09_6697.txt
6697	6698	hsm/8f72c15f_6698.txt
6698	6699	hsm/cd1ae738_6699.txt
6699	6700	hsm/c04166d8_6700.txt
6700	6701	hsm/10fa8e02_6701.txt
6701	6702	hsm/8fc1967c_6702.txt
6702	6703	hsm/beb8f49d_6703.txt
6703	6704	hsm/ec220d0d_6704.txt
6704	6705	hsm/ff292ac7_6705.txt
6705	6706	hsm/60888421_6706.txt
6706	6707	hsm/c4ab81af_6707.txt
6707	6708	hsm/9070b9b3_6708.txt
6708	6709	hsm/262173ec_6709.txt
6709	6710	hsm/37a3654f_6710.txt
6710	6711	hsm/e327a3e3_6711.txt
6711	6712	hsm/de966336_6712.txt
6712	6713	hsm/3d282d8f_6713.txt
6713	6714	hsm/1f19ec72_6714.txt
6714	6715	hsm/76571a13_6715.txt
6715	6716	hsm/231168bf_6716.txt
6716	6717	hsm/e2c878bb_6717.txt
6717	6718	hsm/746e3327_6718.txt
6718	6719	hsm/e7a472a0_6719.txt
6719	6720	hsm/1107e249_6720.txt
6720	6721	hsm/d8a56a4c_6721.txt
6721	6722	hsm/af6fc3c6_6722.txt
6722	6723	hsm/9e848e28_6723.txt
6723	6724	hsm/5a7e6b78_6724.txt
6724	6725	hsm/394b7438_6725.txt
6725	6726	hsm/1e094ae5_6726.txt
6726	6727	hsm/19c62cf4_6727.txt
6727	6728	hsm/18afe777_6728.txt
6728	6729	hsm/1479041a_6729.txt
6729	6730	hsm/0d1cad93_6730.txt
6730	6731	hsm/d1baa0b1_6731.txt
6731	6732	hsm/3322b8a3_6732.txt
6732	6733	hsm/0aa32fb1_6733.txt
6733	6734	hsm/28136e27_6734.txt
6734	6735	hsm/4737ea99_6735.txt
6735	6736	hsm/444218a0_6736.txt
6736	6737	hsm/8a21711c_6737.txt
6737	6738	hsm/c79ed269_6738.txt
6738	6739	hsm/43ed2f83_6739.txt
6739	6740	hsm/54458aa8_6740.txt
6740	6741	hsm/42710c6e_6741.txt
6741	6742	hsm/a6f778a8_6742.txt
6742	6743	hsm/76571a13_6743.txt
6743	6744	hsm/bd749655_6744.txt
6744	6745	hsm/af29de34_6745.txt
6745	6746	hsm/ab8b4c74_6746.txt
6746	6747	hsm/eae3c0b0_6747.txt
6747	6748	hsm/c5689484_6748.txt
6748	6749	hsm/73cec874_6749.txt
6749	6750	hsm/5f5a4639_6750.txt
6750	6751	hsm/91526e96_6751.txt
6751	6752	hsm/b782981f_6752.txt
6752	6753	hsm/1cc98b5b_6753.txt
6753	6754	hsm/d70baebd_6754.txt
6754	6755	hsm/4576e264_6755.txt
6755	6756	hsm/c80ca3d0_6756.txt
6756	6757	hsm/67092283_6757.txt
6757	6758	hsm/9757630d_6758.txt
6758	6759	hsm/dd164e50_6759.txt
6759	6760	hsm/d1b9ef61_6760.txt
6760	6761	hsm/0580bbc0_6761.txt
6761	6762	hsm/337ef35c_6762.txt
6762	6763	hsm/b27cfed1_6763.txt
6763	6764	hsm/4b9e53bc_6764.txt
6764	6765	hsm/f40ff8eb_6765.txt
6765	6766	hsm/00ded29c_6766.txt
6766	6767	hsm/fa321da9_6767.txt
6767	6768	hsm/a51cb779_6768.txt
6768	6769	hsm/59c272a3_6769.txt
6769	6770	hsm/cc9c7cb7_6770.txt
6770	6771	hsm/35b44b8f_6771.txt
6771	6772	hsm/75a0fe83_6772.txt
6772	6773	hsm/f13b3981_6773.txt
6773	6774	hsm/9825f836_6774.txt
6774	6775	hsm/a3bdd5e8_6775.txt
6775	6776	hsm/b06349e9_6776.txt
6776	6777	hsm/dbd7eeda_6777.txt
6777	6778	hsm/78945402_6778.txt
6778	6779	hsm/a82773b8_6779.txt
6779	6780	hsm/503b1d82_6780.txt
6780	6781	hsm/d8482882_6781.txt
6781	6782	hsm/f3c97d0e_6782.txt
6782	6783	hsm/b60d45f2_6783.txt
6783	6784	hsm/b6fb8416_6784.txt
6784	6785	hsm/c7ccbaf9_6785.txt
6785	6786	hsm/7ff16c34_6786.txt
6786	6787	hsm/bf38a32d_6787.txt
6787	6788	hsm/67707961_6788.txt
6788	6789	hsm/b7156cb6_6789.txt
6789	6790	hsm/356833c7_6790.txt
6790	6791	hsm/ccf37539_6791.txt
6791	6792	hsm/66d0e5e2_6792.txt
6792	6793	hsm/54faa537_6793.txt
6793	6794	hsm/a426fc2c_6794.txt
6794	6795	hsm/165d6281_6795.txt
6795	6796	hsm/4a0ece96_6796.txt
6796	6797	hsm/351d015f_6797.txt
6797	6798	hsm/3d0d55db_6798.txt
6798	6799	hsm/11968ab9_6799.txt
6799	6800	hsm/d1e0fdc6_6800.txt
6800	6801	hsm/df0511df_6801.txt
6801	6802	hsm/a1e7673b_6802.txt
6802	6803	hsm/444572bb_6803.txt
6803	6804	hsm/041a90f5_6804.txt
6804	6805	hsm/590dcce5_6805.txt
6805	6806	hsm/b12254ce_6806.txt
6806	6807	hsm/80f2ae40_6807.txt
6807	6808	hsm/6c5b7f2e_6808.txt
6808	6809	hsm/74948ac6_6809.txt
6809	6810	hsm/8b02dca1_6810.txt
6810	6811	hsm/29cfe05a_6811.txt
6811	6812	hsm/811e6993_6812.txt
6812	6813	hsm/1a54a544_6813.txt
6813	6814	hsm/c978b98b_6814.txt
6814	6815	hsm/15942af7_6815.txt
6815	6816	hsm/ef8e78ed_6816.txt
6816	6817	hsm/5581999a_6817.txt
6817	6818	hsm/00eebc2d_6818.txt
6818	6819	hsm/a408d7f1_6819.txt
6819	6820	hsm/95d9102c_6820.txt
6820	6821	hsm/ae23b1d0_6821.txt
6821	6822	hsm/41dad157_6822.txt
6822	6823	hsm/53dd05aa_6823.txt
6823	6824	hsm/88ff0c3e_6824.txt
6824	6825	hsm/f18b86d2_6825.txt
6825	6826	hsm/d3cb93be_6826.txt
6826	6827	hsm/80e1a256_6827.txt
6827	6828	hsm/7ae71f34_6828.txt
6828	6829	hsm/f08d31aa_6829.txt
6829	6830	hsm/67f11f46_6830.txt
6830	6831	hsm/2ffa6647_6831.txt
6831	6832	hsm/dcd2d7bd_6832.txt
6832	6833	hsm/42477161_6833.txt
6833	6834	hsm/8b43ec72_6834.txt
6834	6835	hsm/ce406fd0_6835.txt
6835	6836	hsm/ce406fd0_6836.txt
6836	6837	hsm/9d1d586d_6837.txt
6837	6838	hsm/84ba0328_6838.txt
6838	6839	hsm/c27de005_6839.txt
6839	6840	hsm/be8f3c29_6840.txt
6840	6841	hsm/04c94701_6841.txt
6841	6842	hsm/1068cf9c_6842.txt
6842	6843	hsm/14af2284_6843.txt
6843	6844	hsm/e00ef86a_6844.txt
6844	6845	hsm/e00ef86a_6845.txt
6845	6846	hsm/e32bf108_6846.txt
6846	6847	hsm/1cb7f812_6847.txt
6847	6848	hsm/577d1736_6848.txt
6848	6849	hsm/590e2308_6849.txt
6849	6850	hsm/64107a33_6850.txt
6850	6851	hsm/e3c2fc11_6851.txt
6851	6852	hsm/44e3a733_6852.txt
6852	6853	hsm/a2fa7260_6853.txt
6853	6854	hsm/521d0338_6854.txt
6854	6855	hsm/cceb3171_6855.txt
6855	6856	hsm/53cb364d_6856.txt
6856	6857	hsm/104f5ac4_6857.txt
6857	6858	hsm/4f9d1621_6858.txt
6858	6859	hsm/1a3f02f6_6859.txt
6859	6860	hsm/7218a9f5_6860.txt
6860	6861	hsm/b612144d_6861.txt
6861	6862	hsm/72c31297_6862.txt
6862	6863	hsm/584b6015_6863.txt
6863	6864	hsm/ce42b0eb_6864.txt
6864	6865	hsm/123a1703_6865.txt
6865	6866	hsm/51bd2bc5_6866.txt
6866	6867	hsm/1f0dac06_6867.txt
6867	6868	hsm/7aea581f_6868.txt
6868	6869	hsm/310d3b39_6869.txt
6869	6870	hsm/bee14dd0_6870.txt
6870	6871	hsm/b6758022_6871.txt
6871	6872	hsm/5fade340_6872.txt
6872	6873	hsm/818b5145_6873.txt
6873	6874	hsm/35adc3dc_6874.txt
6874	6875	hsm/9c79b789_6875.txt
6875	6876	hsm/3e44d056_6876.txt
6876	6877	hsm/2150ba9e_6877.txt
6877	6878	hsm/4d03a279_6878.txt
6878	6879	hsm/ab8322b8_6879.txt
6879	6880	hsm/0e2b5f3d_6880.txt
6880	6881	hsm/ef92a4c9_6881.txt
6881	6882	hsm/33d26772_6882.txt
6882	6883	hsm/dc3aff93_6883.txt
6883	6884	hsm/bc681ea0_6884.txt
6884	6885	hsm/7419bb8d_6885.txt
6885	6886	hsm/4de138b2_6886.txt
6886	6887	hsm/3e933a72_6887.txt
6887	6888	hsm/7c0e2c73_6888.txt
6888	6889	hsm/f93a787e_6889.txt
6889	6890	hsm/d20789f0_6890.txt
6890	6891	hsm/1413c876_6891.txt
6891	6892	hsm/1484eff9_6892.txt
6892	6893	hsm/9b918407_6893.txt
6893	6894	hsm/98383da0_6894.txt
6894	6895	hsm/6807448b_6895.txt
6895	6896	hsm/a5867b63_6896.txt
6896	6897	hsm/9ef8313a_6897.txt
6897	6898	hsm/baceea9d_6898.txt
6898	6899	hsm/6d3fb5cc_6899.txt
6899	6900	hsm/783d6f4b_6900.txt
6900	6901	hsm/9e662a34_6901.txt
6901	6902	hsm/c00f1351_6902.txt
6902	6903	hsm/9c48a799_6903.txt
6903	6904	hsm/85f2aec6_6904.txt
6904	6905	hsm/71d3d2d2_6905.txt
6905	6906	hsm/b22e95a4_6906.txt
6906	6907	hsm/00b8728f_6907.txt
6907	6908	hsm/01d01c82_6908.txt
6908	6909	hsm/49a188d5_6909.txt
6909	6910	hsm/b7cf4a63_6910.txt
6910	6911	hsm/6cdccc63_6911.txt
6911	6912	hsm/75cc4344_6912.txt
6912	6913	hsm/417d4e5f_6913.txt
6913	6914	hsm/e3f0eb69_6914.txt
6914	6915	hsm/67a6b0eb_6915.txt
6915	6916	hsm/6f376848_6916.txt
6916	6917	hsm/abdbc4c5_6917.txt
6917	6918	hsm/35d38708_6918.txt
6918	6919	hsm/4ece311a_6919.txt
6919	6920	hsm/2fb89e32_6920.txt
6920	6921	hsm/2dd174ba_6921.txt
6921	6922	hsm/c6f92c2b_6922.txt
6922	6923	hsm/bbfbe29c_6923.txt
6923	6924	hsm/c63dae83_6924.txt
6924	6925	hsm/5fe33c20_6925.txt
6925	6926	hsm/862574bd_6926.txt
6926	6927	hsm/6ee78582_6927.txt
6927	6928	hsm/5630fc4d_6928.txt
6928	6929	hsm/538a07a8_6929.txt
6929	6930	hsm/44011ba4_6930.txt
6930	6931	hsm/26fa09c2_6931.txt
6931	6932	hsm/12e9d81a_6932.txt
6932	6933	hsm/5162cb95_6933.txt
6933	6934	hsm/267919fc_6934.txt
6934	6935	hsm/b4c9800f_6935.txt
6935	6936	hsm/417c3d11_6936.txt
6936	6937	hsm/29c93120_6937.txt
6937	6938	hsm/6cda3240_6938.txt
6938	6939	hsm/e844fbc8_6939.txt
6939	6940	hsm/89633d45_6940.txt
6940	6941	hsm/f5a5f4d6_6941.txt
6941	6942	hsm/0bb6462f_6942.txt
6942	6943	hsm/9250980b_6943.txt
6943	6944	hsm/78fe9437_6944.txt
6944	6945	hsm/a98e49cf_6945.txt
6945	6946	hsm/857c7906_6946.txt
6946	6947	hsm/03b5baee_6947.txt
6947	6948	hsm/aa80df8a_6948.txt
6948	6949	hsm/d97ab4e1_6949.txt
6949	6950	hsm/6aaa6f96_6950.txt
6950	6951	hsm/757fb712_6951.txt
6951	6952	hsm/d3c7a9db_6952.txt
6952	6953	hsm/8af0a609_6953.txt
6953	6954	hsm/c403ad57_6954.txt
6954	6955	hsm/fb1ea766_6955.txt
6955	6956	hsm/740d924b_6956.txt
6956	6957	hsm/4cd4c0f1_6957.txt
6957	6958	hsm/a7df8b41_6958.txt
6958	6959	hsm/d4c0ba1d_6959.txt
6959	6960	hsm/84ed9c0c_6960.txt
6960	6961	hsm/18bd27f4_6961.txt
6961	6962	hsm/25c87925_6962.txt
6962	6963	hsm/b888c5af_6963.txt
6963	6964	hsm/6d8fccf8_6964.txt
6964	6965	hsm/4d846410_6965.txt
6965	6966	hsm/3bbce349_6966.txt
6966	6967	hsm/3bedc2ee_6967.txt
6967	6968	hsm/197e474c_6968.txt
6968	6969	hsm/801af68c_6969.txt
6969	6970	hsm/1df43ea1_6970.txt
6970	6971	hsm/40cb563c_6971.txt
6971	6972	hsm/4a2ec834_6972.txt
6972	6973	hsm/44aefa30_6973.txt
6973	6974	hsm/d42b741b_6974.txt
6974	6975	hsm/b25edfe0_6975.txt
6975	6976	hsm/7335e11a_6976.txt
6976	6977	hsm/a5f61065_6977.txt
6977	6978	hsm/d3680ddf_6978.txt
6978	6979	hsm/e90b37e8_6979.txt
6979	6980	hsm/4fc846a0_6980.txt
6980	6981	hsm/f94444e5_6981.txt
6981	6982	hsm/eff4ddf2_6982.txt
6982	6983	hsm/d9375287_6983.txt
6983	6984	hsm/6dcdcd3b_6984.txt
6984	6985	hsm/9b3bda78_6985.txt
6985	6986	hsm/b8238431_6986.txt
6986	6987	hsm/2a7f87d8_6987.txt
6987	6988	hsm/000285a3_6988.txt
6988	6989	hsm/62ee4b1a_6989.txt
6989	6990	hsm/db646875_6990.txt
6990	6991	hsm/85ca2dde_6991.txt
6991	6992	hsm/109ec93b_6992.txt
6992	6993	hsm/e2544304_6993.txt
6993	6994	hsm/c02df78a_6994.txt
6994	6995	hsm/72c6708a_6995.txt
6995	6996	hsm/f1625300_6996.txt
6996	6997	hsm/a955ab73_6997.txt
6997	6998	hsm/c9ecb6c1_6998.txt
6998	6999	hsm/62dd05eb_6999.txt
6999	7000	hsm/3201bcc5_7000.txt
7000	7001	hsm/f45b86aa_7001.txt
7001	7002	hsm/b360ab80_7002.txt
7002	7003	hsm/e7fe719f_7003.txt
7003	7004	hsm/c97777ef_7004.txt
7004	7005	hsm/54dcea5e_7005.txt
7005	7006	hsm/f827281c_7006.txt
7006	7007	hsm/fc1315b0_7007.txt
7007	7008	hsm/80b844c1_7008.txt
7008	7009	hsm/c1d079d6_7009.txt
7009	7010	hsm/c117332c_7010.txt
7010	7011	hsm/ee227ddd_7011.txt
7011	7012	hsm/1ceecfd4_7012.txt
7012	7013	hsm/1c45c9ab_7013.txt
7013	7014	hsm/1e6fcc18_7014.txt
7014	7015	hsm/7da939b7_7015.txt
7015	7016	hsm/4100f739_7016.txt
7016	7017	hsm/e778bf0d_7017.txt
7017	7018	hsm/ee6a6c97_7018.txt
7018	7019	hsm/9399eebc_7019.txt
7019	7020	hsm/0f080046_7020.txt
7020	7021	hsm/8f3524f6_7021.txt
7021	7022	hsm/c05fb3ad_7022.txt
7022	7023	hsm/2d8b10a6_7023.txt
7023	7024	hsm/054e1eb7_7024.txt
7024	7025	hsm/4ac8d3e6_7025.txt
7025	7026	hsm/0d45211e_7026.txt
7026	7027	hsm/5c279510_7027.txt
7027	7028	hsm/c52e5802_7028.txt
7028	7029	hsm/9050419a_7029.txt
7029	7030	hsm/e67e73fb_7030.txt
7030	7031	hsm/47fa339d_7031.txt
7031	7032	hsm/a7dd930a_7032.txt
7032	7033	hsm/cb0025ae_7033.txt
7033	7034	hsm/bc4e4994_7034.txt
7034	7035	hsm/1faefe82_7035.txt
7035	7036	hsm/69d459fe_7036.txt
7036	7037	hsm/af206426_7037.txt
7037	7038	hsm/cdc4fe8f_7038.txt
7038	7039	hsm/11da7a91_7039.txt
7039	7040	hsm/fb6f79ff_7040.txt
7040	7041	hsm/1e84c77a_7041.txt
7041	7042	hsm/a5c61183_7042.txt
7042	7043	hsm/3c875cc1_7043.txt
7043	7044	hsm/960bb49a_7044.txt
7044	7045	hsm/f2b0e420_7045.txt
7045	7046	hsm/620ea633_7046.txt
7046	7047	hsm/885793e6_7047.txt
7047	7048	hsm/536279c8_7048.txt
7048	7049	hsm/5a7fa516_7049.txt
7049	7050	hsm/e2ded78c_7050.txt
7050	7051	hsm/3e309e9e_7051.txt
7051	7052	hsm/607f39f4_7052.txt
7052	7053	hsm/b3d11e89_7053.txt
7053	7054	hsm/af2412bc_7054.txt
7054	7055	hsm/1b5a6a08_7055.txt
7055	7056	hsm/ce5f15a0_7056.txt
7056	7057	hsm/79c9a6c2_7057.txt
7057	7058	hsm/a3392762_7058.txt
7058	7059	hsm/6ef705a7_7059.txt
7059	7060	hsm/68d1cc93_7060.txt
7060	7061	hsm/211d8d24_7061.txt
7061	7062	hsm/c73bd4d1_7062.txt
7062	7063	hsm/8f0be7b9_7063.txt
7063	7064	hsm/866db900_7064.txt
7064	7065	hsm/cec67dbc_7065.txt
7065	7066	hsm/0800ec49_7066.txt
7066	7067	hsm/e4eb985a_7067.txt
7067	7068	hsm/c1e69359_7068.txt
7068	7069	hsm/02b51514_7069.txt
7069	7070	hsm/86a70531_7070.txt
7070	7071	hsm/b8001109_7071.txt
7071	7072	hsm/c06f0446_7072.txt
7072	7073	hsm/41ad87f2_7073.txt
7073	7074	hsm/6c09d753_7074.txt
7074	7075	hsm/0d62f26c_7075.txt
7075	7076	hsm/6aa57e82_7076.txt
7076	7077	hsm/7e898210_7077.txt
7077	7078	hsm/00b0e00c_7078.txt
7078	7079	hsm/09f378a0_7079.txt
7079	7080	hsm/69a35ddb_7080.txt
7080	7081	hsm/0b2a0c5c_7081.txt
7081	7082	hsm/555d168c_7082.txt
7082	7083	hsm/c2372a64_7083.txt
7083	7084	hsm/412ed85c_7084.txt
7084	7085	hsm/63e5d349_7085.txt
7085	7086	hsm/58052bab_7086.txt
7086	7087	hsm/512feefe_7087.txt
7087	7088	hsm/2028213e_7088.txt
7088	7089	hsm/fe365c61_7089.txt
7089	7090	hsm/7965fe57_7090.txt
7090	7091	hsm/eb4dbfa2_7091.txt
7091	7092	hsm/e0d7ce91_7092.txt
7092	7093	hsm/b5f85428_7093.txt
7093	7094	hsm/ef280457_7094.txt
7094	7095	hsm/0d6bec4e_7095.txt
7095	7096	hsm/7c546fdb_7096.txt
7096	7097	hsm/8cbf2613_7097.txt
7097	7098	hsm/8587aae4_7098.txt
7098	7099	hsm/a5a4378a_7099.txt
7099	7100	hsm/d2e7012e_7100.txt
7100	7101	hsm/33320e50_7101.txt
7101	7102	hsm/c39b06dc_7102.txt
7102	7103	hsm/b610cd12_7103.txt
7103	7104	hsm/3ebc2a81_7104.txt
7104	7105	hsm/33eb9809_7105.txt
7105	7106	hsm/3be27be9_7106.txt
7106	7107	hsm/faf19ec1_7107.txt
7107	7108	hsm/f4367ba9_7108.txt
7108	7109	hsm/fbbd5361_7109.txt
7109	7110	hsm/6a4bf4b1_7110.txt
7110	7111	hsm/39cfd53a_7111.txt
7111	7112	hsm/f9946201_7112.txt
7112	7113	hsm/73282d24_7113.txt
7113	7114	hsm/40254da8_7114.txt
7114	7115	hsm/aca2f3fb_7115.txt
7115	7116	hsm/ea65623c_7116.txt
7116	7117	hsm/687dc6bd_7117.txt
7117	7118	hsm/43e5920c_7118.txt
7118	7119	hsm/24dbb042_7119.txt
7119	7120	hsm/c7912c1d_7120.txt
7120	7121	hsm/43673ff2_7121.txt
7121	7122	hsm/43673ff2_7122.txt
7122	7123	hsm/3549e5c2_7123.txt
7123	7124	hsm/68fd862a_7124.txt
7124	7125	hsm/7c78a076_7125.txt
7125	7126	hsm/c865db21_7126.txt
7126	7127	hsm/c865db21_7127.txt
7127	7128	hsm/c865db21_7128.txt
7128	7129	hsm/c865db21_7129.txt
7129	7130	hsm/c865db21_7130.txt
7130	7131	hsm/c865db21_7131.txt
7131	7132	hsm/0d393199_7132.txt
7132	7133	hsm/3d372791_7133.txt
7133	7134	hsm/e7e31ebd_7134.txt
7134	7135	hsm/3054b3c6_7135.txt
7135	7136	hsm/25dc71ac_7136.txt
7136	7137	hsm/63e7b16d_7137.txt
7137	7138	hsm/8ec6032f_7138.txt
7138	7139	hsm/c48a1ea4_7139.txt
7139	7140	hsm/91e5a5b9_7140.txt
7140	7141	hsm/b8f508c8_7141.txt
7141	7142	hsm/9bfdd110_7142.txt
7142	7143	hsm/7764a08d_7143.txt
7143	7144	hsm/6a0201fa_7144.txt
7144	7145	hsm/1008f685_7145.txt
7145	7146	hsm/e2f6392b_7146.txt
7146	7147	hsm/2dc3587f_7147.txt
7147	7148	hsm/987b95d5_7148.txt
7148	7149	hsm/1616e918_7149.txt
7149	7150	hsm/0915f8c0_7150.txt
7150	7151	hsm/7d2e2eaa_7151.txt
7151	7152	hsm/72741bb4_7152.txt
7152	7153	hsm/f127c6f6_7153.txt
7153	7154	hsm/beb7e3aa_7154.txt
7154	7155	hsm/094d77b1_7155.txt
7155	7156	hsm/4471d5ae_7156.txt
7156	7157	hsm/fc779792_7157.txt
7157	7158	hsm/beef9b84_7158.txt
7158	7159	hsm/2a0652c2_7159.txt
7159	7160	hsm/24496f6f_7160.txt
7160	7161	hsm/9d2d0eb3_7161.txt
7161	7162	hsm/51699ff3_7162.txt
7162	7163	hsm/d1d8b07c_7163.txt
7163	7164	hsm/b9064a50_7164.txt
7164	7165	hsm/f9c79dec_7165.txt
7165	7166	hsm/076a601f_7166.txt
7166	7167	hsm/767b35a1_7167.txt
7167	7168	hsm/0a592f4b_7168.txt
7168	7169	hsm/0442c0ba_7169.txt
7169	7170	hsm/7074f4cb_7170.txt
7170	7171	hsm/e43782ed_7171.txt
7171	7172	hsm/69f92b32_7172.txt
7172	7173	hsm/a82a1106_7173.txt
7173	7174	hsm/0c986ae9_7174.txt
7174	7175	hsm/25622d49_7175.txt
7175	7176	hsm/5465d8e1_7176.txt
7176	7177	hsm/e80b0fb1_7177.txt
7177	7178	hsm/ab74624c_7178.txt
7178	7179	hsm/0b7d2d1f_7179.txt
7179	7180	hsm/bc7dc963_7180.txt
7180	7181	hsm/62f5cbc1_7181.txt
7181	7182	hsm/876fa1fd_7182.txt
7182	7183	hsm/b0ed92c8_7183.txt
7183	7184	hsm/313f5a6f_7184.txt
7184	7185	hsm/1714a06f_7185.txt
7185	7186	hsm/73509396_7186.txt
7186	7187	hsm/f203890c_7187.txt
7187	7188	hsm/61f19eeb_7188.txt
7188	7189	hsm/040f1fd2_7189.txt
7189	7190	hsm/1d7b7a74_7190.txt
7190	7191	hsm/6da93fd2_7191.txt
7191	7192	hsm/a3590c2d_7192.txt
7192	7193	hsm/a297bd42_7193.txt
7193	7194	hsm/679a0da7_7194.txt
7194	7195	hsm/f0a27727_7195.txt
7195	7196	hsm/1debbae6_7196.txt
7196	7197	hsm/afcb36f9_7197.txt
7197	7198	hsm/7d47ef0a_7198.txt
7198	7199	hsm/e624e1bf_7199.txt
7199	7200	hsm/05d34139_7200.txt
7200	7201	hsm/5a7eb3a2_7201.txt
7201	7202	hsm/dc0c4914_7202.txt
7202	7203	hsm/ed3efa74_7203.txt
7203	7204	hsm/d7ab5dd8_7204.txt
7204	7205	hsm/73a275bb_7205.txt
7205	7206	hsm/f6b40248_7206.txt
7206	7207	hsm/f2957664_7207.txt
7207	7208	hsm/df768af5_7208.txt
7208	7209	hsm/b57e6b93_7209.txt
7209	7210	hsm/9c2c966e_7210.txt
7210	7211	hsm/61491562_7211.txt
7211	7212	hsm/10c2b1c9_7212.txt
7212	7213	hsm/3f2fcd59_7213.txt
7213	7214	hsm/3fa9ce9e_7214.txt
7214	7215	hsm/d6ec57a3_7215.txt
7215	7216	hsm/2d4c9ab0_7216.txt
7216	7217	hsm/7d95fbb6_7217.txt
7217	7218	hsm/feba2213_7218.txt
7218	7219	hsm/201986b1_7219.txt
7219	7220	hsm/dde9eaaf_7220.txt
7220	7221	hsm/86aa9b0b_7221.txt
7221	7222	hsm/b6f9f615_7222.txt
7222	7223	hsm/3014d9bb_7223.txt
7223	7224	hsm/cef096c1_7224.txt
7224	7225	hsm/2063be72_7225.txt
7225	7226	hsm/e406ffd8_7226.txt
7226	7227	hsm/a2fbfff6_7227.txt
7227	7228	hsm/a4c9f98b_7228.txt
7228	7229	hsm/87f55c58_7229.txt
7229	7230	hsm/292ec53e_7230.txt
7230	7231	hsm/24b43f30_7231.txt
7231	7232	hsm/f4ccdd71_7232.txt
7232	7233	hsm/70fdbf18_7233.txt
7233	7234	hsm/c6bf2f18_7234.txt
7234	7235	hsm/c1c3eef6_7235.txt
7235	7236	hsm/d1691b40_7236.txt
7236	7237	hsm/6da325c6_7237.txt
7237	7238	hsm/4ddca4c5_7238.txt
7238	7239	hsm/38ec7a58_7239.txt
7239	7240	hsm/b94bed15_7240.txt
7240	7241	hsm/7360fb37_7241.txt
7241	7242	hsm/f67a580e_7242.txt
7242	7243	hsm/6ee173a1_7243.txt
7243	7244	hsm/f7ffc46e_7244.txt
7244	7245	hsm/4be90681_7245.txt
7245	7246	hsm/1c3bc391_7246.txt
7246	7247	hsm/eeff26d1_7247.txt
7247	7248	hsm/1857b1d8_7248.txt
7248	7249	hsm/fc439cce_7249.txt
7249	7250	hsm/eaeda890_7250.txt
7250	7251	hsm/745fc00e_7251.txt
7251	7252	hsm/76571a13_7252.txt
7252	7253	hsm/3f0929e0_7253.txt
7253	7254	hsm/aa79c936_7254.txt
7254	7255	hsm/bdd27672_7255.txt
7255	7256	hsm/77f60683_7256.txt
7256	7257	hsm/d58166a3_7257.txt
7257	7258	hsm/1f4c9699_7258.txt
7258	7259	hsm/04812fe1_7259.txt
7259	7260	hsm/f3208abd_7260.txt
7260	7261	hsm/1f8cff70_7261.txt
7261	7262	hsm/f1489013_7262.txt
7262	7263	hsm/68228959_7263.txt
7263	7264	hsm/18cbfe97_7264.txt
7264	7265	hsm/273ef39f_7265.txt
7265	7266	hsm/045cf31e_7266.txt
7266	7267	hsm/24db1450_7267.txt
7267	7268	hsm/97564f37_7268.txt
7268	7269	hsm/47d17b43_7269.txt
7269	7270	hsm/78465fd8_7270.txt
7270	7271	hsm/67f46642_7271.txt
7271	7272	hsm/bc4d839f_7272.txt
7272	7273	hsm/2471c0fa_7273.txt
7273	7274	hsm/a5d8fe35_7274.txt
7274	7275	hsm/f9711125_7275.txt
7275	7276	hsm/3fc8b19d_7276.txt
7276	7277	hsm/b9a564ec_7277.txt
7277	7278	hsm/aaca31e1_7278.txt
7278	7279	hsm/97cdd0f7_7279.txt
7279	7280	hsm/f7fabfd1_7280.txt
7280	7281	hsm/4dcfc2bd_7281.txt
7281	7282	hsm/b865d3a9_7282.txt
7282	7283	hsm/9ecdeb53_7283.txt
7283	7284	hsm/9e8351ca_7284.txt
7284	7285	hsm/8514940f_7285.txt
7285	7286	hsm/a13947c4_7286.txt
7286	7287	hsm/8d330ac7_7287.txt
7287	7288	hsm/ade24676_7288.txt
7288	7289	hsm/a73ab38e_7289.txt
7289	7290	hsm/4baad791_7290.txt
7290	7291	hsm/b1631da7_7291.txt
7291	7292	hsm/04e93f72_7292.txt
7292	7293	hsm/24c4084d_7293.txt
7293	7294	hsm/c9b022a8_7294.txt
7294	7295	hsm/0d659f53_7295.txt
7295	7296	hsm/2c107e87_7296.txt
7296	7297	hsm/0904dbce_7297.txt
7297	7298	hsm/3cb02a22_7298.txt
7298	7299	hsm/b090dbad_7299.txt
7299	7300	hsm/274ae95c_7300.txt
7300	7301	hsm/0df5a789_7301.txt
7301	7302	hsm/38ff2258_7302.txt
7302	7303	hsm/bcefbd4c_7303.txt
7303	7304	hsm/a000943c_7304.txt
7304	7305	hsm/3bf7ad12_7305.txt
7305	7306	hsm/6d5d5f1b_7306.txt
7306	7307	hsm/50b0d60f_7307.txt
7307	7308	hsm/a91714ec_7308.txt
7308	7309	hsm/5411de6b_7309.txt
7309	7310	hsm/f2af97e1_7310.txt
7310	7311	hsm/47c7e4b5_7311.txt
7311	7312	hsm/50f3afa6_7312.txt
7312	7313	hsm/4fa1e204_7313.txt
7313	7314	hsm/98ff17f8_7314.txt
7314	7315	hsm/456ca684_7315.txt
7315	7316	hsm/7a7ec2b2_7316.txt
7316	7317	hsm/105ad80c_7317.txt
7317	7318	hsm/78ba78b2_7318.txt
7318	7319	hsm/4db3071b_7319.txt
7319	7320	hsm/401d603e_7320.txt
7320	7321	hsm/60ac22ca_7321.txt
7321	7322	hsm/c444d808_7322.txt
7322	7323	hsm/8b0e204b_7323.txt
7323	7324	hsm/9e738c51_7324.txt
7324	7325	hsm/f07e944b_7325.txt
7325	7326	hsm/49bd446e_7326.txt
7326	7327	hsm/b39d329d_7327.txt
7327	7328	hsm/8fc5fc38_7328.txt
7328	7329	hsm/e26b2fe1_7329.txt
7329	7330	hsm/1bd70b8c_7330.txt
7330	7331	hsm/bde51322_7331.txt
7331	7332	hsm/c0d30171_7332.txt
7332	7333	hsm/a127002f_7333.txt
7333	7334	hsm/1faf51b2_7334.txt
7334	7335	hsm/c9a225bf_7335.txt
7335	7336	hsm/5b299665_7336.txt
7336	7337	hsm/3f50219d_7337.txt
7337	7338	hsm/b6f761f4_7338.txt
7338	7339	hsm/32394fa7_7339.txt
7339	7340	hsm/bea95629_7340.txt
7340	7341	hsm/69466cd7_7341.txt
7341	7342	hsm/f6ca77a5_7342.txt
7342	7343	hsm/46b0a7d6_7343.txt
7343	7344	hsm/baf293cc_7344.txt
7344	7345	hsm/487db11b_7345.txt
7345	7346	hsm/3f1bc5ba_7346.txt
7346	7347	hsm/87d3d95e_7347.txt
7347	7348	hsm/629d1b17_7348.txt
7348	7349	hsm/47e4af2e_7349.txt
7349	7350	hsm/5b85b401_7350.txt
7350	7351	hsm/d5a48cec_7351.txt
7351	7352	hsm/90e2b2f6_7352.txt
7352	7353	hsm/b2d29010_7353.txt
7353	7354	hsm/c17739f1_7354.txt
7354	7355	hsm/49570e8d_7355.txt
7355	7356	hsm/bc899736_7356.txt
7356	7357	hsm/3e8dff30_7357.txt
7357	7358	hsm/dd4aa4e5_7358.txt
7358	7359	hsm/f4fde26e_7359.txt
7359	7360	hsm/3acf2c0a_7360.txt
7360	7361	hsm/cbe3089e_7361.txt
7361	7362	hsm/202310e9_7362.txt
7362	7363	hsm/bfaba482_7363.txt
7363	7364	hsm/d1262d2f_7364.txt
7364	7365	hsm/6fe86220_7365.txt
7365	7366	hsm/714d163f_7366.txt
7366	7367	hsm/fc6c1077_7367.txt
7367	7368	hsm/b8e0fd41_7368.txt
7368	7369	hsm/d58ab6d7_7369.txt
7369	7370	hsm/1bff981e_7370.txt
7370	7371	hsm/896fa593_7371.txt
7371	7372	hsm/431a3a0d_7372.txt
7372	7373	hsm/a826cf9f_7373.txt
7373	7374	hsm/c37839ec_7374.txt
7374	7375	hsm/6dbafb57_7375.txt
7375	7376	hsm/92e82443_7376.txt
7376	7377	hsm/ad424822_7377.txt
7377	7378	hsm/77189138_7378.txt
7378	7379	hsm/a8697f16_7379.txt
7379	7380	hsm/6f7842b4_7380.txt
7380	7381	hsm/10e017da_7381.txt
7381	7382	hsm/15d54ccf_7382.txt
7382	7383	hsm/998e22f0_7383.txt
7383	7384	hsm/1d3123b9_7384.txt
7384	7385	hsm/87c01efe_7385.txt
7385	7386	hsm/7ccd2cf2_7386.txt
7386	7387	hsm/0693051f_7387.txt
7387	7388	hsm/46ebe20b_7388.txt
7388	7389	hsm/630d6db5_7389.txt
7389	7390	hsm/209e3028_7390.txt
7390	7391	hsm/f9f3c245_7391.txt
7391	7392	hsm/d57ba95f_7392.txt
7392	7393	hsm/c535aa71_7393.txt
7393	7394	hsm/57d82330_7394.txt
7394	7395	hsm/bc62321e_7395.txt
7395	7396	hsm/6c9dc153_7396.txt
7396	7397	hsm/b9a0fe68_7397.txt
7397	7398	hsm/34885811_7398.txt
7398	7399	hsm/03514069_7399.txt
7399	7400	hsm/2d3ed9d2_7400.txt
7400	7401	hsm/f2111e93_7401.txt
7401	7402	hsm/eeaaecd1_7402.txt
7402	7403	hsm/e83b6655_7403.txt
7403	7404	hsm/0f6047ce_7404.txt
7404	7405	hsm/24628d56_7405.txt
7405	7406	hsm/321cdc43_7406.txt
7406	7407	hsm/024df063_7407.txt
7407	7408	hsm/db61ee3b_7408.txt
7408	7409	hsm/6f163d9e_7409.txt
7409	7410	hsm/48014a50_7410.txt
7410	7411	hsm/ac7ad78b_7411.txt
7411	7412	hsm/09c6cdbc_7412.txt
7412	7413	hsm/ff779447_7413.txt
7413	7414	hsm/f3c1b9af_7414.txt
7414	7415	hsm/0a62f0a8_7415.txt
7415	7416	hsm/0a62f0a8_7416.txt
7416	7417	hsm/e26e0f7f_7417.txt
7417	7418	hsm/4503eb5d_7418.txt
7418	7419	hsm/dc97f974_7419.txt
7419	7420	hsm/dc97f974_7420.txt
7420	7421	hsm/46b3b7f5_7421.txt
7421	7422	hsm/3d52b660_7422.txt
7422	7423	hsm/2b8fed1f_7423.txt
7423	7424	hsm/f82f4c40_7424.txt
7424	7425	hsm/fed96483_7425.txt
7425	7426	hsm/147d83fb_7426.txt
7426	7427	hsm/b118513b_7427.txt
7427	7428	hsm/c51da809_7428.txt
7428	7429	hsm/fcb96e8e_7429.txt
7429	7430	hsm/ed17e2c9_7430.txt
7430	7431	hsm/3f0f5dff_7431.txt
7431	7432	hsm/9715053d_7432.txt
7432	7433	hsm/9efcee44_7433.txt
7433	7434	hsm/a7ba98b7_7434.txt
7434	7435	hsm/ea69404f_7435.txt
7435	7436	hsm/a1cebc8c_7436.txt
7436	7437	hsm/accc3c48_7437.txt
7437	7438	hsm/0490f129_7438.txt
7438	7439	hsm/2091a5cd_7439.txt
7439	7440	hsm/671398c6_7440.txt
7440	7441	hsm/ac4e8276_7441.txt
7441	7442	hsm/d5c3cf05_7442.txt
7442	7443	hsm/13462d9d_7443.txt
7443	7444	hsm/72b88e86_7444.txt
7444	7445	hsm/ec709358_7445.txt
7445	7446	hsm/38c5a6b9_7446.txt
7446	7447	hsm/a1ac203b_7447.txt
7447	7448	hsm/03cc9ee3_7448.txt
7448	7449	hsm/0a5ba0ee_7449.txt
7449	7450	hsm/6e7bd3cb_7450.txt
7450	7451	hsm/3ae59132_7451.txt
7451	7452	hsm/ffdb2cef_7452.txt
7452	7453	hsm/f5b6b697_7453.txt
7453	7454	hsm/b253aefc_7454.txt
7454	7455	hsm/77a530f2_7455.txt
7455	7456	hsm/02d43b0e_7456.txt
7456	7457	hsm/c1c2b767_7457.txt
7457	7458	hsm/9003afd5_7458.txt
7458	7459	hsm/2726d0e1_7459.txt
7459	7460	hsm/09f3e314_7460.txt
7460	7461	hsm/44391980_7461.txt
7461	7462	hsm/9ec8488e_7462.txt
7462	7463	hsm/99b032e5_7463.txt
7463	7464	hsm/1e2b3d8b_7464.txt
7464	7465	hsm/4c87892e_7465.txt
7465	7466	hsm/512a957c_7466.txt
7466	7467	hsm/d4b64443_7467.txt
7467	7468	hsm/15a79d6f_7468.txt
7468	7469	hsm/8d9fea27_7469.txt
7469	7470	hsm/17dda52f_7470.txt
7470	7471	hsm/9426f254_7471.txt
7471	7472	hsm/a778da8d_7472.txt
7472	7473	hsm/5934a438_7473.txt
7473	7474	hsm/2daa58ba_7474.txt
7474	7475	hsm/8ea65ddb_7475.txt
7475	7476	hsm/4e922408_7476.txt
7476	7477	hsm/dd2cf4f3_7477.txt
7477	7478	hsm/196073b8_7478.txt
7478	7479	hsm/5960e67d_7479.txt
7479	7480	hsm/54c0d9cf_7480.txt
7480	7481	hsm/99eae554_7481.txt
7481	7482	hsm/721a8424_7482.txt
7482	7483	hsm/91de5fdd_7483.txt
7483	7484	hsm/4cb98fec_7484.txt
7484	7485	hsm/59cd61a0_7485.txt
7485	7486	hsm/7679453a_7486.txt
7486	7487	hsm/d0f77726_7487.txt
7487	7488	hsm/1a1b3490_7488.txt
7488	7489	hsm/c35586c7_7489.txt
7489	7490	hsm/7046430e_7490.txt
7490	7491	hsm/e3134f3c_7491.txt
7491	7492	hsm/2fef7482_7492.txt
7492	7493	hsm/e4505010_7493.txt
7493	7494	hsm/ef94c636_7494.txt
7494	7495	hsm/3bc87b40_7495.txt
7495	7496	hsm/9fd92f06_7496.txt
7496	7497	hsm/2b607d1e_7497.txt
7497	7498	hsm/c52a3a7b_7498.txt
7498	7499	hsm/3ba675a5_7499.txt
7499	7500	hsm/c5e5586c_7500.txt
7500	7501	hsm/10200732_7501.txt
7501	7502	hsm/f97e38a0_7502.txt
7502	7503	hsm/f51c4cf9_7503.txt
7503	7504	hsm/ec68cfe5_7504.txt
7504	7505	hsm/dcef0e87_7505.txt
7505	7506	hsm/c2a27df1_7506.txt
7506	7507	hsm/bc83c2bd_7507.txt
7507	7508	hsm/77de64c9_7508.txt
7508	7509	hsm/ba6b9b9d_7509.txt
7509	7510	hsm/0d0482c4_7510.txt
7510	7511	hsm/ce2fa68f_7511.txt
7511	7512	hsm/37dff913_7512.txt
7512	7513	hsm/2fd88f2b_7513.txt
7513	7514	hsm/6987cdf9_7514.txt
7514	7515	hsm/d08d0c61_7515.txt
7515	7516	hsm/0b7d5e39_7516.txt
7516	7517	hsm/2e26c2e6_7517.txt
7517	7518	hsm/075a8aba_7518.txt
7518	7519	hsm/bdba02b7_7519.txt
7519	7520	hsm/efc2fdb1_7520.txt
7520	7521	hsm/e465c1ab_7521.txt
7521	7522	hsm/941d43c1_7522.txt
7522	7523	hsm/69759a76_7523.txt
7523	7524	hsm/c8b5faa4_7524.txt
7524	7525	hsm/ebfbded7_7525.txt
7525	7526	hsm/2b568681_7526.txt
7526	7527	hsm/bd4b738f_7527.txt
7527	7528	hsm/d221ebfa_7528.txt
7528	7529	hsm/e07e84e8_7529.txt
7529	7530	hsm/431c7645_7530.txt
7530	7531	hsm/106531dc_7531.txt
7531	7532	hsm/9db1f39b_7532.txt
7532	7533	hsm/df1d96ba_7533.txt
7533	7534	hsm/dd2526e0_7534.txt
7534	7535	hsm/8a572411_7535.txt
7535	7536	hsm/ae8348da_7536.txt
7536	7537	hsm/095c12b0_7537.txt
7537	7538	hsm/b0567be1_7538.txt
7538	7539	hsm/cfa27956_7539.txt
7539	7540	hsm/cfa27956_7540.txt
7540	7541	hsm/f56de7ec_7541.txt
7541	7542	hsm/f56de7ec_7542.txt
7542	7543	hsm/2fef90b2_7543.txt
7543	7544	hsm/2fef90b2_7544.txt
7544	7545	hsm/0f4bbadd_7545.txt
7545	7546	hsm/0f4bbadd_7546.txt
7546	7547	hsm/858644f0_7547.txt
7547	7548	hsm/d76edfd3_7548.txt
7548	7549	hsm/f3092bae_7549.txt
7549	7550	hsm/f8595eda_7550.txt
7550	7551	hsm/b7dd5176_7551.txt
7551	7552	hsm/5834e0eb_7552.txt
7552	7553	hsm/862f19d6_7553.txt
7553	7554	hsm/987b95d5_7554.txt
7554	7555	hsm/58bf87d9_7555.txt
7555	7556	hsm/7d2e2eaa_7556.txt
7556	7557	hsm/72741bb4_7557.txt
7557	7558	hsm/f127c6f6_7558.txt
7558	7559	hsm/beb7e3aa_7559.txt
7559	7560	hsm/094d77b1_7560.txt
7560	7561	hsm/4471d5ae_7561.txt
7561	7562	hsm/fc779792_7562.txt
7562	7563	hsm/beef9b84_7563.txt
7563	7564	hsm/2a0652c2_7564.txt
7564	7565	hsm/24496f6f_7565.txt
7565	7566	hsm/9d2d0eb3_7566.txt
7566	7567	hsm/51699ff3_7567.txt
7567	7568	hsm/d1d8b07c_7568.txt
7568	7569	hsm/b9064a50_7569.txt
7569	7570	hsm/f9c79dec_7570.txt
7570	7571	hsm/076a601f_7571.txt
7571	7572	hsm/767b35a1_7572.txt
7572	7573	hsm/0a592f4b_7573.txt
7573	7574	hsm/0442c0ba_7574.txt
7574	7575	hsm/7074f4cb_7575.txt
7575	7576	hsm/e43782ed_7576.txt
7576	7577	hsm/69f92b32_7577.txt
7577	7578	hsm/a82a1106_7578.txt
7578	7579	hsm/0c986ae9_7579.txt
7579	7580	hsm/25622d49_7580.txt
7580	7581	hsm/5465d8e1_7581.txt
7581	7582	hsm/e80b0fb1_7582.txt
7582	7583	hsm/ab74624c_7583.txt
7583	7584	hsm/0b7d2d1f_7584.txt
7584	7585	hsm/bc7dc963_7585.txt
7585	7586	hsm/62f5cbc1_7586.txt
7586	7587	hsm/876fa1fd_7587.txt
7587	7588	hsm/b0ed92c8_7588.txt
7588	7589	hsm/313f5a6f_7589.txt
7589	7590	hsm/1714a06f_7590.txt
7590	7591	hsm/73509396_7591.txt
7591	7592	hsm/f203890c_7592.txt
7592	7593	hsm/61f19eeb_7593.txt
7593	7594	hsm/040f1fd2_7594.txt
7594	7595	hsm/1d7b7a74_7595.txt
7595	7596	hsm/6da93fd2_7596.txt
7596	7597	hsm/a3590c2d_7597.txt
7597	7598	hsm/a297bd42_7598.txt
7598	7599	hsm/679a0da7_7599.txt
7599	7600	hsm/f0a27727_7600.txt
7600	7601	hsm/1debbae6_7601.txt
7601	7602	hsm/afcb36f9_7602.txt
7602	7603	hsm/7d47ef0a_7603.txt
7603	7604	hsm/e624e1bf_7604.txt
7604	7605	hsm/05d34139_7605.txt
7605	7606	hsm/5a7eb3a2_7606.txt
7606	7607	hsm/dc0c4914_7607.txt
7607	7608	hsm/ed3efa74_7608.txt
7608	7609	hsm/d7ab5dd8_7609.txt
7609	7610	hsm/73a275bb_7610.txt
7610	7611	hsm/f6b40248_7611.txt
7611	7612	hsm/f2957664_7612.txt
7612	7613	hsm/df768af5_7613.txt
7613	7614	hsm/b57e6b93_7614.txt
7614	7615	hsm/9c2c966e_7615.txt
7615	7616	hsm/61491562_7616.txt
7616	7617	hsm/10c2b1c9_7617.txt
7617	7618	hsm/3f2fcd59_7618.txt
7618	7619	hsm/3fa9ce9e_7619.txt
7619	7620	hsm/d6ec57a3_7620.txt
7620	7621	hsm/2d4c9ab0_7621.txt
7621	7622	hsm/7d95fbb6_7622.txt
7622	7623	hsm/feba2213_7623.txt
7623	7624	hsm/201986b1_7624.txt
7624	7625	hsm/dde9eaaf_7625.txt
7625	7626	hsm/86aa9b0b_7626.txt
7626	7627	hsm/b6f9f615_7627.txt
7627	7628	hsm/3014d9bb_7628.txt
7628	7629	hsm/cef096c1_7629.txt
7629	7630	hsm/2063be72_7630.txt
7630	7631	hsm/e406ffd8_7631.txt
7631	7632	hsm/a2fbfff6_7632.txt
7632	7633	hsm/a4c9f98b_7633.txt
7633	7634	hsm/87f55c58_7634.txt
7634	7635	hsm/292ec53e_7635.txt
7635	7636	hsm/24b43f30_7636.txt
7636	7637	hsm/f4ccdd71_7637.txt
7637	7638	hsm/70fdbf18_7638.txt
7638	7639	hsm/c6bf2f18_7639.txt
7639	7640	hsm/c1c3eef6_7640.txt
7640	7641	hsm/d1691b40_7641.txt
7641	7642	hsm/6da325c6_7642.txt
7642	7643	hsm/4ddca4c5_7643.txt
7643	7644	hsm/38ec7a58_7644.txt
7644	7645	hsm/b94bed15_7645.txt
7645	7646	hsm/7360fb37_7646.txt
7646	7647	hsm/f67a580e_7647.txt
7647	7648	hsm/6ee173a1_7648.txt
7648	7649	hsm/f7ffc46e_7649.txt
7649	7650	hsm/4be90681_7650.txt
7650	7651	hsm/1c3bc391_7651.txt
7651	7652	hsm/eeff26d1_7652.txt
7652	7653	hsm/1857b1d8_7653.txt
7653	7654	hsm/fc439cce_7654.txt
7654	7655	hsm/eaeda890_7655.txt
7655	7656	hsm/716e34e4_7656.txt
7656	7657	hsm/9d47e1e9_7657.txt
7657	7658	hsm/10c1b79c_7658.txt
7658	7659	hsm/891d8406_7659.txt
7659	7660	hsm/a16c2a6b_7660.txt
7660	7661	hsm/187150c0_7661.txt
7661	7662	hsm/12ba990e_7662.txt
7662	7663	hsm/9993921c_7663.txt
7663	7664	hsm/fa7cfe90_7664.txt
7664	7665	hsm/bfc70ee9_7665.txt
7665	7666	hsm/13ffb571_7666.txt
7666	7667	hsm/18dc6ca2_7667.txt
7667	7668	hsm/c7f1ca0e_7668.txt
7668	7669	hsm/9ab81d0f_7669.txt
7669	7670	hsm/01df4fa0_7670.txt
7670	7671	hsm/176d51db_7671.txt
7671	7672	hsm/8422ce9c_7672.txt
7672	7673	hsm/2f02198d_7673.txt
7673	7674	hsm/618bbc1e_7674.txt
7674	7675	hsm/28817a8c_7675.txt
7675	7676	hsm/652f78f2_7676.txt
7676	7677	hsm/9e6aa913_7677.txt
7677	7678	hsm/256dc24d_7678.txt
7678	7679	hsm/3f59e41d_7679.txt
7679	7680	hsm/ef3992d6_7680.txt
7680	7681	hsm/48bc5de0_7681.txt
7681	7682	hsm/414b1f6c_7682.txt
7682	7683	hsm/3a529aa2_7683.txt
7683	7684	hsm/d1d31665_7684.txt
7684	7685	hsm/569df115_7685.txt
7685	7686	hsm/7612e43c_7686.txt
7686	7687	hsm/f9e43bd3_7687.txt
7687	7688	hsm/e63b0108_7688.txt
7688	7689	hsm/ab74a227_7689.txt
7689	7690	hsm/050b378e_7690.txt
7690	7691	hsm/4306168f_7691.txt
7691	7692	hsm/c29170f6_7692.txt
7692	7693	hsm/51e20c5c_7693.txt
7693	7694	hsm/16035c6a_7694.txt
7694	7695	hsm/9a832b0a_7695.txt
7695	7696	hsm/2544c351_7696.txt
7696	7697	hsm/91d99269_7697.txt
7697	7698	hsm/381df52f_7698.txt
7698	7699	hsm/ce268263_7699.txt
7699	7700	hsm/3b83d3e3_7700.txt
7700	7701	hsm/ebfe6362_7701.txt
7701	7702	hsm/5366d8bb_7702.txt
7702	7703	hsm/49e1dec4_7703.txt
7703	7704	hsm/6793611e_7704.txt
7704	7705	hsm/c3f6438e_7705.txt
7705	7706	hsm/fefa4224_7706.txt
7706	7707	hsm/fe9a7677_7707.txt
7707	7708	hsm/1609d1bb_7708.txt
7708	7709	hsm/06cd699c_7709.txt
7709	7710	hsm/393c8415_7710.txt
7710	7711	hsm/81bbc95c_7711.txt
7711	7712	hsm/357c7e21_7712.txt
7712	7713	hsm/7e9f7244_7713.txt
7713	7714	hsm/6c9eed12_7714.txt
7714	7715	hsm/f3944b37_7715.txt
7715	7716	hsm/da47e044_7716.txt
7716	7717	hsm/9557de5e_7717.txt
7717	7718	hsm/b0c46f94_7718.txt
7718	7719	hsm/09b01605_7719.txt
7719	7720	hsm/62e827d1_7720.txt
7720	7721	hsm/2108bbcb_7721.txt
7721	7722	hsm/af47bf5b_7722.txt
7722	7723	hsm/b980e546_7723.txt
7723	7724	hsm/1f815187_7724.txt
7724	7725	hsm/bac30bda_7725.txt
7725	7726	hsm/3c3e135c_7726.txt
7726	7727	hsm/0649e924_7727.txt
7727	7728	hsm/c00991be_7728.txt
7728	7729	hsm/188b15dc_7729.txt
7729	7730	hsm/25dfdba7_7730.txt
7730	7731	hsm/62b2e68e_7731.txt
7731	7732	hsm/130a4875_7732.txt
7732	7733	hsm/2b081efa_7733.txt
7733	7734	hsm/439b1d3a_7734.txt
7734	7735	hsm/9b753bbb_7735.txt
7735	7736	hsm/870ac279_7736.txt
7736	7737	hsm/eafb4028_7737.txt
7737	7738	hsm/49096866_7738.txt
7738	7739	hsm/fa9b37ea_7739.txt
7739	7740	hsm/a12383b6_7740.txt
7740	7741	hsm/c05dae16_7741.txt
7741	7742	hsm/d8fade0c_7742.txt
7742	7743	hsm/ba16927f_7743.txt
7743	7744	hsm/87346508_7744.txt
7744	7745	hsm/c3d18963_7745.txt
7745	7746	hsm/b49c8e93_7746.txt
7746	7747	hsm/c063d6c7_7747.txt
7747	7748	hsm/ad94b0ef_7748.txt
7748	7749	hsm/0924f463_7749.txt
7749	7750	hsm/94122dbc_7750.txt
7750	7751	hsm/eea5d2a2_7751.txt
7751	7752	hsm/d93d09c1_7752.txt
7752	7753	hsm/6f422876_7753.txt
7753	7754	hsm/8a3fc38c_7754.txt
7754	7755	hsm/6ecdcae1_7755.txt
7755	7756	hsm/aa85da1d_7756.txt
7756	7757	hsm/b74df923_7757.txt
7757	7758	hsm/d696e373_7758.txt
7758	7759	hsm/7d7537b5_7759.txt
7759	7760	hsm/269072d1_7760.txt
7760	7761	hsm/1c3b64bc_7761.txt
7761	7762	hsm/287621d5_7762.txt
7762	7763	hsm/2963118b_7763.txt
7763	7764	hsm/08392d21_7764.txt
7764	7765	hsm/baa47605_7765.txt
7765	7766	hsm/4d65392d_7766.txt
7766	7767	hsm/2f41b7a9_7767.txt
7767	7768	hsm/751b80a5_7768.txt
7768	7769	hsm/b0bd8275_7769.txt
7769	7770	hsm/c9a6aebd_7770.txt
7770	7771	hsm/dc22e95f_7771.txt
7771	7772	hsm/c33d8461_7772.txt
7772	7773	hsm/65fa8810_7773.txt
7773	7774	hsm/12a8ac41_7774.txt
7774	7775	hsm/a642bcab_7775.txt
7775	7776	hsm/e84d3875_7776.txt
7776	7777	hsm/517df431_7777.txt
7777	7778	hsm/b1b5c1e0_7778.txt
7778	7779	hsm/8b44872f_7779.txt
7779	7780	hsm/6601dc61_7780.txt
7780	7781	hsm/c3fc957e_7781.txt
7781	7782	hsm/10e49852_7782.txt
7782	7783	hsm/7c9aa811_7783.txt
7783	7784	hsm/2b9d0ae7_7784.txt
7784	7785	hsm/6d7959d9_7785.txt
7785	7786	hsm/c920f5de_7786.txt
7786	7787	hsm/7c2d9382_7787.txt
7787	7788	hsm/90f7fda1_7788.txt
7788	7789	hsm/f2a0ccef_7789.txt
7789	7790	hsm/b219b5db_7790.txt
7790	7791	hsm/496befb3_7791.txt
7791	7792	hsm/eb72ff98_7792.txt
7792	7793	hsm/29cb215b_7793.txt
7793	7794	hsm/60b4f6dc_7794.txt
7794	7795	hsm/478c8197_7795.txt
7795	7796	hsm/63f1465d_7796.txt
7796	7797	hsm/7cc871b3_7797.txt
7797	7798	hsm/38f19167_7798.txt
7798	7799	hsm/58d21bdd_7799.txt
7799	7800	hsm/a4993d9c_7800.txt
7800	7801	hsm/958ae3cb_7801.txt
7801	7802	hsm/db9e6502_7802.txt
7802	7803	hsm/5992393a_7803.txt
7803	7804	hsm/dad0b9c9_7804.txt
7804	7805	hsm/c4be7efe_7805.txt
7805	7806	hsm/261ed92d_7806.txt
7806	7807	hsm/c86fb4cc_7807.txt
7807	7808	hsm/a980bb57_7808.txt
7808	7809	hsm/ce60a649_7809.txt
7809	7810	hsm/6abe23a9_7810.txt
7810	7811	hsm/e235dfde_7811.txt
7811	7812	hsm/b9c94286_7812.txt
7812	7813	hsm/28b2e96b_7813.txt
7813	7814	hsm/720065b1_7814.txt
7814	7815	hsm/46e182cc_7815.txt
7815	7816	hsm/8408bce3_7816.txt
7816	7817	hsm/b400139c_7817.txt
7817	7818	hsm/fedef0b1_7818.txt
7818	7819	hsm/4b2de38a_7819.txt
7819	7820	hsm/66d51294_7820.txt
7820	7821	hsm/a419990e_7821.txt
7821	7822	hsm/eeff71ec_7822.txt
7822	7823	hsm/a092d624_7823.txt
7823	7824	hsm/07fd40d6_7824.txt
7824	7825	hsm/466844e6_7825.txt
7825	7826	hsm/28222d52_7826.txt
7826	7827	hsm/75bdc1ce_7827.txt
7827	7828	hsm/ba013ff6_7828.txt
7828	7829	hsm/0e6b08fe_7829.txt
7829	7830	hsm/93164248_7830.txt
7830	7831	hsm/15299609_7831.txt
7831	7832	hsm/d7eccc0f_7832.txt
7832	7833	hsm/44137f12_7833.txt
7833	7834	hsm/7172a126_7834.txt
7834	7835	hsm/5b56623f_7835.txt
7835	7836	hsm/699265b3_7836.txt
7836	7837	hsm/57cc1775_7837.txt
7837	7838	hsm/89abb9a1_7838.txt
7838	7839	hsm/3ed165c3_7839.txt
7839	7840	hsm/3a3f1877_7840.txt
7840	7841	hsm/a1e87149_7841.txt
7841	7842	hsm/d3456326_7842.txt
7842	7843	hsm/accf9572_7843.txt
7843	7844	hsm/f2703d52_7844.txt
7844	7845	hsm/6813ae70_7845.txt
7845	7846	hsm/3675d7c0_7846.txt
7846	7847	hsm/631da99b_7847.txt
7847	7848	hsm/20616ab0_7848.txt
7848	7849	hsm/d5bcf3a0_7849.txt
7849	7850	hsm/80450bf7_7850.txt
7850	7851	hsm/35c39988_7851.txt
7851	7852	hsm/f27c907a_7852.txt
7852	7853	hsm/bef8147b_7853.txt
7853	7854	hsm/313a4585_7854.txt
7854	7855	hsm/469a5121_7855.txt
7855	7856	hsm/330ca4a7_7856.txt
7856	7857	hsm/0c902ca4_7857.txt
7857	7858	hsm/7e15d9dc_7858.txt
7858	7859	hsm/e6c1b665_7859.txt
7859	7860	hsm/bb37da1f_7860.txt
7860	7861	hsm/d2f483c2_7861.txt
7861	7862	hsm/97838789_7862.txt
7862	7863	hsm/359be7a7_7863.txt
7863	7864	hsm/0da1354d_7864.txt
7864	7865	hsm/e0506053_7865.txt
7865	7866	hsm/ee862dfa_7866.txt
7866	7867	hsm/0423dcd4_7867.txt
7867	7868	hsm/c0c3c6f5_7868.txt
7868	7869	hsm/bb91670d_7869.txt
7869	7870	hsm/5f5e6a9f_7870.txt
7870	7871	hsm/26d5b285_7871.txt
7871	7872	hsm/3f67b8cd_7872.txt
7872	7873	hsm/0086ac97_7873.txt
7873	7874	hsm/db0855c8_7874.txt
7874	7875	hsm/5f9bc431_7875.txt
7875	7876	hsm/7b5af7c6_7876.txt
7876	7877	hsm/55a71082_7877.txt
7877	7878	hsm/e684d52a_7878.txt
7878	7879	hsm/691b074e_7879.txt
7879	7880	hsm/33d95e47_7880.txt
7880	7881	hsm/cd3c8e36_7881.txt
7881	7882	hsm/b7b9e399_7882.txt
7882	7883	hsm/5d26aa13_7883.txt
7883	7884	hsm/63ea3c1b_7884.txt
7884	7885	hsm/ae88cf1e_7885.txt
7885	7886	hsm/f0b649c1_7886.txt
7886	7887	hsm/13a1a40d_7887.txt
7887	7888	hsm/2f65cf21_7888.txt
7888	7889	hsm/0ee5bdce_7889.txt
7889	7890	hsm/2eecb2d0_7890.txt
7890	7891	hsm/7df66c7c_7891.txt
7891	7892	hsm/13e01618_7892.txt
7892	7893	hsm/6030d40a_7893.txt
7893	7894	hsm/de54e643_7894.txt
7894	7895	hsm/5feadedc_7895.txt
7895	7896	hsm/b4e658df_7896.txt
7896	7897	hsm/f461c26b_7897.txt
7897	7898	hsm/c34e602e_7898.txt
7898	7899	hsm/a33be756_7899.txt
7899	7900	hsm/b437fc30_7900.txt
7900	7901	hsm/54a51736_7901.txt
7901	7902	hsm/1e32ac3e_7902.txt
7902	7903	hsm/a19ca541_7903.txt
7903	7904	hsm/3e154d19_7904.txt
7904	7905	hsm/147f03a5_7905.txt
7905	7906	hsm/c0f06d6c_7906.txt
7906	7907	hsm/eaae8be1_7907.txt
7907	7908	hsm/0242cf65_7908.txt
7908	7909	hsm/1be5d2fb_7909.txt
7909	7910	hsm/d4d16859_7910.txt
7910	7911	hsm/a11afc45_7911.txt
7911	7912	hsm/69ed06d1_7912.txt
7912	7913	hsm/6e2cf0a5_7913.txt
7913	7914	hsm/a8d35e54_7914.txt
7914	7915	hsm/c74c1118_7915.txt
7915	7916	hsm/93d140e5_7916.txt
7916	7917	hsm/143dd0c0_7917.txt
7917	7918	hsm/b703a008_7918.txt
7918	7919	hsm/2d7e5aef_7919.txt
7919	7920	hsm/5a7176bd_7920.txt
7920	7921	hsm/09c2cec3_7921.txt
7921	7922	hsm/1762c5df_7922.txt
7922	7923	hsm/f59d6968_7923.txt
7923	7924	hsm/fdc4e9f6_7924.txt
7924	7925	hsm/8cec6308_7925.txt
7925	7926	hsm/4f899b2f_7926.txt
7926	7927	hsm/e93390b3_7927.txt
7927	7928	hsm/608373ae_7928.txt
7928	7929	hsm/b7e85bee_7929.txt
7929	7930	hsm/a9da3c9e_7930.txt
7930	7931	hsm/1bc0c447_7931.txt
7931	7932	hsm/8c51b560_7932.txt
7932	7933	hsm/e06b2d61_7933.txt
7933	7934	hsm/d0b26626_7934.txt
7934	7935	hsm/fdb1643c_7935.txt
7935	7936	hsm/8c8db091_7936.txt
7936	7937	hsm/36c5e848_7937.txt
7937	7938	hsm/50a977a6_7938.txt
7938	7939	hsm/5dace8ae_7939.txt
7939	7940	hsm/660ae6fc_7940.txt
7940	7941	hsm/876b1799_7941.txt
7941	7942	hsm/5e1605d2_7942.txt
7942	7943	hsm/eb24ea81_7943.txt
7943	7944	hsm/d1fcab74_7944.txt
7944	7945	hsm/eaada82a_7945.txt
7945	7946	hsm/22dd4504_7946.txt
7946	7947	hsm/7e2b32d1_7947.txt
7947	7948	hsm/6f0d0754_7948.txt
7948	7949	hsm/1aaabe57_7949.txt
7949	7950	hsm/682a3b86_7950.txt
7950	7951	hsm/f8a31984_7951.txt
7951	7952	hsm/e67fb75f_7952.txt
7952	7953	hsm/848eb7a9_7953.txt
7953	7954	hsm/5f5dc30b_7954.txt
7954	7955	hsm/2d619b65_7955.txt
7955	7956	hsm/96a1e02b_7956.txt
7956	7957	hsm/696a8054_7957.txt
7957	7958	hsm/4c42be93_7958.txt
7958	7959	hsm/64de5a68_7959.txt
7959	7960	hsm/416f703a_7960.txt
7960	7961	hsm/b38a3642_7961.txt
7961	7962	hsm/a3c6ceab_7962.txt
7962	7963	hsm/638aad26_7963.txt
7963	7964	hsm/babe3378_7964.txt
7964	7965	hsm/c53f39de_7965.txt
7965	7966	hsm/af0512ff_7966.txt
7966	7967	hsm/714bd698_7967.txt
7967	7968	hsm/9c067d31_7968.txt
7968	7969	hsm/78bc125a_7969.txt
7969	7970	hsm/5a4662c4_7970.txt
7970	7971	hsm/4b1622e3_7971.txt
7971	7972	hsm/53082cef_7972.txt
7972	7973	hsm/3fe58cad_7973.txt
7973	7974	hsm/0cb636d4_7974.txt
7974	7975	hsm/9d145935_7975.txt
7975	7976	hsm/11637cd7_7976.txt
7976	7977	hsm/121799ba_7977.txt
7977	7978	hsm/d90d3ba0_7978.txt
7978	7979	hsm/e5c7c722_7979.txt
7979	7980	hsm/ddcb8cb5_7980.txt
7980	7981	hsm/f484b6f3_7981.txt
7981	7982	hsm/ec51ff50_7982.txt
7982	7983	hsm/acafa95d_7983.txt
7983	7984	hsm/82dc02e7_7984.txt
7984	7985	hsm/57420f3f_7985.txt
7985	7986	hsm/d1a9a803_7986.txt
7986	7987	hsm/454698f2_7987.txt
7987	7988	hsm/9af40188_7988.txt
7988	7989	hsm/f1bc9c8f_7989.txt
7989	7990	hsm/a58e12b4_7990.txt
7990	7991	hsm/0054dd11_7991.txt
7991	7992	hsm/c21202c5_7992.txt
7992	7993	hsm/230acf12_7993.txt
7993	7994	hsm/20b2f290_7994.txt
7994	7995	hsm/347f96f7_7995.txt
7995	7996	hsm/e79640fb_7996.txt
7996	7997	hsm/78a93efc_7997.txt
7997	7998	hsm/851083b1_7998.txt
7998	7999	hsm/fd36f0de_7999.txt
7999	8000	hsm/7559d8bb_8000.txt
8000	8001	hsm/5bfc67ec_8001.txt
8001	8002	hsm/01a4e32b_8002.txt
8002	8003	hsm/8d4e675a_8003.txt
8003	8004	hsm/be8c777a_8004.txt
8004	8005	hsm/08a09bdc_8005.txt
8005	8006	hsm/c145388c_8006.txt
8006	8007	hsm/4460158e_8007.txt
8007	8008	hsm/d79b8583_8008.txt
8008	8009	hsm/cdc4b7a1_8009.txt
8009	8010	hsm/34c6ffc6_8010.txt
8010	8011	hsm/7ebf977f_8011.txt
8011	8012	hsm/c95dc7d5_8012.txt
8012	8013	hsm/767e3ddb_8013.txt
8013	8014	hsm/bf0c43e2_8014.txt
8014	8015	hsm/b8062629_8015.txt
8015	8016	hsm/4f8f9851_8016.txt
8016	8017	hsm/35de08ac_8017.txt
8017	8018	hsm/b3a683af_8018.txt
8018	8019	hsm/a827f83c_8019.txt
8019	8020	hsm/734e89bf_8020.txt
8020	8021	hsm/8dc47787_8021.txt
8021	8022	hsm/347e598c_8022.txt
8022	8023	hsm/2e19eae4_8023.txt
8023	8024	hsm/27c78440_8024.txt
8024	8025	hsm/7882ef81_8025.txt
8025	8026	hsm/736b7209_8026.txt
8026	8027	hsm/ae5fc887_8027.txt
8027	8028	hsm/4bedb056_8028.txt
8028	8029	hsm/31adf3d8_8029.txt
8029	8030	hsm/378e2392_8030.txt
8030	8031	hsm/7396ad5a_8031.txt
8031	8032	hsm/dfa2c249_8032.txt
8032	8033	hsm/6a2c51a7_8033.txt
8033	8034	hsm/1b8b0204_8034.txt
8034	8035	hsm/3b73e039_8035.txt
8035	8036	hsm/c35b0306_8036.txt
8036	8037	hsm/8346d06a_8037.txt
8037	8038	hsm/80103550_8038.txt
8038	8039	hsm/f29fc736_8039.txt
8039	8040	hsm/9771b150_8040.txt
8040	8041	hsm/ceea5f2f_8041.txt
8041	8042	hsm/fa5b0724_8042.txt
8042	8043	hsm/56af3995_8043.txt
8043	8044	hsm/8a4cd0e7_8044.txt
8044	8045	hsm/25c8ac7b_8045.txt
8045	8046	hsm/b0b33967_8046.txt
8046	8047	hsm/ad35f978_8047.txt
8047	8048	hsm/6138f2fe_8048.txt
8048	8049	hsm/a481c819_8049.txt
8049	8050	hsm/e2602ec4_8050.txt
8050	8051	hsm/f6f35722_8051.txt
8051	8052	hsm/d5aa89a2_8052.txt
8052	8053	hsm/4e95d652_8053.txt
8053	8054	hsm/5950eb99_8054.txt
8054	8055	hsm/1e55c9ae_8055.txt
8055	8056	hsm/9570484f_8056.txt
8056	8057	hsm/8476f7bc_8057.txt
8057	8058	hsm/bba3334e_8058.txt
8058	8059	hsm/9f6dfcef_8059.txt
8059	8060	hsm/fe27cb33_8060.txt
8060	8061	hsm/535e6e79_8061.txt
8061	8062	hsm/f529654b_8062.txt
8062	8063	hsm/3ecfd30c_8063.txt
8063	8064	hsm/260cfd1c_8064.txt
8064	8065	hsm/6e8963e0_8065.txt
8065	8066	hsm/212c3d44_8066.txt
8066	8067	hsm/72cdb3b7_8067.txt
8067	8068	hsm/0c5e1537_8068.txt
8068	8069	hsm/41f2748e_8069.txt
8069	8070	hsm/7609701d_8070.txt
8070	8071	hsm/d76ca087_8071.txt
8071	8072	hsm/11b2520f_8072.txt
8072	8073	hsm/1006a825_8073.txt
8073	8074	hsm/d75e6122_8074.txt
8074	8075	hsm/26a969ca_8075.txt
8075	8076	hsm/6976aa30_8076.txt
8076	8077	hsm/3a1d105e_8077.txt
8077	8078	hsm/51e1784a_8078.txt
8078	8079	hsm/0e794ffa_8079.txt
8079	8080	hsm/1bdab95a_8080.txt
8080	8081	hsm/8a5e72ac_8081.txt
8081	8082	hsm/8ba9182a_8082.txt
8082	8083	hsm/0ff69422_8083.txt
8083	8084	hsm/9c1f540b_8084.txt
8084	8085	hsm/1a3c5d27_8085.txt
8085	8086	hsm/6849bc1b_8086.txt
8086	8087	hsm/6cbdb6c3_8087.txt
8087	8088	hsm/32f31066_8088.txt
8088	8089	hsm/90c56db0_8089.txt
8089	8090	hsm/cbb6472b_8090.txt
8090	8091	hsm/32521c59_8091.txt
8091	8092	hsm/eaf41bf4_8092.txt
8092	8093	hsm/eb4e7365_8093.txt
8093	8094	hsm/46d21175_8094.txt
8094	8095	hsm/b3bd4382_8095.txt
8095	8096	hsm/dcc98e60_8096.txt
8096	8097	hsm/df220ff6_8097.txt
8097	8098	hsm/2590e2b9_8098.txt
8098	8099	hsm/64caee04_8099.txt
8099	8100	hsm/29d6d1d4_8100.txt
8100	8101	hsm/46914002_8101.txt
8101	8102	hsm/0965d17a_8102.txt
8102	8103	hsm/2a34ce6f_8103.txt
8103	8104	hsm/0575af58_8104.txt
8104	8105	hsm/36127109_8105.txt
8105	8106	hsm/46c200b1_8106.txt
8106	8107	hsm/3a1d105e_8107.txt
8107	8108	hsm/20b63fc8_8108.txt
8108	8109	hsm/33a68a85_8109.txt
8109	8110	hsm/5e450e03_8110.txt
8110	8111	hsm/c714c02b_8111.txt
8111	8112	hsm/748dd99a_8112.txt
8112	8113	hsm/0d5c6321_8113.txt
8113	8114	hsm/66a10f54_8114.txt
8114	8115	hsm/5f4bd280_8115.txt
8115	8116	hsm/e8a6010e_8116.txt
8116	8117	hsm/30de6eb2_8117.txt
8117	8118	hsm/df3da25c_8118.txt
8118	8119	hsm/eb59b988_8119.txt
8119	8120	hsm/ce1f7dbb_8120.txt
8120	8121	hsm/c7d92971_8121.txt
8121	8122	hsm/2798d24f_8122.txt
8122	8123	hsm/40b7b974_8123.txt
8123	8124	hsm/f0d281f5_8124.txt
8124	8125	hsm/8033748d_8125.txt
8125	8126	hsm/6d0c5f72_8126.txt
8126	8127	hsm/edd44d0d_8127.txt
8127	8128	hsm/6f2df53f_8128.txt
8128	8129	hsm/34b71893_8129.txt
8129	8130	hsm/b0ae9250_8130.txt
8130	8131	hsm/33bff8d4_8131.txt
8131	8132	hsm/fe27cb33_8132.txt
8132	8133	hsm/eb514c00_8133.txt
8133	8134	hsm/8df2c34e_8134.txt
8134	8135	hsm/da15cddd_8135.txt
8135	8136	hsm/80da5cd6_8136.txt
8136	8137	hsm/727ae4c3_8137.txt
8137	8138	hsm/37f1d248_8138.txt
8138	8139	hsm/1109b5cc_8139.txt
8139	8140	hsm/f9d51610_8140.txt
8140	8141	hsm/ad028901_8141.txt
8141	8142	hsm/d07ba7fc_8142.txt
8142	8143	hsm/f4299a3a_8143.txt
8143	8144	hsm/98d09a3c_8144.txt
8144	8145	hsm/1311cfe8_8145.txt
8145	8146	hsm/39c424dd_8146.txt
8146	8147	hsm/4548eb88_8147.txt
8147	8148	hsm/30cb5626_8148.txt
8148	8149	hsm/a3115872_8149.txt
8149	8150	hsm/525ceec2_8150.txt
8150	8151	hsm/bd65512b_8151.txt
8151	8152	hsm/cda4afde_8152.txt
8152	8153	hsm/5ada986d_8153.txt
8153	8154	hsm/c837595e_8154.txt
8154	8155	hsm/22f0688b_8155.txt
8155	8156	hsm/dfae2c26_8156.txt
8156	8157	hsm/a805a320_8157.txt
8157	8158	hsm/2d8b9740_8158.txt
8158	8159	hsm/45bcb136_8159.txt
8159	8160	hsm/114529b2_8160.txt
8160	8161	hsm/1199b8b1_8161.txt
8161	8162	hsm/4db2867d_8162.txt
8162	8163	hsm/b61c6c4c_8163.txt
8163	8164	hsm/99e08b60_8164.txt
8164	8165	hsm/320c5d17_8165.txt
8165	8166	hsm/7d82da25_8166.txt
8166	8167	hsm/7bdbf18e_8167.txt
8167	8168	hsm/eb27a4df_8168.txt
8168	8169	hsm/def522ee_8169.txt
8169	8170	hsm/f61c1813_8170.txt
8170	8171	hsm/5ac38abd_8171.txt
8171	8172	hsm/d4ce06b9_8172.txt
8172	8173	hsm/bb677c4f_8173.txt
8173	8174	hsm/55b5f8e7_8174.txt
8174	8175	hsm/3851d152_8175.txt
8175	8176	hsm/67939e76_8176.txt
8176	8177	hsm/346a3f62_8177.txt
8177	8178	hsm/d738b47f_8178.txt
8178	8179	hsm/8cd7ea21_8179.txt
8179	8180	hsm/eb2b29fc_8180.txt
8180	8181	hsm/fd98ce55_8181.txt
8181	8182	hsm/5557cf39_8182.txt
8182	8183	hsm/a07a42da_8183.txt
8183	8184	hsm/eb2b29fc_8184.txt
8184	8185	hsm/5c72a688_8185.txt
8185	8186	hsm/ae57a808_8186.txt
8186	8187	hsm/c07f9f37_8187.txt
8187	8188	hsm/bd77e87b_8188.txt
8188	8189	hsm/26494bfe_8189.txt
8189	8190	hsm/eb2b29fc_8190.txt
8190	8191	hsm/1b158843_8191.txt
8191	8192	hsm/88b305de_8192.txt
8192	8193	hsm/b93bfb9c_8193.txt
8193	8194	hsm/eb2b29fc_8194.txt
8194	8195	hsm/92589aff_8195.txt
8195	8196	hsm/1546c094_8196.txt
8196	8197	hsm/d8e41b19_8197.txt
8197	8198	hsm/c89c0a36_8198.txt
8198	8199	hsm/6f708b1a_8199.txt
8199	8200	hsm/6d3551f3_8200.txt
8200	8201	hsm/f254fc1f_8201.txt
8201	8202	hsm/ef7c1e59_8202.txt
8202	8203	hsm/94e077a9_8203.txt
8203	8204	hsm/d8c3b917_8204.txt
8204	8205	hsm/31e27232_8205.txt
8205	8206	hsm/ae235253_8206.txt
8206	8207	hsm/4840370e_8207.txt
8207	8208	hsm/a364736a_8208.txt
8208	8209	hsm/31017e9d_8209.txt
8209	8210	hsm/de4d13d8_8210.txt
8210	8211	hsm/2939643d_8211.txt
8211	8212	hsm/34294024_8212.txt
8212	8213	hsm/8ea22d2a_8213.txt
8213	8214	hsm/c52c1f13_8214.txt
8214	8215	hsm/8d99c986_8215.txt
8215	8216	hsm/2743988a_8216.txt
8216	8217	hsm/e0d40296_8217.txt
8217	8218	hsm/2852c07b_8218.txt
8218	8219	hsm/0e5f186e_8219.txt
8219	8220	hsm/7c32684e_8220.txt
8220	8221	hsm/f24caebc_8221.txt
8221	8222	hsm/61e222ab_8222.txt
8222	8223	hsm/c2f97217_8223.txt
8223	8224	hsm/1db666ca_8224.txt
8224	8225	hsm/e9c1e598_8225.txt
8225	8226	hsm/68b40847_8226.txt
8226	8227	hsm/fb62d2df_8227.txt
8227	8228	hsm/1fad4bd0_8228.txt
8228	8229	hsm/890cf458_8229.txt
8229	8230	hsm/b25146f4_8230.txt
8230	8231	hsm/96c2a327_8231.txt
8231	8232	hsm/56f43b5c_8232.txt
8232	8233	hsm/04205e12_8233.txt
8233	8234	hsm/26092e2a_8234.txt
8234	8235	hsm/cecaf5b2_8235.txt
8235	8236	hsm/a9391298_8236.txt
8236	8237	hsm/7cede7bf_8237.txt
8237	8238	hsm/dbcf101a_8238.txt
8238	8239	hsm/6b0059d7_8239.txt
8239	8240	hsm/843a39a4_8240.txt
8240	8241	hsm/3aa26036_8241.txt
8241	8242	hsm/5bd5cfa0_8242.txt
8242	8243	hsm/d2128cfe_8243.txt
8243	8244	hsm/7b8aa61e_8244.txt
8244	8245	hsm/415bae8a_8245.txt
8245	8246	hsm/2436cb6c_8246.txt
8246	8247	hsm/e1c61d70_8247.txt
8247	8248	hsm/7dd40bbf_8248.txt
8248	8249	hsm/bd9385f7_8249.txt
8249	8250	hsm/5f05bac9_8250.txt
8250	8251	hsm/42b64441_8251.txt
8251	8252	hsm/f5f22c19_8252.txt
8252	8253	hsm/72612274_8253.txt
8253	8254	hsm/40e86670_8254.txt
8254	8255	hsm/9123c84f_8255.txt
8255	8256	hsm/f1472656_8256.txt
8256	8257	hsm/d29fbaa6_8257.txt
8257	8258	hsm/9cca7210_8258.txt
8258	8259	hsm/79ef2d60_8259.txt
8259	8260	hsm/3df09fe6_8260.txt
8260	8261	hsm/d2ef7786_8261.txt
8261	8262	hsm/311441bf_8262.txt
8262	8263	hsm/4ea77f39_8263.txt
8263	8264	hsm/a32bedbc_8264.txt
8264	8265	hsm/c90741d5_8265.txt
8265	8266	hsm/2daddb2f_8266.txt
8266	8267	hsm/7d475335_8267.txt
8267	8268	hsm/36578dac_8268.txt
8268	8269	hsm/8a376f5c_8269.txt
8269	8270	hsm/d8f9639d_8270.txt
8270	8271	hsm/8f255ae8_8271.txt
8271	8272	hsm/90c9d078_8272.txt
8272	8273	hsm/3272ea49_8273.txt
8273	8274	hsm/a0637c94_8274.txt
8274	8275	hsm/91221036_8275.txt
8275	8276	hsm/3ec7899a_8276.txt
8276	8277	hsm/bfc2b181_8277.txt
8277	8278	hsm/a236fdb9_8278.txt
8278	8279	hsm/04ba56de_8279.txt
8279	8280	hsm/fca1fdae_8280.txt
8280	8281	hsm/047fa2e8_8281.txt
8281	8282	hsm/6111a5c1_8282.txt
8282	8283	hsm/2f39aba2_8283.txt
8283	8284	hsm/122d1c29_8284.txt
8284	8285	hsm/08ea54ce_8285.txt
8285	8286	hsm/dc6b1a10_8286.txt
8286	8287	hsm/9fa5d8c8_8287.txt
8287	8288	hsm/c4d983d1_8288.txt
8288	8289	hsm/c69bf109_8289.txt
8289	8290	hsm/6a899ca3_8290.txt
8290	8291	hsm/8148ffdd_8291.txt
8291	8292	hsm/4316ef19_8292.txt
8292	8293	hsm/c3dffa46_8293.txt
8293	8294	hsm/a49b604a_8294.txt
8294	8295	hsm/b27a151d_8295.txt
8295	8296	hsm/f600e9dc_8296.txt
8296	8297	hsm/d0d2841a_8297.txt
8297	8298	hsm/47daeac9_8298.txt
8298	8299	hsm/54ace96f_8299.txt
8299	8300	hsm/550af5ba_8300.txt
8300	8301	hsm/bb8f064c_8301.txt
8301	8302	hsm/3823c1c7_8302.txt
8302	8303	hsm/5fad3312_8303.txt
8303	8304	hsm/68474c72_8304.txt
8304	8305	hsm/fcae62a5_8305.txt
8305	8306	hsm/f888dbe1_8306.txt
8306	8307	hsm/7ede739a_8307.txt
8307	8308	hsm/73dd35b2_8308.txt
8308	8309	hsm/37366dec_8309.txt
8309	8310	hsm/84f7ae0d_8310.txt
8310	8311	hsm/e2cd763f_8311.txt
8311	8312	hsm/abe3abde_8312.txt
8312	8313	hsm/3c1dcafd_8313.txt
8313	8314	hsm/cb10fc89_8314.txt
8314	8315	hsm/1fc095e9_8315.txt
8315	8316	hsm/0b12b5ad_8316.txt
8316	8317	hsm/663ce883_8317.txt
8317	8318	hsm/033845d2_8318.txt
8318	8319	hsm/17a1cdd0_8319.txt
8319	8320	hsm/a3518a5b_8320.txt
8320	8321	hsm/548e4330_8321.txt
8321	8322	hsm/41bcbea8_8322.txt
8322	8323	hsm/415f0455_8323.txt
8323	8324	hsm/e40ce689_8324.txt
8324	8325	hsm/a90c494e_8325.txt
8325	8326	hsm/2df0e659_8326.txt
8326	8327	hsm/7c663741_8327.txt
8327	8328	hsm/dc9960cc_8328.txt
8328	8329	hsm/8bed0fc2_8329.txt
8329	8330	hsm/efecdfc8_8330.txt
8330	8331	hsm/5c442178_8331.txt
8331	8332	hsm/c1ce6302_8332.txt
8332	8333	hsm/09d80283_8333.txt
8333	8334	hsm/f0864495_8334.txt
8334	8335	hsm/31c399b2_8335.txt
8335	8336	hsm/7418ee66_8336.txt
8336	8337	hsm/555c9dc4_8337.txt
8337	8338	hsm/706846ce_8338.txt
8338	8339	hsm/357b3eea_8339.txt
8339	8340	hsm/a72a375d_8340.txt
8340	8341	hsm/08d3b389_8341.txt
8341	8342	hsm/e3fd5ef9_8342.txt
8342	8343	hsm/f2cafc7a_8343.txt
8343	8344	hsm/94871e9e_8344.txt
8344	8345	hsm/705d7684_8345.txt
8345	8346	hsm/75ed78ac_8346.txt
8346	8347	hsm/097838b3_8347.txt
8347	8348	hsm/11ea41b6_8348.txt
8348	8349	hsm/b4e2b3ee_8349.txt
8349	8350	hsm/a2b5a901_8350.txt
8350	8351	hsm/7f67eb6e_8351.txt
8351	8352	hsm/b17bdd51_8352.txt
8352	8353	hsm/49bcdc78_8353.txt
8353	8354	hsm/0a9a2a50_8354.txt
8354	8355	hsm/1e7e3029_8355.txt
8355	8356	hsm/709578f2_8356.txt
8356	8357	hsm/1df2c1be_8357.txt
8357	8358	hsm/02f43b95_8358.txt
8358	8359	hsm/0a1f6727_8359.txt
8359	8360	hsm/23c082af_8360.txt
8360	8361	hsm/16b77a71_8361.txt
8361	8362	hsm/ccffe351_8362.txt
8362	8363	hsm/ef722919_8363.txt
8363	8364	hsm/3c8c990f_8364.txt
8364	8365	hsm/075f3306_8365.txt
8365	8366	hsm/f741f104_8366.txt
8366	8367	hsm/cb0d7bb0_8367.txt
8367	8368	hsm/6ac69ab4_8368.txt
8368	8369	hsm/801526c8_8369.txt
8369	8370	hsm/2293e660_8370.txt
8370	8371	hsm/93feb000_8371.txt
8371	8372	hsm/3c2c7cc0_8372.txt
8372	8373	hsm/ed52602f_8373.txt
8373	8374	hsm/cdde899d_8374.txt
8374	8375	hsm/e7a05b6b_8375.txt
8375	8376	hsm/ef60ff96_8376.txt
8376	8377	hsm/65d21f1f_8377.txt
8377	8378	hsm/dffcc60a_8378.txt
8378	8379	hsm/8baf0f6a_8379.txt
8379	8380	hsm/e72d9f85_8380.txt
8380	8381	hsm/01f06a2a_8381.txt
8381	8382	hsm/78d80db9_8382.txt
8382	8383	hsm/f788233a_8383.txt
8383	8384	hsm/feb463d4_8384.txt
8384	8385	hsm/5ef55d10_8385.txt
8385	8386	hsm/57113c82_8386.txt
8386	8387	hsm/1d71e330_8387.txt
8387	8388	hsm/a8d2ff26_8388.txt
8388	8389	hsm/7e4bfbe0_8389.txt
8389	8390	hsm/d2669ae9_8390.txt
8390	8391	hsm/5a62d226_8391.txt
8391	8392	hsm/80880b2c_8392.txt
8392	8393	hsm/1bfcc9b0_8393.txt
8393	8394	hsm/c973919e_8394.txt
8394	8395	hsm/742c1484_8395.txt
8395	8396	hsm/e454aab5_8396.txt
8396	8397	hsm/31d238d2_8397.txt
8397	8398	hsm/b1b3b4bc_8398.txt
8398	8399	hsm/2a508f12_8399.txt
8399	8400	hsm/d507b9e6_8400.txt
8400	8401	hsm/18fdedba_8401.txt
8401	8402	hsm/8d084ab4_8402.txt
8402	8403	hsm/cb038a7a_8403.txt
8403	8404	hsm/486daabb_8404.txt
8404	8405	hsm/5b0a04e3_8405.txt
8405	8406	hsm/0c63420b_8406.txt
8406	8407	hsm/806608fb_8407.txt
8407	8408	hsm/7bb7c2ca_8408.txt
8408	8409	hsm/08ddcd9f_8409.txt
8409	8410	hsm/013040c3_8410.txt
8410	8411	hsm/aec382cf_8411.txt
8411	8412	hsm/a3a6cbf9_8412.txt
8412	8413	hsm/7acf2706_8413.txt
8413	8414	hsm/f261683e_8414.txt
8414	8415	hsm/1ac9cac1_8415.txt
8415	8416	hsm/cdd25333_8416.txt
8416	8417	hsm/57cefb13_8417.txt
8417	8418	hsm/ab02d180_8418.txt
8418	8419	hsm/3c3827f4_8419.txt
8419	8420	hsm/86dd00d2_8420.txt
8420	8421	hsm/312487c3_8421.txt
8421	8422	hsm/30a91512_8422.txt
8422	8423	hsm/b406f9c9_8423.txt
8423	8424	hsm/987b95d5_8424.txt
8424	8425	hsm/f7c56da2_8425.txt
8425	8426	hsm/b6730d6a_8426.txt
8426	8427	hsm/ac45ffe0_8427.txt
8427	8428	hsm/e4992082_8428.txt
8428	8429	hsm/9963c5d3_8429.txt
8429	8430	hsm/f9f7b0bf_8430.txt
8430	8431	hsm/591358fb_8431.txt
8431	8432	hsm/d514d383_8432.txt
8432	8433	hsm/e3f874be_8433.txt
8433	8434	hsm/b2592e17_8434.txt
8434	8435	hsm/78bc125a_8435.txt
8435	8436	hsm/5a4662c4_8436.txt
8436	8437	hsm/4b1622e3_8437.txt
8437	8438	hsm/53082cef_8438.txt
8438	8439	hsm/3fe58cad_8439.txt
8439	8440	hsm/0cb636d4_8440.txt
8440	8441	hsm/9d145935_8441.txt
8441	8442	hsm/11637cd7_8442.txt
8442	8443	hsm/c5f88217_8443.txt
8443	8444	hsm/bb772ca6_8444.txt
8444	8445	hsm/f24574f8_8445.txt
8445	8446	hsm/4cda7d30_8446.txt
8446	8447	hsm/3570075b_8447.txt
8447	8448	hsm/bfe28747_8448.txt
8448	8449	hsm/8784f8c3_8449.txt
8449	8450	hsm/26e843ac_8450.txt
8450	8451	hsm/5627510a_8451.txt
8451	8452	hsm/0dfd8331_8452.txt
8452	8453	hsm/1bf5a554_8453.txt
8453	8454	hsm/5a9e6af4_8454.txt
8454	8455	hsm/bc47517f_8455.txt
8455	8456	hsm/df8e795a_8456.txt
8456	8457	hsm/014ab671_8457.txt
8457	8458	hsm/faf8effb_8458.txt
8458	8459	hsm/10bf0b81_8459.txt
8459	8460	hsm/b634dae8_8460.txt
8460	8461	hsm/53d4abfd_8461.txt
8461	8462	hsm/e5b0d9c7_8462.txt
8462	8463	hsm/d5ccd700_8463.txt
8463	8464	hsm/0e677b19_8464.txt
8464	8465	hsm/a71c97a6_8465.txt
8465	8466	hsm/a1d35f41_8466.txt
8466	8467	hsm/f815feb4_8467.txt
8467	8468	hsm/3f4bf624_8468.txt
8468	8469	hsm/2ddbdb6b_8469.txt
8469	8470	hsm/8712bb20_8470.txt
8470	8471	hsm/bc9a3c72_8471.txt
8471	8472	hsm/2ed3514f_8472.txt
8472	8473	hsm/b4545483_8473.txt
8473	8474	hsm/8989c48e_8474.txt
8474	8475	hsm/8f71682c_8475.txt
8475	8476	hsm/a3f17339_8476.txt
8476	8477	hsm/4aa59936_8477.txt
8477	8478	hsm/20180a8f_8478.txt
8478	8479	hsm/f6aae2ca_8479.txt
8479	8480	hsm/7faf9632_8480.txt
8480	8481	hsm/01ab32eb_8481.txt
8481	8482	hsm/b406d6db_8482.txt
8482	8483	hsm/2074b749_8483.txt
8483	8484	hsm/ca6d849f_8484.txt
8484	8485	hsm/6f7de43c_8485.txt
8485	8486	hsm/38206a81_8486.txt
8486	8487	hsm/fc95aa88_8487.txt
8487	8488	hsm/56887134_8488.txt
8488	8489	hsm/078acccd_8489.txt
8489	8490	hsm/961ebb61_8490.txt
8490	8491	hsm/fe3d425f_8491.txt
8491	8492	hsm/7d09c8ae_8492.txt
8492	8493	hsm/3f5dcb1b_8493.txt
8493	8494	hsm/15cf730a_8494.txt
8494	8495	hsm/c0c3c6f5_8495.txt
8495	8496	hsm/cf8236b7_8496.txt
8496	8497	hsm/13a5a0b9_8497.txt
8497	8498	hsm/8fc7fc66_8498.txt
8498	8499	hsm/6c6f746f_8499.txt
8499	8500	hsm/2b8eebb5_8500.txt
8500	8501	hsm/e684d52a_8501.txt
8501	8502	hsm/0699fc1d_8502.txt
8502	8503	hsm/915ace7d_8503.txt
8503	8504	hsm/274ef48b_8504.txt
8504	8505	hsm/3e6371d6_8505.txt
8505	8506	hsm/c49d75e9_8506.txt
8506	8507	hsm/5ace2ed0_8507.txt
8507	8508	hsm/a4f78ddf_8508.txt
8508	8509	hsm/472c8018_8509.txt
8509	8510	hsm/3a2d7bfd_8510.txt
8510	8511	hsm/f332244d_8511.txt
8511	8512	hsm/e1450efc_8512.txt
8512	8513	hsm/38e5287a_8513.txt
8513	8514	hsm/92255e85_8514.txt
8514	8515	hsm/c33e9fdd_8515.txt
8515	8516	hsm/be1d2183_8516.txt
8516	8517	hsm/76b358e0_8517.txt
8517	8518	hsm/35a83e71_8518.txt
8518	8519	hsm/429f94d6_8519.txt
8519	8520	hsm/7036d73d_8520.txt
8520	8521	hsm/35e8a4c4_8521.txt
8521	8522	hsm/c5c4c3ce_8522.txt
8522	8523	hsm/557cc992_8523.txt
8523	8524	hsm/1aeff4af_8524.txt
8524	8525	hsm/4fe603de_8525.txt
8525	8526	hsm/868fd8b5_8526.txt
8526	8527	hsm/490430eb_8527.txt
8527	8528	hsm/f7741563_8528.txt
8528	8529	hsm/c16a88b8_8529.txt
8529	8530	hsm/5990efa7_8530.txt
8530	8531	hsm/a7bfc08b_8531.txt
8531	8532	hsm/9d3ada21_8532.txt
8532	8533	hsm/79444239_8533.txt
8533	8534	hsm/b363c21a_8534.txt
8534	8535	hsm/2236c4ec_8535.txt
8535	8536	hsm/344ad527_8536.txt
8536	8537	hsm/90371a27_8537.txt
8537	8538	hsm/7e35be54_8538.txt
8538	8539	hsm/74472b34_8539.txt
8539	8540	hsm/1ef77221_8540.txt
8540	8541	hsm/7ffb2969_8541.txt
8541	8542	hsm/c6a139e2_8542.txt
8542	8543	hsm/4af1d708_8543.txt
8543	8544	hsm/833dd55c_8544.txt
8544	8545	hsm/d5c6ea19_8545.txt
8545	8546	hsm/0816800b_8546.txt
8546	8547	hsm/898cdf70_8547.txt
8547	8548	hsm/c994e10a_8548.txt
8548	8549	hsm/71fc07af_8549.txt
8549	8550	hsm/c0736215_8550.txt
8550	8551	hsm/f23d1b98_8551.txt
8551	8552	hsm/068a70ef_8552.txt
8552	8553	hsm/004ecc8c_8553.txt
8553	8554	hsm/68d6b14c_8554.txt
8554	8555	hsm/9b73632d_8555.txt
8555	8556	hsm/18ed3c08_8556.txt
8556	8557	hsm/3d3dbb97_8557.txt
8557	8558	hsm/daf3f77d_8558.txt
8558	8559	hsm/f8ef16b9_8559.txt
8559	8560	hsm/4cb899f8_8560.txt
8560	8561	hsm/5e99a340_8561.txt
8561	8562	hsm/7d982c62_8562.txt
8562	8563	hsm/26fc25ca_8563.txt
8563	8564	hsm/283d35c0_8564.txt
8564	8565	hsm/10a5b219_8565.txt
8565	8566	hsm/064ff308_8566.txt
8566	8567	hsm/b9ec50b4_8567.txt
8567	8568	hsm/a411138b_8568.txt
8568	8569	hsm/2fd1e26b_8569.txt
8569	8570	hsm/216a7334_8570.txt
8570	8571	hsm/340ae0d9_8571.txt
8571	8572	hsm/a8c1509c_8572.txt
8572	8573	hsm/4daa8f96_8573.txt
8573	8574	hsm/f000656a_8574.txt
8574	8575	hsm/8ca3f0f1_8575.txt
8575	8576	hsm/0c81b5c8_8576.txt
8576	8577	hsm/b6cbf725_8577.txt
8577	8578	hsm/5631a5b4_8578.txt
8578	8579	hsm/69921896_8579.txt
8579	8580	hsm/1f1985db_8580.txt
8580	8581	hsm/4dc61ce5_8581.txt
8581	8582	hsm/391d7a93_8582.txt
8582	8583	hsm/fb1000e6_8583.txt
8583	8584	hsm/40d14edd_8584.txt
8584	8585	hsm/de9b0c30_8585.txt
8585	8586	hsm/a087a0cf_8586.txt
8586	8587	hsm/747c3502_8587.txt
8587	8588	hsm/62b1f939_8588.txt
8588	8589	hsm/d98ca3cb_8589.txt
8589	8590	hsm/6e6da9bd_8590.txt
8590	8591	hsm/40a45006_8591.txt
8591	8592	hsm/bc6ffd7b_8592.txt
8592	8593	hsm/273001f9_8593.txt
8593	8594	hsm/80543bdf_8594.txt
8594	8595	hsm/54fada9a_8595.txt
8595	8596	hsm/ae1efb33_8596.txt
8596	8597	hsm/fbcd41d9_8597.txt
8597	8598	hsm/40b50c71_8598.txt
8598	8599	hsm/ab70d6f4_8599.txt
8599	8600	hsm/16b29e1f_8600.txt
8600	8601	hsm/ade3deaa_8601.txt
8601	8602	hsm/f00b0d49_8602.txt
8602	8603	hsm/3f05ca01_8603.txt
8603	8604	hsm/9d5bf3ab_8604.txt
8604	8605	hsm/3c00756e_8605.txt
8605	8606	hsm/76615cfc_8606.txt
8606	8607	hsm/22f2c36e_8607.txt
8607	8608	hsm/697d23c7_8608.txt
8608	8609	hsm/a4f4b9de_8609.txt
8609	8610	hsm/55354b9b_8610.txt
8610	8611	hsm/f068fd3b_8611.txt
8611	8612	hsm/6ffb0de3_8612.txt
8612	8613	hsm/e146166c_8613.txt
8613	8614	hsm/670c2d15_8614.txt
8614	8615	hsm/687dc6bd_8615.txt
8615	8616	hsm/d1716891_8616.txt
8616	8617	hsm/d4137d28_8617.txt
8617	8618	hsm/57b7102d_8618.txt
8618	8619	hsm/854a6f10_8619.txt
8619	8620	hsm/93a93a7a_8620.txt
8620	8621	hsm/374dacae_8621.txt
8621	8622	hsm/c8809f1a_8622.txt
8622	8623	hsm/f84f5e8b_8623.txt
8623	8624	hsm/731adb94_8624.txt
8624	8625	hsm/7771014a_8625.txt
8625	8626	hsm/d2bf8437_8626.txt
8626	8627	hsm/181fe42c_8627.txt
8627	8628	hsm/a683c42d_8628.txt
8628	8629	hsm/6819b7a9_8629.txt
8629	8630	hsm/b6d5e690_8630.txt
8630	8631	hsm/91559ffd_8631.txt
8631	8632	hsm/bff96b50_8632.txt
8632	8633	hsm/a873a90c_8633.txt
8633	8634	hsm/4106c313_8634.txt
8634	8635	hsm/2d5ce136_8635.txt
8635	8636	hsm/59899101_8636.txt
8636	8637	hsm/dc27eb00_8637.txt
8637	8638	hsm/699abdc2_8638.txt
8638	8639	hsm/f360e996_8639.txt
8639	8640	hsm/2a048222_8640.txt
8640	8641	hsm/23802caa_8641.txt
8641	8642	hsm/385d0c79_8642.txt
8642	8643	hsm/aeba1a18_8643.txt
8643	8644	hsm/a06cb469_8644.txt
8644	8645	hsm/e7fd0c05_8645.txt
8645	8646	hsm/21208bc2_8646.txt
8646	8647	hsm/17060f60_8647.txt
8647	8648	hsm/c5807902_8648.txt
8648	8649	hsm/63985d77_8649.txt
8649	8650	hsm/0525d083_8650.txt
8650	8651	hsm/f6e9a3c8_8651.txt
8651	8652	hsm/13a9094f_8652.txt
8652	8653	hsm/b1c242de_8653.txt
8653	8654	hsm/f6c04225_8654.txt
8654	8655	hsm/ed2be2d5_8655.txt
8655	8656	hsm/9922aa04_8656.txt
8656	8657	hsm/8f9cb9cb_8657.txt
8657	8658	hsm/e6317bbb_8658.txt
8658	8659	hsm/fd480c53_8659.txt
8659	8660	hsm/edc35db7_8660.txt
8660	8661	hsm/c68c05ee_8661.txt
8661	8662	hsm/9711af3f_8662.txt
8662	8663	hsm/93c7c5f9_8663.txt
8663	8664	hsm/3d48ed8f_8664.txt
8664	8665	hsm/6168e314_8665.txt
8665	8666	hsm/5aca047b_8666.txt
8666	8667	hsm/fa2ba087_8667.txt
8667	8668	hsm/2241d7f8_8668.txt
8668	8669	hsm/3490517a_8669.txt
8669	8670	hsm/b0d1877c_8670.txt
8670	8671	hsm/55aca6c6_8671.txt
8671	8672	hsm/55aca6c6_8672.txt
8672	8673	hsm/8150c603_8673.txt
8673	8674	hsm/8150c603_8674.txt
8674	8675	hsm/82880e56_8675.txt
8675	8676	hsm/82880e56_8676.txt
8676	8677	hsm/bffc2608_8677.txt
8677	8678	hsm/bffc2608_8678.txt
8678	8679	hsm/0539e576_8679.txt
8679	8680	hsm/0539e576_8680.txt
8680	8681	hsm/8167c333_8681.txt
8681	8682	hsm/8167c333_8682.txt
8682	8683	hsm/12ddacbf_8683.txt
8683	8684	hsm/12ddacbf_8684.txt
8684	8685	hsm/142e15a3_8685.txt
8685	8686	hsm/142e15a3_8686.txt
8686	8687	hsm/09822284_8687.txt
8687	8688	hsm/09822284_8688.txt
8688	8689	hsm/16cf839a_8689.txt
8689	8690	hsm/16cf839a_8690.txt
8690	8691	hsm/b19a745b_8691.txt
8691	8692	hsm/b19a745b_8692.txt
8692	8693	hsm/7c77a2ce_8693.txt
8693	8694	hsm/7c77a2ce_8694.txt
8694	8695	hsm/55aca6c6_8695.txt
8695	8696	hsm/55aca6c6_8696.txt
8696	8697	hsm/8150c603_8697.txt
8697	8698	hsm/8150c603_8698.txt
8698	8699	hsm/82880e56_8699.txt
8699	8700	hsm/82880e56_8700.txt
8700	8701	hsm/bffc2608_8701.txt
8701	8702	hsm/bffc2608_8702.txt
8702	8703	hsm/0539e576_8703.txt
8703	8704	hsm/0539e576_8704.txt
8704	8705	hsm/8167c333_8705.txt
8705	8706	hsm/8167c333_8706.txt
8706	8707	hsm/12ddacbf_8707.txt
8707	8708	hsm/12ddacbf_8708.txt
8708	8709	hsm/142e15a3_8709.txt
8709	8710	hsm/142e15a3_8710.txt
8710	8711	hsm/09822284_8711.txt
8711	8712	hsm/09822284_8712.txt
8712	8713	hsm/16cf839a_8713.txt
8713	8714	hsm/16cf839a_8714.txt
8714	8715	hsm/b19a745b_8715.txt
8715	8716	hsm/b19a745b_8716.txt
8716	8717	hsm/7c77a2ce_8717.txt
8717	8718	hsm/7c77a2ce_8718.txt
8718	8719	hsm/ca00e562_8719.txt
8719	8720	hsm/6c6a0538_8720.txt
8720	8721	hsm/e6741b50_8721.txt
8721	8722	hsm/1a4b07a3_8722.txt
8722	8723	hsm/90096389_8723.txt
8723	8724	hsm/ea265791_8724.txt
8724	8725	hsm/9a449f1d_8725.txt
8725	8726	hsm/38f6d29d_8726.txt
8726	8727	hsm/7fd7706b_8727.txt
8727	8728	hsm/6cb182b0_8728.txt
8728	8729	hsm/d43ba8f2_8729.txt
8729	8730	hsm/7e4b0243_8730.txt
8730	8731	hsm/e8afae3c_8731.txt
8731	8732	hsm/4b6df163_8732.txt
8732	8733	hsm/20e5f7db_8733.txt
8733	8734	hsm/99cb2acb_8734.txt
8734	8735	hsm/34719f4d_8735.txt
8735	8736	hsm/51c2acfa_8736.txt
8736	8737	hsm/71dd8500_8737.txt
8737	8738	hsm/9082410e_8738.txt
8738	8739	hsm/53e76273_8739.txt
8739	8740	hsm/826e0971_8740.txt
8740	8741	hsm/ce8ea37a_8741.txt
8741	8742	hsm/52c760a0_8742.txt
8742	8743	hsm/0a91c2fe_8743.txt
8743	8744	hsm/3bd09973_8744.txt
8744	8745	hsm/87de72e2_8745.txt
8745	8746	hsm/f5ed29ee_8746.txt
8746	8747	hsm/8a7c4668_8747.txt
8747	8748	hsm/6a462ec9_8748.txt
8748	8749	hsm/adce9d33_8749.txt
8749	8750	hsm/088feca6_8750.txt
8750	8751	hsm/734e55d7_8751.txt
8751	8752	hsm/08f9a9ef_8752.txt
8752	8753	hsm/aed3db3e_8753.txt
8753	8754	hsm/c1bd7e2c_8754.txt
8754	8755	hsm/97cfdcd4_8755.txt
8755	8756	hsm/2645b30c_8756.txt
8756	8757	hsm/b470009c_8757.txt
8757	8758	hsm/e3f184b3_8758.txt
8758	8759	hsm/6f874fd4_8759.txt
8759	8760	hsm/5537e4c8_8760.txt
8760	8761	hsm/c91ecee4_8761.txt
8761	8762	hsm/8b74576f_8762.txt
8762	8763	hsm/bb787cb2_8763.txt
8763	8764	hsm/417ca792_8764.txt
8764	8765	hsm/bf83853e_8765.txt
8765	8766	hsm/8796c9f5_8766.txt
8766	8767	hsm/06522454_8767.txt
8767	8768	hsm/4c60f1ec_8768.txt
8768	8769	hsm/1b5e7f9a_8769.txt
8769	8770	hsm/a315fb2d_8770.txt
8770	8771	hsm/02a42122_8771.txt
8771	8772	hsm/b132832c_8772.txt
8772	8773	hsm/004b8704_8773.txt
8773	8774	hsm/9865b1ca_8774.txt
8774	8775	hsm/bafe6606_8775.txt
8775	8776	hsm/5a88c516_8776.txt
8776	8777	hsm/35908275_8777.txt
8777	8778	hsm/621b3691_8778.txt
8778	8779	hsm/3b123b73_8779.txt
8779	8780	hsm/bbb02e41_8780.txt
8780	8781	hsm/822e7091_8781.txt
8781	8782	hsm/5cc1acee_8782.txt
8782	8783	hsm/c103cfac_8783.txt
8783	8784	hsm/68b9e884_8784.txt
8784	8785	hsm/86140be4_8785.txt
8785	8786	hsm/5855775b_8786.txt
8786	8787	hsm/542882a8_8787.txt
8787	8788	hsm/f91ddae6_8788.txt
8788	8789	hsm/6e27e221_8789.txt
8789	8790	hsm/90e9b497_8790.txt
8790	8791	hsm/40ad7ae1_8791.txt
8791	8792	hsm/661f5a62_8792.txt
8792	8793	hsm/731703b4_8793.txt
8793	8794	hsm/888bd90e_8794.txt
8794	8795	hsm/f328aff1_8795.txt
8795	8796	hsm/490e40a1_8796.txt
8796	8797	hsm/821d48c6_8797.txt
8797	8798	hsm/0c34e738_8798.txt
8798	8799	hsm/b9eceead_8799.txt
8799	8800	hsm/0ad01b2a_8800.txt
8800	8801	hsm/9e7849c7_8801.txt
8801	8802	hsm/f2e885cb_8802.txt
8802	8803	hsm/43e91ff7_8803.txt
8803	8804	hsm/133f225e_8804.txt
8804	8805	hsm/840b6e5e_8805.txt
8805	8806	hsm/33ebfea6_8806.txt
8806	8807	hsm/810da47a_8807.txt
8807	8808	hsm/e859c405_8808.txt
8808	8809	hsm/f2f46662_8809.txt
8809	8810	hsm/11d07191_8810.txt
8810	8811	hsm/b2e831fe_8811.txt
8811	8812	hsm/60b76fec_8812.txt
8812	8813	hsm/bafd8077_8813.txt
8813	8814	hsm/f1d9be49_8814.txt
8814	8815	hsm/02c6fe57_8815.txt
8815	8816	hsm/6a7fdc6b_8816.txt
8816	8817	hsm/9627df21_8817.txt
8817	8818	hsm/9d1cc722_8818.txt
8818	8819	hsm/41b8befb_8819.txt
8819	8820	hsm/4162be38_8820.txt
8820	8821	hsm/c9406aa0_8821.txt
8821	8822	hsm/d4eb0b83_8822.txt
8822	8823	hsm/0167520e_8823.txt
8823	8824	hsm/4b471f10_8824.txt
8824	8825	hsm/bde2ace9_8825.txt
8825	8826	hsm/1bf3de1a_8826.txt
8826	8827	hsm/2b52f228_8827.txt
8827	8828	hsm/313177d3_8828.txt
8828	8829	hsm/2679e06b_8829.txt
8829	8830	hsm/fb88bf35_8830.txt
8830	8831	hsm/b3d3420b_8831.txt
8831	8832	hsm/670c682f_8832.txt
8832	8833	hsm/37aa7055_8833.txt
8833	8834	hsm/4e13888b_8834.txt
8834	8835	hsm/049dde53_8835.txt
8835	8836	hsm/4ab18bcc_8836.txt
8836	8837	hsm/266d35b3_8837.txt
8837	8838	hsm/49ab074a_8838.txt
8838	8839	hsm/e6358d75_8839.txt
8839	8840	hsm/62a31c10_8840.txt
8840	8841	hsm/ed6177d7_8841.txt
8841	8842	hsm/6406d9b1_8842.txt
8842	8843	hsm/fa9ff4e9_8843.txt
8843	8844	hsm/ef0c2969_8844.txt
8844	8845	hsm/16d39faf_8845.txt
8845	8846	hsm/9a357218_8846.txt
8846	8847	hsm/01e29771_8847.txt
8847	8848	hsm/348d71b7_8848.txt
8848	8849	hsm/9478fb69_8849.txt
8849	8850	hsm/d9151c4c_8850.txt
8850	8851	hsm/f6f25f3f_8851.txt
8851	8852	hsm/e6c7d628_8852.txt
8852	8853	hsm/83c38d5f_8853.txt
8853	8854	hsm/46e96585_8854.txt
8854	8855	hsm/669bfeeb_8855.txt
8855	8856	hsm/836f5ddc_8856.txt
8856	8857	hsm/54da17d5_8857.txt
8857	8858	hsm/1278a288_8858.txt
8858	8859	hsm/5442a3f4_8859.txt
8859	8860	hsm/dfd5fa51_8860.txt
8860	8861	hsm/af435f39_8861.txt
8861	8862	hsm/850981ee_8862.txt
8862	8863	hsm/4f17c1f9_8863.txt
8863	8864	hsm/a81cd9e0_8864.txt
8864	8865	hsm/5826265c_8865.txt
8865	8866	hsm/76571a13_8866.txt
8866	8867	hsm/ead3fc74_8867.txt
8867	8868	hsm/4a89af4d_8868.txt
8868	8869	hsm/ccef7409_8869.txt
8869	8870	hsm/4d98be67_8870.txt
8870	8871	hsm/09e1c31a_8871.txt
8871	8872	hsm/70605012_8872.txt
8872	8873	hsm/46a00539_8873.txt
8873	8874	hsm/ff1223b6_8874.txt
8874	8875	hsm/f9af437c_8875.txt
8875	8876	hsm/30b59705_8876.txt
8876	8877	hsm/4912e786_8877.txt
8877	8878	hsm/ad35877d_8878.txt
8878	8879	hsm/ba7cd482_8879.txt
8879	8880	hsm/9376d9e0_8880.txt
8880	8881	hsm/7fbf98f4_8881.txt
8881	8882	hsm/b8ebedd0_8882.txt
8882	8883	hsm/22e870b4_8883.txt
8883	8884	hsm/52e628a6_8884.txt
8884	8885	hsm/0ffd101d_8885.txt
8885	8886	hsm/e9f72e12_8886.txt
8886	8887	hsm/f3ae4232_8887.txt
8887	8888	hsm/f30709c1_8888.txt
8888	8889	hsm/52ef7034_8889.txt
8889	8890	hsm/6863acb2_8890.txt
8890	8891	hsm/1ef4b396_8891.txt
8891	8892	hsm/13815eee_8892.txt
8892	8893	hsm/5ecf72d1_8893.txt
8893	8894	hsm/9de4b1c2_8894.txt
8894	8895	hsm/bee262cd_8895.txt
8895	8896	hsm/98609fc3_8896.txt
8896	8897	hsm/f60e6e28_8897.txt
8897	8898	hsm/700ebfed_8898.txt
8898	8899	hsm/fabcba51_8899.txt
8899	8900	hsm/430c1892_8900.txt
8900	8901	hsm/36c7bda5_8901.txt
8901	8902	hsm/1e48027f_8902.txt
8902	8903	hsm/1fbe07a4_8903.txt
8903	8904	hsm/1a691e6f_8904.txt
8904	8905	hsm/71d6d191_8905.txt
8905	8906	hsm/e2a51aae_8906.txt
8906	8907	hsm/0f25a9e6_8907.txt
8907	8908	hsm/0b6f82c1_8908.txt
8908	8909	hsm/e2b58ddb_8909.txt
8909	8910	hsm/b382a7e5_8910.txt
8910	8911	hsm/99d674de_8911.txt
8911	8912	hsm/b3d2237b_8912.txt
8912	8913	hsm/24a89ba0_8913.txt
8913	8914	hsm/c7fd9d5a_8914.txt
8914	8915	hsm/8ac6f7b1_8915.txt
8915	8916	hsm/ac7babf9_8916.txt
8916	8917	hsm/0e6db3be_8917.txt
8917	8918	hsm/91c7f027_8918.txt
8918	8919	hsm/c7b051f5_8919.txt
8919	8920	hsm/b7ea0737_8920.txt
8920	8921	hsm/29e9c084_8921.txt
8921	8922	hsm/c4876b7a_8922.txt
8922	8923	hsm/bea55a7b_8923.txt
8923	8924	hsm/d6c216d2_8924.txt
8924	8925	hsm/0bdf74d2_8925.txt
8925	8926	hsm/2468bff0_8926.txt
8926	8927	hsm/6bf64cb3_8927.txt
8927	8928	hsm/3a076dd9_8928.txt
8928	8929	hsm/14e8f220_8929.txt
8929	8930	hsm/431ffcbf_8930.txt
8930	8931	hsm/78961fca_8931.txt
8931	8932	hsm/4ceb72aa_8932.txt
8932	8933	hsm/c71f9994_8933.txt
8933	8934	hsm/47434683_8934.txt
8934	8935	hsm/0640bef1_8935.txt
8935	8936	hsm/12a1608b_8936.txt
8936	8937	hsm/dd5eb584_8937.txt
8937	8938	hsm/122accbd_8938.txt
8938	8939	hsm/a2104842_8939.txt
8939	8940	hsm/ceea05f3_8940.txt
8940	8941	hsm/655a25f2_8941.txt
8941	8942	hsm/0e73a907_8942.txt
8942	8943	hsm/8cdd9a88_8943.txt
8943	8944	hsm/6d3cf8df_8944.txt
8944	8945	hsm/abc183a6_8945.txt
8945	8946	hsm/f6383cd9_8946.txt
8946	8947	hsm/53ca28bd_8947.txt
8947	8948	hsm/8d26b8f4_8948.txt
8948	8949	hsm/29285cd0_8949.txt
8949	8950	hsm/b7c172c9_8950.txt
8950	8951	hsm/7c8bba49_8951.txt
8951	8952	hsm/3579902f_8952.txt
8952	8953	hsm/815fb718_8953.txt
8953	8954	hsm/7b595336_8954.txt
8954	8955	hsm/945b9fcc_8955.txt
8955	8956	hsm/bc07a146_8956.txt
8956	8957	hsm/afac0598_8957.txt
8957	8958	hsm/73fc1df0_8958.txt
8958	8959	hsm/11f3de96_8959.txt
8959	8960	hsm/c09a32bd_8960.txt
8960	8961	hsm/f36d5f38_8961.txt
8961	8962	hsm/54943fe8_8962.txt
8962	8963	hsm/704928dd_8963.txt
8963	8964	hsm/05b8c202_8964.txt
8964	8965	hsm/aeaa61c7_8965.txt
8965	8966	hsm/8de588d9_8966.txt
8966	8967	hsm/d8f271d7_8967.txt
8967	8968	hsm/abde4e6c_8968.txt
8968	8969	hsm/fd77b435_8969.txt
8969	8970	hsm/98ab0405_8970.txt
8970	8971	hsm/834612e0_8971.txt
8971	8972	hsm/b6a7bd68_8972.txt
8972	8973	hsm/4594545c_8973.txt
8973	8974	hsm/eea2f140_8974.txt
8974	8975	hsm/8f5c910c_8975.txt
8975	8976	hsm/5a752d9d_8976.txt
8976	8977	hsm/96c1ec0f_8977.txt
8977	8978	hsm/00e91abb_8978.txt
8978	8979	hsm/6fbe3939_8979.txt
8979	8980	hsm/a351342d_8980.txt
8980	8981	hsm/600b00ae_8981.txt
8981	8982	hsm/5523ec75_8982.txt
8982	8983	hsm/109fe11f_8983.txt
8983	8984	hsm/0179ea6c_8984.txt
8984	8985	hsm/d77072e3_8985.txt
8985	8986	hsm/945b0d43_8986.txt
8986	8987	hsm/72090817_8987.txt
8987	8988	hsm/3507d395_8988.txt
8988	8989	hsm/c0c25fac_8989.txt
8989	8990	hsm/fd157947_8990.txt
8990	8991	hsm/b6d73927_8991.txt
8991	8992	hsm/a9775235_8992.txt
8992	8993	hsm/ba349811_8993.txt
8993	8994	hsm/6ff01b80_8994.txt
8994	8995	hsm/967c6d04_8995.txt
8995	8996	hsm/326de3f3_8996.txt
8996	8997	hsm/3989a555_8997.txt
8997	8998	hsm/22713b27_8998.txt
8998	8999	hsm/41231f61_8999.txt
8999	9000	hsm/f30709c1_9000.txt
9000	9001	hsm/1c8150c9_9001.txt
9001	9002	hsm/1ef4b396_9002.txt
9002	9003	hsm/f95c34ce_9003.txt
9003	9004	hsm/2a59bbc6_9004.txt
9004	9005	hsm/cb2a13e6_9005.txt
9005	9006	hsm/d3341efd_9006.txt
9006	9007	hsm/3898da0d_9007.txt
9007	9008	hsm/49e32f50_9008.txt
9008	9009	hsm/091f2629_9009.txt
9009	9010	hsm/e4b20970_9010.txt
9010	9011	hsm/bfe09e29_9011.txt
9011	9012	hsm/8b69b996_9012.txt
9012	9013	hsm/cc137933_9013.txt
9013	9014	hsm/fc5381f5_9014.txt
9014	9015	hsm/d5d5e441_9015.txt
9015	9016	hsm/7508448b_9016.txt
9016	9017	hsm/44a3d481_9017.txt
9017	9018	hsm/10920853_9018.txt
9018	9019	hsm/36fdd9f8_9019.txt
9019	9020	hsm/181330cf_9020.txt
9020	9021	hsm/a31bc01f_9021.txt
9021	9022	hsm/69439f56_9022.txt
9022	9023	hsm/b0f0ad3b_9023.txt
9023	9024	hsm/29e1754b_9024.txt
9024	9025	hsm/1a06106b_9025.txt
9025	9026	hsm/11108389_9026.txt
9026	9027	hsm/cc4871ef_9027.txt
9027	9028	hsm/f16d4c84_9028.txt
9028	9029	hsm/0a0bed24_9029.txt
9029	9030	hsm/e15e7d29_9030.txt
9030	9031	hsm/1721d646_9031.txt
9031	9032	hsm/6bf901f5_9032.txt
9032	9033	hsm/935465ae_9033.txt
9033	9034	hsm/f1ab9fd3_9034.txt
9034	9035	hsm/646fff3f_9035.txt
9035	9036	hsm/1152b3d6_9036.txt
9036	9037	hsm/cb11a537_9037.txt
9037	9038	hsm/c9a8fe73_9038.txt
9038	9039	hsm/ec901035_9039.txt
9039	9040	hsm/4d6bc7c0_9040.txt
9040	9041	hsm/f5e961a6_9041.txt
9041	9042	hsm/c3afd453_9042.txt
9042	9043	hsm/37586d10_9043.txt
9043	9044	hsm/7ff52d42_9044.txt
9044	9045	hsm/cc357d6a_9045.txt
9045	9046	hsm/82f43fd8_9046.txt
9046	9047	hsm/b959800b_9047.txt
9047	9048	hsm/34020cda_9048.txt
9048	9049	hsm/dfb3987c_9049.txt
9049	9050	hsm/fafb90d8_9050.txt
9050	9051	hsm/e40b7c20_9051.txt
9051	9052	hsm/489f2e35_9052.txt
9052	9053	hsm/b547f3f0_9053.txt
9053	9054	hsm/bffebcab_9054.txt
9054	9055	hsm/a5db6102_9055.txt
9055	9056	hsm/74e8fffc_9056.txt
9056	9057	hsm/f3a8302e_9057.txt
9057	9058	hsm/4e9da70b_9058.txt
9058	9059	hsm/b6f8d5e9_9059.txt
9059	9060	hsm/37f26ed6_9060.txt
9060	9061	hsm/c1045dd5_9061.txt
9061	9062	hsm/a200c1f5_9062.txt
9062	9063	hsm/ddb89843_9063.txt
9063	9064	hsm/8a246c8d_9064.txt
9064	9065	hsm/0eb1031d_9065.txt
9065	9066	hsm/a76de8ea_9066.txt
9066	9067	hsm/244db2ff_9067.txt
9067	9068	hsm/50b94d9f_9068.txt
9068	9069	hsm/78aeb664_9069.txt
9069	9070	hsm/d62a103c_9070.txt
9070	9071	hsm/bd20ce49_9071.txt
9071	9072	hsm/ae15a657_9072.txt
9072	9073	hsm/f18707c4_9073.txt
9073	9074	hsm/8bb3768b_9074.txt
9074	9075	hsm/63c92d29_9075.txt
9075	9076	hsm/7e1b9611_9076.txt
9076	9077	hsm/795387e5_9077.txt
9077	9078	hsm/503b34f8_9078.txt
9078	9079	hsm/53c7016d_9079.txt
9079	9080	hsm/3b093755_9080.txt
9080	9081	hsm/b91d797b_9081.txt
9081	9082	hsm/a5ba6a55_9082.txt
9082	9083	hsm/6a482124_9083.txt
9083	9084	hsm/ed2d38e1_9084.txt
9084	9085	hsm/b10b60cb_9085.txt
9085	9086	hsm/bf051864_9086.txt
9086	9087	hsm/83c0c999_9087.txt
9087	9088	hsm/94044995_9088.txt
9088	9089	hsm/baedc2a3_9089.txt
9089	9090	hsm/01976215_9090.txt
9090	9091	hsm/a27dfc7f_9091.txt
9091	9092	hsm/244acc17_9092.txt
9092	9093	hsm/15a76e42_9093.txt
9093	9094	hsm/6470c95a_9094.txt
9094	9095	hsm/977dec85_9095.txt
9095	9096	hsm/2a628e79_9096.txt
9096	9097	hsm/159ff0a1_9097.txt
9097	9098	hsm/b5acfd30_9098.txt
9098	9099	hsm/6fee0891_9099.txt
9099	9100	hsm/e684d52a_9100.txt
9100	9101	hsm/9db4d807_9101.txt
9101	9102	hsm/74c5303b_9102.txt
9102	9103	hsm/ae15163b_9103.txt
9103	9104	hsm/b0590259_9104.txt
9104	9105	hsm/4dd578d6_9105.txt
9105	9106	hsm/cc3af353_9106.txt
9106	9107	hsm/835cb2db_9107.txt
9107	9108	hsm/5ce154b8_9108.txt
9108	9109	hsm/f6d5371f_9109.txt
9109	9110	hsm/0e994b2f_9110.txt
9110	9111	hsm/9bb2735c_9111.txt
9111	9112	hsm/6ef3a0b7_9112.txt
9112	9113	hsm/47fe2704_9113.txt
9113	9114	hsm/36b4cce9_9114.txt
9114	9115	hsm/944082eb_9115.txt
9115	9116	hsm/9e6509bf_9116.txt
9116	9117	hsm/d4321607_9117.txt
9117	9118	hsm/6ed9da65_9118.txt
9118	9119	hsm/dc05f2e6_9119.txt
9119	9120	hsm/d70477cc_9120.txt
9120	9121	hsm/fc8fcf2b_9121.txt
9121	9122	hsm/78bc125a_9122.txt
9122	9123	hsm/5a4662c4_9123.txt
9123	9124	hsm/4b1622e3_9124.txt
9124	9125	hsm/53082cef_9125.txt
9125	9126	hsm/3fe58cad_9126.txt
9126	9127	hsm/0cb636d4_9127.txt
9127	9128	hsm/9d145935_9128.txt
9128	9129	hsm/11637cd7_9129.txt
9129	9130	hsm/b1fede7c_9130.txt
9130	9131	hsm/37acbad6_9131.txt
9131	9132	hsm/ce941e43_9132.txt
9132	9133	hsm/f505b90f_9133.txt
9133	9134	hsm/3b241f56_9134.txt
9134	9135	hsm/aed40ca6_9135.txt
9135	9136	hsm/2d3ed9d2_9136.txt
9136	9137	hsm/f2111e93_9137.txt
9137	9138	hsm/d6c97796_9138.txt
9138	9139	hsm/43600e74_9139.txt
9139	9140	hsm/1ac20b1c_9140.txt
9140	9141	hsm/cfbc836d_9141.txt
9141	9142	hsm/cfbc836d_9142.txt
9142	9143	hsm/b31f8137_9143.txt
9143	9144	hsm/e906b87a_9144.txt
9144	9145	hsm/f59005b4_9145.txt
9145	9146	hsm/f91dcced_9146.txt
9146	9147	hsm/a6ed0a2d_9147.txt
9147	9148	hsm/1e4aa998_9148.txt
9148	9149	hsm/e2be03e8_9149.txt
9149	9150	hsm/e2be03e8_9150.txt
9150	9151	hsm/11f209f3_9151.txt
9151	9152	hsm/2cf26c9e_9152.txt
9152	9153	hsm/fd133c65_9153.txt
9153	9154	hsm/cdddc0bb_9154.txt
9154	9155	hsm/95634df5_9155.txt
9155	9156	hsm/cb60281f_9156.txt
9156	9157	hsm/1f4de6a4_9157.txt
9157	9158	hsm/4d5a122c_9158.txt
9158	9159	hsm/4d5a122c_9159.txt
9159	9160	hsm/68259709_9160.txt
9160	9161	hsm/3feab0b2_9161.txt
9161	9162	hsm/5a35945c_9162.txt
9162	9163	hsm/99f3ed02_9163.txt
9163	9164	hsm/99f3ed02_9164.txt
9164	9165	hsm/c80f616e_9165.txt
9165	9166	hsm/3d73db24_9166.txt
9166	9167	hsm/c3ef563e_9167.txt
9167	9168	hsm/f4079fc4_9168.txt
9168	9169	hsm/ff5254cb_9169.txt
9169	9170	hsm/ff5254cb_9170.txt
9170	9171	hsm/b2d59866_9171.txt
9171	9172	hsm/ce1a753a_9172.txt
9172	9173	hsm/216d016f_9173.txt
9173	9174	hsm/23fb6b13_9174.txt
9174	9175	hsm/b1c33db7_9175.txt
9175	9176	hsm/186f3484_9176.txt
9176	9177	hsm/489577ca_9177.txt
9177	9178	hsm/3a54d7a8_9178.txt
9178	9179	hsm/562d0d98_9179.txt
9179	9180	hsm/562d0d98_9180.txt
9180	9181	hsm/3d5ed741_9181.txt
9181	9182	hsm/b3f6938e_9182.txt
9182	9183	hsm/33a7ceb7_9183.txt
9183	9184	hsm/d1d20c69_9184.txt
9184	9185	hsm/e1de1ea6_9185.txt
9185	9186	hsm/9affb6ee_9186.txt
9186	9187	hsm/317500cd_9187.txt
9187	9188	hsm/bba50b45_9188.txt
9188	9189	hsm/ea08df02_9189.txt
9189	9190	hsm/07678839_9190.txt
9190	9191	hsm/932472fa_9191.txt
9191	9192	hsm/2b5d24dc_9192.txt
9192	9193	hsm/0b266d29_9193.txt
9193	9194	hsm/feec3290_9194.txt
9194	9195	hsm/d6c97796_9195.txt
9195	9196	hsm/43600e74_9196.txt
9196	9197	hsm/1ac20b1c_9197.txt
9197	9198	hsm/cfbc836d_9198.txt
9198	9199	hsm/cfbc836d_9199.txt
9199	9200	hsm/b31f8137_9200.txt
9200	9201	hsm/e906b87a_9201.txt
9201	9202	hsm/f59005b4_9202.txt
9202	9203	hsm/f91dcced_9203.txt
9203	9204	hsm/a6ed0a2d_9204.txt
9204	9205	hsm/1e4aa998_9205.txt
9205	9206	hsm/e2be03e8_9206.txt
9206	9207	hsm/e2be03e8_9207.txt
9207	9208	hsm/11f209f3_9208.txt
9208	9209	hsm/2cf26c9e_9209.txt
9209	9210	hsm/fd133c65_9210.txt
9210	9211	hsm/cdddc0bb_9211.txt
9211	9212	hsm/95634df5_9212.txt
9212	9213	hsm/cb60281f_9213.txt
9213	9214	hsm/1f4de6a4_9214.txt
9214	9215	hsm/4d5a122c_9215.txt
9215	9216	hsm/4d5a122c_9216.txt
9216	9217	hsm/68259709_9217.txt
9217	9218	hsm/3feab0b2_9218.txt
9218	9219	hsm/5a35945c_9219.txt
9219	9220	hsm/99f3ed02_9220.txt
9220	9221	hsm/99f3ed02_9221.txt
9221	9222	hsm/c80f616e_9222.txt
9222	9223	hsm/3d73db24_9223.txt
9223	9224	hsm/c3ef563e_9224.txt
9224	9225	hsm/f4079fc4_9225.txt
9225	9226	hsm/ff5254cb_9226.txt
9226	9227	hsm/ff5254cb_9227.txt
9227	9228	hsm/b2d59866_9228.txt
9228	9229	hsm/ce1a753a_9229.txt
9229	9230	hsm/216d016f_9230.txt
9230	9231	hsm/23fb6b13_9231.txt
9231	9232	hsm/b1c33db7_9232.txt
9232	9233	hsm/186f3484_9233.txt
9233	9234	hsm/489577ca_9234.txt
9234	9235	hsm/3a54d7a8_9235.txt
9235	9236	hsm/562d0d98_9236.txt
9236	9237	hsm/562d0d98_9237.txt
9237	9238	hsm/b76c860f_9238.txt
9238	9239	hsm/c27ec38e_9239.txt
9239	9240	hsm/6a0b4494_9240.txt
9240	9241	hsm/79670135_9241.txt
9241	9242	hsm/ae24f454_9242.txt
9242	9243	hsm/770e0cc4_9243.txt
9243	9244	hsm/92000b97_9244.txt
9244	9245	hsm/745be0dd_9245.txt
9245	9246	hsm/c5294a41_9246.txt
9246	9247	hsm/3b749be8_9247.txt
9247	9248	hsm/89c906cb_9248.txt
9248	9249	hsm/4f17d9eb_9249.txt
9249	9250	hsm/3db95b82_9250.txt
9250	9251	hsm/6593580f_9251.txt
9251	9252	hsm/010682b0_9252.txt
9252	9253	hsm/0e94e422_9253.txt
9253	9254	hsm/f491bba4_9254.txt
9254	9255	hsm/9859f837_9255.txt
9255	9256	hsm/226adea5_9256.txt
9256	9257	hsm/f8e3a7fd_9257.txt
9257	9258	hsm/2e68f7fe_9258.txt
9258	9259	hsm/23ded499_9259.txt
9259	9260	hsm/c4876476_9260.txt
9260	9261	hsm/43613b7d_9261.txt
9261	9262	hsm/0a61813b_9262.txt
9262	9263	hsm/994b297b_9263.txt
9263	9264	hsm/10084ffb_9264.txt
9264	9265	hsm/f8ac8d50_9265.txt
9265	9266	hsm/1e30bbd6_9266.txt
9266	9267	hsm/944bea2c_9267.txt
9267	9268	hsm/8899d5db_9268.txt
9268	9269	hsm/f4f8338c_9269.txt
9269	9270	hsm/d44eefd4_9270.txt
9270	9271	hsm/cb35c1de_9271.txt
9271	9272	hsm/1328958c_9272.txt
9272	9273	hsm/a551fb0b_9273.txt
9273	9274	hsm/7755c66a_9274.txt
9274	9275	hsm/9f6e841d_9275.txt
9275	9276	hsm/9830c86d_9276.txt
9276	9277	hsm/7b2719c1_9277.txt
9277	9278	hsm/7e51714e_9278.txt
9278	9279	hsm/d188fd8c_9279.txt
9279	9280	hsm/65d67be6_9280.txt
9280	9281	hsm/c9318005_9281.txt
9281	9282	hsm/373e7d51_9282.txt
9282	9283	hsm/adc9a9b0_9283.txt
9283	9284	hsm/c81d51e2_9284.txt
9284	9285	hsm/1652d4b7_9285.txt
9285	9286	hsm/f35b6484_9286.txt
9286	9287	hsm/9ea0c029_9287.txt
9287	9288	hsm/66f7a990_9288.txt
9288	9289	hsm/08e86973_9289.txt
9289	9290	hsm/9367d90f_9290.txt
9290	9291	hsm/5500f750_9291.txt
9291	9292	hsm/b7f8cb1b_9292.txt
9292	9293	hsm/aa78e543_9293.txt
9293	9294	hsm/f50dabf4_9294.txt
9294	9295	hsm/2e3878e1_9295.txt
9295	9296	hsm/3eb96260_9296.txt
9296	9297	hsm/b04bba4d_9297.txt
9297	9298	hsm/80ca6619_9298.txt
9298	9299	hsm/3cdc35d5_9299.txt
9299	9300	hsm/8a3ad9fa_9300.txt
9300	9301	hsm/ebf95807_9301.txt
9301	9302	hsm/377dee7b_9302.txt
9302	9303	hsm/f51cd7e5_9303.txt
9303	9304	hsm/0f64ae02_9304.txt
9304	9305	hsm/da0e0804_9305.txt
9305	9306	hsm/97899719_9306.txt
9306	9307	hsm/f167119f_9307.txt
9307	9308	hsm/90660df3_9308.txt
9308	9309	hsm/27e4c666_9309.txt
9309	9310	hsm/1d0360b3_9310.txt
9310	9311	hsm/0182221f_9311.txt
9311	9312	hsm/dce6c0db_9312.txt
9312	9313	hsm/37779da9_9313.txt
9313	9314	hsm/d6eb734e_9314.txt
9314	9315	hsm/6fe0b783_9315.txt
9315	9316	hsm/f79bd43e_9316.txt
9316	9317	hsm/b688b083_9317.txt
9317	9318	hsm/ebb6e67c_9318.txt
9318	9319	hsm/0806586d_9319.txt
9319	9320	hsm/fe158d23_9320.txt
9320	9321	hsm/10ee4633_9321.txt
9321	9322	hsm/dffd1b8e_9322.txt
9322	9323	hsm/196b6ef1_9323.txt
9323	9324	hsm/c715a59f_9324.txt
9324	9325	hsm/e001f9a7_9325.txt
9325	9326	hsm/0df9f26c_9326.txt
9326	9327	hsm/469d4798_9327.txt
9327	9328	hsm/49c23b4f_9328.txt
9328	9329	hsm/b7aa6628_9329.txt
9329	9330	hsm/4660fc8a_9330.txt
9330	9331	hsm/91a7744c_9331.txt
9331	9332	hsm/60ec50da_9332.txt
9332	9333	hsm/5070e726_9333.txt
9333	9334	hsm/a5a37d67_9334.txt
9334	9335	hsm/8a0f12da_9335.txt
9335	9336	hsm/a3a163cd_9336.txt
9336	9337	hsm/f0d8581b_9337.txt
9337	9338	hsm/9be334ce_9338.txt
9338	9339	hsm/125aab0b_9339.txt
9339	9340	hsm/969b3010_9340.txt
9340	9341	hsm/e4c61d22_9341.txt
9341	9342	hsm/ffe7170d_9342.txt
9342	9343	hsm/68273068_9343.txt
9343	9344	hsm/ecbf33ff_9344.txt
9344	9345	hsm/f10918d4_9345.txt
9345	9346	hsm/5792ebff_9346.txt
9346	9347	hsm/8ae009ec_9347.txt
9347	9348	hsm/41cb3f1f_9348.txt
9348	9349	hsm/e18500b1_9349.txt
9349	9350	hsm/33833c10_9350.txt
9350	9351	hsm/31545e4f_9351.txt
9351	9352	hsm/a857c1b2_9352.txt
9352	9353	hsm/fc7600b3_9353.txt
9353	9354	hsm/73ee23e5_9354.txt
9354	9355	hsm/16b68dd6_9355.txt
9355	9356	hsm/891dd0d8_9356.txt
9356	9357	hsm/5dfd44fd_9357.txt
9357	9358	hsm/4572d2d9_9358.txt
9358	9359	hsm/2b6be29d_9359.txt
9359	9360	hsm/9f024afa_9360.txt
9360	9361	hsm/fb4d2da7_9361.txt
9361	9362	hsm/0f23213c_9362.txt
9362	9363	hsm/05112896_9363.txt
9363	9364	hsm/562e698e_9364.txt
9364	9365	hsm/70909a20_9365.txt
9365	9366	hsm/48ba68ae_9366.txt
9366	9367	hsm/176e0126_9367.txt
9367	9368	hsm/1a440b8d_9368.txt
9368	9369	hsm/56ff88e4_9369.txt
9369	9370	hsm/be9bd9b3_9370.txt
9370	9371	hsm/9f42f464_9371.txt
9371	9372	hsm/ad59b521_9372.txt
9372	9373	hsm/64aa2bba_9373.txt
9373	9374	hsm/184c01bf_9374.txt
9374	9375	hsm/0101140e_9375.txt
9375	9376	hsm/271db49e_9376.txt
9376	9377	hsm/25be6517_9377.txt
9377	9378	hsm/581cac46_9378.txt
9378	9379	hsm/0a6f2ef2_9379.txt
9379	9380	hsm/bf0dbf40_9380.txt
9380	9381	hsm/f1a7c8b6_9381.txt
9381	9382	hsm/3d94045f_9382.txt
9382	9383	hsm/47a477e5_9383.txt
9383	9384	hsm/d56e9dd4_9384.txt
9384	9385	hsm/226ba252_9385.txt
9385	9386	hsm/a127fd7c_9386.txt
9386	9387	hsm/507e9073_9387.txt
9387	9388	hsm/9c3c7e31_9388.txt
9388	9389	hsm/3f7155bd_9389.txt
9389	9390	hsm/b30ed81c_9390.txt
9390	9391	hsm/7a2c0c19_9391.txt
9391	9392	hsm/f8729111_9392.txt
9392	9393	hsm/036480aa_9393.txt
9393	9394	hsm/c9df33cb_9394.txt
9394	9395	hsm/a7101b5b_9395.txt
9395	9396	hsm/ad595e82_9396.txt
9396	9397	hsm/3a57322b_9397.txt
9397	9398	hsm/9a15dd8b_9398.txt
9398	9399	hsm/bfcf022b_9399.txt
9399	9400	hsm/4ec21bd7_9400.txt
9400	9401	hsm/1bef1b7f_9401.txt
9401	9402	hsm/6322e61f_9402.txt
9402	9403	hsm/820f624b_9403.txt
9403	9404	hsm/2c024cbc_9404.txt
9404	9405	hsm/3d10cf1d_9405.txt
9405	9406	hsm/5107ec04_9406.txt
9406	9407	hsm/19a666c6_9407.txt
9407	9408	hsm/765a8324_9408.txt
9408	9409	hsm/64902c1e_9409.txt
9409	9410	hsm/9310046a_9410.txt
9410	9411	hsm/220256a0_9411.txt
9411	9412	hsm/57295e2a_9412.txt
9412	9413	hsm/3b8bc177_9413.txt
9413	9414	hsm/2723e709_9414.txt
9414	9415	hsm/864e2e5a_9415.txt
9415	9416	hsm/aa8a7e5d_9416.txt
9416	9417	hsm/33e4fbca_9417.txt
9417	9418	hsm/5d42953d_9418.txt
9418	9419	hsm/e02c7085_9419.txt
9419	9420	hsm/88a66de6_9420.txt
9420	9421	hsm/22cbfd34_9421.txt
9421	9422	hsm/87ddc442_9422.txt
9422	9423	hsm/614c5a93_9423.txt
9423	9424	hsm/d2ccabf6_9424.txt
9424	9425	hsm/df30f215_9425.txt
9425	9426	hsm/d9e0393c_9426.txt
9426	9427	hsm/11d63c96_9427.txt
9427	9428	hsm/c265009d_9428.txt
9428	9429	hsm/a42d5c4d_9429.txt
9429	9430	hsm/2e1d70bd_9430.txt
9430	9431	hsm/db87a438_9431.txt
9431	9432	hsm/39778e69_9432.txt
9432	9433	hsm/63ef7858_9433.txt
9433	9434	hsm/7fae26dc_9434.txt
9434	9435	hsm/68ce5cb5_9435.txt
9435	9436	hsm/8b98c716_9436.txt
9436	9437	hsm/7358375a_9437.txt
9437	9438	hsm/f25cc1ac_9438.txt
9438	9439	hsm/db16e678_9439.txt
9439	9440	hsm/05a8f2d5_9440.txt
9440	9441	hsm/5ca8ed96_9441.txt
9441	9442	hsm/caf75351_9442.txt
9442	9443	hsm/026c1491_9443.txt
9443	9444	hsm/7be4d3ee_9444.txt
9444	9445	hsm/01a7af32_9445.txt
9445	9446	hsm/74cd5fb3_9446.txt
9446	9447	hsm/eb6bc365_9447.txt
9447	9448	hsm/43bde561_9448.txt
9448	9449	hsm/0a836258_9449.txt
9449	9450	hsm/1ec36563_9450.txt
9450	9451	hsm/384162ad_9451.txt
9451	9452	hsm/5456cbd5_9452.txt
9452	9453	hsm/e60cb727_9453.txt
9453	9454	hsm/0779981a_9454.txt
9454	9455	hsm/5916ec53_9455.txt
9455	9456	hsm/a04a7cf8_9456.txt
9456	9457	hsm/b1cc3be6_9457.txt
9457	9458	hsm/b6981d95_9458.txt
9458	9459	hsm/3614acd7_9459.txt
9459	9460	hsm/87289b37_9460.txt
9460	9461	hsm/c9b2f0ae_9461.txt
9461	9462	hsm/ed8e832f_9462.txt
9462	9463	hsm/dd9c3cc0_9463.txt
9463	9464	hsm/5b7791b8_9464.txt
9464	9465	hsm/cc038a03_9465.txt
9465	9466	hsm/ef545cd0_9466.txt
9466	9467	hsm/cd0ff5be_9467.txt
9467	9468	hsm/32ff5499_9468.txt
9468	9469	hsm/c00b07c2_9469.txt
9469	9470	hsm/5ab2dce7_9470.txt
9470	9471	hsm/ff29c074_9471.txt
9471	9472	hsm/32520b3f_9472.txt
9472	9473	hsm/1f90413d_9473.txt
9473	9474	hsm/5380690b_9474.txt
9474	9475	hsm/e587f3d2_9475.txt
9475	9476	hsm/52aa7900_9476.txt
9476	9477	hsm/fd1108f8_9477.txt
9477	9478	hsm/5c2246af_9478.txt
9478	9479	hsm/91d20bee_9479.txt
9479	9480	hsm/8eaae91d_9480.txt
9480	9481	hsm/1b54c9a7_9481.txt
9481	9482	hsm/030c0207_9482.txt
9482	9483	hsm/659f8bbf_9483.txt
9483	9484	hsm/9a7dd684_9484.txt
9484	9485	hsm/16cefb1c_9485.txt
9485	9486	hsm/259e58f6_9486.txt
9486	9487	hsm/492cd2c6_9487.txt
9487	9488	hsm/587fef36_9488.txt
9488	9489	hsm/cd58b44a_9489.txt
9489	9490	hsm/4f1c0c12_9490.txt
9490	9491	hsm/000620fd_9491.txt
9491	9492	hsm/a84b5a75_9492.txt
9492	9493	hsm/051b1e85_9493.txt
9493	9494	hsm/f7b709ea_9494.txt
9494	9495	hsm/dce3ccd1_9495.txt
9495	9496	hsm/ab1566a4_9496.txt
9496	9497	hsm/9f73d393_9497.txt
9497	9498	hsm/521d68ba_9498.txt
9498	9499	hsm/6491ac91_9499.txt
9499	9500	hsm/5541a48b_9500.txt
9500	9501	hsm/a4006777_9501.txt
9501	9502	hsm/c11370c2_9502.txt
9502	9503	hsm/90aec867_9503.txt
9503	9504	hsm/1fc96f6a_9504.txt
9504	9505	hsm/67c207cf_9505.txt
9505	9506	hsm/a4a1425d_9506.txt
9506	9507	hsm/d46dfc45_9507.txt
9507	9508	hsm/9ec7d5bd_9508.txt
9508	9509	hsm/8cc0ba40_9509.txt
9509	9510	hsm/836896f3_9510.txt
9510	9511	hsm/f32baa25_9511.txt
9511	9512	hsm/07f69a8c_9512.txt
9512	9513	hsm/92baaaee_9513.txt
9513	9514	hsm/cd81a9ac_9514.txt
9514	9515	hsm/3495bc2b_9515.txt
9515	9516	hsm/1847a36a_9516.txt
9516	9517	hsm/054d5481_9517.txt
9517	9518	hsm/6f9defb8_9518.txt
9518	9519	hsm/e4eddb9d_9519.txt
9519	9520	hsm/eec29b45_9520.txt
9520	9521	hsm/5dc24446_9521.txt
9521	9522	hsm/22188f7c_9522.txt
9522	9523	hsm/f01db34b_9523.txt
9523	9524	hsm/f0e4d291_9524.txt
9524	9525	hsm/357d0f32_9525.txt
9525	9526	hsm/26cf578e_9526.txt
9526	9527	hsm/ca1e0d6e_9527.txt
9527	9528	hsm/920f836d_9528.txt
9528	9529	hsm/c573e6ca_9529.txt
9529	9530	hsm/c231ccc3_9530.txt
9530	9531	hsm/f4cc7149_9531.txt
9531	9532	hsm/d6d18c08_9532.txt
9532	9533	hsm/a0ca391b_9533.txt
9533	9534	hsm/b270fd29_9534.txt
9534	9535	hsm/ec898015_9535.txt
9535	9536	hsm/11747d93_9536.txt
9536	9537	hsm/5dfbc91d_9537.txt
9537	9538	hsm/59973b95_9538.txt
9538	9539	hsm/8a18acef_9539.txt
9539	9540	hsm/f37fb541_9540.txt
9540	9541	hsm/32b59d13_9541.txt
9541	9542	hsm/bddca012_9542.txt
9542	9543	hsm/c5301b84_9543.txt
9543	9544	hsm/c2ae1ecd_9544.txt
9544	9545	hsm/1fcafb63_9545.txt
9545	9546	hsm/ea83b480_9546.txt
9546	9547	hsm/d413c0e8_9547.txt
9547	9548	hsm/c06236e3_9548.txt
9548	9549	hsm/9bf2d2f3_9549.txt
9549	9550	hsm/e5098481_9550.txt
9550	9551	hsm/18bbfc06_9551.txt
9551	9552	hsm/85f89ba1_9552.txt
9552	9553	hsm/bb6c0f27_9553.txt
9553	9554	hsm/7fdbe651_9554.txt
9554	9555	hsm/02b46032_9555.txt
9555	9556	hsm/0f56e356_9556.txt
9556	9557	hsm/c462cc4f_9557.txt
9557	9558	hsm/260269be_9558.txt
9558	9559	hsm/b592cbbd_9559.txt
9559	9560	hsm/5a063312_9560.txt
9560	9561	hsm/e6e1b97c_9561.txt
9561	9562	hsm/0ad8bef6_9562.txt
9562	9563	hsm/66fafb57_9563.txt
9563	9564	hsm/04f6c146_9564.txt
9564	9565	hsm/607376ef_9565.txt
9565	9566	hsm/93e57244_9566.txt
9566	9567	hsm/d4545e36_9567.txt
9567	9568	hsm/6ef6d493_9568.txt
9568	9569	hsm/2308ff02_9569.txt
9569	9570	hsm/5039fb93_9570.txt
9570	9571	hsm/18aa9742_9571.txt
9571	9572	hsm/cedf4911_9572.txt
9572	9573	hsm/d953aecf_9573.txt
9573	9574	hsm/77f8f85e_9574.txt
9574	9575	hsm/e7b25422_9575.txt
9575	9576	hsm/6e12d22b_9576.txt
9576	9577	hsm/6c51007d_9577.txt
9577	9578	hsm/8c94025f_9578.txt
9578	9579	hsm/c08ef3f9_9579.txt
9579	9580	hsm/2091a5cd_9580.txt
9580	9581	hsm/02554cc9_9581.txt
9581	9582	hsm/ee521a0c_9582.txt
9582	9583	hsm/296fd0d8_9583.txt
9583	9584	hsm/4395d414_9584.txt
9584	9585	hsm/577eadf6_9585.txt
9585	9586	hsm/5fea3970_9586.txt
9586	9587	hsm/409ed37f_9587.txt
9587	9588	hsm/ddf6c7a5_9588.txt
9588	9589	hsm/8ff223d1_9589.txt
9589	9590	hsm/b9a11c31_9590.txt
9590	9591	hsm/c059cf17_9591.txt
9591	9592	hsm/5b4bfb30_9592.txt
9592	9593	hsm/9d0fb49d_9593.txt
9593	9594	hsm/87f6d2d0_9594.txt
9594	9595	hsm/adae9214_9595.txt
9595	9596	hsm/55c11d77_9596.txt
9596	9597	hsm/d3c21e5c_9597.txt
9597	9598	hsm/cea2afdc_9598.txt
9598	9599	hsm/c42789cc_9599.txt
9599	9600	hsm/91da3bdb_9600.txt
9600	9601	hsm/4b83bf0f_9601.txt
9601	9602	hsm/70c233d0_9602.txt
9602	9603	hsm/861fc192_9603.txt
9603	9604	hsm/7ee9b98c_9604.txt
9604	9605	hsm/b3d11de1_9605.txt
9605	9606	hsm/c2530ecd_9606.txt
9606	9607	hsm/cfcaa01d_9607.txt
9607	9608	hsm/4942f092_9608.txt
9608	9609	hsm/919aa5af_9609.txt
9609	9610	hsm/01495809_9610.txt
9610	9611	hsm/f40ec5a1_9611.txt
9611	9612	hsm/f7a00d47_9612.txt
9612	9613	hsm/eefb5aa2_9613.txt
9613	9614	hsm/ba413452_9614.txt
9614	9615	hsm/b457979a_9615.txt
9615	9616	hsm/ac7e1dac_9616.txt
9616	9617	hsm/7c5494b6_9617.txt
9617	9618	hsm/c6f24811_9618.txt
9618	9619	hsm/58b32b40_9619.txt
9619	9620	hsm/6c146907_9620.txt
9620	9621	hsm/efb88b19_9621.txt
9621	9622	hsm/9d4f2acc_9622.txt
9622	9623	hsm/eb714c67_9623.txt
9623	9624	hsm/9c195cf2_9624.txt
9624	9625	hsm/2909e677_9625.txt
9625	9626	hsm/e926806e_9626.txt
9626	9627	hsm/9c4aae0e_9627.txt
9627	9628	hsm/b49b6f49_9628.txt
9628	9629	hsm/15687eca_9629.txt
9629	9630	hsm/b174ffff_9630.txt
9630	9631	hsm/7fd48dab_9631.txt
9631	9632	hsm/6c6cee49_9632.txt
9632	9633	hsm/866b4ab4_9633.txt
9633	9634	hsm/f83e545f_9634.txt
9634	9635	hsm/c6173f85_9635.txt
9635	9636	hsm/a6e123ea_9636.txt
9636	9637	hsm/c08d87e6_9637.txt
9637	9638	hsm/652e4712_9638.txt
9638	9639	hsm/e40ebc51_9639.txt
9639	9640	hsm/15d9c4bf_9640.txt
9640	9641	hsm/ca457e96_9641.txt
9641	9642	hsm/31ece443_9642.txt
9642	9643	hsm/c8ee0931_9643.txt
9643	9644	hsm/c1bac1e2_9644.txt
9644	9645	hsm/275bbb0d_9645.txt
9645	9646	hsm/34ba656d_9646.txt
9646	9647	hsm/2ec6f6dd_9647.txt
9647	9648	hsm/96871290_9648.txt
9648	9649	hsm/515eabde_9649.txt
9649	9650	hsm/a8a34250_9650.txt
9650	9651	hsm/4f646259_9651.txt
9651	9652	hsm/3be0602b_9652.txt
9652	9653	hsm/f82e5751_9653.txt
9653	9654	hsm/283896f9_9654.txt
9654	9655	hsm/d4d8ecef_9655.txt
9655	9656	hsm/8cbfacdf_9656.txt
9656	9657	hsm/5ddb0407_9657.txt
9657	9658	hsm/ba0c16da_9658.txt
9658	9659	hsm/c1ddf840_9659.txt
9659	9660	hsm/2b063be5_9660.txt
9660	9661	hsm/986d227c_9661.txt
9661	9662	hsm/30435db9_9662.txt
9662	9663	hsm/a90faf0c_9663.txt
9663	9664	hsm/bbb1c5e4_9664.txt
9664	9665	hsm/cc54b152_9665.txt
9665	9666	hsm/5af9e09e_9666.txt
9666	9667	hsm/4d4d0fbe_9667.txt
9667	9668	hsm/dccf074d_9668.txt
9668	9669	hsm/0948ff21_9669.txt
9669	9670	hsm/e7189a79_9670.txt
9670	9671	hsm/1ade6d33_9671.txt
9671	9672	hsm/46b26e77_9672.txt
9672	9673	hsm/608a3b29_9673.txt
9673	9674	hsm/ef398bae_9674.txt
9674	9675	hsm/9dffbddd_9675.txt
9675	9676	hsm/c705cfd4_9676.txt
9676	9677	hsm/408356f0_9677.txt
9677	9678	hsm/1829f66a_9678.txt
9678	9679	hsm/a005cbda_9679.txt
9679	9680	hsm/4b5926ea_9680.txt
9680	9681	hsm/a2aa7f1e_9681.txt
9681	9682	hsm/5e9a6b91_9682.txt
9682	9683	hsm/d3514373_9683.txt
9683	9684	hsm/bc6bbac2_9684.txt
9684	9685	hsm/29e93c87_9685.txt
9685	9686	hsm/542c018e_9686.txt
9686	9687	hsm/61ffe0af_9687.txt
9687	9688	hsm/67a92741_9688.txt
9688	9689	hsm/8c8e01d4_9689.txt
9689	9690	hsm/0a39d382_9690.txt
9690	9691	hsm/68f3732a_9691.txt
9691	9692	hsm/a82e9279_9692.txt
9692	9693	hsm/72a5f40f_9693.txt
9693	9694	hsm/2bc059c5_9694.txt
9694	9695	hsm/2bc059c5_9695.txt
9695	9696	hsm/61970f9c_9696.txt
9696	9697	hsm/5de72197_9697.txt
9697	9698	hsm/5de72197_9698.txt
9698	9699	hsm/5ff92626_9699.txt
9699	9700	hsm/196ef8b3_9700.txt
9700	9701	hsm/760996dd_9701.txt
9701	9702	hsm/9e7db025_9702.txt
9702	9703	hsm/5db4fbac_9703.txt
9703	9704	hsm/438d4ed8_9704.txt
9704	9705	hsm/b619bb19_9705.txt
9705	9706	hsm/50fd8eba_9706.txt
9706	9707	hsm/5d2a6220_9707.txt
9707	9708	hsm/078c4661_9708.txt
9708	9709	hsm/a0b6f0ee_9709.txt
9709	9710	hsm/0889420c_9710.txt
9710	9711	hsm/e0e2e801_9711.txt
9711	9712	hsm/6fb7b298_9712.txt
9712	9713	hsm/8d438239_9713.txt
9713	9714	hsm/491a7f2b_9714.txt
9714	9715	hsm/43ca2bc9_9715.txt
9715	9716	hsm/2e3b1a05_9716.txt
9716	9717	hsm/8e3ee251_9717.txt
9717	9718	hsm/b13a9654_9718.txt
9718	9719	hsm/932a9bba_9719.txt
9719	9720	hsm/4b380ce9_9720.txt
9720	9721	hsm/6e09a189_9721.txt
9721	9722	hsm/4f3589a6_9722.txt
9722	9723	hsm/77870c14_9723.txt
9723	9724	hsm/a90cb41e_9724.txt
9724	9725	hsm/acd96fd3_9725.txt
9725	9726	hsm/f53d1d97_9726.txt
9726	9727	hsm/7c911ba0_9727.txt
9727	9728	hsm/3861f239_9728.txt
9728	9729	hsm/9ae07e23_9729.txt
9729	9730	hsm/9a2cacf1_9730.txt
9730	9731	hsm/ea9b79e2_9731.txt
9731	9732	hsm/f08f2259_9732.txt
9732	9733	hsm/91ce2f7c_9733.txt
9733	9734	hsm/23f8ac00_9734.txt
9734	9735	hsm/7a7eeef9_9735.txt
9735	9736	hsm/849fe152_9736.txt
9736	9737	hsm/8392b201_9737.txt
9737	9738	hsm/2331a1bb_9738.txt
9738	9739	hsm/8482bac7_9739.txt
9739	9740	hsm/1ab6ede7_9740.txt
9740	9741	hsm/f7fc839f_9741.txt
9741	9742	hsm/6053042c_9742.txt
9742	9743	hsm/3f4ef7fe_9743.txt
9743	9744	hsm/25d793ab_9744.txt
9744	9745	hsm/afa2e176_9745.txt
9745	9746	hsm/76cb358c_9746.txt
9746	9747	hsm/21bf2ede_9747.txt
9747	9748	hsm/cae113cd_9748.txt
9748	9749	hsm/823bbddc_9749.txt
9749	9750	hsm/c8d6be4d_9750.txt
9750	9751	hsm/bc415577_9751.txt
9751	9752	hsm/b918d918_9752.txt
9752	9753	hsm/04376977_9753.txt
9753	9754	hsm/49a9ed28_9754.txt
9754	9755	hsm/94dd2d49_9755.txt
9755	9756	hsm/4c68757d_9756.txt
9756	9757	hsm/247e8550_9757.txt
9757	9758	hsm/d876a255_9758.txt
9758	9759	hsm/7f0f1040_9759.txt
9759	9760	hsm/b857b834_9760.txt
9760	9761	hsm/b857b834_9761.txt
9761	9762	hsm/2a073120_9762.txt
9762	9763	hsm/900c23c4_9763.txt
9763	9764	hsm/3c5354d6_9764.txt
9764	9765	hsm/20db9f61_9765.txt
9765	9766	hsm/e3595aa5_9766.txt
9766	9767	hsm/35845fbb_9767.txt
9767	9768	hsm/0a848243_9768.txt
9768	9769	hsm/42c3b851_9769.txt
9769	9770	hsm/13d29f8a_9770.txt
9770	9771	hsm/de42115a_9771.txt
9771	9772	hsm/25c2803b_9772.txt
9772	9773	hsm/022826e9_9773.txt
9773	9774	hsm/83a504c0_9774.txt
9774	9775	hsm/83a504c0_9775.txt
9775	9776	hsm/ffa1777d_9776.txt
9776	9777	hsm/ffa1777d_9777.txt
9777	9778	hsm/b73b81a2_9778.txt
9778	9779	hsm/2dbbd180_9779.txt
9779	9780	hsm/3c69ba67_9780.txt
9780	9781	hsm/3c69ba67_9781.txt
9781	9782	hsm/f5d8f889_9782.txt
9782	9783	hsm/f5d8f889_9783.txt
9783	9784	hsm/7b761e64_9784.txt
9784	9785	hsm/7b761e64_9785.txt
9785	9786	hsm/4ef0a1b4_9786.txt
9786	9787	hsm/d9faa563_9787.txt
9787	9788	hsm/d9faa563_9788.txt
9788	9789	hsm/86f76aa8_9789.txt
9789	9790	hsm/86f76aa8_9790.txt
9790	9791	hsm/4ceb266b_9791.txt
9791	9792	hsm/4ceb266b_9792.txt
9792	9793	hsm/757c7bb2_9793.txt
9793	9794	hsm/8adc9d2c_9794.txt
9794	9795	hsm/d42c5bcc_9795.txt
9795	9796	hsm/c5816ede_9796.txt
9796	9797	hsm/c5816ede_9797.txt
9797	9798	hsm/40aeddd9_9798.txt
9798	9799	hsm/40aeddd9_9799.txt
9799	9800	hsm/e04ccee3_9800.txt
9800	9801	hsm/258e62ce_9801.txt
9801	9802	hsm/6a1f3b27_9802.txt
9802	9803	hsm/6a1f3b27_9803.txt
9803	9804	hsm/697a1fbb_9804.txt
9804	9805	hsm/256abd5c_9805.txt
9805	9806	hsm/f79f9479_9806.txt
9806	9807	hsm/eda3c3a2_9807.txt
9807	9808	hsm/519b08bc_9808.txt
9808	9809	hsm/c5c996a3_9809.txt
9809	9810	hsm/56d8f939_9810.txt
9810	9811	hsm/35e5d1e4_9811.txt
9811	9812	hsm/c1e8e1bf_9812.txt
9812	9813	hsm/a7ab752c_9813.txt
9813	9814	hsm/047394e7_9814.txt
9814	9815	hsm/237d4c91_9815.txt
9815	9816	hsm/69456e7b_9816.txt
9816	9817	hsm/3d8bc95c_9817.txt
9817	9818	hsm/f53cf86c_9818.txt
9818	9819	hsm/4f76b304_9819.txt
9819	9820	hsm/3d03d3b0_9820.txt
9820	9821	hsm/882752de_9821.txt
9821	9822	hsm/0d79dc76_9822.txt
9822	9823	hsm/2c83a534_9823.txt
9823	9824	hsm/596c7309_9824.txt
9824	9825	hsm/4039cfee_9825.txt
9825	9826	hsm/67d5bcc0_9826.txt
9826	9827	hsm/63ab54b1_9827.txt
9827	9828	hsm/305b6ded_9828.txt
9828	9829	hsm/49e5a12c_9829.txt
9829	9830	hsm/1969ebd6_9830.txt
9830	9831	hsm/52a5d7f4_9831.txt
9831	9832	hsm/2c3f2793_9832.txt
9832	9833	hsm/2d3d1d0f_9833.txt
9833	9834	hsm/108238bd_9834.txt
9834	9835	hsm/9c502c04_9835.txt
9835	9836	hsm/c6870e15_9836.txt
9836	9837	hsm/64c32bd2_9837.txt
9837	9838	hsm/9d01906f_9838.txt
9838	9839	hsm/b2f64340_9839.txt
9839	9840	hsm/643f6ab7_9840.txt
9840	9841	hsm/67de5b53_9841.txt
9841	9842	hsm/8089cd73_9842.txt
9842	9843	hsm/6ed86fd4_9843.txt
9843	9844	hsm/2efe9880_9844.txt
9844	9845	hsm/2afece5a_9845.txt
9845	9846	hsm/45c8f70f_9846.txt
9846	9847	hsm/75a06c1f_9847.txt
9847	9848	hsm/c37959c9_9848.txt
9848	9849	hsm/be83aad2_9849.txt
9849	9850	hsm/c4f0ada9_9850.txt
9850	9851	hsm/d4e55e64_9851.txt
9851	9852	hsm/19034ffb_9852.txt
9852	9853	hsm/7c5b615e_9853.txt
9853	9854	hsm/2f000444_9854.txt
9854	9855	hsm/444822c2_9855.txt
9855	9856	hsm/a3837ee0_9856.txt
9856	9857	hsm/204b21df_9857.txt
9857	9858	hsm/39376400_9858.txt
9858	9859	hsm/ecc674bb_9859.txt
9859	9860	hsm/84968a70_9860.txt
9860	9861	hsm/3f4d316b_9861.txt
9861	9862	hsm/c44ea156_9862.txt
9862	9863	hsm/6af0c8f7_9863.txt
9863	9864	hsm/d7b338f1_9864.txt
9864	9865	hsm/1cbc0b64_9865.txt
9865	9866	hsm/b949a95c_9866.txt
9866	9867	hsm/b2d18be3_9867.txt
9867	9868	hsm/bfdfb0a8_9868.txt
9868	9869	hsm/34f998c0_9869.txt
9869	9870	hsm/999d99a9_9870.txt
9870	9871	hsm/ab1bad79_9871.txt
9871	9872	hsm/19dca3fa_9872.txt
9872	9873	hsm/fc511188_9873.txt
9873	9874	hsm/271b0428_9874.txt
9874	9875	hsm/f50ce194_9875.txt
9875	9876	hsm/6373b06b_9876.txt
9876	9877	hsm/827e04fc_9877.txt
9877	9878	hsm/44317ebb_9878.txt
9878	9879	hsm/dc5f3e5b_9879.txt
9879	9880	hsm/d136bbe3_9880.txt
9880	9881	hsm/42c5e1c8_9881.txt
9881	9882	hsm/b1ac9f7a_9882.txt
9882	9883	hsm/938afdc2_9883.txt
9883	9884	hsm/2f961743_9884.txt
9884	9885	hsm/9e5cdc0b_9885.txt
9885	9886	hsm/e10a3609_9886.txt
9886	9887	hsm/77ba7fcc_9887.txt
9887	9888	hsm/33b4853b_9888.txt
9888	9889	hsm/c2a89650_9889.txt
9889	9890	hsm/ea491b8a_9890.txt
9890	9891	hsm/5969e996_9891.txt
9891	9892	hsm/feb422c1_9892.txt
9892	9893	hsm/abd4d8fe_9893.txt
9893	9894	hsm/fb6a354d_9894.txt
9894	9895	hsm/1a506858_9895.txt
9895	9896	hsm/6609648a_9896.txt
9896	9897	hsm/0800565b_9897.txt
9897	9898	hsm/2ef1c480_9898.txt
9898	9899	hsm/ddff9225_9899.txt
9899	9900	hsm/9bd7ecf0_9900.txt
9900	9901	hsm/fc0078ea_9901.txt
9901	9902	hsm/26548848_9902.txt
9902	9903	hsm/7213a3e8_9903.txt
9903	9904	hsm/9d9c4131_9904.txt
9904	9905	hsm/6680e760_9905.txt
9905	9906	hsm/6aa1fd34_9906.txt
9906	9907	hsm/1a524e6f_9907.txt
9907	9908	hsm/a6e02989_9908.txt
9908	9909	hsm/a4ba71ef_9909.txt
9909	9910	hsm/831f41b5_9910.txt
9910	9911	hsm/2e0f6b07_9911.txt
9911	9912	hsm/be5fc0c0_9912.txt
9912	9913	hsm/6d4c6a40_9913.txt
9913	9914	hsm/a95045b0_9914.txt
9914	9915	hsm/7bfff363_9915.txt
9915	9916	hsm/6e4394dc_9916.txt
9916	9917	hsm/0467d592_9917.txt
9917	9918	hsm/b0cf18c3_9918.txt
9918	9919	hsm/940d63e8_9919.txt
9919	9920	hsm/79dc3dbb_9920.txt
9920	9921	hsm/a7cf0c6d_9921.txt
9921	9922	hsm/69e4f880_9922.txt
9922	9923	hsm/3258a6e7_9923.txt
9923	9924	hsm/b3cbb81e_9924.txt
9924	9925	hsm/ee35e237_9925.txt
9925	9926	hsm/10da6766_9926.txt
9926	9927	hsm/e8a42c43_9927.txt
9927	9928	hsm/cffa026c_9928.txt
9928	9929	hsm/ec5cff9a_9929.txt
9929	9930	hsm/a5a42c02_9930.txt
9930	9931	hsm/19f612c9_9931.txt
9931	9932	hsm/e8649c3d_9932.txt
9932	9933	hsm/126c428e_9933.txt
9933	9934	hsm/930cfc10_9934.txt
9934	9935	hsm/545e86d5_9935.txt
9935	9936	hsm/55bc22cb_9936.txt
9936	9937	hsm/370997e5_9937.txt
9937	9938	hsm/2b51cef7_9938.txt
9938	9939	hsm/98e19c1c_9939.txt
9939	9940	hsm/e2e2cf85_9940.txt
9940	9941	hsm/e2e2cf85_9941.txt
9941	9942	hsm/ac3d2860_9942.txt
9942	9943	hsm/060af88a_9943.txt
9943	9944	hsm/72201bb5_9944.txt
9944	9945	hsm/8b5c0f2f_9945.txt
9945	9946	hsm/f2de19e5_9946.txt
9946	9947	hsm/8893b96d_9947.txt
9947	9948	hsm/85185953_9948.txt
9948	9949	hsm/6a894d73_9949.txt
9949	9950	hsm/47b91069_9950.txt
9950	9951	hsm/4260f7d0_9951.txt
9951	9952	hsm/3f3f7d12_9952.txt
9952	9953	hsm/3d0bf6d3_9953.txt
9953	9954	hsm/ce3ab2ed_9954.txt
9954	9955	hsm/10259ad1_9955.txt
9955	9956	hsm/76571a13_9956.txt
9956	9957	hsm/b145bcaf_9957.txt
9957	9958	hsm/1969ba89_9958.txt
9958	9959	hsm/58e8bd1f_9959.txt
9959	9960	hsm/5637a287_9960.txt
9960	9961	hsm/05ec13a8_9961.txt
9961	9962	hsm/2319b4e0_9962.txt
9962	9963	hsm/48fe6514_9963.txt
9963	9964	hsm/8710e3e6_9964.txt
9964	9965	hsm/990a55ef_9965.txt
9965	9966	hsm/9d15465a_9966.txt
9966	9967	hsm/ee9751b8_9967.txt
9967	9968	hsm/18367342_9968.txt
9968	9969	hsm/3fa43add_9969.txt
9969	9970	hsm/0dad40a9_9970.txt
9970	9971	hsm/e4503a7a_9971.txt
9971	9972	hsm/40bb6470_9972.txt
9972	9973	hsm/030138f5_9973.txt
9973	9974	hsm/699e657d_9974.txt
9974	9975	hsm/d255a9ae_9975.txt
9975	9976	hsm/25f3c819_9976.txt
9976	9977	hsm/ed5fa2f5_9977.txt
9977	9978	hsm/0887ba26_9978.txt
9978	9979	hsm/2a6025f6_9979.txt
9979	9980	hsm/2f03e1cd_9980.txt
9980	9981	hsm/a1b739db_9981.txt
9981	9982	hsm/2644d280_9982.txt
9982	9983	hsm/2faef6f9_9983.txt
9983	9984	hsm/f4263fb0_9984.txt
9984	9985	hsm/3503eb94_9985.txt
9985	9986	hsm/f7260c43_9986.txt
9986	9987	hsm/3c20eb28_9987.txt
9987	9988	hsm/6b145e64_9988.txt
9988	9989	hsm/8d8c31a1_9989.txt
9989	9990	hsm/420c35ea_9990.txt
9990	9991	hsm/36104d3f_9991.txt
9991	9992	hsm/bf3616e0_9992.txt
9992	9993	hsm/665e53e6_9993.txt
9993	9994	hsm/cb80df4b_9994.txt
9994	9995	hsm/c0c8e5b4_9995.txt
9995	9996	hsm/098f03b9_9996.txt
9996	9997	hsm/13a4378f_9997.txt
9997	9998	hsm/ca42afdf_9998.txt
9998	9999	hsm/38bedcda_9999.txt
9999	10000	hsm/e12a7592_10000.txt
10000	10001	hsm/15fb8ec2_10001.txt
10001	10002	hsm/5c1f0a3d_10002.txt
10002	10003	hsm/e5d9a5d2_10003.txt
10003	10004	hsm/4e0ce336_10004.txt
10004	10005	hsm/fd1f8d37_10005.txt
10005	10006	hsm/74e0f0dd_10006.txt
10006	10007	hsm/fa69ed37_10007.txt
10007	10008	hsm/512f81a0_10008.txt
10008	10009	hsm/cc8faa4d_10009.txt
10009	10010	hsm/3f395d7b_10010.txt
10010	10011	hsm/6126a833_10011.txt
10011	10012	hsm/bdc17ddf_10012.txt
10012	10013	hsm/b8df5f01_10013.txt
10013	10014	hsm/1857ca73_10014.txt
10014	10015	hsm/4efa80fb_10015.txt
10015	10016	hsm/7c58a790_10016.txt
10016	10017	hsm/384f30b4_10017.txt
10017	10018	hsm/0fbf5fb3_10018.txt
10018	10019	hsm/799940a5_10019.txt
10019	10020	hsm/0b1be3d9_10020.txt
10020	10021	hsm/f85b4fa8_10021.txt
10021	10022	hsm/cf28284d_10022.txt
10022	10023	hsm/d6d627b6_10023.txt
10023	10024	hsm/f1ecbd52_10024.txt
10024	10025	hsm/d41273d6_10025.txt
10025	10026	hsm/c3d1498a_10026.txt
10026	10027	hsm/bf4ca0cf_10027.txt
10027	10028	hsm/8950d7ce_10028.txt
10028	10029	hsm/6d7d4732_10029.txt
10029	10030	hsm/52992a45_10030.txt
10030	10031	hsm/2849d56e_10031.txt
10031	10032	hsm/0851a2fd_10032.txt
10032	10033	hsm/28751783_10033.txt
10033	10034	hsm/2c902d3c_10034.txt
10034	10035	hsm/40b6d6b3_10035.txt
10035	10036	hsm/86ff037f_10036.txt
10036	10037	hsm/41e4c445_10037.txt
10037	10038	hsm/429e3e52_10038.txt
10038	10039	hsm/b26b7332_10039.txt
10039	10040	hsm/424743e8_10040.txt
10040	10041	hsm/409b87d5_10041.txt
10041	10042	hsm/b4b7839d_10042.txt
10042	10043	hsm/ceeacbac_10043.txt
10043	10044	hsm/960867b6_10044.txt
10044	10045	hsm/80ae48c0_10045.txt
10045	10046	hsm/960867b6_10046.txt
10046	10047	hsm/29b1ec82_10047.txt
10047	10048	hsm/688467a0_10048.txt
10048	10049	hsm/8b8ba7d0_10049.txt
10049	10050	hsm/83c9faca_10050.txt
10050	10051	hsm/db19369b_10051.txt
10051	10052	hsm/67efd5d7_10052.txt
10052	10053	hsm/f6485fbb_10053.txt
10053	10054	hsm/3a0f2198_10054.txt
10054	10055	hsm/960867b6_10055.txt
10055	10056	hsm/6b838609_10056.txt
10056	10057	hsm/71c660b8_10057.txt
10057	10058	hsm/06fc3f1c_10058.txt
10058	10059	hsm/970184cc_10059.txt
10059	10060	hsm/396c0e8a_10060.txt
10060	10061	hsm/dea1c358_10061.txt
10061	10062	hsm/67194ce8_10062.txt
10062	10063	hsm/b76bea8a_10063.txt
10063	10064	hsm/6aedbb2c_10064.txt
10064	10065	hsm/ac8e2a3c_10065.txt
10065	10066	hsm/6e4ef7b9_10066.txt
10066	10067	hsm/011106bf_10067.txt
10067	10068	hsm/263ee789_10068.txt
10068	10069	hsm/0fbc6507_10069.txt
10069	10070	hsm/2906d633_10070.txt
10070	10071	hsm/1d5cc939_10071.txt
10071	10072	hsm/5860f1b6_10072.txt
10072	10073	hsm/7a96beca_10073.txt
10073	10074	hsm/1a3a529b_10074.txt
10074	10075	hsm/0545ce73_10075.txt
10075	10076	hsm/72f56f8b_10076.txt
10076	10077	hsm/a7f78dd8_10077.txt
10077	10078	hsm/d41f151a_10078.txt
10078	10079	hsm/eca72245_10079.txt
10079	10080	hsm/bf236532_10080.txt
10080	10081	hsm/3d5fec08_10081.txt
10081	10082	hsm/aa674062_10082.txt
10082	10083	hsm/f13b15ae_10083.txt
10083	10084	hsm/a71658da_10084.txt
10084	10085	hsm/37652759_10085.txt
10085	10086	hsm/c2fbee7a_10086.txt
10086	10087	hsm/0c090533_10087.txt
10087	10088	hsm/960867b6_10088.txt
10088	10089	hsm/ec768f1c_10089.txt
10089	10090	hsm/b36c864a_10090.txt
10090	10091	hsm/b701e1f7_10091.txt
10091	10092	hsm/c4de4c70_10092.txt
10092	10093	hsm/2364a7f8_10093.txt
10093	10094	hsm/bd562700_10094.txt
10094	10095	hsm/74ab2120_10095.txt
10095	10096	hsm/cf2dd332_10096.txt
10096	10097	hsm/ae8cdcae_10097.txt
10097	10098	hsm/7da39e9a_10098.txt
10098	10099	hsm/fdb57b21_10099.txt
10099	10100	hsm/4e638b34_10100.txt
10100	10101	hsm/2376e628_10101.txt
10101	10102	hsm/1b938cd4_10102.txt
10102	10103	hsm/329b954b_10103.txt
10103	10104	hsm/bb244c26_10104.txt
10104	10105	hsm/036e014b_10105.txt
10105	10106	hsm/93a9df2b_10106.txt
10106	10107	hsm/e172dffe_10107.txt
10107	10108	hsm/8a19f322_10108.txt
10108	10109	hsm/3a357431_10109.txt
10109	10110	hsm/c13c91b7_10110.txt
10110	10111	hsm/2f46253a_10111.txt
10111	10112	hsm/4766758a_10112.txt
10112	10113	hsm/88fe9349_10113.txt
10113	10114	hsm/29809318_10114.txt
10114	10115	hsm/13f9e72b_10115.txt
10115	10116	hsm/41be0cf3_10116.txt
10116	10117	hsm/82bb64f2_10117.txt
10117	10118	hsm/ef2b3209_10118.txt
10118	10119	hsm/5426f1a3_10119.txt
10119	10120	hsm/3f771d2d_10120.txt
10120	10121	hsm/9c8df6a8_10121.txt
10121	10122	hsm/87157628_10122.txt
10122	10123	hsm/6830d990_10123.txt
10123	10124	hsm/8947f3ac_10124.txt
10124	10125	hsm/6652f506_10125.txt
10125	10126	hsm/97055247_10126.txt
10126	10127	hsm/72fac3db_10127.txt
10127	10128	hsm/b24d4199_10128.txt
10128	10129	hsm/30ee11a7_10129.txt
10129	10130	hsm/5123ad9a_10130.txt
10130	10131	hsm/492f55c4_10131.txt
10131	10132	hsm/fb4d23cf_10132.txt
10132	10133	hsm/3572a4dc_10133.txt
10133	10134	hsm/0a4826a2_10134.txt
10134	10135	hsm/ddcabc46_10135.txt
10135	10136	hsm/17b3acd2_10136.txt
10136	10137	hsm/01f31c28_10137.txt
10137	10138	hsm/5aceec3d_10138.txt
10138	10139	hsm/b48508de_10139.txt
10139	10140	hsm/371b6567_10140.txt
10140	10141	hsm/3eaf67ea_10141.txt
10141	10142	hsm/ab115300_10142.txt
10142	10143	hsm/14af22d1_10143.txt
10143	10144	hsm/8709222d_10144.txt
10144	10145	hsm/e546407a_10145.txt
10145	10146	hsm/b8be108a_10146.txt
10146	10147	hsm/9645a711_10147.txt
10147	10148	hsm/a594772c_10148.txt
10148	10149	hsm/35b86936_10149.txt
10149	10150	hsm/f9620b0d_10150.txt
10150	10151	hsm/8f748f2d_10151.txt
10151	10152	hsm/f34a9d76_10152.txt
10152	10153	hsm/757dd0e1_10153.txt
10153	10154	hsm/d3b5fa22_10154.txt
10154	10155	hsm/6948eccc_10155.txt
10155	10156	hsm/75624254_10156.txt
10156	10157	hsm/980c0b7c_10157.txt
10157	10158	hsm/57abd3c3_10158.txt
10158	10159	hsm/245cb8f0_10159.txt
10159	10160	hsm/016f1cd0_10160.txt
10160	10161	hsm/82e84b38_10161.txt
10161	10162	hsm/e684d52a_10162.txt
10162	10163	hsm/b48508de_10163.txt
10163	10164	hsm/97d49bd3_10164.txt
10164	10165	hsm/37605c77_10165.txt
10165	10166	hsm/0d26b6dd_10166.txt
10166	10167	hsm/5dcd834a_10167.txt
10167	10168	hsm/5165990b_10168.txt
10168	10169	hsm/55080ac7_10169.txt
10169	10170	hsm/9e39ec2b_10170.txt
10170	10171	hsm/e1ce8ddc_10171.txt
10171	10172	hsm/0ec47875_10172.txt
10172	10173	hsm/ba8dc321_10173.txt
10173	10174	hsm/f4f38e6b_10174.txt
10174	10175	hsm/ae6962d0_10175.txt
10175	10176	hsm/e18f5cb5_10176.txt
10176	10177	hsm/facbe0f3_10177.txt
10177	10178	hsm/294919c3_10178.txt
10178	10179	hsm/a0e95308_10179.txt
10179	10180	hsm/9942c7a3_10180.txt
10180	10181	hsm/c0654cc7_10181.txt
10181	10182	hsm/5e8a206e_10182.txt
10182	10183	hsm/e5a0f2b0_10183.txt
10183	10184	hsm/076342cb_10184.txt
10184	10185	hsm/aac49301_10185.txt
10185	10186	hsm/6920d3e5_10186.txt
10186	10187	hsm/ff60c28d_10187.txt
10187	10188	hsm/b6afce7b_10188.txt
10188	10189	hsm/d8152603_10189.txt
10189	10190	hsm/374f3894_10190.txt
10190	10191	hsm/099c1f1b_10191.txt
10191	10192	hsm/304de6bc_10192.txt
10192	10193	hsm/c856f431_10193.txt
10193	10194	hsm/c783abf9_10194.txt
10194	10195	hsm/efca4b95_10195.txt
10195	10196	hsm/be336f17_10196.txt
10196	10197	hsm/a00cc1d9_10197.txt
10197	10198	hsm/1cb8a39d_10198.txt
10198	10199	hsm/a2b61b9c_10199.txt
10199	10200	hsm/6c0ce879_10200.txt
10200	10201	hsm/ab1ada0e_10201.txt
10201	10202	hsm/4ec43ac0_10202.txt
10202	10203	hsm/f3b212b9_10203.txt
10203	10204	hsm/d8590a96_10204.txt
10204	10205	hsm/fe5328af_10205.txt
10205	10206	hsm/38126ae7_10206.txt
10206	10207	hsm/26655677_10207.txt
10207	10208	hsm/69f33839_10208.txt
10208	10209	hsm/7be06a50_10209.txt
10209	10210	hsm/895b1654_10210.txt
10210	10211	hsm/8862e5a7_10211.txt
10211	10212	hsm/12e825ee_10212.txt
10212	10213	hsm/30582eb8_10213.txt
10213	10214	hsm/f39201c5_10214.txt
10214	10215	hsm/9cb56766_10215.txt
10215	10216	hsm/6d725b0d_10216.txt
10216	10217	hsm/1c29d63d_10217.txt
10217	10218	hsm/c85d207b_10218.txt
10218	10219	hsm/def35307_10219.txt
10219	10220	hsm/b1958321_10220.txt
10220	10221	hsm/f7c2bd2a_10221.txt
10221	10222	hsm/6142dfd1_10222.txt
10222	10223	hsm/5f134d04_10223.txt
10223	10224	hsm/ff4aa4a3_10224.txt
10224	10225	hsm/7243d392_10225.txt
10225	10226	hsm/43664205_10226.txt
10226	10227	hsm/736fa5b1_10227.txt
10227	10228	hsm/f9c21dc1_10228.txt
10228	10229	hsm/75a243bf_10229.txt
10229	10230	hsm/d42dfabd_10230.txt
10230	10231	hsm/c841874f_10231.txt
10231	10232	hsm/e4a90d8e_10232.txt
10232	10233	hsm/56de83e8_10233.txt
10233	10234	hsm/ae725aab_10234.txt
10234	10235	hsm/81009b8e_10235.txt
10235	10236	hsm/fd60248c_10236.txt
10236	10237	hsm/9d559157_10237.txt
10237	10238	hsm/39e1d796_10238.txt
10238	10239	hsm/0fade939_10239.txt
10239	10240	hsm/6baa22dd_10240.txt
10240	10241	hsm/45b8d358_10241.txt
10241	10242	hsm/8b6e7406_10242.txt
10242	10243	hsm/82855e4a_10243.txt
10243	10244	hsm/644d8079_10244.txt
10244	10245	hsm/3b53b46a_10245.txt
10245	10246	hsm/2a8227df_10246.txt
10246	10247	hsm/4db0b2eb_10247.txt
10247	10248	hsm/d5b8d534_10248.txt
10248	10249	hsm/c380518a_10249.txt
10249	10250	hsm/28f55edb_10250.txt
10250	10251	hsm/c449fca1_10251.txt
10251	10252	hsm/447eaca4_10252.txt
10252	10253	hsm/b38d6f9c_10253.txt
10253	10254	hsm/37e3fbd9_10254.txt
10254	10255	hsm/eaf8ea3a_10255.txt
10255	10256	hsm/0ac49c83_10256.txt
10256	10257	hsm/308e3f7d_10257.txt
10257	10258	hsm/563c4785_10258.txt
10258	10259	hsm/aebb8447_10259.txt
10259	10260	hsm/1fbca2a2_10260.txt
10260	10261	hsm/696f59bc_10261.txt
10261	10262	hsm/b8fdaca3_10262.txt
10262	10263	hsm/c8afab25_10263.txt
10263	10264	hsm/c2c9765a_10264.txt
10264	10265	hsm/086c5667_10265.txt
10265	10266	hsm/c7c0f063_10266.txt
10266	10267	hsm/eb65ec60_10267.txt
10267	10268	hsm/37a6d810_10268.txt
10268	10269	hsm/a56f66ed_10269.txt
10269	10270	hsm/d9909bd8_10270.txt
10270	10271	hsm/e5c133a8_10271.txt
10271	10272	hsm/b92c5d59_10272.txt
10272	10273	hsm/bb7790b2_10273.txt
10273	10274	hsm/39946470_10274.txt
10274	10275	hsm/078322e2_10275.txt
10275	10276	hsm/035bf253_10276.txt
10276	10277	hsm/9500681f_10277.txt
10277	10278	hsm/5a396caa_10278.txt
10278	10279	hsm/7938da58_10279.txt
10279	10280	hsm/c825a3fe_10280.txt
10280	10281	hsm/724811d4_10281.txt
10281	10282	hsm/c3c5b9cc_10282.txt
10282	10283	hsm/4ec43ac0_10283.txt
10283	10284	hsm/d535d228_10284.txt
10284	10285	hsm/807fc932_10285.txt
10285	10286	hsm/3cdeb807_10286.txt
10286	10287	hsm/eab03262_10287.txt
10287	10288	hsm/76571a13_10288.txt
10288	10289	hsm/209998aa_10289.txt
10289	10290	hsm/6290f477_10290.txt
10290	10291	hsm/655f5473_10291.txt
10291	10292	hsm/2b8b8f62_10292.txt
10292	10293	hsm/a4295a75_10293.txt
10293	10294	hsm/74ae3b78_10294.txt
10294	10295	hsm/d68243cc_10295.txt
10295	10296	hsm/13d1e205_10296.txt
10296	10297	hsm/c8df0c50_10297.txt
10297	10298	hsm/f4fc2a68_10298.txt
10298	10299	hsm/cc14c881_10299.txt
10299	10300	hsm/b2746c2a_10300.txt
10300	10301	hsm/0e3dafb8_10301.txt
10301	10302	hsm/dbb9aea4_10302.txt
10302	10303	hsm/0d26b6dd_10303.txt
10303	10304	hsm/ca478ff8_10304.txt
10304	10305	hsm/e5463c96_10305.txt
10305	10306	hsm/242dcca1_10306.txt
10306	10307	hsm/936e9f2a_10307.txt
10307	10308	hsm/e4bc22ac_10308.txt
10308	10309	hsm/28ca9623_10309.txt
10309	10310	hsm/e0f52a81_10310.txt
10310	10311	hsm/41b738d5_10311.txt
10311	10312	hsm/c9537471_10312.txt
10312	10313	hsm/e27366fd_10313.txt
10313	10314	hsm/3da0b49c_10314.txt
10314	10315	hsm/ab089371_10315.txt
10315	10316	hsm/56987cbb_10316.txt
10316	10317	hsm/4905e078_10317.txt
10317	10318	hsm/2d5164ed_10318.txt
10318	10319	hsm/308e3add_10319.txt
10319	10320	hsm/12999012_10320.txt
10320	10321	hsm/7957db2a_10321.txt
10321	10322	hsm/8744619f_10322.txt
10322	10323	hsm/b23b3db6_10323.txt
10323	10324	hsm/2afc3099_10324.txt
10324	10325	hsm/a388873a_10325.txt
10325	10326	hsm/29c1b42f_10326.txt
10326	10327	hsm/a4922ea8_10327.txt
10327	10328	hsm/30756ce6_10328.txt
10328	10329	hsm/06902819_10329.txt
10329	10330	hsm/6f922eb0_10330.txt
10330	10331	hsm/16a84b1c_10331.txt
10331	10332	hsm/a0b81dcb_10332.txt
10332	10333	hsm/4a23ba04_10333.txt
10333	10334	hsm/05d6efdb_10334.txt
10334	10335	hsm/448cd2fc_10335.txt
10335	10336	hsm/0db1f98f_10336.txt
10336	10337	hsm/da60ff4e_10337.txt
10337	10338	hsm/8b8a766a_10338.txt
10338	10339	hsm/c1ea525d_10339.txt
10339	10340	hsm/2e478076_10340.txt
10340	10341	hsm/8f2b5d6a_10341.txt
10341	10342	hsm/67143cf4_10342.txt
10342	10343	hsm/4ec43ac0_10343.txt
10343	10344	hsm/0e89c472_10344.txt
10344	10345	hsm/221ad955_10345.txt
10345	10346	hsm/e2d99a57_10346.txt
10346	10347	hsm/00a8b41c_10347.txt
10347	10348	hsm/705f380a_10348.txt
10348	10349	hsm/e784e337_10349.txt
10349	10350	hsm/c72fb22d_10350.txt
10350	10351	hsm/c737b742_10351.txt
10351	10352	hsm/4061e08d_10352.txt
10352	10353	hsm/6d48eeec_10353.txt
10353	10354	hsm/d1de1bcb_10354.txt
10354	10355	hsm/76571a13_10355.txt
10355	10356	hsm/ab29c1b2_10356.txt
10356	10357	hsm/99ac042b_10357.txt
10357	10358	hsm/a91ee063_10358.txt
10358	10359	hsm/76ebbf45_10359.txt
10359	10360	hsm/e8551b30_10360.txt
10360	10361	hsm/07405ecf_10361.txt
10361	10362	hsm/f2a31c80_10362.txt
10362	10363	hsm/694ca944_10363.txt
10363	10364	hsm/cfac6fd3_10364.txt
10364	10365	hsm/49370c71_10365.txt
10365	10366	hsm/7536c9cc_10366.txt
10366	10367	hsm/972e73cf_10367.txt
10367	10368	hsm/ea8eb781_10368.txt
10368	10369	hsm/65172743_10369.txt
10369	10370	hsm/6cc7a0d8_10370.txt
10370	10371	hsm/ea79f661_10371.txt
10371	10372	hsm/67ce8c88_10372.txt
10372	10373	hsm/fbecf3ef_10373.txt
10373	10374	hsm/ead048aa_10374.txt
10374	10375	hsm/75b45e59_10375.txt
10375	10376	hsm/81c89bb3_10376.txt
10376	10377	hsm/b77c9d05_10377.txt
10377	10378	hsm/595cf15d_10378.txt
10378	10379	hsm/b7b2a992_10379.txt
10379	10380	hsm/e49563f2_10380.txt
10380	10381	hsm/cd186e24_10381.txt
10381	10382	hsm/c38117f3_10382.txt
10382	10383	hsm/73bc54fa_10383.txt
10383	10384	hsm/4ae9df47_10384.txt
10384	10385	hsm/293eb14c_10385.txt
10385	10386	hsm/e82d3281_10386.txt
10386	10387	hsm/dd9c6797_10387.txt
10387	10388	hsm/bf8b1cc3_10388.txt
10388	10389	hsm/38f41d0f_10389.txt
10389	10390	hsm/4ae0b0c8_10390.txt
10390	10391	hsm/8ce07bca_10391.txt
10391	10392	hsm/1f000d7a_10392.txt
10392	10393	hsm/9149bea6_10393.txt
10393	10394	hsm/d03dd639_10394.txt
10394	10395	hsm/6beaf928_10395.txt
10395	10396	hsm/66c7857a_10396.txt
10396	10397	hsm/20d475d9_10397.txt
10397	10398	hsm/50caa063_10398.txt
10398	10399	hsm/b57452ff_10399.txt
10399	10400	hsm/d5bb4b1e_10400.txt
10400	10401	hsm/6ad863d8_10401.txt
10401	10402	hsm/df723e19_10402.txt
10402	10403	hsm/cdff2b82_10403.txt
10403	10404	hsm/13cbfae9_10404.txt
10404	10405	hsm/47e33783_10405.txt
10405	10406	hsm/e04fe271_10406.txt
10406	10407	hsm/c06fef79_10407.txt
10407	10408	hsm/4dac8daa_10408.txt
10408	10409	hsm/d6883241_10409.txt
10409	10410	hsm/ae606e69_10410.txt
10410	10411	hsm/895f2688_10411.txt
10411	10412	hsm/3a2fd6bb_10412.txt
10412	10413	hsm/fc132b1a_10413.txt
10413	10414	hsm/6fd2eb32_10414.txt
10414	10415	hsm/ce6e9f61_10415.txt
10415	10416	hsm/0e7c601f_10416.txt
10416	10417	hsm/47730c65_10417.txt
10417	10418	hsm/a342ce7c_10418.txt
10418	10419	hsm/2ec296a7_10419.txt
10419	10420	hsm/ab70b989_10420.txt
10420	10421	hsm/a0b6490c_10421.txt
10421	10422	hsm/4d54b830_10422.txt
10422	10423	hsm/9cabdab7_10423.txt
10423	10424	hsm/a151d28c_10424.txt
10424	10425	hsm/b8db97a7_10425.txt
10425	10426	hsm/c2b9c494_10426.txt
10426	10427	hsm/0b57ba78_10427.txt
10427	10428	hsm/fdb68083_10428.txt
10428	10429	hsm/6168d0a9_10429.txt
10429	10430	hsm/7894705f_10430.txt
10430	10431	hsm/f76f7c69_10431.txt
10431	10432	hsm/8113713c_10432.txt
10432	10433	hsm/7876accb_10433.txt
10433	10434	hsm/e08417ed_10434.txt
10434	10435	hsm/943fc859_10435.txt
10435	10436	hsm/e59b3d8c_10436.txt
10436	10437	hsm/f621884c_10437.txt
10437	10438	hsm/e3e4688b_10438.txt
10438	10439	hsm/6841627f_10439.txt
10439	10440	hsm/a4522009_10440.txt
10440	10441	hsm/dba1727c_10441.txt
10441	10442	hsm/7bbdf1a0_10442.txt
10442	10443	hsm/3abb6908_10443.txt
10443	10444	hsm/78bc125a_10444.txt
10444	10445	hsm/5a4662c4_10445.txt
10445	10446	hsm/4b1622e3_10446.txt
10446	10447	hsm/53082cef_10447.txt
10447	10448	hsm/3fe58cad_10448.txt
10448	10449	hsm/0cb636d4_10449.txt
10449	10450	hsm/9d145935_10450.txt
10450	10451	hsm/11637cd7_10451.txt
10451	10452	hsm/1e8e02a9_10452.txt
10452	10453	hsm/83ac1d02_10453.txt
10453	10454	hsm/9891c6d3_10454.txt
10454	10455	hsm/7d6055dd_10455.txt
10455	10456	hsm/c03179bd_10456.txt
10456	10457	hsm/19c0c9e3_10457.txt
10457	10458	hsm/101bd93d_10458.txt
10458	10459	hsm/b329c8f1_10459.txt
10459	10460	hsm/5a1f3f92_10460.txt
10460	10461	hsm/817c863b_10461.txt
10461	10462	hsm/dccdb0da_10462.txt
10462	10463	hsm/f934dbea_10463.txt
10463	10464	hsm/9901ae20_10464.txt
10464	10465	hsm/2a7cb8aa_10465.txt
10465	10466	hsm/7515f1f3_10466.txt
10466	10467	hsm/2b16b5f5_10467.txt
10467	10468	hsm/b900db67_10468.txt
10468	10469	hsm/5ff0fdc8_10469.txt
10469	10470	hsm/4ec43ac0_10470.txt
10470	10471	hsm/5ae3b614_10471.txt
10471	10472	hsm/f0535458_10472.txt
10472	10473	hsm/f0535458_10473.txt
10473	10474	hsm/f0535458_10474.txt
10474	10475	hsm/f0535458_10475.txt
10475	10476	hsm/6fc22781_10476.txt
10476	10477	hsm/e863d541_10477.txt
10477	10478	hsm/538b4ce0_10478.txt
10478	10479	hsm/e36c0f89_10479.txt
10479	10480	hsm/26918993_10480.txt
10480	10481	hsm/78337d05_10481.txt
10481	10482	hsm/e05447fe_10482.txt
10482	10483	hsm/f01e3e8d_10483.txt
10483	10484	hsm/9371de2e_10484.txt
10484	10485	hsm/1d9c65e7_10485.txt
10485	10486	hsm/51fc5d1d_10486.txt
10486	10487	hsm/5d9d3850_10487.txt
10487	10488	hsm/79dc1f53_10488.txt
10488	10489	hsm/e63d4db7_10489.txt
10489	10490	hsm/6c54cc43_10490.txt
10490	10491	hsm/16e97506_10491.txt
10491	10492	hsm/a4cc53c3_10492.txt
10492	10493	hsm/4df64c26_10493.txt
10493	10494	hsm/2273a6a6_10494.txt
10494	10495	hsm/8d435b23_10495.txt
10495	10496	hsm/41e4299f_10496.txt
10496	10497	hsm/7859354f_10497.txt
10497	10498	hsm/6b1d8ee2_10498.txt
10498	10499	hsm/34ce2f2b_10499.txt
10499	10500	hsm/e63b7eb1_10500.txt
10500	10501	hsm/9c846868_10501.txt
10501	10502	hsm/667cc5d1_10502.txt
10502	10503	hsm/c4b442ea_10503.txt
10503	10504	hsm/3f6d22c2_10504.txt
10504	10505	hsm/0741bb8e_10505.txt
10505	10506	hsm/3513626b_10506.txt
10506	10507	hsm/666bd73f_10507.txt
10507	10508	hsm/f625cc41_10508.txt
10508	10509	hsm/c52a72e0_10509.txt
10509	10510	hsm/734b0de1_10510.txt
10510	10511	hsm/76892c74_10511.txt
10511	10512	hsm/507b305a_10512.txt
10512	10513	hsm/d7a8c335_10513.txt
10513	10514	hsm/633f82f0_10514.txt
10514	10515	hsm/3fd28cd4_10515.txt
10515	10516	hsm/0acbe9ca_10516.txt
10516	10517	hsm/44dce353_10517.txt
10517	10518	hsm/416d2510_10518.txt
10518	10519	hsm/d8c2eec9_10519.txt
10519	10520	hsm/0a37c128_10520.txt
10520	10521	hsm/c5d4ea49_10521.txt
10521	10522	hsm/ebdf455b_10522.txt
10522	10523	hsm/91faff6b_10523.txt
10523	10524	hsm/232fd68a_10524.txt
10524	10525	hsm/2ee5d2af_10525.txt
10525	10526	hsm/30c83a05_10526.txt
10526	10527	hsm/649e2652_10527.txt
10527	10528	hsm/3b7365cb_10528.txt
10528	10529	hsm/602aaa96_10529.txt
10529	10530	hsm/8a64ff12_10530.txt
10530	10531	hsm/249d21fc_10531.txt
10531	10532	hsm/1f2b3362_10532.txt
10532	10533	hsm/27132cf7_10533.txt
10533	10534	hsm/6c5c5c5d_10534.txt
10534	10535	hsm/c64ee856_10535.txt
10535	10536	hsm/999cfd11_10536.txt
10536	10537	hsm/ba68c86a_10537.txt
10537	10538	hsm/7bcae66b_10538.txt
10538	10539	hsm/7eb73dbe_10539.txt
10539	10540	hsm/eca86b8a_10540.txt
10540	10541	hsm/b9a01283_10541.txt
10541	10542	hsm/9613814f_10542.txt
10542	10543	hsm/b750a710_10543.txt
10543	10544	hsm/12ef8beb_10544.txt
10544	10545	hsm/1aebeb13_10545.txt
10545	10546	hsm/f0f670e6_10546.txt
10546	10547	hsm/afc9627a_10547.txt
10547	10548	hsm/e1dcf994_10548.txt
10548	10549	hsm/978d157a_10549.txt
10549	10550	hsm/be356c4e_10550.txt
10550	10551	hsm/ebad9e48_10551.txt
10551	10552	hsm/a58ed18d_10552.txt
10552	10553	hsm/5a28e8ee_10553.txt
10553	10554	hsm/a83247c2_10554.txt
10554	10555	hsm/dfd0cc98_10555.txt
10555	10556	hsm/43c11405_10556.txt
10556	10557	hsm/9219de04_10557.txt
10557	10558	hsm/71eccfe2_10558.txt
10558	10559	hsm/a1712c19_10559.txt
10559	10560	hsm/9d0f56d3_10560.txt
10560	10561	hsm/0d145469_10561.txt
10561	10562	hsm/ba3dd743_10562.txt
10562	10563	hsm/8e7da55d_10563.txt
10563	10564	hsm/5df34877_10564.txt
10564	10565	hsm/609f952a_10565.txt
10565	10566	hsm/836e5560_10566.txt
10566	10567	hsm/c5b0a29b_10567.txt
10567	10568	hsm/d4505874_10568.txt
10568	10569	hsm/6bcdf466_10569.txt
10569	10570	hsm/6bba9305_10570.txt
10570	10571	hsm/6ffb0de3_10571.txt
10571	10572	hsm/e146166c_10572.txt
10572	10573	hsm/670c2d15_10573.txt
10573	10574	hsm/f685317d_10574.txt
10574	10575	hsm/50b70bbd_10575.txt
10575	10576	hsm/31a494eb_10576.txt
10576	10577	hsm/29950c26_10577.txt
10577	10578	hsm/7e0f10ad_10578.txt
10578	10579	hsm/1774d934_10579.txt
10579	10580	hsm/1dba6610_10580.txt
10580	10581	hsm/59e8a1e8_10581.txt
10581	10582	hsm/e6361360_10582.txt
10582	10583	hsm/8bdaee8d_10583.txt
10583	10584	hsm/e1cd61d3_10584.txt
10584	10585	hsm/6bd59f8f_10585.txt
10585	10586	hsm/19533214_10586.txt
10586	10587	hsm/5f93ad2e_10587.txt
10587	10588	hsm/fa63a5be_10588.txt
10588	10589	hsm/4fc76b3c_10589.txt
10589	10590	hsm/ad0658b4_10590.txt
10590	10591	hsm/9687ec8d_10591.txt
10591	10592	hsm/c04e8217_10592.txt
10592	10593	hsm/e99f0e2c_10593.txt
10593	10594	hsm/433e6db3_10594.txt
10594	10595	hsm/cb1be12b_10595.txt
10595	10596	hsm/834ee2c7_10596.txt
10596	10597	hsm/03ad6e93_10597.txt
10597	10598	hsm/248215d3_10598.txt
10598	10599	hsm/9e22da22_10599.txt
10599	10600	hsm/818e3cf4_10600.txt
10600	10601	hsm/e11187c9_10601.txt
10601	10602	hsm/18629dad_10602.txt
10602	10603	hsm/07b3f5b8_10603.txt
10603	10604	hsm/894dd86c_10604.txt
10604	10605	hsm/037eebbe_10605.txt
10605	10606	hsm/c74a72dd_10606.txt
10606	10607	hsm/951879af_10607.txt
10607	10608	hsm/ca69f0a2_10608.txt
10608	10609	hsm/0e89fc7e_10609.txt
10609	10610	hsm/be6e6c38_10610.txt
10610	10611	hsm/620e5b7f_10611.txt
10611	10612	hsm/4322285f_10612.txt
10612	10613	hsm/51eca53f_10613.txt
10613	10614	hsm/78444335_10614.txt
10614	10615	hsm/70377a46_10615.txt
10615	10616	hsm/f6e75f9e_10616.txt
10616	10617	hsm/1ba8713a_10617.txt
10617	10618	hsm/f21850cc_10618.txt
10618	10619	hsm/5559ddcd_10619.txt
10619	10620	hsm/aac86534_10620.txt
10620	10621	hsm/ae2f51fb_10621.txt
10621	10622	hsm/d64573ee_10622.txt
10622	10623	hsm/5736b4b8_10623.txt
10623	10624	hsm/1a26fdcd_10624.txt
10624	10625	hsm/9c6fa7d4_10625.txt
10625	10626	hsm/48b19d13_10626.txt
10626	10627	hsm/d54e6efb_10627.txt
10627	10628	hsm/c921e076_10628.txt
10628	10629	hsm/a4ad0226_10629.txt
10629	10630	hsm/01a4a63c_10630.txt
10630	10631	hsm/5e5ce3be_10631.txt
10631	10632	hsm/0fdec378_10632.txt
10632	10633	hsm/94f969e4_10633.txt
10633	10634	hsm/9504b66e_10634.txt
10634	10635	hsm/4302cccb_10635.txt
10635	10636	hsm/3f2fa1e4_10636.txt
10636	10637	hsm/ed0b824c_10637.txt
10637	10638	hsm/fc8be787_10638.txt
10638	10639	hsm/6a959183_10639.txt
10639	10640	hsm/5a825660_10640.txt
10640	10641	hsm/08f635c4_10641.txt
10641	10642	hsm/54ed5807_10642.txt
10642	10643	hsm/16b81f55_10643.txt
10643	10644	hsm/8b5361e1_10644.txt
10644	10645	hsm/2ac5138c_10645.txt
10645	10646	hsm/8354414f_10646.txt
10646	10647	hsm/fd8c0c06_10647.txt
10647	10648	hsm/8bb41d79_10648.txt
10648	10649	hsm/6fad9b6a_10649.txt
10649	10650	hsm/20cd65d6_10650.txt
10650	10651	hsm/61ba11f1_10651.txt
10651	10652	hsm/8ac88fc9_10652.txt
10652	10653	hsm/c33ebe3c_10653.txt
10653	10654	hsm/6a0b5812_10654.txt
10654	10655	hsm/3da32427_10655.txt
10655	10656	hsm/0a5bb54a_10656.txt
10656	10657	hsm/6ecc2670_10657.txt
10657	10658	hsm/2db8d93e_10658.txt
10658	10659	hsm/605184f8_10659.txt
10659	10660	hsm/57b51869_10660.txt
10660	10661	hsm/f1774608_10661.txt
10661	10662	hsm/e5d2c76d_10662.txt
10662	10663	hsm/409c99bc_10663.txt
10663	10664	hsm/92eaad94_10664.txt
10664	10665	hsm/59bf9b13_10665.txt
10665	10666	hsm/6d260d24_10666.txt
10666	10667	hsm/cc7909f0_10667.txt
10667	10668	hsm/2910df8d_10668.txt
10668	10669	hsm/fa7c3d1d_10669.txt
10669	10670	hsm/69b8c735_10670.txt
10670	10671	hsm/f50f6511_10671.txt
10671	10672	hsm/9295bb3e_10672.txt
10672	10673	hsm/b3e78abe_10673.txt
10673	10674	hsm/2b3b048c_10674.txt
10674	10675	hsm/0edfc449_10675.txt
10675	10676	hsm/20c9b846_10676.txt
10676	10677	hsm/2279b774_10677.txt
10677	10678	hsm/3c10483c_10678.txt
10678	10679	hsm/492cdb06_10679.txt
10679	10680	hsm/cc6e73ce_10680.txt
10680	10681	hsm/cbb45319_10681.txt
10681	10682	hsm/c34b157a_10682.txt
10682	10683	hsm/64ca3ba8_10683.txt
10683	10684	hsm/2afc1250_10684.txt
10684	10685	hsm/8a378d70_10685.txt
10685	10686	hsm/7175d421_10686.txt
10686	10687	hsm/aa30f342_10687.txt
10687	10688	hsm/72e2f825_10688.txt
10688	10689	hsm/8124d0db_10689.txt
10689	10690	hsm/e46661c4_10690.txt
10690	10691	hsm/9b580ce0_10691.txt
10691	10692	hsm/8e3542e6_10692.txt
10692	10693	hsm/54351db7_10693.txt
10693	10694	hsm/4a6abd03_10694.txt
10694	10695	hsm/7076a924_10695.txt
10695	10696	hsm/6a68881f_10696.txt
10696	10697	hsm/841fd2ae_10697.txt
10697	10698	hsm/4138bd95_10698.txt
10698	10699	hsm/e9d3eaa2_10699.txt
10699	10700	hsm/4de87444_10700.txt
10700	10701	hsm/f7e99a59_10701.txt
10701	10702	hsm/1a6e20d8_10702.txt
10702	10703	hsm/81ae68d6_10703.txt
10703	10704	hsm/14664200_10704.txt
10704	10705	hsm/43e9eef9_10705.txt
10705	10706	hsm/08e3648d_10706.txt
10706	10707	hsm/ee0f8757_10707.txt
10707	10708	hsm/82f95747_10708.txt
10708	10709	hsm/01bc3e17_10709.txt
10709	10710	hsm/a16faee9_10710.txt
10710	10711	hsm/7440c4ea_10711.txt
10711	10712	hsm/c41bbc8e_10712.txt
10712	10713	hsm/c4af8e67_10713.txt
10713	10714	hsm/38d8c80f_10714.txt
10714	10715	hsm/a7a327ce_10715.txt
10715	10716	hsm/b7b43022_10716.txt
10716	10717	hsm/ce08a8ee_10717.txt
10717	10718	hsm/5eff8eff_10718.txt
10718	10719	hsm/205ff7f0_10719.txt
10719	10720	hsm/2b59a8b6_10720.txt
10720	10721	hsm/09416208_10721.txt
10721	10722	hsm/319dfc75_10722.txt
10722	10723	hsm/2a9df5fa_10723.txt
10723	10724	hsm/65cb345c_10724.txt
10724	10725	hsm/ac9d0e61_10725.txt
10725	10726	hsm/20db38b9_10726.txt
10726	10727	hsm/74165163_10727.txt
10727	10728	hsm/110f20f2_10728.txt
10728	10729	hsm/b3b54ec6_10729.txt
10729	10730	hsm/075f2a36_10730.txt
10730	10731	hsm/7550bc2b_10731.txt
10731	10732	hsm/e976d1a2_10732.txt
10732	10733	hsm/039e00da_10733.txt
10733	10734	hsm/45e7ce03_10734.txt
10734	10735	hsm/df7c7bf8_10735.txt
10735	10736	hsm/87393a5c_10736.txt
10736	10737	hsm/1874f648_10737.txt
10737	10738	hsm/ee655f8b_10738.txt
10738	10739	hsm/08ad870b_10739.txt
10739	10740	hsm/e3c0b04d_10740.txt
10740	10741	hsm/ee5beeb8_10741.txt
10741	10742	hsm/354783c4_10742.txt
10742	10743	hsm/5f5a6817_10743.txt
10743	10744	hsm/941a0f47_10744.txt
10744	10745	hsm/814f21dc_10745.txt
10745	10746	hsm/a7358f60_10746.txt
10746	10747	hsm/93fa38a7_10747.txt
10747	10748	hsm/8dbbf369_10748.txt
10748	10749	hsm/20d854b3_10749.txt
10749	10750	hsm/4255d994_10750.txt
10750	10751	hsm/c4172a14_10751.txt
10751	10752	hsm/e1ac31ff_10752.txt
10752	10753	hsm/9f8914d3_10753.txt
10753	10754	hsm/8c4f7fce_10754.txt
10754	10755	hsm/a93d1a46_10755.txt
10755	10756	hsm/6285fa8e_10756.txt
10756	10757	hsm/dce780d6_10757.txt
10757	10758	hsm/0321589d_10758.txt
10758	10759	hsm/06870c45_10759.txt
10759	10760	hsm/19b719a0_10760.txt
10760	10761	hsm/ee6897c7_10761.txt
10761	10762	hsm/bf6c13b3_10762.txt
10762	10763	hsm/937cab73_10763.txt
10763	10764	hsm/62e21040_10764.txt
10764	10765	hsm/83832cfa_10765.txt
10765	10766	hsm/f5ef455f_10766.txt
10766	10767	hsm/1ae4bc31_10767.txt
10767	10768	hsm/71dec6ee_10768.txt
10768	10769	hsm/8ad7196f_10769.txt
10769	10770	hsm/54512555_10770.txt
10770	10771	hsm/54ae23d0_10771.txt
10771	10772	hsm/1954533c_10772.txt
10772	10773	hsm/33f85500_10773.txt
10773	10774	hsm/b9e86798_10774.txt
10774	10775	hsm/449c8190_10775.txt
10775	10776	hsm/8e5e8126_10776.txt
10776	10777	hsm/8bd3029d_10777.txt
10777	10778	hsm/f30709c1_10778.txt
10778	10779	hsm/54f6a9d4_10779.txt
10779	10780	hsm/1ef4b396_10780.txt
10780	10781	hsm/e8e844a1_10781.txt
10781	10782	hsm/bed26065_10782.txt
10782	10783	hsm/ca0d8fbb_10783.txt
10783	10784	hsm/ed020833_10784.txt
10784	10785	hsm/88a2d1e9_10785.txt
10785	10786	hsm/b42c3c7e_10786.txt
10786	10787	hsm/a7c2b133_10787.txt
10787	10788	hsm/cf0b0995_10788.txt
10788	10789	hsm/8bff71dc_10789.txt
10789	10790	hsm/8a078dbe_10790.txt
10790	10791	hsm/f26f94af_10791.txt
10791	10792	hsm/4fd76efc_10792.txt
10792	10793	hsm/edd1987c_10793.txt
10793	10794	hsm/75b67c89_10794.txt
10794	10795	hsm/b74be2fa_10795.txt
10795	10796	hsm/acffd9e5_10796.txt
10796	10797	hsm/64b52572_10797.txt
10797	10798	hsm/1a6b8d54_10798.txt
10798	10799	hsm/a231110c_10799.txt
10799	10800	hsm/029c87af_10800.txt
10800	10801	hsm/23be8f24_10801.txt
10801	10802	hsm/a97dddb0_10802.txt
10802	10803	hsm/b2338a99_10803.txt
10803	10804	hsm/2810a28c_10804.txt
10804	10805	hsm/e8e7deb8_10805.txt
10805	10806	hsm/5b6879fb_10806.txt
10806	10807	hsm/f4d13170_10807.txt
10807	10808	hsm/7ca4eb87_10808.txt
10808	10809	hsm/421872f5_10809.txt
10809	10810	hsm/0edd8c4c_10810.txt
10810	10811	hsm/df0903ff_10811.txt
10811	10812	hsm/8662ab71_10812.txt
10812	10813	hsm/cc5abddd_10813.txt
10813	10814	hsm/002d8e78_10814.txt
10814	10815	hsm/b567e1d7_10815.txt
10815	10816	hsm/e476963c_10816.txt
10816	10817	hsm/81e2d489_10817.txt
10817	10818	hsm/aa086be1_10818.txt
10818	10819	hsm/a95e154d_10819.txt
10819	10820	hsm/ffa6a783_10820.txt
10820	10821	hsm/40215c18_10821.txt
10821	10822	hsm/eda777ce_10822.txt
10822	10823	hsm/6d5bb0f3_10823.txt
10823	10824	hsm/943003de_10824.txt
10824	10825	hsm/fbae23b0_10825.txt
10825	10826	hsm/24993eaf_10826.txt
10826	10827	hsm/007593ad_10827.txt
10827	10828	hsm/d47d5621_10828.txt
10828	10829	hsm/5261b467_10829.txt
10829	10830	hsm/09d275e3_10830.txt
10830	10831	hsm/e684d52a_10831.txt
10831	10832	hsm/ee190534_10832.txt
10832	10833	hsm/0199b100_10833.txt
10833	10834	hsm/7e9da0b7_10834.txt
10834	10835	hsm/45d1f091_10835.txt
10835	10836	hsm/25993c10_10836.txt
10836	10837	hsm/78bc125a_10837.txt
10837	10838	hsm/5a4662c4_10838.txt
10838	10839	hsm/4b1622e3_10839.txt
10839	10840	hsm/53082cef_10840.txt
10840	10841	hsm/3fe58cad_10841.txt
10841	10842	hsm/0cb636d4_10842.txt
10842	10843	hsm/9d145935_10843.txt
10843	10844	hsm/11637cd7_10844.txt
10844	10845	hsm/81216401_10845.txt
10845	10846	hsm/1df5bd5e_10846.txt
10846	10847	hsm/81e966a3_10847.txt
10847	10848	hsm/8d35e988_10848.txt
10848	10849	hsm/63115d6b_10849.txt
10849	10850	hsm/a5ae4512_10850.txt
10850	10851	hsm/bed2c311_10851.txt
10851	10852	hsm/556a38b6_10852.txt
10852	10853	hsm/a274228a_10853.txt
10853	10854	hsm/1920b39d_10854.txt
10854	10855	hsm/d85af56b_10855.txt
10855	10856	hsm/2d33009b_10856.txt
10856	10857	hsm/f874a1fa_10857.txt
10857	10858	hsm/6b6a2c7e_10858.txt
10858	10859	hsm/9bd7105d_10859.txt
10859	10860	hsm/dc8c2f85_10860.txt
10860	10861	hsm/8cc5d033_10861.txt
10861	10862	hsm/fa1efffa_10862.txt
10862	10863	hsm/29d913e6_10863.txt
10863	10864	hsm/dd7c61cb_10864.txt
10864	10865	hsm/5a8cc591_10865.txt
10865	10866	hsm/59d564bf_10866.txt
10866	10867	hsm/8bab150c_10867.txt
10867	10868	hsm/067bdae0_10868.txt
10868	10869	hsm/5ea06c40_10869.txt
10869	10870	hsm/4ec52a5b_10870.txt
10870	10871	hsm/d28de0aa_10871.txt
10871	10872	hsm/d95609d9_10872.txt
10872	10873	hsm/bfa9b524_10873.txt
10873	10874	hsm/dc50c083_10874.txt
10874	10875	hsm/e7cf3be8_10875.txt
10875	10876	hsm/9136a7b2_10876.txt
10876	10877	hsm/d25ff817_10877.txt
10877	10878	hsm/94179ccf_10878.txt
10878	10879	hsm/bbae9b76_10879.txt
10879	10880	hsm/66cb9a49_10880.txt
10880	10881	hsm/750d669b_10881.txt
10881	10882	hsm/cc1f384c_10882.txt
10882	10883	hsm/5406fe3c_10883.txt
10883	10884	hsm/a89c6b8c_10884.txt
10884	10885	hsm/e630516a_10885.txt
10885	10886	hsm/b174b3ac_10886.txt
10886	10887	hsm/c1488c18_10887.txt
10887	10888	hsm/df0f0e59_10888.txt
10888	10889	hsm/b0e1ab5d_10889.txt
10889	10890	hsm/ad5be3e3_10890.txt
10890	10891	hsm/5873858e_10891.txt
10891	10892	hsm/4640b79a_10892.txt
10892	10893	hsm/05a811cf_10893.txt
10893	10894	hsm/dce0ccb5_10894.txt
10894	10895	hsm/4fc7b196_10895.txt
10895	10896	hsm/43528a55_10896.txt
10896	10897	hsm/68c2fc4c_10897.txt
10897	10898	hsm/3f86b464_10898.txt
10898	10899	hsm/a948f33f_10899.txt
10899	10900	hsm/4420877a_10900.txt
10900	10901	hsm/c8763804_10901.txt
10901	10902	hsm/67496711_10902.txt
10902	10903	hsm/c53c7e47_10903.txt
10903	10904	hsm/6c90cb26_10904.txt
10904	10905	hsm/ede35818_10905.txt
10905	10906	hsm/fc6dbf81_10906.txt
10906	10907	hsm/8c876707_10907.txt
10907	10908	hsm/2485fbfb_10908.txt
10908	10909	hsm/b3daac8a_10909.txt
10909	10910	hsm/ffe783de_10910.txt
10910	10911	hsm/b20df22e_10911.txt
10911	10912	hsm/1898d916_10912.txt
10912	10913	hsm/b986e84a_10913.txt
10913	10914	hsm/de41991f_10914.txt
10914	10915	hsm/b0b665cb_10915.txt
10915	10916	hsm/e0726bbc_10916.txt
10916	10917	hsm/3280f100_10917.txt
10917	10918	hsm/e6423311_10918.txt
10918	10919	hsm/b2f0ba8a_10919.txt
10919	10920	hsm/d448dd5e_10920.txt
10920	10921	hsm/12e23e19_10921.txt
10921	10922	hsm/3ca47c08_10922.txt
10922	10923	hsm/bbdb327d_10923.txt
10923	10924	hsm/1987a8f9_10924.txt
10924	10925	hsm/c4154006_10925.txt
10925	10926	hsm/e138deb3_10926.txt
10926	10927	hsm/e4ed8ee2_10927.txt
10927	10928	hsm/8fab1de4_10928.txt
10928	10929	hsm/63792b61_10929.txt
10929	10930	hsm/143c2b41_10930.txt
10930	10931	hsm/c4cb7dbb_10931.txt
10931	10932	hsm/0e676225_10932.txt
10932	10933	hsm/62be87dc_10933.txt
10933	10934	hsm/38a76661_10934.txt
10934	10935	hsm/560bb78a_10935.txt
10935	10936	hsm/10020d2a_10936.txt
10936	10937	hsm/94b5a652_10937.txt
10937	10938	hsm/4402a777_10938.txt
10938	10939	hsm/458df732_10939.txt
10939	10940	hsm/b254fa47_10940.txt
10940	10941	hsm/1f094ba7_10941.txt
10941	10942	hsm/52279e54_10942.txt
10942	10943	hsm/55a25e5c_10943.txt
10943	10944	hsm/eeb53e29_10944.txt
10944	10945	hsm/d4eba987_10945.txt
10945	10946	hsm/38a3d30e_10946.txt
10946	10947	hsm/17cfbc55_10947.txt
10947	10948	hsm/e464e34c_10948.txt
10948	10949	hsm/efe6fb25_10949.txt
10949	10950	hsm/97f9b2a1_10950.txt
10950	10951	hsm/52837207_10951.txt
10951	10952	hsm/43a908a2_10952.txt
10952	10953	hsm/694e7181_10953.txt
10953	10954	hsm/b8dae956_10954.txt
10954	10955	hsm/893ff427_10955.txt
10955	10956	hsm/192555f8_10956.txt
10956	10957	hsm/4bc764df_10957.txt
10957	10958	hsm/43191a81_10958.txt
10958	10959	hsm/fa7b3133_10959.txt
10959	10960	hsm/7f77439e_10960.txt
10960	10961	hsm/0fcc3902_10961.txt
10961	10962	hsm/5e4b218d_10962.txt
10962	10963	hsm/20b73d14_10963.txt
10963	10964	hsm/72d05f5c_10964.txt
10964	10965	hsm/1d0df1c9_10965.txt
10965	10966	hsm/ab24c192_10966.txt
10966	10967	hsm/e96c0a95_10967.txt
10967	10968	hsm/3b87e261_10968.txt
10968	10969	hsm/a35cdc65_10969.txt
10969	10970	hsm/7c80ab95_10970.txt
10970	10971	hsm/dd960ee0_10971.txt
10971	10972	hsm/3b3687f3_10972.txt
10972	10973	hsm/640a81b4_10973.txt
10973	10974	hsm/0b7e3835_10974.txt
10974	10975	hsm/d70990e8_10975.txt
10975	10976	hsm/d864dab4_10976.txt
10976	10977	hsm/a8df5aca_10977.txt
10977	10978	hsm/172f8e18_10978.txt
10978	10979	hsm/d991b129_10979.txt
10979	10980	hsm/6647c96b_10980.txt
10980	10981	hsm/82f5bec5_10981.txt
10981	10982	hsm/0f6b78ac_10982.txt
10982	10983	hsm/a58b7618_10983.txt
10983	10984	hsm/ffbacc8a_10984.txt
10984	10985	hsm/f2f801ab_10985.txt
10985	10986	hsm/5a9e121a_10986.txt
10986	10987	hsm/665577a6_10987.txt
10987	10988	hsm/91cfa802_10988.txt
10988	10989	hsm/dd81369b_10989.txt
10989	10990	hsm/d9d7bd4a_10990.txt
10990	10991	hsm/e898f5cd_10991.txt
10991	10992	hsm/4a357717_10992.txt
10992	10993	hsm/22af30cc_10993.txt
10993	10994	hsm/bc7e681d_10994.txt
10994	10995	hsm/311e7a89_10995.txt
10995	10996	hsm/1281fd6e_10996.txt
10996	10997	hsm/2a21f6d1_10997.txt
10997	10998	hsm/993c6df4_10998.txt
10998	10999	hsm/a898c5f8_10999.txt
10999	11000	hsm/52aa0d0f_11000.txt
11000	11001	hsm/aa3ff742_11001.txt
11001	11002	hsm/da1ae17b_11002.txt
11002	11003	hsm/e1f4a0eb_11003.txt
11003	11004	hsm/85e6ffa1_11004.txt
11004	11005	hsm/16a10318_11005.txt
11005	11006	hsm/5480e984_11006.txt
11006	11007	hsm/10201c27_11007.txt
11007	11008	hsm/a1b3241b_11008.txt
11008	11009	hsm/f5eb8734_11009.txt
11009	11010	hsm/d0dc1a99_11010.txt
11010	11011	hsm/a594aa53_11011.txt
11011	11012	hsm/e837be37_11012.txt
11012	11013	hsm/a201fa1f_11013.txt
11013	11014	hsm/a201fa1f_11014.txt
11014	11015	hsm/6555fe30_11015.txt
11015	11016	hsm/34786d07_11016.txt
11016	11017	hsm/34786d07_11017.txt
11017	11018	hsm/8c39a767_11018.txt
11018	11019	hsm/f5d560cf_11019.txt
11019	11020	hsm/0cd9c1f5_11020.txt
11020	11021	hsm/0cd9c1f5_11021.txt
11021	11022	hsm/b6c7a9d0_11022.txt
11022	11023	hsm/b6c7a9d0_11023.txt
11023	11024	hsm/4b9e8228_11024.txt
11024	11025	hsm/49ba5572_11025.txt
11025	11026	hsm/db9a6bb6_11026.txt
11026	11027	hsm/e0815f75_11027.txt
11027	11028	hsm/d686d0f0_11028.txt
11028	11029	hsm/e4f0086b_11029.txt
11029	11030	hsm/689098a4_11030.txt
11030	11031	hsm/9b553bcd_11031.txt
11031	11032	hsm/6bda1beb_11032.txt
11032	11033	hsm/32b521ff_11033.txt
11033	11034	hsm/3cfd9e55_11034.txt
11034	11035	hsm/acf3c7fa_11035.txt
11035	11036	hsm/9dac34ce_11036.txt
11036	11037	hsm/86e8490f_11037.txt
11037	11038	hsm/6959b5cb_11038.txt
11038	11039	hsm/710f820e_11039.txt
11039	11040	hsm/6995101c_11040.txt
11040	11041	hsm/dadd8ec0_11041.txt
11041	11042	hsm/11b02c94_11042.txt
11042	11043	hsm/1de425c2_11043.txt
11043	11044	hsm/9a57f7da_11044.txt
11044	11045	hsm/19f8cf73_11045.txt
11045	11046	hsm/42ac3c94_11046.txt
11046	11047	hsm/350d5313_11047.txt
11047	11048	hsm/0d94e118_11048.txt
11048	11049	hsm/9f58b7ee_11049.txt
11049	11050	hsm/bdd81818_11050.txt
11050	11051	hsm/ab2363a6_11051.txt
11051	11052	hsm/c1fb2dc3_11052.txt
11052	11053	hsm/eb6119eb_11053.txt
11053	11054	hsm/d34f1687_11054.txt
11054	11055	hsm/f82c87a5_11055.txt
11055	11056	hsm/dd63fdb1_11056.txt
11056	11057	hsm/a73d82d3_11057.txt
11057	11058	hsm/a73d82d3_11058.txt
11058	11059	hsm/d56e0ce9_11059.txt
11059	11060	hsm/a07c81b6_11060.txt
11060	11061	hsm/bb1dbcf5_11061.txt
11061	11062	hsm/c49c16ed_11062.txt
11062	11063	hsm/1e42d5a9_11063.txt
11063	11064	hsm/1bbe0953_11064.txt
11064	11065	hsm/ac1f5f7c_11065.txt
11065	11066	hsm/667e4a32_11066.txt
11066	11067	hsm/8da27cd8_11067.txt
11067	11068	hsm/40324d11_11068.txt
11068	11069	hsm/900b2fa7_11069.txt
11069	11070	hsm/564c3fb7_11070.txt
11070	11071	hsm/805daf13_11071.txt
11071	11072	hsm/494c46e1_11072.txt
11072	11073	hsm/3976a0e5_11073.txt
11073	11074	hsm/3976a0e5_11074.txt
11074	11075	hsm/9b2685e6_11075.txt
11075	11076	hsm/cb125e32_11076.txt
11076	11077	hsm/23e0c032_11077.txt
11077	11078	hsm/b8b3c565_11078.txt
11078	11079	hsm/d6209926_11079.txt
11079	11080	hsm/15f9cd20_11080.txt
11080	11081	hsm/ecf88499_11081.txt
11081	11082	hsm/f9ab9fc2_11082.txt
11082	11083	hsm/20b4a506_11083.txt
11083	11084	hsm/5f39bf3e_11084.txt
11084	11085	hsm/8b59d22d_11085.txt
11085	11086	hsm/fc9ab4e8_11086.txt
11086	11087	hsm/72f1a548_11087.txt
11087	11088	hsm/2ad30c5d_11088.txt
11088	11089	hsm/bcabd3ae_11089.txt
11089	11090	hsm/d2e1f995_11090.txt
11090	11091	hsm/45183789_11091.txt
11091	11092	hsm/3ef0ac38_11092.txt
11092	11093	hsm/e335d5a4_11093.txt
11093	11094	hsm/0446b68f_11094.txt
11094	11095	hsm/66879d25_11095.txt
11095	11096	hsm/71d792c0_11096.txt
11096	11097	hsm/834edbb3_11097.txt
11097	11098	hsm/f520411d_11098.txt
11098	11099	hsm/cbba752c_11099.txt
11099	11100	hsm/35560462_11100.txt
11100	11101	hsm/02b042fb_11101.txt
11101	11102	hsm/0abe1480_11102.txt
11102	11103	hsm/9e96b5dc_11103.txt
11103	11104	hsm/273d49e8_11104.txt
11104	11105	hsm/70beda65_11105.txt
11105	11106	hsm/c5afc1d8_11106.txt
11106	11107	hsm/13d62946_11107.txt
11107	11108	hsm/f4a53896_11108.txt
11108	11109	hsm/61fc2c7d_11109.txt
11109	11110	hsm/fdcae57c_11110.txt
11110	11111	hsm/5ac31e8a_11111.txt
11111	11112	hsm/38354e90_11112.txt
11112	11113	hsm/d12eef15_11113.txt
11113	11114	hsm/a7446d3b_11114.txt
11114	11115	hsm/b2bd58bf_11115.txt
11115	11116	hsm/d7a8f9ee_11116.txt
11116	11117	hsm/0f23e54c_11117.txt
11117	11118	hsm/50d831e8_11118.txt
11118	11119	hsm/5b5cdc26_11119.txt
11119	11120	hsm/80678c32_11120.txt
11120	11121	hsm/eca9f558_11121.txt
11121	11122	hsm/8a0aed77_11122.txt
11122	11123	hsm/f05f1b37_11123.txt
11123	11124	hsm/1241bc04_11124.txt
11124	11125	hsm/3ee2139f_11125.txt
11125	11126	hsm/26dc84df_11126.txt
11126	11127	hsm/26dc84df_11127.txt
11127	11128	hsm/2c5f0417_11128.txt
11128	11129	hsm/1c6882aa_11129.txt
11129	11130	hsm/1f09d097_11130.txt
11130	11131	hsm/49976d73_11131.txt
11131	11132	hsm/e6746518_11132.txt
11132	11133	hsm/dcdce167_11133.txt
11133	11134	hsm/d6238c1c_11134.txt
11134	11135	hsm/1be93dc6_11135.txt
11135	11136	hsm/9c82831c_11136.txt
11136	11137	hsm/20917183_11137.txt
11137	11138	hsm/023f7437_11138.txt
11138	11139	hsm/324b2365_11139.txt
11139	11140	hsm/95397b84_11140.txt
11140	11141	hsm/b3d5158c_11141.txt
11141	11142	hsm/2f856466_11142.txt
11142	11143	hsm/151a3019_11143.txt
11143	11144	hsm/7095feee_11144.txt
11144	11145	hsm/6bb084f5_11145.txt
11145	11146	hsm/476c7ead_11146.txt
11146	11147	hsm/b76acc71_11147.txt
11147	11148	hsm/e30bb9d1_11148.txt
11148	11149	hsm/c3f7af80_11149.txt
11149	11150	hsm/f1e61e9b_11150.txt
11150	11151	hsm/2a3ed808_11151.txt
11151	11152	hsm/67da58cc_11152.txt
11152	11153	hsm/0e2bdb31_11153.txt
11153	11154	hsm/b27c94a8_11154.txt
11154	11155	hsm/92731c81_11155.txt
11155	11156	hsm/3d4f05b4_11156.txt
11156	11157	hsm/50f6b13e_11157.txt
11157	11158	hsm/207aa84b_11158.txt
11158	11159	hsm/0cf5b029_11159.txt
11159	11160	hsm/ea3b39a2_11160.txt
11160	11161	hsm/86b7b0ec_11161.txt
11161	11162	hsm/1805c941_11162.txt
11162	11163	hsm/7a6c7efc_11163.txt
11163	11164	hsm/c96ce9dd_11164.txt
11164	11165	hsm/189b74c4_11165.txt
11165	11166	hsm/a247a10e_11166.txt
11166	11167	hsm/29c3ef73_11167.txt
11167	11168	hsm/bef64094_11168.txt
11168	11169	hsm/1cf22e77_11169.txt
11169	11170	hsm/9ad151e6_11170.txt
11170	11171	hsm/f43b5ca2_11171.txt
11171	11172	hsm/c21644b6_11172.txt
11172	11173	hsm/4770ed43_11173.txt
11173	11174	hsm/3d1b7e18_11174.txt
11174	11175	hsm/aee00f7d_11175.txt
11175	11176	hsm/06b24590_11176.txt
11176	11177	hsm/52554d94_11177.txt
11177	11178	hsm/938e7da2_11178.txt
11178	11179	hsm/7702b164_11179.txt
11179	11180	hsm/73f67b85_11180.txt
11180	11181	hsm/62c82c25_11181.txt
11181	11182	hsm/60203e77_11182.txt
11182	11183	hsm/2aa56a01_11183.txt
11183	11184	hsm/533f5641_11184.txt
11184	11185	hsm/035206d9_11185.txt
11185	11186	hsm/2d26c210_11186.txt
11186	11187	hsm/d48584d4_11187.txt
11187	11188	hsm/69b7f4de_11188.txt
11188	11189	hsm/6db64f43_11189.txt
11189	11190	hsm/48c7f3d5_11190.txt
11190	11191	hsm/f30e7ed6_11191.txt
11191	11192	hsm/f4033726_11192.txt
11192	11193	hsm/97ca84fa_11193.txt
11193	11194	hsm/06416d77_11194.txt
11194	11195	hsm/f82997bb_11195.txt
11195	11196	hsm/b6c59779_11196.txt
11196	11197	hsm/abe2fb87_11197.txt
11197	11198	hsm/2b234ac1_11198.txt
11198	11199	hsm/ace26fc9_11199.txt
11199	11200	hsm/8447e987_11200.txt
11200	11201	hsm/67810ccc_11201.txt
11201	11202	hsm/13ec316b_11202.txt
11202	11203	hsm/b04360ea_11203.txt
11203	11204	hsm/8919a3ef_11204.txt
11204	11205	hsm/b539c4d6_11205.txt
11205	11206	hsm/9bf4806d_11206.txt
11206	11207	hsm/45a8122e_11207.txt
11207	11208	hsm/09c7412c_11208.txt
11208	11209	hsm/670c2d15_11209.txt
11209	11210	hsm/5b5cdc26_11210.txt
11210	11211	hsm/1c6dec78_11211.txt
11211	11212	hsm/ab17e142_11212.txt
11212	11213	hsm/11c95dee_11213.txt
11213	11214	hsm/67193b65_11214.txt
11214	11215	hsm/a8412e8c_11215.txt
11215	11216	hsm/20eacadc_11216.txt
11216	11217	hsm/38ce1fd1_11217.txt
11217	11218	hsm/dcb7a337_11218.txt
11218	11219	hsm/11d595e1_11219.txt
11219	11220	hsm/bb2ee3b9_11220.txt
11220	11221	hsm/2ec6cd73_11221.txt
11221	11222	hsm/4843eecd_11222.txt
11222	11223	hsm/b93c2f4d_11223.txt
11223	11224	hsm/40b49cb8_11224.txt
11224	11225	hsm/6a613edc_11225.txt
11225	11226	hsm/81a87188_11226.txt
11226	11227	hsm/aaa3edd7_11227.txt
11227	11228	hsm/8297d151_11228.txt
11228	11229	hsm/685e39c5_11229.txt
11229	11230	hsm/1220a014_11230.txt
11230	11231	hsm/04412119_11231.txt
11231	11232	hsm/5a352c2d_11232.txt
11232	11233	hsm/f830a41e_11233.txt
11233	11234	hsm/24b8ab67_11234.txt
11234	11235	hsm/b628bd83_11235.txt
11235	11236	hsm/145d9430_11236.txt
11236	11237	hsm/5532b2be_11237.txt
11237	11238	hsm/515d0c5d_11238.txt
11238	11239	hsm/2159458f_11239.txt
11239	11240	hsm/b8f9e9ea_11240.txt
11240	11241	hsm/3fa0e786_11241.txt
11241	11242	hsm/cb97616f_11242.txt
11242	11243	hsm/184e5fdc_11243.txt
11243	11244	hsm/ff98a4d5_11244.txt
11244	11245	hsm/b5f98e48_11245.txt
11245	11246	hsm/9da989f0_11246.txt
11246	11247	hsm/35a64f22_11247.txt
11247	11248	hsm/0269f9f1_11248.txt
11248	11249	hsm/44084844_11249.txt
11249	11250	hsm/954d15e0_11250.txt
11250	11251	hsm/35a64f22_11251.txt
11251	11252	hsm/ddbc1cd4_11252.txt
11252	11253	hsm/cdc7eec3_11253.txt
11253	11254	hsm/936e0a51_11254.txt
11254	11255	hsm/5fe86651_11255.txt
11255	11256	hsm/1c932af1_11256.txt
11256	11257	hsm/4e7f8600_11257.txt
11257	11258	hsm/6842966f_11258.txt
11258	11259	hsm/0551363b_11259.txt
11259	11260	hsm/ddbd24d7_11260.txt
11260	11261	hsm/c0089902_11261.txt
11261	11262	hsm/9de7e482_11262.txt
11262	11263	hsm/0551363b_11263.txt
11263	11264	hsm/5a536a09_11264.txt
11264	11265	hsm/6062ff11_11265.txt
11265	11266	hsm/35ea6960_11266.txt
11266	11267	hsm/0551363b_11267.txt
11267	11268	hsm/cdc275f8_11268.txt
11268	11269	hsm/f0de52bc_11269.txt
11269	11270	hsm/7ae066f4_11270.txt
11270	11271	hsm/0551363b_11271.txt
11271	11272	hsm/ddbd24d7_11272.txt
11272	11273	hsm/6ef9a317_11273.txt
11273	11274	hsm/d64044c2_11274.txt
11274	11275	hsm/c09b9505_11275.txt
11275	11276	hsm/b8b8c4b6_11276.txt
11276	11277	hsm/561714fd_11277.txt
11277	11278	hsm/92e9122a_11278.txt
11278	11279	hsm/1548c607_11279.txt
11279	11280	hsm/978c52c7_11280.txt
11280	11281	hsm/3311dd9a_11281.txt
11281	11282	hsm/6a991ee3_11282.txt
11282	11283	hsm/9d9a3854_11283.txt
11283	11284	hsm/2df55f5e_11284.txt
11284	11285	hsm/34fa7adb_11285.txt
11285	11286	hsm/3878aed1_11286.txt
11286	11287	hsm/88696e9c_11287.txt
11287	11288	hsm/5c7ee8b1_11288.txt
11288	11289	hsm/b35245dd_11289.txt
11289	11290	hsm/63d12b3b_11290.txt
11290	11291	hsm/f6c53f2d_11291.txt
11291	11292	hsm/6a4a2800_11292.txt
11292	11293	hsm/c1a65013_11293.txt
11293	11294	hsm/84a010c9_11294.txt
11294	11295	hsm/a28ed43b_11295.txt
11295	11296	hsm/2211b531_11296.txt
11296	11297	hsm/e3723731_11297.txt
11297	11298	hsm/338fac6d_11298.txt
11298	11299	hsm/79f2bbd7_11299.txt
11299	11300	hsm/19d99bdc_11300.txt
11300	11301	hsm/283cca68_11301.txt
11301	11302	hsm/560dc05c_11302.txt
11302	11303	hsm/88b03b82_11303.txt
11303	11304	hsm/71265df9_11304.txt
11304	11305	hsm/bf467082_11305.txt
11305	11306	hsm/d0846142_11306.txt
11306	11307	hsm/f9f5c32e_11307.txt
11307	11308	hsm/433bdac2_11308.txt
11308	11309	hsm/a901e99f_11309.txt
11309	11310	hsm/22e69d8a_11310.txt
11310	11311	hsm/b77ab416_11311.txt
11311	11312	hsm/46f35075_11312.txt
11312	11313	hsm/8225d61d_11313.txt
11313	11314	hsm/2313adc5_11314.txt
11314	11315	hsm/228b76aa_11315.txt
11315	11316	hsm/7c9981cd_11316.txt
11316	11317	hsm/ae92d478_11317.txt
11317	11318	hsm/5006110b_11318.txt
11318	11319	hsm/6294067a_11319.txt
11319	11320	hsm/a9dd410d_11320.txt
11320	11321	hsm/c0790682_11321.txt
11321	11322	hsm/98d65aed_11322.txt
11322	11323	hsm/1ce269c0_11323.txt
11323	11324	hsm/83cc128d_11324.txt
11324	11325	hsm/6e5295ae_11325.txt
11325	11326	hsm/bacf394d_11326.txt
11326	11327	hsm/1ce269c0_11327.txt
11327	11328	hsm/1bf97d8e_11328.txt
11328	11329	hsm/e50ac155_11329.txt
11329	11330	hsm/b9ad7a93_11330.txt
11330	11331	hsm/df350afc_11331.txt
11331	11332	hsm/581dabad_11332.txt
11332	11333	hsm/52a693fd_11333.txt
11333	11334	hsm/30843669_11334.txt
11334	11335	hsm/c1e19f25_11335.txt
11335	11336	hsm/35fcc428_11336.txt
11336	11337	hsm/f83f83ac_11337.txt
11337	11338	hsm/163b362e_11338.txt
11338	11339	hsm/a95f432f_11339.txt
11339	11340	hsm/2fc73cdc_11340.txt
11340	11341	hsm/88ff86bb_11341.txt
11341	11342	hsm/724d5e7e_11342.txt
11342	11343	hsm/c7208e56_11343.txt
11343	11344	hsm/821e3091_11344.txt
11344	11345	hsm/cb43b662_11345.txt
11345	11346	hsm/bce45f42_11346.txt
11346	11347	hsm/711872aa_11347.txt
11347	11348	hsm/909215d0_11348.txt
11348	11349	hsm/6f273c3d_11349.txt
11349	11350	hsm/a9af1bda_11350.txt
11350	11351	hsm/a75dc027_11351.txt
11351	11352	hsm/6a86ba38_11352.txt
11352	11353	hsm/02686f93_11353.txt
11353	11354	hsm/ecb03d61_11354.txt
11354	11355	hsm/54aa763c_11355.txt
11355	11356	hsm/89f42a5f_11356.txt
11356	11357	hsm/a7c3d794_11357.txt
11357	11358	hsm/0b09b83c_11358.txt
11358	11359	hsm/801ea69f_11359.txt
11359	11360	hsm/4beda18b_11360.txt
11360	11361	hsm/d3493450_11361.txt
11361	11362	hsm/dd2e7fb5_11362.txt
11362	11363	hsm/86505111_11363.txt
11363	11364	hsm/36d0efde_11364.txt
11364	11365	hsm/e11103fd_11365.txt
11365	11366	hsm/6adf53ce_11366.txt
11366	11367	hsm/b607631b_11367.txt
11367	11368	hsm/ef461f38_11368.txt
11368	11369	hsm/fe6f5fd6_11369.txt
11369	11370	hsm/156a5302_11370.txt
11370	11371	hsm/2def0ba2_11371.txt
11371	11372	hsm/665edf40_11372.txt
11372	11373	hsm/1f25bb82_11373.txt
11373	11374	hsm/74da241a_11374.txt
11374	11375	hsm/ed8aa533_11375.txt
11375	11376	hsm/b7cdb3e0_11376.txt
11376	11377	hsm/91fa3cbe_11377.txt
11377	11378	hsm/3c9fd13d_11378.txt
11378	11379	hsm/1f9c26b5_11379.txt
11379	11380	hsm/f6c70d23_11380.txt
11380	11381	hsm/ec314191_11381.txt
11381	11382	hsm/7c01c100_11382.txt
11382	11383	hsm/d44d47fe_11383.txt
11383	11384	hsm/a43b79ba_11384.txt
11384	11385	hsm/34ea70cc_11385.txt
11385	11386	hsm/bdf1379e_11386.txt
11386	11387	hsm/31be7612_11387.txt
11387	11388	hsm/ac30000f_11388.txt
11388	11389	hsm/89b7bc46_11389.txt
11389	11390	hsm/2d35e881_11390.txt
11390	11391	hsm/8cd1fb86_11391.txt
11391	11392	hsm/3ceb86c8_11392.txt
11392	11393	hsm/4cf2aa7c_11393.txt
11393	11394	hsm/50be690c_11394.txt
11394	11395	hsm/74c7cb48_11395.txt
11395	11396	hsm/a7a3796d_11396.txt
11396	11397	hsm/6967fdaa_11397.txt
11397	11398	hsm/3cc2f260_11398.txt
11398	11399	hsm/34b77465_11399.txt
11399	11400	hsm/db5ce9ac_11400.txt
11400	11401	hsm/c62ae16b_11401.txt
11401	11402	hsm/ecaeb5d4_11402.txt
11402	11403	hsm/2c3934f5_11403.txt
11403	11404	hsm/f692726d_11404.txt
11404	11405	hsm/ce0d593c_11405.txt
11405	11406	hsm/859243c3_11406.txt
11406	11407	hsm/d6e1fc0d_11407.txt
11407	11408	hsm/dd04c83d_11408.txt
11408	11409	hsm/23565d62_11409.txt
11409	11410	hsm/4afc3c50_11410.txt
11410	11411	hsm/c51b9bd5_11411.txt
11411	11412	hsm/49dcddd8_11412.txt
11412	11413	hsm/1802fdf6_11413.txt
11413	11414	hsm/08614e93_11414.txt
11414	11415	hsm/90c07830_11415.txt
11415	11416	hsm/5bcc255b_11416.txt
11416	11417	hsm/1d65ae81_11417.txt
11417	11418	hsm/51557ba8_11418.txt
11418	11419	hsm/5f2a0a75_11419.txt
11419	11420	hsm/80d82941_11420.txt
11420	11421	hsm/6b305678_11421.txt
11421	11422	hsm/1fc9afb6_11422.txt
11422	11423	hsm/7fb84eaa_11423.txt
11423	11424	hsm/b43e90e8_11424.txt
11424	11425	hsm/184ee4d4_11425.txt
11425	11426	hsm/579abedd_11426.txt
11426	11427	hsm/7234d711_11427.txt
11427	11428	hsm/46b8d279_11428.txt
11428	11429	hsm/ffc13d01_11429.txt
11429	11430	hsm/df0964cd_11430.txt
11430	11431	hsm/f9727268_11431.txt
11431	11432	hsm/7d8a34f9_11432.txt
11432	11433	hsm/4e96fed1_11433.txt
11433	11434	hsm/649ecf5e_11434.txt
11434	11435	hsm/a5ab98f4_11435.txt
11435	11436	hsm/b143ae19_11436.txt
11436	11437	hsm/34633b35_11437.txt
11437	11438	hsm/943b97b8_11438.txt
11438	11439	hsm/579878b6_11439.txt
11439	11440	hsm/bd7170bf_11440.txt
11440	11441	hsm/9f014898_11441.txt
11441	11442	hsm/8e5ca492_11442.txt
11442	11443	hsm/828afba0_11443.txt
11443	11444	hsm/1ad468b0_11444.txt
11444	11445	hsm/d16d3322_11445.txt
11445	11446	hsm/c24b7ffe_11446.txt
11446	11447	hsm/3f1a83b3_11447.txt
11447	11448	hsm/256159b9_11448.txt
11448	11449	hsm/4c5b60a1_11449.txt
11449	11450	hsm/363ed7a9_11450.txt
11450	11451	hsm/353231e0_11451.txt
11451	11452	hsm/daaf6b74_11452.txt
11452	11453	hsm/22eb93c0_11453.txt
11453	11454	hsm/a491121e_11454.txt
11454	11455	hsm/06d9e89e_11455.txt
11455	11456	hsm/a92d8a91_11456.txt
11456	11457	hsm/6090271a_11457.txt
11457	11458	hsm/0caf687b_11458.txt
11458	11459	hsm/ab5a2d50_11459.txt
11459	11460	hsm/ec330b38_11460.txt
11460	11461	hsm/ae6dd21f_11461.txt
11461	11462	hsm/f76d01ce_11462.txt
11462	11463	hsm/56d7e626_11463.txt
11463	11464	hsm/badef172_11464.txt
11464	11465	hsm/ef00f8ba_11465.txt
11465	11466	hsm/c2c9765a_11466.txt
11466	11467	hsm/c4547448_11467.txt
11467	11468	hsm/c26a780a_11468.txt
11468	11469	hsm/58b0d95b_11469.txt
11469	11470	hsm/a649a826_11470.txt
11470	11471	hsm/058374ba_11471.txt
11471	11472	hsm/b56fe982_11472.txt
11472	11473	hsm/942ab357_11473.txt
11473	11474	hsm/ef303fae_11474.txt
11474	11475	hsm/a2be4814_11475.txt
11475	11476	hsm/eb00bf64_11476.txt
11476	11477	hsm/6568b09b_11477.txt
11477	11478	hsm/f47e519f_11478.txt
11478	11479	hsm/ceba2bbd_11479.txt
11479	11480	hsm/f3990c65_11480.txt
11480	11481	hsm/78bc125a_11481.txt
11481	11482	hsm/5a4662c4_11482.txt
11482	11483	hsm/4b1622e3_11483.txt
11483	11484	hsm/53082cef_11484.txt
11484	11485	hsm/3fe58cad_11485.txt
11485	11486	hsm/0cb636d4_11486.txt
11486	11487	hsm/9d145935_11487.txt
11487	11488	hsm/11637cd7_11488.txt
11488	11489	hsm/45a8122e_11489.txt
11489	11490	hsm/09c7412c_11490.txt
11490	11491	hsm/670c2d15_11491.txt
11491	11492	hsm/447eaca4_11492.txt
11492	11493	hsm/b38d6f9c_11493.txt
11493	11494	hsm/37e3fbd9_11494.txt
11494	11495	hsm/eaf8ea3a_11495.txt
11495	11496	hsm/0ac49c83_11496.txt
11496	11497	hsm/308e3f7d_11497.txt
11497	11498	hsm/563c4785_11498.txt
11498	11499	hsm/aebb8447_11499.txt
11499	11500	hsm/1fbca2a2_11500.txt
11500	11501	hsm/696f59bc_11501.txt
11501	11502	hsm/b8fdaca3_11502.txt
11502	11503	hsm/c8afab25_11503.txt
11503	11504	hsm/0320c983_11504.txt
11504	11505	hsm/3674d331_11505.txt
11505	11506	hsm/d0fb1fd4_11506.txt
11506	11507	hsm/2198abe4_11507.txt
11507	11508	hsm/6cfaa084_11508.txt
11508	11509	hsm/a5719d19_11509.txt
11509	11510	hsm/38e5b95b_11510.txt
11510	11511	hsm/7d6c0a2e_11511.txt
11511	11512	hsm/546b8855_11512.txt
11512	11513	hsm/89cc0773_11513.txt
11513	11514	hsm/1c53747c_11514.txt
11514	11515	hsm/0bee97e1_11515.txt
11515	11516	hsm/65a52997_11516.txt
11516	11517	hsm/778599f9_11517.txt
11517	11518	hsm/d764c1a5_11518.txt
11518	11519	hsm/3c8bf65c_11519.txt
11519	11520	hsm/d4c6bc0c_11520.txt
11520	11521	hsm/95852d55_11521.txt
11521	11522	hsm/f691f7a0_11522.txt
11522	11523	hsm/efdefee5_11523.txt
11523	11524	hsm/1fd560cd_11524.txt
11524	11525	hsm/fc1641e9_11525.txt
11525	11526	hsm/210a18cb_11526.txt
11526	11527	hsm/f2c050a1_11527.txt
11527	11528	hsm/3ce81610_11528.txt
11528	11529	hsm/69e61a68_11529.txt
11529	11530	hsm/1666d027_11530.txt
11530	11531	hsm/4ec43ac0_11531.txt
11531	11532	hsm/5b5cdc26_11532.txt
11532	11533	hsm/afcc77fb_11533.txt
11533	11534	hsm/13764e8b_11534.txt
11534	11535	hsm/2bd0316d_11535.txt
11535	11536	hsm/cfa27956_11536.txt
11536	11537	hsm/cfa27956_11537.txt
11537	11538	hsm/f56de7ec_11538.txt
11538	11539	hsm/f56de7ec_11539.txt
11539	11540	hsm/2fef90b2_11540.txt
11540	11541	hsm/2fef90b2_11541.txt
11541	11542	hsm/0f4bbadd_11542.txt
11542	11543	hsm/0f4bbadd_11543.txt
11543	11544	hsm/858644f0_11544.txt
11544	11545	hsm/36dad1c1_11545.txt
11545	11546	hsm/c23cff48_11546.txt
11546	11547	hsm/2d10828e_11547.txt
11547	11548	hsm/31dde00a_11548.txt
11548	11549	hsm/a8f3f005_11549.txt
11549	11550	hsm/84a7b02b_11550.txt
11550	11551	hsm/b4f3f3c4_11551.txt
11551	11552	hsm/85a7f0f5_11552.txt
11552	11553	hsm/5ec87483_11553.txt
11553	11554	hsm/d7c28e76_11554.txt
11554	11555	hsm/7e1139a9_11555.txt
11555	11556	hsm/52597421_11556.txt
11556	11557	hsm/f9875633_11557.txt
11557	11558	hsm/802d88e9_11558.txt
11558	11559	hsm/26e99d6d_11559.txt
11559	11560	hsm/8d9702ba_11560.txt
11560	11561	hsm/837d751b_11561.txt
11561	11562	hsm/64a74a3f_11562.txt
11562	11563	hsm/fd6c0e10_11563.txt
11563	11564	hsm/aa20ec26_11564.txt
11564	11565	hsm/8f1a483c_11565.txt
11565	11566	hsm/5eba10af_11566.txt
11566	11567	hsm/9f149b02_11567.txt
11567	11568	hsm/c0c3c6f5_11568.txt
11568	11569	hsm/852a1e3b_11569.txt
11569	11570	hsm/4c799731_11570.txt
11570	11571	hsm/961cfa62_11571.txt
11571	11572	hsm/8d2dd6da_11572.txt
11572	11573	hsm/33fde61b_11573.txt
11573	11574	hsm/e9957f00_11574.txt
11574	11575	hsm/e684d52a_11575.txt
11575	11576	hsm/36dad1c1_11576.txt
11576	11577	hsm/c23cff48_11577.txt
11577	11578	hsm/8fbc49ab_11578.txt
11578	11579	hsm/7ccd1a38_11579.txt
11579	11580	hsm/66dac36a_11580.txt
11580	11581	hsm/336e1d47_11581.txt
11581	11582	hsm/cfa27956_11582.txt
11582	11583	hsm/cfa27956_11583.txt
11583	11584	hsm/f56de7ec_11584.txt
11584	11585	hsm/f56de7ec_11585.txt
11585	11586	hsm/2fef90b2_11586.txt
11586	11587	hsm/2fef90b2_11587.txt
11587	11588	hsm/0f4bbadd_11588.txt
11588	11589	hsm/0f4bbadd_11589.txt
11589	11590	hsm/858644f0_11590.txt
11590	11591	hsm/ccc0e967_11591.txt
11591	11592	hsm/1294c1f5_11592.txt
11592	11593	hsm/1fc9247f_11593.txt
11593	11594	hsm/0f51ae69_11594.txt
11594	11595	hsm/2b6d878b_11595.txt
11595	11596	hsm/c597698b_11596.txt
11596	11597	hsm/42024ae9_11597.txt
11597	11598	hsm/4144b1f9_11598.txt
11598	11599	hsm/741d40b7_11599.txt
11599	11600	hsm/3d8c5090_11600.txt
11600	11601	hsm/a2df14a6_11601.txt
11601	11602	hsm/734cff11_11602.txt
11602	11603	hsm/e4ed7279_11603.txt
11603	11604	hsm/214b42ee_11604.txt
11604	11605	hsm/ea416cdf_11605.txt
11605	11606	hsm/15ee005a_11606.txt
11606	11607	hsm/5bad6c72_11607.txt
11607	11608	hsm/28833f4e_11608.txt
11608	11609	hsm/c122b6ac_11609.txt
11609	11610	hsm/457ae8d2_11610.txt
11610	11611	hsm/97d3265c_11611.txt
11611	11612	hsm/3c73637d_11612.txt
11612	11613	hsm/93777663_11613.txt
11613	11614	hsm/1e9527e6_11614.txt
11614	11615	hsm/c7e4f893_11615.txt
11615	11616	hsm/383a1e89_11616.txt
11616	11617	hsm/ce7cf222_11617.txt
11617	11618	hsm/efa5b80f_11618.txt
11618	11619	hsm/5ffff902_11619.txt
11619	11620	hsm/3e4e1df0_11620.txt
11620	11621	hsm/023d07b7_11621.txt
11621	11622	hsm/15bd4e08_11622.txt
11622	11623	hsm/59a67d62_11623.txt
11623	11624	hsm/aded1aed_11624.txt
11624	11625	hsm/c0c3c6f5_11625.txt
11625	11626	hsm/852a1e3b_11626.txt
11626	11627	hsm/939fef11_11627.txt
11627	11628	hsm/0e1364b0_11628.txt
11628	11629	hsm/c3788f85_11629.txt
11629	11630	hsm/5024b903_11630.txt
11630	11631	hsm/0ea6e805_11631.txt
11631	11632	hsm/e684d52a_11632.txt
11632	11633	hsm/c374674c_11633.txt
11633	11634	hsm/6fc7f948_11634.txt
11634	11635	hsm/704121f5_11635.txt
11635	11636	hsm/dfac05d9_11636.txt
11636	11637	hsm/3e28c429_11637.txt
11637	11638	hsm/c5450125_11638.txt
11638	11639	hsm/eae1e214_11639.txt
11639	11640	hsm/4fa40d8b_11640.txt
11640	11641	hsm/0d611cf3_11641.txt
11641	11642	hsm/7909d67c_11642.txt
11642	11643	hsm/34e802a9_11643.txt
11643	11644	hsm/72120d47_11644.txt
11644	11645	hsm/012ea20a_11645.txt
11645	11646	hsm/32c2d03a_11646.txt
11646	11647	hsm/87edd62f_11647.txt
11647	11648	hsm/81d73630_11648.txt
11648	11649	hsm/76b8302a_11649.txt
11649	11650	hsm/0b31a000_11650.txt
11650	11651	hsm/50de1093_11651.txt
11651	11652	hsm/48014a50_11652.txt
11652	11653	hsm/eb548994_11653.txt
11653	11654	hsm/dd7582ff_11654.txt
11654	11655	hsm/88fa4259_11655.txt
11655	11656	hsm/96f1d246_11656.txt
11656	11657	hsm/5ec3ad0f_11657.txt
11657	11658	hsm/16d78511_11658.txt
11658	11659	hsm/7e8cc38e_11659.txt
11659	11660	hsm/f88791ca_11660.txt
11660	11661	hsm/8d8f78c0_11661.txt
11661	11662	hsm/f5836cef_11662.txt
11662	11663	hsm/5b509799_11663.txt
11663	11664	hsm/79578b87_11664.txt
11664	11665	hsm/b35a7ea1_11665.txt
11665	11666	hsm/12c69beb_11666.txt
11666	11667	hsm/75dd10e8_11667.txt
11667	11668	hsm/3918974d_11668.txt
11668	11669	hsm/6786a6e8_11669.txt
11669	11670	hsm/2293af6d_11670.txt
11670	11671	hsm/41c65949_11671.txt
11671	11672	hsm/1fbda480_11672.txt
11672	11673	hsm/238c1449_11673.txt
11673	11674	hsm/0e005a6f_11674.txt
11674	11675	hsm/2fa14a65_11675.txt
11675	11676	hsm/89f1bed0_11676.txt
11676	11677	hsm/00db033f_11677.txt
11677	11678	hsm/8f7f73e3_11678.txt
11678	11679	hsm/304e7947_11679.txt
11679	11680	hsm/b6cc80d5_11680.txt
11680	11681	hsm/39b2315a_11681.txt
11681	11682	hsm/177af9a7_11682.txt
11682	11683	hsm/81de6d85_11683.txt
11683	11684	hsm/fb3ec7ac_11684.txt
11684	11685	hsm/7fa691d2_11685.txt
11685	11686	hsm/a4734617_11686.txt
11686	11687	hsm/d545772c_11687.txt
11687	11688	hsm/b56e02b4_11688.txt
11688	11689	hsm/a99ab5df_11689.txt
11689	11690	hsm/36a3f241_11690.txt
11690	11691	hsm/18b5520a_11691.txt
11691	11692	hsm/486a8096_11692.txt
11692	11693	hsm/16010c14_11693.txt
11693	11694	hsm/db4b460d_11694.txt
11694	11695	hsm/265a7641_11695.txt
11695	11696	hsm/fedf1842_11696.txt
11696	11697	hsm/dc9d7b77_11697.txt
11697	11698	hsm/bdf94a08_11698.txt
11698	11699	hsm/db4620bc_11699.txt
11699	11700	hsm/95321c03_11700.txt
11700	11701	hsm/f9c60efd_11701.txt
11701	11702	hsm/e29d921f_11702.txt
11702	11703	hsm/bc945f5f_11703.txt
11703	11704	hsm/aa036208_11704.txt
11704	11705	hsm/0649d434_11705.txt
11705	11706	hsm/ee112d29_11706.txt
11706	11707	hsm/f30266d8_11707.txt
11707	11708	hsm/6323fa1b_11708.txt
11708	11709	hsm/fdcd6b04_11709.txt
11709	11710	hsm/30b1e4a8_11710.txt
11710	11711	hsm/7c076ab9_11711.txt
11711	11712	hsm/d7e73f07_11712.txt
11712	11713	hsm/4a2d7c52_11713.txt
11713	11714	hsm/02e540dd_11714.txt
11714	11715	hsm/d7887433_11715.txt
11715	11716	hsm/1c9b0442_11716.txt
11716	11717	hsm/9d5ed5e5_11717.txt
11717	11718	hsm/5ffd07a4_11718.txt
11718	11719	hsm/ef24ab50_11719.txt
11719	11720	hsm/8264614f_11720.txt
11720	11721	hsm/2fb731f5_11721.txt
11721	11722	hsm/c0e9820f_11722.txt
11722	11723	hsm/9c728169_11723.txt
11723	11724	hsm/02a25361_11724.txt
11724	11725	hsm/26e9f4e1_11725.txt
11725	11726	hsm/64b9643f_11726.txt
11726	11727	hsm/da1edef8_11727.txt
11727	11728	hsm/760808a8_11728.txt
11728	11729	hsm/dd04f3c0_11729.txt
11729	11730	hsm/c7ed8575_11730.txt
11730	11731	hsm/5bb12e50_11731.txt
11731	11732	hsm/fcf14dbe_11732.txt
11732	11733	hsm/94e48dac_11733.txt
11733	11734	hsm/fd135283_11734.txt
11734	11735	hsm/8be95cfc_11735.txt
11735	11736	hsm/1d6afbc7_11736.txt
11736	11737	hsm/c1c7f550_11737.txt
11737	11738	hsm/15d5472e_11738.txt
11738	11739	hsm/2e69dbf6_11739.txt
11739	11740	hsm/3e7f84ba_11740.txt
11740	11741	hsm/c14d6429_11741.txt
11741	11742	hsm/aa0a6baf_11742.txt
11742	11743	hsm/882e0ba2_11743.txt
11743	11744	hsm/4a6d974c_11744.txt
11744	11745	hsm/cdcba681_11745.txt
11745	11746	hsm/0296e760_11746.txt
11746	11747	hsm/a5060e1d_11747.txt
11747	11748	hsm/ddfe5d37_11748.txt
11748	11749	hsm/39c00924_11749.txt
11749	11750	hsm/4d2f504a_11750.txt
11750	11751	hsm/0557caa9_11751.txt
11751	11752	hsm/ef3b3f18_11752.txt
11752	11753	hsm/efb15f5a_11753.txt
11753	11754	hsm/f1fa987f_11754.txt
11754	11755	hsm/a707d421_11755.txt
11755	11756	hsm/9ac1cd83_11756.txt
11756	11757	hsm/4cf67fc1_11757.txt
11757	11758	hsm/94b835b6_11758.txt
11758	11759	hsm/676317a7_11759.txt
11759	11760	hsm/6f47ab49_11760.txt
11760	11761	hsm/31782286_11761.txt
11761	11762	hsm/06413185_11762.txt
11762	11763	hsm/fde9f416_11763.txt
11763	11764	hsm/0366773e_11764.txt
11764	11765	hsm/f1c07016_11765.txt
11765	11766	hsm/d88b5447_11766.txt
11766	11767	hsm/a620c17d_11767.txt
11767	11768	hsm/4c5e8a55_11768.txt
11768	11769	hsm/97579d98_11769.txt
11769	11770	hsm/46012056_11770.txt
11770	11771	hsm/9c1885d6_11771.txt
11771	11772	hsm/3e8859da_11772.txt
11772	11773	hsm/e8a99ef2_11773.txt
11773	11774	hsm/f30709c1_11774.txt
11774	11775	hsm/2fa45895_11775.txt
11775	11776	hsm/1ef4b396_11776.txt
11776	11777	hsm/c7e71aa5_11777.txt
11777	11778	hsm/c7e71aa5_11778.txt
11778	11779	hsm/3e65ec17_11779.txt
11779	11780	hsm/3a405a78_11780.txt
11780	11781	hsm/07a71f11_11781.txt
11781	11782	hsm/9f1e1ba3_11782.txt
11782	11783	hsm/e8f7dec2_11783.txt
11783	11784	hsm/99c30d98_11784.txt
11784	11785	hsm/5e42d536_11785.txt
11785	11786	hsm/22022760_11786.txt
11786	11787	hsm/d9f02ba9_11787.txt
11787	11788	hsm/b562c48a_11788.txt
11788	11789	hsm/fb654427_11789.txt
11789	11790	hsm/bee262cd_11790.txt
11790	11791	hsm/98609fc3_11791.txt
11791	11792	hsm/f60e6e28_11792.txt
11792	11793	hsm/700ebfed_11793.txt
11793	11794	hsm/fabcba51_11794.txt
11794	11795	hsm/430c1892_11795.txt
11795	11796	hsm/36c7bda5_11796.txt
11796	11797	hsm/1e48027f_11797.txt
11797	11798	hsm/1fbe07a4_11798.txt
11798	11799	hsm/1a691e6f_11799.txt
11799	11800	hsm/71d6d191_11800.txt
11800	11801	hsm/e2a51aae_11801.txt
11801	11802	hsm/0f25a9e6_11802.txt
11802	11803	hsm/0b6f82c1_11803.txt
11803	11804	hsm/e2b58ddb_11804.txt
11804	11805	hsm/b382a7e5_11805.txt
11805	11806	hsm/99d674de_11806.txt
11806	11807	hsm/b3d2237b_11807.txt
11807	11808	hsm/24a89ba0_11808.txt
11808	11809	hsm/c7fd9d5a_11809.txt
11809	11810	hsm/8ac6f7b1_11810.txt
11810	11811	hsm/ac7babf9_11811.txt
11811	11812	hsm/0e6db3be_11812.txt
11812	11813	hsm/91c7f027_11813.txt
11813	11814	hsm/c7b051f5_11814.txt
11814	11815	hsm/b7ea0737_11815.txt
11815	11816	hsm/29e9c084_11816.txt
11816	11817	hsm/c4876b7a_11817.txt
11817	11818	hsm/bea55a7b_11818.txt
11818	11819	hsm/d6c216d2_11819.txt
11819	11820	hsm/0bdf74d2_11820.txt
11820	11821	hsm/2468bff0_11821.txt
11821	11822	hsm/6bf64cb3_11822.txt
11822	11823	hsm/3a076dd9_11823.txt
11823	11824	hsm/14e8f220_11824.txt
11824	11825	hsm/431ffcbf_11825.txt
11825	11826	hsm/78961fca_11826.txt
11826	11827	hsm/4ceb72aa_11827.txt
11827	11828	hsm/c71f9994_11828.txt
11828	11829	hsm/47434683_11829.txt
11829	11830	hsm/0640bef1_11830.txt
11830	11831	hsm/12a1608b_11831.txt
11831	11832	hsm/dd5eb584_11832.txt
11832	11833	hsm/122accbd_11833.txt
11833	11834	hsm/a2104842_11834.txt
11834	11835	hsm/ceea05f3_11835.txt
11835	11836	hsm/655a25f2_11836.txt
11836	11837	hsm/0e73a907_11837.txt
11837	11838	hsm/8cdd9a88_11838.txt
11838	11839	hsm/6d3cf8df_11839.txt
11839	11840	hsm/abc183a6_11840.txt
11840	11841	hsm/f6383cd9_11841.txt
11841	11842	hsm/53ca28bd_11842.txt
11842	11843	hsm/8d26b8f4_11843.txt
11843	11844	hsm/29285cd0_11844.txt
11844	11845	hsm/b7c172c9_11845.txt
11845	11846	hsm/7c8bba49_11846.txt
11846	11847	hsm/3579902f_11847.txt
11847	11848	hsm/815fb718_11848.txt
11848	11849	hsm/7b595336_11849.txt
11849	11850	hsm/945b9fcc_11850.txt
11850	11851	hsm/bc07a146_11851.txt
11851	11852	hsm/afac0598_11852.txt
11852	11853	hsm/73fc1df0_11853.txt
11853	11854	hsm/11f3de96_11854.txt
11854	11855	hsm/c09a32bd_11855.txt
11855	11856	hsm/f36d5f38_11856.txt
11856	11857	hsm/54943fe8_11857.txt
11857	11858	hsm/704928dd_11858.txt
11858	11859	hsm/05b8c202_11859.txt
11859	11860	hsm/aeaa61c7_11860.txt
11860	11861	hsm/8de588d9_11861.txt
11861	11862	hsm/d8f271d7_11862.txt
11862	11863	hsm/abde4e6c_11863.txt
11863	11864	hsm/fd77b435_11864.txt
11864	11865	hsm/98ab0405_11865.txt
11865	11866	hsm/834612e0_11866.txt
11866	11867	hsm/b6a7bd68_11867.txt
11867	11868	hsm/4594545c_11868.txt
11868	11869	hsm/eea2f140_11869.txt
11869	11870	hsm/c2c9765a_11870.txt
11870	11871	hsm/352f32d7_11871.txt
11871	11872	hsm/1e79acd0_11872.txt
11872	11873	hsm/7efb62b5_11873.txt
11873	11874	hsm/f32abc90_11874.txt
11874	11875	hsm/ac3c8210_11875.txt
11875	11876	hsm/dc7f1605_11876.txt
11876	11877	hsm/5d52ed83_11877.txt
11877	11878	hsm/9be43b94_11878.txt
11878	11879	hsm/3960c73f_11879.txt
11879	11880	hsm/78c44c65_11880.txt
11880	11881	hsm/d5c72493_11881.txt
11881	11882	hsm/6ae254ef_11882.txt
11882	11883	hsm/44f4c0b2_11883.txt
11883	11884	hsm/d03a618a_11884.txt
11884	11885	hsm/462db434_11885.txt
11885	11886	hsm/e7e142bd_11886.txt
11886	11887	hsm/78d88436_11887.txt
11887	11888	hsm/db7e1742_11888.txt
11888	11889	hsm/5a4076dd_11889.txt
11889	11890	hsm/562bb9c9_11890.txt
11890	11891	hsm/f0b71e6f_11891.txt
11891	11892	hsm/1fb98f1b_11892.txt
11892	11893	hsm/57c994e8_11893.txt
11893	11894	hsm/81f87422_11894.txt
11894	11895	hsm/cb6a29a5_11895.txt
11895	11896	hsm/e049efd1_11896.txt
11896	11897	hsm/992a0f01_11897.txt
11897	11898	hsm/0294aad8_11898.txt
11898	11899	hsm/69820ebe_11899.txt
11899	11900	hsm/dfe70449_11900.txt
11900	11901	hsm/e02186d2_11901.txt
11901	11902	hsm/91d8ad93_11902.txt
11902	11903	hsm/9eb4ed68_11903.txt
11903	11904	hsm/c7cd90cd_11904.txt
11904	11905	hsm/05d73914_11905.txt
11905	11906	hsm/5bc7e15b_11906.txt
11906	11907	hsm/5892dc5e_11907.txt
11907	11908	hsm/607273e0_11908.txt
11908	11909	hsm/09d4c94e_11909.txt
11909	11910	hsm/6ac6ce5e_11910.txt
11910	11911	hsm/055c3f26_11911.txt
11911	11912	hsm/f25c43cd_11912.txt
11912	11913	hsm/7a802999_11913.txt
11913	11914	hsm/b2ee854c_11914.txt
11914	11915	hsm/f9e7d581_11915.txt
11915	11916	hsm/294f588b_11916.txt
11916	11917	hsm/c0049b99_11917.txt
11917	11918	hsm/34b57fae_11918.txt
11918	11919	hsm/d80e0884_11919.txt
11919	11920	hsm/a52de3fa_11920.txt
11920	11921	hsm/98e4e099_11921.txt
11921	11922	hsm/856c59c1_11922.txt
11922	11923	hsm/eb0abaa8_11923.txt
11923	11924	hsm/9bd0b88e_11924.txt
11924	11925	hsm/6eab95de_11925.txt
11925	11926	hsm/8bcfd8ce_11926.txt
11926	11927	hsm/91ffdf94_11927.txt
11927	11928	hsm/c82597fa_11928.txt
11928	11929	hsm/32a45573_11929.txt
11929	11930	hsm/d2a120c1_11930.txt
11930	11931	hsm/4ad63f6d_11931.txt
11931	11932	hsm/1396929e_11932.txt
11932	11933	hsm/8edc27c9_11933.txt
11933	11934	hsm/9e5493cd_11934.txt
11934	11935	hsm/983238f3_11935.txt
11935	11936	hsm/34f1f975_11936.txt
11936	11937	hsm/973a8f2e_11937.txt
11937	11938	hsm/893ba743_11938.txt
11938	11939	hsm/ca79169b_11939.txt
11939	11940	hsm/c34aca22_11940.txt
11940	11941	hsm/78473bca_11941.txt
11941	11942	hsm/03ba2bf7_11942.txt
11942	11943	hsm/51253057_11943.txt
11943	11944	hsm/48953745_11944.txt
11944	11945	hsm/149f3b40_11945.txt
11945	11946	hsm/d5ad4fcf_11946.txt
11946	11947	hsm/8bbad7c2_11947.txt
11947	11948	hsm/ca41adbd_11948.txt
11948	11949	hsm/ab1b8cbf_11949.txt
11949	11950	hsm/6ad61892_11950.txt
11950	11951	hsm/db062da4_11951.txt
11951	11952	hsm/5ce47b10_11952.txt
11952	11953	hsm/20ec7398_11953.txt
11953	11954	hsm/e878a769_11954.txt
11954	11955	hsm/b3befbd2_11955.txt
11955	11956	hsm/08f9acec_11956.txt
11956	11957	hsm/5a44ccb4_11957.txt
11957	11958	hsm/8397e093_11958.txt
11958	11959	hsm/6e56f5e6_11959.txt
11959	11960	hsm/c30a5b11_11960.txt
11960	11961	hsm/efbbee0a_11961.txt
11961	11962	hsm/e5f840a8_11962.txt
11962	11963	hsm/96a95132_11963.txt
11963	11964	hsm/c5e65a88_11964.txt
11964	11965	hsm/70d8c85a_11965.txt
11965	11966	hsm/f2ef170f_11966.txt
11966	11967	hsm/78deca6b_11967.txt
11967	11968	hsm/673f4663_11968.txt
11968	11969	hsm/2f486521_11969.txt
11969	11970	hsm/cba613f6_11970.txt
11970	11971	hsm/c3ac6ebf_11971.txt
11971	11972	hsm/2c26e53b_11972.txt
11972	11973	hsm/606b8b9c_11973.txt
11973	11974	hsm/8cfcd47f_11974.txt
11974	11975	hsm/321de8ce_11975.txt
11975	11976	hsm/1f4a9068_11976.txt
11976	11977	hsm/753b8976_11977.txt
11977	11978	hsm/8c913652_11978.txt
11978	11979	hsm/6063202a_11979.txt
11979	11980	hsm/8dd1a81d_11980.txt
11980	11981	hsm/4a830f8a_11981.txt
11981	11982	hsm/9c661043_11982.txt
11982	11983	hsm/bb812d52_11983.txt
11983	11984	hsm/616fd47d_11984.txt
11984	11985	hsm/b8cb0a7a_11985.txt
11985	11986	hsm/7fe2e4c8_11986.txt
11986	11987	hsm/434c9ff4_11987.txt
11987	11988	hsm/a940531e_11988.txt
11988	11989	hsm/329594d5_11989.txt
11989	11990	hsm/0400a2da_11990.txt
11990	11991	hsm/1d67e0f8_11991.txt
11991	11992	hsm/3b9117b9_11992.txt
11992	11993	hsm/f7cc1b84_11993.txt
11993	11994	hsm/577cbc90_11994.txt
11994	11995	hsm/8e775dee_11995.txt
11995	11996	hsm/49990dcf_11996.txt
11996	11997	hsm/56da02bf_11997.txt
11997	11998	hsm/d191ce49_11998.txt
11998	11999	hsm/97c66030_11999.txt
11999	12000	hsm/bc304ba9_12000.txt
12000	12001	hsm/6bc9f77b_12001.txt
12001	12002	hsm/25f2fad4_12002.txt
12002	12003	hsm/2b96fab2_12003.txt
12003	12004	hsm/14a8fe5f_12004.txt
12004	12005	hsm/57fc47d8_12005.txt
12005	12006	hsm/d1cb1bc3_12006.txt
12006	12007	hsm/e684d52a_12007.txt
12007	12008	hsm/f16c9561_12008.txt
12008	12009	hsm/0334d8de_12009.txt
12009	12010	hsm/d9713d5a_12010.txt
12010	12011	hsm/04ea43a1_12011.txt
12011	12012	hsm/956d4eb4_12012.txt
12012	12013	hsm/43f6cc84_12013.txt
12013	12014	hsm/74bc7a0f_12014.txt
12014	12015	hsm/c6612c3d_12015.txt
12015	12016	hsm/55c08b51_12016.txt
12016	12017	hsm/63445cf0_12017.txt
12017	12018	hsm/3863046e_12018.txt
12018	12019	hsm/42028021_12019.txt
12019	12020	hsm/0ac77edc_12020.txt
12020	12021	hsm/4948fd8c_12021.txt
12021	12022	hsm/692e8874_12022.txt
12022	12023	hsm/cfd32f9c_12023.txt
12023	12024	hsm/4095773a_12024.txt
12024	12025	hsm/d3917a7e_12025.txt
12025	12026	hsm/c519911f_12026.txt
12026	12027	hsm/5641a7b4_12027.txt
12027	12028	hsm/97f8a276_12028.txt
12028	12029	hsm/5bf7dedf_12029.txt
12029	12030	hsm/a71dd2f2_12030.txt
12030	12031	hsm/0ea23659_12031.txt
12031	12032	hsm/505eac44_12032.txt
12032	12033	hsm/e9668bda_12033.txt
12033	12034	hsm/c23cff48_12034.txt
12034	12035	hsm/b48508de_12035.txt
12035	12036	hsm/56f0eda6_12036.txt
12036	12037	hsm/d09e397c_12037.txt
12037	12038	hsm/13b4ae8c_12038.txt
12038	12039	hsm/56122967_12039.txt
12039	12040	hsm/2e766117_12040.txt
12040	12041	hsm/d9c9376f_12041.txt
12041	12042	hsm/7a66ed99_12042.txt
12042	12043	hsm/1cc0e909_12043.txt
12043	12044	hsm/86b08ab2_12044.txt
12044	12045	hsm/af242e47_12045.txt
12045	12046	hsm/52c6c2f3_12046.txt
12046	12047	hsm/fbae23b0_12047.txt
12047	12048	hsm/9733a50b_12048.txt
12048	12049	hsm/8bb4cc4b_12049.txt
12049	12050	hsm/31ecd923_12050.txt
12050	12051	hsm/11d84c8c_12051.txt
12051	12052	hsm/43ce2955_12052.txt
12052	12053	hsm/405ce72a_12053.txt
12053	12054	hsm/e684d52a_12054.txt
12054	12055	hsm/82827dcb_12055.txt
12055	12056	hsm/be7337d1_12056.txt
12056	12057	hsm/1ccb3229_12057.txt
12057	12058	hsm/ca64de8d_12058.txt
12058	12059	hsm/223d6c03_12059.txt
12059	12060	hsm/41b2d381_12060.txt
12060	12061	hsm/5f7bfbba_12061.txt
12061	12062	hsm/270a5000_12062.txt
12062	12063	hsm/e8c164ff_12063.txt
12063	12064	hsm/61e2e0c4_12064.txt
12064	12065	hsm/ebd6acac_12065.txt
12065	12066	hsm/c3f60eb3_12066.txt
12066	12067	hsm/0577e710_12067.txt
12067	12068	hsm/9af0de78_12068.txt
12068	12069	hsm/800b53f5_12069.txt
12069	12070	hsm/d40e1cca_12070.txt
12070	12071	hsm/6e3279b1_12071.txt
12071	12072	hsm/8cef4b52_12072.txt
12072	12073	hsm/e2280ae3_12073.txt
12073	12074	hsm/f2229c34_12074.txt
12074	12075	hsm/87595dbc_12075.txt
12075	12076	hsm/cc1ded99_12076.txt
12076	12077	hsm/840df909_12077.txt
12077	12078	hsm/69ae98c7_12078.txt
12078	12079	hsm/4d750816_12079.txt
12079	12080	hsm/90549303_12080.txt
12080	12081	hsm/6853b8f4_12081.txt
12081	12082	hsm/cd96b4ad_12082.txt
12082	12083	hsm/75bfb661_12083.txt
12083	12084	hsm/4448bb87_12084.txt
12084	12085	hsm/0f25a00e_12085.txt
12085	12086	hsm/771ee714_12086.txt
12086	12087	hsm/da3cfffb_12087.txt
12087	12088	hsm/2c9cd1c6_12088.txt
12088	12089	hsm/950faac1_12089.txt
12089	12090	hsm/0008d162_12090.txt
12090	12091	hsm/7657f6ad_12091.txt
12091	12092	hsm/922dedb9_12092.txt
12092	12093	hsm/10bbcb4e_12093.txt
12093	12094	hsm/49a95336_12094.txt
12094	12095	hsm/9daefd48_12095.txt
12095	12096	hsm/ef544ef4_12096.txt
12096	12097	hsm/c029f26d_12097.txt
12097	12098	hsm/18857c71_12098.txt
12098	12099	hsm/41bd3569_12099.txt
12099	12100	hsm/101edda6_12100.txt
12100	12101	hsm/5c313f21_12101.txt
12101	12102	hsm/5eb95fe6_12102.txt
12102	12103	hsm/0891a7bb_12103.txt
12103	12104	hsm/3c16d8da_12104.txt
12104	12105	hsm/c088b6e8_12105.txt
12105	12106	hsm/1f41165e_12106.txt
12106	12107	hsm/22db2e50_12107.txt
12107	12108	hsm/e211c585_12108.txt
12108	12109	hsm/a5726350_12109.txt
12109	12110	hsm/34ba9ce8_12110.txt
12110	12111	hsm/632cc65c_12111.txt
12111	12112	hsm/59f12791_12112.txt
12112	12113	hsm/447ef26e_12113.txt
12113	12114	hsm/28bc6e5f_12114.txt
12114	12115	hsm/ba10f7d9_12115.txt
12115	12116	hsm/71745e7c_12116.txt
12116	12117	hsm/f103e8a4_12117.txt
12117	12118	hsm/9f559654_12118.txt
12118	12119	hsm/614881b7_12119.txt
12119	12120	hsm/3f7dd252_12120.txt
12120	12121	hsm/bfdcc3c5_12121.txt
12121	12122	hsm/43794cfa_12122.txt
12122	12123	hsm/276bb630_12123.txt
12123	12124	hsm/c01a2631_12124.txt
12124	12125	hsm/9236aec8_12125.txt
12125	12126	hsm/d383764a_12126.txt
12126	12127	hsm/acddcec7_12127.txt
12127	12128	hsm/10e46056_12128.txt
12128	12129	hsm/31922a10_12129.txt
12129	12130	hsm/78668758_12130.txt
12130	12131	hsm/4639e3ee_12131.txt
12131	12132	hsm/379c96bc_12132.txt
12132	12133	hsm/485e80f7_12133.txt
12133	12134	hsm/c55f9a4b_12134.txt
12134	12135	hsm/76571a13_12135.txt
12135	12136	hsm/61fbee2f_12136.txt
12136	12137	hsm/284fd9d9_12137.txt
12137	12138	hsm/76571a13_12138.txt
12138	12139	hsm/d9c9a3a6_12139.txt
12139	12140	hsm/eaa084a9_12140.txt
12140	12141	hsm/d8751365_12141.txt
12141	12142	hsm/70ead496_12142.txt
12142	12143	hsm/d7ac8a6c_12143.txt
12143	12144	hsm/95e75d1b_12144.txt
12144	12145	hsm/3ef15c69_12145.txt
12145	12146	hsm/3b53b7fa_12146.txt
12146	12147	hsm/470b4305_12147.txt
12147	12148	hsm/2a3cb1a5_12148.txt
12148	12149	hsm/92e46a44_12149.txt
12149	12150	hsm/099b9238_12150.txt
12150	12151	hsm/562e1e5f_12151.txt
12151	12152	hsm/16e05cb9_12152.txt
12152	12153	hsm/4af28c47_12153.txt
12153	12154	hsm/1a3aa7a9_12154.txt
12154	12155	hsm/e5119b6b_12155.txt
12155	12156	hsm/fb392a09_12156.txt
12156	12157	hsm/b07ac87e_12157.txt
12157	12158	hsm/da9a3ce2_12158.txt
12158	12159	hsm/608b26df_12159.txt
12159	12160	hsm/02b076a7_12160.txt
12160	12161	hsm/d5a1ac4a_12161.txt
12161	12162	hsm/2e1c5332_12162.txt
12162	12163	hsm/35e0737d_12163.txt
12163	12164	hsm/451cecde_12164.txt
12164	12165	hsm/734c30e1_12165.txt
12165	12166	hsm/2f6d2bf7_12166.txt
12166	12167	hsm/690523af_12167.txt
12167	12168	hsm/36095426_12168.txt
12168	12169	hsm/48091015_12169.txt
12169	12170	hsm/3659c14a_12170.txt
12170	12171	hsm/53fb8250_12171.txt
12171	12172	hsm/45011af2_12172.txt
12172	12173	hsm/b781e2c4_12173.txt
12173	12174	hsm/c3548e21_12174.txt
12174	12175	hsm/13a8ef86_12175.txt
12175	12176	hsm/df5defd4_12176.txt
12176	12177	hsm/7e69e19b_12177.txt
12177	12178	hsm/219a18ec_12178.txt
12178	12179	hsm/2182216f_12179.txt
12179	12180	hsm/077338c3_12180.txt
12180	12181	hsm/2d7ef2d2_12181.txt
12181	12182	hsm/b45e4815_12182.txt
12182	12183	hsm/ff162666_12183.txt
12183	12184	hsm/2f4f9776_12184.txt
12184	12185	hsm/a0b577e8_12185.txt
12185	12186	hsm/0804c2d5_12186.txt
12186	12187	hsm/82675c95_12187.txt
12187	12188	hsm/93cff481_12188.txt
12188	12189	hsm/20ecb00b_12189.txt
12189	12190	hsm/204a1b03_12190.txt
12190	12191	hsm/e7015b1b_12191.txt
12191	12192	hsm/3c68420a_12192.txt
12192	12193	hsm/4b629749_12193.txt
12193	12194	hsm/813f4aac_12194.txt
12194	12195	hsm/5a1d9284_12195.txt
12195	12196	hsm/19c20727_12196.txt
12196	12197	hsm/4f06264e_12197.txt
12197	12198	hsm/70b43e16_12198.txt
12198	12199	hsm/72152767_12199.txt
12199	12200	hsm/c452896d_12200.txt
12200	12201	hsm/ee1da254_12201.txt
12201	12202	hsm/03f338c6_12202.txt
12202	12203	hsm/cfb9a826_12203.txt
12203	12204	hsm/db406ee5_12204.txt
12204	12205	hsm/14b5c836_12205.txt
12205	12206	hsm/bf3f184f_12206.txt
12206	12207	hsm/197f2fcf_12207.txt
12207	12208	hsm/7edbb754_12208.txt
12208	12209	hsm/253f580a_12209.txt
12209	12210	hsm/49012fc8_12210.txt
12210	12211	hsm/b55f46c9_12211.txt
12211	12212	hsm/8653003e_12212.txt
12212	12213	hsm/ea287b5c_12213.txt
12213	12214	hsm/b6143c1b_12214.txt
12214	12215	hsm/e2ac77a0_12215.txt
12215	12216	hsm/c4fcf10a_12216.txt
12216	12217	hsm/96a6b894_12217.txt
12217	12218	hsm/8a5d6401_12218.txt
12218	12219	hsm/b0e3b1c6_12219.txt
12219	12220	hsm/abf7c18d_12220.txt
12220	12221	hsm/ff14cc56_12221.txt
12221	12222	hsm/16bb0928_12222.txt
12222	12223	hsm/060c38a9_12223.txt
12223	12224	hsm/c4d7b0ea_12224.txt
12224	12225	hsm/ba021e52_12225.txt
12225	12226	hsm/19c0039d_12226.txt
12226	12227	hsm/c9f18fa2_12227.txt
12227	12228	hsm/baafa46a_12228.txt
12228	12229	hsm/836a691a_12229.txt
12229	12230	hsm/6357c6a6_12230.txt
12230	12231	hsm/6dffde58_12231.txt
12231	12232	hsm/06644935_12232.txt
12232	12233	hsm/599ae58f_12233.txt
12233	12234	hsm/6f98e641_12234.txt
12234	12235	hsm/99dfa9a7_12235.txt
12235	12236	hsm/3a96850e_12236.txt
12236	12237	hsm/e6549c0c_12237.txt
12237	12238	hsm/b8dbc1aa_12238.txt
12238	12239	hsm/b2099a8f_12239.txt
12239	12240	hsm/cad49499_12240.txt
12240	12241	hsm/131a6d99_12241.txt
12241	12242	hsm/84fcd660_12242.txt
12242	12243	hsm/a27e0af5_12243.txt
12243	12244	hsm/40142c95_12244.txt
12244	12245	hsm/bc2588f4_12245.txt
12245	12246	hsm/5e0f7d56_12246.txt
12246	12247	hsm/256d45f9_12247.txt
12247	12248	hsm/3dbc058f_12248.txt
12248	12249	hsm/673d0a93_12249.txt
12249	12250	hsm/89766cf4_12250.txt
12250	12251	hsm/0d26b6dd_12251.txt
12251	12252	hsm/0fa1137d_12252.txt
12252	12253	hsm/0fa1137d_12253.txt
12253	12254	hsm/bd02bed2_12254.txt
12254	12255	hsm/f456a85c_12255.txt
12255	12256	hsm/f456a85c_12256.txt
12256	12257	hsm/5339e66c_12257.txt
12257	12258	hsm/bbba3561_12258.txt
12258	12259	hsm/26fc3e69_12259.txt
12259	12260	hsm/357ab17a_12260.txt
12260	12261	hsm/52096b27_12261.txt
12261	12262	hsm/0f7a6002_12262.txt
12262	12263	hsm/b29d9d38_12263.txt
12263	12264	hsm/8781d8cf_12264.txt
12264	12265	hsm/e2f44cd1_12265.txt
12265	12266	hsm/d218a621_12266.txt
12266	12267	hsm/4a5f8b0c_12267.txt
12267	12268	hsm/3fd7d361_12268.txt
12268	12269	hsm/c0678e22_12269.txt
12269	12270	hsm/eda9b2c1_12270.txt
12270	12271	hsm/5e652d3f_12271.txt
12271	12272	hsm/4cd25a4b_12272.txt
12272	12273	hsm/0c3f3f91_12273.txt
12273	12274	hsm/94635b66_12274.txt
12274	12275	hsm/bbd5270d_12275.txt
12275	12276	hsm/bf163caa_12276.txt
12276	12277	hsm/70ea26df_12277.txt
12277	12278	hsm/6436109e_12278.txt
12278	12279	hsm/9652d7b1_12279.txt
12279	12280	hsm/e9247600_12280.txt
12280	12281	hsm/6c222cae_12281.txt
12281	12282	hsm/1a5ccb92_12282.txt
12282	12283	hsm/59f5a842_12283.txt
12283	12284	hsm/aa136e57_12284.txt
12284	12285	hsm/9efe6740_12285.txt
12285	12286	hsm/c55d3e44_12286.txt
12286	12287	hsm/8511515a_12287.txt
12287	12288	hsm/5ae964a1_12288.txt
12288	12289	hsm/ddf3dbf8_12289.txt
12289	12290	hsm/181d2b95_12290.txt
12290	12291	hsm/1484304a_12291.txt
12291	12292	hsm/b72f2d41_12292.txt
12292	12293	hsm/d7e80550_12293.txt
12293	12294	hsm/cf03fc2f_12294.txt
12294	12295	hsm/92834e9d_12295.txt
12295	12296	hsm/6ae0166b_12296.txt
12296	12297	hsm/8b77e619_12297.txt
12297	12298	hsm/9fa49030_12298.txt
12298	12299	hsm/c3c82b66_12299.txt
12299	12300	hsm/68b23cbc_12300.txt
12300	12301	hsm/2bd3d7b4_12301.txt
12301	12302	hsm/4e0ba95c_12302.txt
12302	12303	hsm/08b39fbf_12303.txt
12303	12304	hsm/2585113d_12304.txt
12304	12305	hsm/8f549501_12305.txt
12305	12306	hsm/de30652c_12306.txt
12306	12307	hsm/3cc5ddba_12307.txt
12307	12308	hsm/4347d69b_12308.txt
12308	12309	hsm/08377beb_12309.txt
12309	12310	hsm/8d95e61f_12310.txt
12310	12311	hsm/fcb9b158_12311.txt
12311	12312	hsm/c500dbad_12312.txt
12312	12313	hsm/67ff0260_12313.txt
12313	12314	hsm/373e94a6_12314.txt
12314	12315	hsm/3c169985_12315.txt
12315	12316	hsm/90acd9f0_12316.txt
12316	12317	hsm/24e91f1b_12317.txt
12317	12318	hsm/b0ee95ce_12318.txt
12318	12319	hsm/9365b7a6_12319.txt
12319	12320	hsm/f44a3511_12320.txt
12320	12321	hsm/8c55399d_12321.txt
12321	12322	hsm/9af0ab6d_12322.txt
12322	12323	hsm/27194d1c_12323.txt
12323	12324	hsm/e964cd78_12324.txt
12324	12325	hsm/2fa8813a_12325.txt
12325	12326	hsm/a4139dbb_12326.txt
12326	12327	hsm/0b24f0a7_12327.txt
12327	12328	hsm/be3f6a55_12328.txt
12328	12329	hsm/21e40fe4_12329.txt
12329	12330	hsm/75df4c5e_12330.txt
12330	12331	hsm/1bfdbfbd_12331.txt
12331	12332	hsm/3bbde6a9_12332.txt
12332	12333	hsm/643e8fe6_12333.txt
12333	12334	hsm/79534a28_12334.txt
12334	12335	hsm/0ba01388_12335.txt
12335	12336	hsm/dbab902a_12336.txt
12336	12337	hsm/c2d84e2c_12337.txt
12337	12338	hsm/79d22520_12338.txt
12338	12339	hsm/b91181a0_12339.txt
12339	12340	hsm/401572fb_12340.txt
12340	12341	hsm/829529af_12341.txt
12341	12342	hsm/150d4bc1_12342.txt
12342	12343	hsm/c5dcaa1d_12343.txt
12343	12344	hsm/09925f74_12344.txt
12344	12345	hsm/76147e07_12345.txt
12345	12346	hsm/c9c418fb_12346.txt
12346	12347	hsm/f8a531c3_12347.txt
12347	12348	hsm/d8d9ae76_12348.txt
12348	12349	hsm/2d34f4cf_12349.txt
12349	12350	hsm/1643fdde_12350.txt
12350	12351	hsm/0485abae_12351.txt
12351	12352	hsm/e08e9a94_12352.txt
12352	12353	hsm/a9217ee6_12353.txt
12353	12354	hsm/18ba3322_12354.txt
12354	12355	hsm/165933b0_12355.txt
12355	12356	hsm/c666d0c6_12356.txt
12356	12357	hsm/35d47bd9_12357.txt
12357	12358	hsm/ce56a491_12358.txt
12358	12359	hsm/5dbb748d_12359.txt
12359	12360	hsm/43ed9718_12360.txt
12360	12361	hsm/085f38f5_12361.txt
12361	12362	hsm/7777559a_12362.txt
12362	12363	hsm/b2dac721_12363.txt
12363	12364	hsm/5b9362ac_12364.txt
12364	12365	hsm/f28c9bbb_12365.txt
12365	12366	hsm/50173c55_12366.txt
12366	12367	hsm/786699de_12367.txt
12367	12368	hsm/85c7e64a_12368.txt
12368	12369	hsm/4d6dddf0_12369.txt
12369	12370	hsm/b3f41a2d_12370.txt
12370	12371	hsm/1db4aad5_12371.txt
12371	12372	hsm/02e29219_12372.txt
12372	12373	hsm/15687f46_12373.txt
12373	12374	hsm/aaa3548b_12374.txt
12374	12375	hsm/b3f94369_12375.txt
12375	12376	hsm/3ed8df92_12376.txt
12376	12377	hsm/2594cf87_12377.txt
12377	12378	hsm/ace27d52_12378.txt
12378	12379	hsm/0e11cbec_12379.txt
12379	12380	hsm/eb9cbb47_12380.txt
12380	12381	hsm/06e389c7_12381.txt
12381	12382	hsm/31e229d6_12382.txt
12382	12383	hsm/eadf3a4d_12383.txt
12383	12384	hsm/181b983e_12384.txt
12384	12385	hsm/a07b2802_12385.txt
12385	12386	hsm/2acb003c_12386.txt
12386	12387	hsm/4e8bf863_12387.txt
12387	12388	hsm/76d13ec8_12388.txt
12388	12389	hsm/6c7ee982_12389.txt
12389	12390	hsm/ef04c473_12390.txt
12390	12391	hsm/9fb2c76e_12391.txt
12391	12392	hsm/aa3eb0f3_12392.txt
12392	12393	hsm/21dac25a_12393.txt
12393	12394	hsm/54130b1d_12394.txt
12394	12395	hsm/1533aea1_12395.txt
12395	12396	hsm/4a302983_12396.txt
12396	12397	hsm/83d6fdd7_12397.txt
12397	12398	hsm/d89c2e77_12398.txt
12398	12399	hsm/a8fc8b05_12399.txt
12399	12400	hsm/81c1be52_12400.txt
12400	12401	hsm/78bc125a_12401.txt
12401	12402	hsm/5a4662c4_12402.txt
12402	12403	hsm/4b1622e3_12403.txt
12403	12404	hsm/53082cef_12404.txt
12404	12405	hsm/3fe58cad_12405.txt
12405	12406	hsm/0cb636d4_12406.txt
12406	12407	hsm/9d145935_12407.txt
12407	12408	hsm/11637cd7_12408.txt
12408	12409	hsm/d1c6ab65_12409.txt
12409	12410	hsm/955a4ecd_12410.txt
12410	12411	hsm/7536c9cc_12411.txt
12411	12412	hsm/972e73cf_12412.txt
12412	12413	hsm/ea8eb781_12413.txt
12413	12414	hsm/65172743_12414.txt
12414	12415	hsm/6cc7a0d8_12415.txt
12415	12416	hsm/ea79f661_12416.txt
12416	12417	hsm/67ce8c88_12417.txt
12417	12418	hsm/fbecf3ef_12418.txt
12418	12419	hsm/ead048aa_12419.txt
12419	12420	hsm/75b45e59_12420.txt
12420	12421	hsm/81c89bb3_12421.txt
12421	12422	hsm/b77c9d05_12422.txt
12422	12423	hsm/595cf15d_12423.txt
12423	12424	hsm/b7b2a992_12424.txt
12424	12425	hsm/e49563f2_12425.txt
12425	12426	hsm/cd186e24_12426.txt
12426	12427	hsm/c38117f3_12427.txt
12427	12428	hsm/73bc54fa_12428.txt
12428	12429	hsm/4ae9df47_12429.txt
12429	12430	hsm/293eb14c_12430.txt
12430	12431	hsm/e82d3281_12431.txt
12431	12432	hsm/dd9c6797_12432.txt
12432	12433	hsm/bf8b1cc3_12433.txt
12433	12434	hsm/38f41d0f_12434.txt
12434	12435	hsm/4ae0b0c8_12435.txt
12435	12436	hsm/8ce07bca_12436.txt
12436	12437	hsm/1f000d7a_12437.txt
12437	12438	hsm/5c742846_12438.txt
12438	12439	hsm/94077c5b_12439.txt
12439	12440	hsm/cefa628c_12440.txt
12440	12441	hsm/02ecdeac_12441.txt
12441	12442	hsm/e017020c_12442.txt
12442	12443	hsm/2650c082_12443.txt
12443	12444	hsm/06a6c891_12444.txt
12444	12445	hsm/5a2c63d6_12445.txt
12445	12446	hsm/14b1aad6_12446.txt
12446	12447	hsm/b5b25b0d_12447.txt
12447	12448	hsm/3a1cb4a9_12448.txt
12448	12449	hsm/9df3c040_12449.txt
12449	12450	hsm/e2e149e3_12450.txt
12450	12451	hsm/5cb0777a_12451.txt
12451	12452	hsm/a5596fc0_12452.txt
12452	12453	hsm/1c1940eb_12453.txt
12453	12454	hsm/7a0c231a_12454.txt
12454	12455	hsm/35ecfc8b_12455.txt
12455	12456	hsm/e797fd81_12456.txt
12456	12457	hsm/fb155884_12457.txt
12457	12458	hsm/5bade075_12458.txt
12458	12459	hsm/5c6e13ec_12459.txt
12459	12460	hsm/921b5d47_12460.txt
12460	12461	hsm/51d23d37_12461.txt
12461	12462	hsm/d8f91239_12462.txt
12462	12463	hsm/b08bff58_12463.txt
12463	12464	hsm/9a6dfaa2_12464.txt
12464	12465	hsm/35648494_12465.txt
12465	12466	hsm/6589d865_12466.txt
12466	12467	hsm/d348e83c_12467.txt
12467	12468	hsm/be694816_12468.txt
12468	12469	hsm/19e05ea4_12469.txt
12469	12470	hsm/6ccccb2c_12470.txt
12470	12471	hsm/0e1a02ba_12471.txt
12471	12472	hsm/6f4345c8_12472.txt
12472	12473	hsm/1bb57573_12473.txt
12473	12474	hsm/8497a96c_12474.txt
12474	12475	hsm/b0885f6f_12475.txt
12475	12476	hsm/2378d480_12476.txt
12476	12477	hsm/7d72e25e_12477.txt
12477	12478	hsm/73649b59_12478.txt
12478	12479	hsm/727c18a7_12479.txt
12479	12480	hsm/cb7dd635_12480.txt
12480	12481	hsm/c49d75e9_12481.txt
12481	12482	hsm/d10256fd_12482.txt
12482	12483	hsm/32311fd1_12483.txt
12483	12484	hsm/0b76fed8_12484.txt
12484	12485	hsm/70d704fb_12485.txt
12485	12486	hsm/5254bb99_12486.txt
12486	12487	hsm/67eb5e4b_12487.txt
12487	12488	hsm/b7079af9_12488.txt
12488	12489	hsm/833a4e2f_12489.txt
12489	12490	hsm/fb476846_12490.txt
12490	12491	hsm/9457a262_12491.txt
12491	12492	hsm/2ae663d8_12492.txt
12492	12493	hsm/e9ad2aa4_12493.txt
12493	12494	hsm/87c51b52_12494.txt
12494	12495	hsm/73dfbaf5_12495.txt
12495	12496	hsm/10899a1e_12496.txt
12496	12497	hsm/27177790_12497.txt
12497	12498	hsm/30287d6a_12498.txt
12498	12499	hsm/89a2aed8_12499.txt
12499	12500	hsm/549b933d_12500.txt
12500	12501	hsm/aea4d933_12501.txt
12501	12502	hsm/5f8f0141_12502.txt
12502	12503	hsm/3416cc90_12503.txt
12503	12504	hsm/bc69ae3c_12504.txt
12504	12505	hsm/4dbda797_12505.txt
12505	12506	hsm/0f98af5d_12506.txt
12506	12507	hsm/ce6e5256_12507.txt
12507	12508	hsm/bf835c48_12508.txt
12508	12509	hsm/65efc43b_12509.txt
12509	12510	hsm/60ffd064_12510.txt
12510	12511	hsm/4deafd7f_12511.txt
12511	12512	hsm/a45bea4f_12512.txt
12512	12513	hsm/92edb06a_12513.txt
12513	12514	hsm/02ddac9a_12514.txt
12514	12515	hsm/548b4901_12515.txt
12515	12516	hsm/861b25e4_12516.txt
12516	12517	hsm/9e0d7097_12517.txt
12517	12518	hsm/36bffde3_12518.txt
12518	12519	hsm/3294d315_12519.txt
12519	12520	hsm/2a7ad993_12520.txt
12520	12521	hsm/17a99a18_12521.txt
12521	12522	hsm/de6be571_12522.txt
12522	12523	hsm/8279d1f9_12523.txt
12523	12524	hsm/31ed050a_12524.txt
12524	12525	hsm/2a3c48ac_12525.txt
12525	12526	hsm/cede6113_12526.txt
12526	12527	hsm/ef3be114_12527.txt
12527	12528	hsm/1e5a1344_12528.txt
12528	12529	hsm/e6485d66_12529.txt
12529	12530	hsm/bd229376_12530.txt
12530	12531	hsm/6e36682f_12531.txt
12531	12532	hsm/6c65e893_12532.txt
12532	12533	hsm/e2b59519_12533.txt
12533	12534	hsm/4f85a96f_12534.txt
12534	12535	hsm/ff840b47_12535.txt
12535	12536	hsm/800287c6_12536.txt
12536	12537	hsm/ed70cb92_12537.txt
12537	12538	hsm/9db3617c_12538.txt
12538	12539	hsm/d39ecba9_12539.txt
12539	12540	hsm/43335053_12540.txt
12540	12541	hsm/e1b86cfb_12541.txt
12541	12542	hsm/295ad524_12542.txt
12542	12543	hsm/03e22c93_12543.txt
12543	12544	hsm/b1176fc7_12544.txt
12544	12545	hsm/fae2bfea_12545.txt
12545	12546	hsm/6b2a14a2_12546.txt
12546	12547	hsm/ed4e9e25_12547.txt
12547	12548	hsm/0c6456b9_12548.txt
12548	12549	hsm/8d8ba01b_12549.txt
12549	12550	hsm/e43a105e_12550.txt
12550	12551	hsm/3e60e8af_12551.txt
12551	12552	hsm/99eac56a_12552.txt
12552	12553	hsm/6e3e5bed_12553.txt
12553	12554	hsm/10a8313d_12554.txt
12554	12555	hsm/9db56467_12555.txt
12555	12556	hsm/8217a2e7_12556.txt
12556	12557	hsm/155b647a_12557.txt
12557	12558	hsm/6f4f4586_12558.txt
12558	12559	hsm/5b61cac4_12559.txt
12559	12560	hsm/835b2836_12560.txt
12560	12561	hsm/dfb6fb31_12561.txt
12561	12562	hsm/0a73fed5_12562.txt
12562	12563	hsm/09f39f17_12563.txt
12563	12564	hsm/b59a5e6c_12564.txt
12564	12565	hsm/040073b7_12565.txt
12565	12566	hsm/7197fb95_12566.txt
12566	12567	hsm/6a817a45_12567.txt
12567	12568	hsm/facc32cb_12568.txt
12568	12569	hsm/434f1b77_12569.txt
12569	12570	hsm/2b4bdc8f_12570.txt
12570	12571	hsm/77f209e4_12571.txt
12571	12572	hsm/832532f4_12572.txt
12572	12573	hsm/8103ce03_12573.txt
12573	12574	hsm/b83c1e25_12574.txt
12574	12575	hsm/058ac564_12575.txt
12575	12576	hsm/7365284c_12576.txt
12576	12577	hsm/e0da8f17_12577.txt
12577	12578	hsm/700e9951_12578.txt
12578	12579	hsm/47bd60bd_12579.txt
12579	12580	hsm/ca1f3809_12580.txt
12580	12581	hsm/5f0f4f59_12581.txt
12581	12582	hsm/6e4db664_12582.txt
12582	12583	hsm/6e3e8e3c_12583.txt
12583	12584	hsm/ba9f9744_12584.txt
12584	12585	hsm/a9e3685b_12585.txt
12585	12586	hsm/de2dc15a_12586.txt
12586	12587	hsm/747aef12_12587.txt
12587	12588	hsm/c619330f_12588.txt
12588	12589	hsm/309e53f4_12589.txt
12589	12590	hsm/c4b8008d_12590.txt
12590	12591	hsm/1e14e255_12591.txt
12591	12592	hsm/b936359c_12592.txt
12592	12593	hsm/f3828045_12593.txt
12593	12594	hsm/68f5d473_12594.txt
12594	12595	hsm/08982faa_12595.txt
12595	12596	hsm/d7c8c922_12596.txt
12596	12597	hsm/097ad15c_12597.txt
12597	12598	hsm/6ed3f9af_12598.txt
12598	12599	hsm/ff5fa37e_12599.txt
12599	12600	hsm/0a4a972d_12600.txt
12600	12601	hsm/669acf07_12601.txt
12601	12602	hsm/c0399534_12602.txt
12602	12603	hsm/ea06b691_12603.txt
12603	12604	hsm/e41db824_12604.txt
12604	12605	hsm/6dec4373_12605.txt
12605	12606	hsm/36000a1f_12606.txt
12606	12607	hsm/2fd499d9_12607.txt
12607	12608	hsm/946e1995_12608.txt
12608	12609	hsm/6d1137b1_12609.txt
12609	12610	hsm/48787fef_12610.txt
12610	12611	hsm/9e7a0b96_12611.txt
12611	12612	hsm/e40b2cff_12612.txt
12612	12613	hsm/6b18d72c_12613.txt
12613	12614	hsm/fee9e0cc_12614.txt
12614	12615	hsm/54a58951_12615.txt
12615	12616	hsm/a3c01c32_12616.txt
12616	12617	hsm/ac672ece_12617.txt
12617	12618	hsm/5d05b395_12618.txt
12618	12619	hsm/74ce7a64_12619.txt
12619	12620	hsm/4c5707ec_12620.txt
12620	12621	hsm/4959c565_12621.txt
12621	12622	hsm/af286db9_12622.txt
12622	12623	hsm/4efb7efa_12623.txt
12623	12624	hsm/9ca5538d_12624.txt
12624	12625	hsm/9994be8e_12625.txt
12625	12626	hsm/5887fde4_12626.txt
12626	12627	hsm/48521f7b_12627.txt
12627	12628	hsm/f3cd0daf_12628.txt
12628	12629	hsm/181164bf_12629.txt
12629	12630	hsm/5f239e37_12630.txt
12630	12631	hsm/e613771a_12631.txt
12631	12632	hsm/ae8fa63d_12632.txt
12632	12633	hsm/00ce6465_12633.txt
12633	12634	hsm/ecf9253d_12634.txt
12634	12635	hsm/cae335da_12635.txt
12635	12636	hsm/1616ad66_12636.txt
12636	12637	hsm/276466f6_12637.txt
12637	12638	hsm/1703e1b5_12638.txt
12638	12639	hsm/d85b96ee_12639.txt
12639	12640	hsm/d51d8fcc_12640.txt
12640	12641	hsm/892a2e0c_12641.txt
12641	12642	hsm/91de9d88_12642.txt
12642	12643	hsm/b64f935c_12643.txt
12643	12644	hsm/0058aa9e_12644.txt
12644	12645	hsm/fe2a6538_12645.txt
12645	12646	hsm/10880d25_12646.txt
12646	12647	hsm/7c5d5f4e_12647.txt
12647	12648	hsm/25993c10_12648.txt
12648	12649	hsm/78bc125a_12649.txt
12649	12650	hsm/5a4662c4_12650.txt
12650	12651	hsm/4b1622e3_12651.txt
12651	12652	hsm/53082cef_12652.txt
12652	12653	hsm/3fe58cad_12653.txt
12653	12654	hsm/0cb636d4_12654.txt
12654	12655	hsm/9d145935_12655.txt
12655	12656	hsm/11637cd7_12656.txt
12656	12657	hsm/de377ddd_12657.txt
12657	12658	hsm/492b0a2a_12658.txt
12658	12659	hsm/ad9dfe74_12659.txt
12659	12660	hsm/0a41cf59_12660.txt
12660	12661	hsm/94ce7716_12661.txt
12661	12662	hsm/dca28dd6_12662.txt
12662	12663	hsm/0f6ea2d3_12663.txt
12663	12664	hsm/4e0ddb77_12664.txt
12664	12665	hsm/fc4768f4_12665.txt
12665	12666	hsm/a679cabe_12666.txt
12666	12667	hsm/49526d4c_12667.txt
12667	12668	hsm/615d1790_12668.txt
12668	12669	hsm/d2e4bf6c_12669.txt
12669	12670	hsm/06837620_12670.txt
12670	12671	hsm/50153e21_12671.txt
12671	12672	hsm/db9b6491_12672.txt
12672	12673	hsm/b67ed921_12673.txt
12673	12674	hsm/6830184c_12674.txt
12674	12675	hsm/07a60a81_12675.txt
12675	12676	hsm/1bd8ff9d_12676.txt
12676	12677	hsm/76571a13_12677.txt
12677	12678	hsm/7731143e_12678.txt
12678	12679	hsm/45b58171_12679.txt
12679	12680	hsm/3ed489d1_12680.txt
12680	12681	hsm/8c32bee5_12681.txt
12681	12682	hsm/3394b289_12682.txt
12682	12683	hsm/6b924eb4_12683.txt
12683	12684	hsm/7536c9cc_12684.txt
12684	12685	hsm/972e73cf_12685.txt
12685	12686	hsm/ea8eb781_12686.txt
12686	12687	hsm/65172743_12687.txt
12687	12688	hsm/6cc7a0d8_12688.txt
12688	12689	hsm/ea79f661_12689.txt
12689	12690	hsm/67ce8c88_12690.txt
12690	12691	hsm/fbecf3ef_12691.txt
12691	12692	hsm/ead048aa_12692.txt
12692	12693	hsm/75b45e59_12693.txt
12693	12694	hsm/81c89bb3_12694.txt
12694	12695	hsm/b77c9d05_12695.txt
12695	12696	hsm/595cf15d_12696.txt
12696	12697	hsm/b7b2a992_12697.txt
12697	12698	hsm/e49563f2_12698.txt
12698	12699	hsm/cd186e24_12699.txt
12699	12700	hsm/c38117f3_12700.txt
12700	12701	hsm/73bc54fa_12701.txt
12701	12702	hsm/4ae9df47_12702.txt
12702	12703	hsm/293eb14c_12703.txt
12703	12704	hsm/e82d3281_12704.txt
12704	12705	hsm/dd9c6797_12705.txt
12705	12706	hsm/bf8b1cc3_12706.txt
12706	12707	hsm/38f41d0f_12707.txt
12707	12708	hsm/4ae0b0c8_12708.txt
12708	12709	hsm/8ce07bca_12709.txt
12709	12710	hsm/1f000d7a_12710.txt
12710	12711	hsm/6905ca8e_12711.txt
12711	12712	hsm/7e33d057_12712.txt
12712	12713	hsm/5e1a7e8e_12713.txt
12713	12714	hsm/005d7c7e_12714.txt
12714	12715	hsm/b5d82cbc_12715.txt
12715	12716	hsm/4e3e89ec_12716.txt
12716	12717	hsm/dd16369c_12717.txt
12717	12718	hsm/6f60fb30_12718.txt
12718	12719	hsm/840777db_12719.txt
12719	12720	hsm/da7fbed5_12720.txt
12720	12721	hsm/b661d9c8_12721.txt
12721	12722	hsm/b545dae6_12722.txt
12722	12723	hsm/8c549f18_12723.txt
12723	12724	hsm/52536086_12724.txt
12724	12725	hsm/149732f7_12725.txt
12725	12726	hsm/9f211cf5_12726.txt
12726	12727	hsm/aabd80b8_12727.txt
12727	12728	hsm/6c6eee2b_12728.txt
12728	12729	hsm/095b3f97_12729.txt
12729	12730	hsm/73f71b2e_12730.txt
12730	12731	hsm/2ea3e6e2_12731.txt
12731	12732	hsm/527db596_12732.txt
12732	12733	hsm/a59353c2_12733.txt
12733	12734	hsm/19bb5aff_12734.txt
12734	12735	hsm/8aa38f33_12735.txt
12735	12736	hsm/bdec7099_12736.txt
12736	12737	hsm/34ed9efd_12737.txt
12737	12738	hsm/6a60c195_12738.txt
12738	12739	hsm/ed322327_12739.txt
12739	12740	hsm/c4346bad_12740.txt
12740	12741	hsm/39fe136e_12741.txt
12741	12742	hsm/f5d57b23_12742.txt
12742	12743	hsm/23a6fdc0_12743.txt
12743	12744	hsm/66584676_12744.txt
12744	12745	hsm/81cd9322_12745.txt
12745	12746	hsm/524c4470_12746.txt
12746	12747	hsm/095869ba_12747.txt
12747	12748	hsm/d0d6a171_12748.txt
12748	12749	hsm/31479e4e_12749.txt
12749	12750	hsm/5992d7c6_12750.txt
12750	12751	hsm/1d2d8367_12751.txt
12751	12752	hsm/978d2a21_12752.txt
12752	12753	hsm/cce2c4d0_12753.txt
12753	12754	hsm/d496df70_12754.txt
12754	12755	hsm/6ffffdfb_12755.txt
12755	12756	hsm/908187f6_12756.txt
12756	12757	hsm/0ce0aa52_12757.txt
12757	12758	hsm/f4083956_12758.txt
12758	12759	hsm/a4413d63_12759.txt
12759	12760	hsm/7fb65d73_12760.txt
12760	12761	hsm/425b6588_12761.txt
12761	12762	hsm/b39c0cc7_12762.txt
12762	12763	hsm/cb0334b3_12763.txt
12763	12764	hsm/092655f7_12764.txt
12764	12765	hsm/ed79af98_12765.txt
12765	12766	hsm/c0177dc4_12766.txt
12766	12767	hsm/a98b15b8_12767.txt
12767	12768	hsm/948cfbbb_12768.txt
12768	12769	hsm/9cccb438_12769.txt
12769	12770	hsm/326b95b8_12770.txt
12770	12771	hsm/2207a4a0_12771.txt
12771	12772	hsm/e2e780d7_12772.txt
12772	12773	hsm/c7b9934e_12773.txt
12773	12774	hsm/960da696_12774.txt
12774	12775	hsm/b62b1172_12775.txt
12775	12776	hsm/11afd863_12776.txt
12776	12777	hsm/bc3c48c5_12777.txt
12777	12778	hsm/531d7713_12778.txt
12778	12779	hsm/aafe145d_12779.txt
12779	12780	hsm/bccbc888_12780.txt
12780	12781	hsm/4cde70a0_12781.txt
12781	12782	hsm/fdd939b2_12782.txt
12782	12783	hsm/db3c9e79_12783.txt
12783	12784	hsm/6f570fa9_12784.txt
12784	12785	hsm/19d002e0_12785.txt
12785	12786	hsm/b42e78b0_12786.txt
12786	12787	hsm/2b733ef6_12787.txt
12787	12788	hsm/10799621_12788.txt
12788	12789	hsm/41393194_12789.txt
12789	12790	hsm/87fb9534_12790.txt
12790	12791	hsm/272a7ccf_12791.txt
12791	12792	hsm/d5965b4a_12792.txt
12792	12793	hsm/bdd3ebb1_12793.txt
12793	12794	hsm/87a2c7ed_12794.txt
12794	12795	hsm/d196e667_12795.txt
12795	12796	hsm/e95b4f21_12796.txt
12796	12797	hsm/dd1d9218_12797.txt
12797	12798	hsm/5a2831af_12798.txt
12798	12799	hsm/57a23ed0_12799.txt
12799	12800	hsm/9a9dae1f_12800.txt
12800	12801	hsm/643c6b28_12801.txt
12801	12802	hsm/9ea0f8c5_12802.txt
12802	12803	hsm/cf51dfa2_12803.txt
12803	12804	hsm/14be3fc1_12804.txt
12804	12805	hsm/5eb50b3f_12805.txt
12805	12806	hsm/038e22f8_12806.txt
12806	12807	hsm/130efdd9_12807.txt
12807	12808	hsm/5dce2310_12808.txt
12808	12809	hsm/6e54bde4_12809.txt
12809	12810	hsm/a387e92c_12810.txt
12810	12811	hsm/24c52eb9_12811.txt
12811	12812	hsm/de090615_12812.txt
12812	12813	hsm/9e2a1277_12813.txt
12813	12814	hsm/13f0125e_12814.txt
12814	12815	hsm/a35b94fd_12815.txt
12815	12816	hsm/a0d55ff2_12816.txt
12816	12817	hsm/a9a7320f_12817.txt
12817	12818	hsm/dd74cd98_12818.txt
12818	12819	hsm/60f6d29a_12819.txt
12819	12820	hsm/8b2e3c89_12820.txt
12820	12821	hsm/6f77bf64_12821.txt
12821	12822	hsm/de276db9_12822.txt
12822	12823	hsm/a513c7ea_12823.txt
12823	12824	hsm/2818d0ab_12824.txt
12824	12825	hsm/ac722833_12825.txt
12825	12826	hsm/9c1d1757_12826.txt
12826	12827	hsm/721b1302_12827.txt
12827	12828	hsm/8e45091f_12828.txt
12828	12829	hsm/2e24a7dd_12829.txt
12829	12830	hsm/e48c5526_12830.txt
12830	12831	hsm/ff1e0836_12831.txt
12831	12832	hsm/5e3fb302_12832.txt
12832	12833	hsm/a203d795_12833.txt
12833	12834	hsm/fe309110_12834.txt
12834	12835	hsm/d7527b64_12835.txt
12835	12836	hsm/36653e50_12836.txt
12836	12837	hsm/b6a94516_12837.txt
12837	12838	hsm/1549f650_12838.txt
12838	12839	hsm/739d1cc3_12839.txt
12839	12840	hsm/9bfe2ba6_12840.txt
12840	12841	hsm/66dc4947_12841.txt
12841	12842	hsm/ec54641d_12842.txt
12842	12843	hsm/51709a79_12843.txt
12843	12844	hsm/84aeca1e_12844.txt
12844	12845	hsm/f64e6557_12845.txt
12845	12846	hsm/99386433_12846.txt
12846	12847	hsm/7291f188_12847.txt
12847	12848	hsm/de8e4862_12848.txt
12848	12849	hsm/b6cb4253_12849.txt
12849	12850	hsm/52de18c7_12850.txt
12850	12851	hsm/a2d4d646_12851.txt
12851	12852	hsm/5285fb0a_12852.txt
12852	12853	hsm/030fa06c_12853.txt
12853	12854	hsm/50c486af_12854.txt
12854	12855	hsm/7148a6f1_12855.txt
12855	12856	hsm/6d39020a_12856.txt
12856	12857	hsm/c99cdac2_12857.txt
12857	12858	hsm/35b35c6e_12858.txt
12858	12859	hsm/d6b0a633_12859.txt
12859	12860	hsm/668440d8_12860.txt
12860	12861	hsm/9033fcc1_12861.txt
12861	12862	hsm/7c89740b_12862.txt
12862	12863	hsm/3b085dd7_12863.txt
12863	12864	hsm/7c220f1d_12864.txt
12864	12865	hsm/a77ec16f_12865.txt
12865	12866	hsm/3b80bb4f_12866.txt
12866	12867	hsm/e17046e7_12867.txt
12867	12868	hsm/51efea89_12868.txt
12868	12869	hsm/81cfa4b3_12869.txt
12869	12870	hsm/27c6f7d3_12870.txt
12870	12871	hsm/0cc38c96_12871.txt
12871	12872	hsm/9962b386_12872.txt
12872	12873	hsm/a4496655_12873.txt
12873	12874	hsm/6e39ef2e_12874.txt
12874	12875	hsm/8fc84398_12875.txt
12875	12876	hsm/d2da2250_12876.txt
12876	12877	hsm/b26946cc_12877.txt
12877	12878	hsm/8153c921_12878.txt
12878	12879	hsm/7e96ffdc_12879.txt
12879	12880	hsm/4d349326_12880.txt
12880	12881	hsm/bd1c5ed6_12881.txt
12881	12882	hsm/728348fd_12882.txt
12882	12883	hsm/c4603c44_12883.txt
12883	12884	hsm/b475a5ba_12884.txt
12884	12885	hsm/a9ce664f_12885.txt
12885	12886	hsm/064de94d_12886.txt
12886	12887	hsm/9cbd3722_12887.txt
12887	12888	hsm/c33576b7_12888.txt
12888	12889	hsm/163172d2_12889.txt
12889	12890	hsm/38c0e2a7_12890.txt
12890	12891	hsm/9106bb7c_12891.txt
12891	12892	hsm/5837a0a3_12892.txt
12892	12893	hsm/08498332_12893.txt
12893	12894	hsm/c233ec44_12894.txt
12894	12895	hsm/fe9d5ef7_12895.txt
12895	12896	hsm/2d4ea6dc_12896.txt
12896	12897	hsm/b122e7aa_12897.txt
12897	12898	hsm/f3c3f31b_12898.txt
12898	12899	hsm/355df45d_12899.txt
12899	12900	hsm/0ec9ccfb_12900.txt
12900	12901	hsm/de1b773a_12901.txt
12901	12902	hsm/98f0799c_12902.txt
12902	12903	hsm/b84cd4f0_12903.txt
12903	12904	hsm/12d5e640_12904.txt
12904	12905	hsm/fee07a4b_12905.txt
12905	12906	hsm/3062abd5_12906.txt
12906	12907	hsm/a75ea777_12907.txt
12907	12908	hsm/b6edf3a4_12908.txt
12908	12909	hsm/1a60f9de_12909.txt
12909	12910	hsm/69665a1c_12910.txt
12910	12911	hsm/339bd146_12911.txt
12911	12912	hsm/5ac52ca8_12912.txt
12912	12913	hsm/7b3bb693_12913.txt
12913	12914	hsm/0b9a26c5_12914.txt
12914	12915	hsm/90462b70_12915.txt
12915	12916	hsm/a2157af6_12916.txt
12916	12917	hsm/7b49a5aa_12917.txt
12917	12918	hsm/373a2722_12918.txt
12918	12919	hsm/87cd85df_12919.txt
12919	12920	hsm/70a8c898_12920.txt
12920	12921	hsm/0b479f03_12921.txt
12921	12922	hsm/1bf97d8e_12922.txt
12922	12923	hsm/e50ac155_12923.txt
12923	12924	hsm/b9ad7a93_12924.txt
12924	12925	hsm/e41588d1_12925.txt
12925	12926	hsm/9c80b8a8_12926.txt
12926	12927	hsm/f50c325e_12927.txt
12927	12928	hsm/0e94b155_12928.txt
12928	12929	hsm/83dddc67_12929.txt
12929	12930	hsm/ac7bc13a_12930.txt
12930	12931	hsm/2eb3fc35_12931.txt
12931	12932	hsm/9d8ddd80_12932.txt
12932	12933	hsm/51fed708_12933.txt
12933	12934	hsm/352b7e97_12934.txt
12934	12935	hsm/73b5ab79_12935.txt
12935	12936	hsm/70c2ac92_12936.txt
12936	12937	hsm/c2c9765a_12937.txt
12937	12938	hsm/6e5db7d4_12938.txt
12938	12939	hsm/78d749c1_12939.txt
12939	12940	hsm/e4a27989_12940.txt
12940	12941	hsm/30efccfb_12941.txt
12941	12942	hsm/c237f288_12942.txt
12942	12943	hsm/3f564ed8_12943.txt
12943	12944	hsm/5a04dc93_12944.txt
12944	12945	hsm/b68a68ee_12945.txt
12945	12946	hsm/381f89c7_12946.txt
12946	12947	hsm/f64a8219_12947.txt
12947	12948	hsm/4b262080_12948.txt
12948	12949	hsm/63bba0b9_12949.txt
12949	12950	hsm/b28461a0_12950.txt
12950	12951	hsm/17d39bfa_12951.txt
12951	12952	hsm/7d473ab6_12952.txt
12952	12953	hsm/4e50d3a7_12953.txt
12953	12954	hsm/dd0a7c9d_12954.txt
12954	12955	hsm/59a6e912_12955.txt
12955	12956	hsm/cd43c3d0_12956.txt
12956	12957	hsm/ee02c4e4_12957.txt
12957	12958	hsm/064d1199_12958.txt
12958	12959	hsm/86d1b285_12959.txt
12959	12960	hsm/ecdcde88_12960.txt
12960	12961	hsm/5b12973c_12961.txt
12961	12962	hsm/48c0910c_12962.txt
12962	12963	hsm/39e51b84_12963.txt
12963	12964	hsm/87358eff_12964.txt
12964	12965	hsm/697630ea_12965.txt
12965	12966	hsm/728fdab7_12966.txt
12966	12967	hsm/057a809c_12967.txt
12967	12968	hsm/f379cc2d_12968.txt
12968	12969	hsm/be66e082_12969.txt
12969	12970	hsm/2a3d4db1_12970.txt
12970	12971	hsm/1dd1a979_12971.txt
12971	12972	hsm/8bb87057_12972.txt
12972	12973	hsm/6ede7e94_12973.txt
12973	12974	hsm/2b134c93_12974.txt
12974	12975	hsm/88f02a4b_12975.txt
12975	12976	hsm/3f933b53_12976.txt
12976	12977	hsm/050df1cc_12977.txt
12977	12978	hsm/dc97aa8c_12978.txt
12978	12979	hsm/64548ea7_12979.txt
12979	12980	hsm/cd3f4505_12980.txt
12980	12981	hsm/deaecd8e_12981.txt
12981	12982	hsm/e95eb75f_12982.txt
12982	12983	hsm/676c554d_12983.txt
12983	12984	hsm/28425c74_12984.txt
12984	12985	hsm/c239da7c_12985.txt
12985	12986	hsm/5f152af9_12986.txt
12986	12987	hsm/e2645585_12987.txt
12987	12988	hsm/3f3a5ed5_12988.txt
12988	12989	hsm/aaf63352_12989.txt
12989	12990	hsm/14ca218d_12990.txt
12990	12991	hsm/642aae7d_12991.txt
12991	12992	hsm/0534bf97_12992.txt
12992	12993	hsm/9eef3884_12993.txt
12993	12994	hsm/93bc52d4_12994.txt
12994	12995	hsm/16789419_12995.txt
12995	12996	hsm/26a2463c_12996.txt
12996	12997	hsm/3ff2f156_12997.txt
12997	12998	hsm/66d3e9f9_12998.txt
12998	12999	hsm/a96958a5_12999.txt
12999	13000	hsm/73eb83a3_13000.txt
13000	13001	hsm/080fc6e8_13001.txt
13001	13002	hsm/e186ce99_13002.txt
13002	13003	hsm/2be5de82_13003.txt
13003	13004	hsm/c854e3e3_13004.txt
13004	13005	hsm/e80514f4_13005.txt
13005	13006	hsm/275de012_13006.txt
13006	13007	hsm/8f46262a_13007.txt
13007	13008	hsm/29eff47e_13008.txt
13008	13009	hsm/b50ae38e_13009.txt
13009	13010	hsm/e300d708_13010.txt
13010	13011	hsm/29cd05fd_13011.txt
13011	13012	hsm/5a8016b0_13012.txt
13012	13013	hsm/89d6611c_13013.txt
13013	13014	hsm/b31279d1_13014.txt
13014	13015	hsm/3bc91821_13015.txt
13015	13016	hsm/a45cbcea_13016.txt
13016	13017	hsm/42f7a577_13017.txt
13017	13018	hsm/6d0d50d8_13018.txt
13018	13019	hsm/b7eacb3f_13019.txt
13019	13020	hsm/9cdf7582_13020.txt
13020	13021	hsm/f3537d90_13021.txt
13021	13022	hsm/253c1d73_13022.txt
13022	13023	hsm/6f9a2099_13023.txt
13023	13024	hsm/1f64a8db_13024.txt
13024	13025	hsm/d447d64c_13025.txt
13025	13026	hsm/0879e3bb_13026.txt
13026	13027	hsm/834a6446_13027.txt
13027	13028	hsm/fffb2fbb_13028.txt
13028	13029	hsm/ca6c8bee_13029.txt
13029	13030	hsm/2231d9d4_13030.txt
13030	13031	hsm/de1491d9_13031.txt
13031	13032	hsm/48ae02d1_13032.txt
13032	13033	hsm/6ce91ee5_13033.txt
13033	13034	hsm/39e08d14_13034.txt
13034	13035	hsm/9ba4204a_13035.txt
13035	13036	hsm/4b79b784_13036.txt
13036	13037	hsm/1157b942_13037.txt
13037	13038	hsm/df9ee136_13038.txt
13038	13039	hsm/bcf6390f_13039.txt
13039	13040	hsm/5c5503e7_13040.txt
13040	13041	hsm/5beb49c9_13041.txt
13041	13042	hsm/faf37c80_13042.txt
13042	13043	hsm/68d4cbe4_13043.txt
13043	13044	hsm/17b907be_13044.txt
13044	13045	hsm/7e2c1e08_13045.txt
13045	13046	hsm/eeff6f1f_13046.txt
13046	13047	hsm/bda73059_13047.txt
13047	13048	hsm/7a93739e_13048.txt
13048	13049	hsm/743cd6b0_13049.txt
13049	13050	hsm/65d3c2c3_13050.txt
13050	13051	hsm/e76a9a05_13051.txt
13051	13052	hsm/923df1ac_13052.txt
13052	13053	hsm/ae3c6311_13053.txt
13053	13054	hsm/5bacbea8_13054.txt
13054	13055	hsm/39eef88d_13055.txt
13055	13056	hsm/3af42008_13056.txt
13056	13057	hsm/86214a18_13057.txt
13057	13058	hsm/59587b35_13058.txt
13058	13059	hsm/918ad6e5_13059.txt
13059	13060	hsm/1d0b71ae_13060.txt
13060	13061	hsm/20903c26_13061.txt
13061	13062	hsm/c71eed6b_13062.txt
13062	13063	hsm/89b36d79_13063.txt
13063	13064	hsm/c7658bcc_13064.txt
13064	13065	hsm/23925772_13065.txt
13065	13066	hsm/f3d414fe_13066.txt
13066	13067	hsm/e9d8bcd2_13067.txt
13067	13068	hsm/991cf4b6_13068.txt
13068	13069	hsm/1db5d483_13069.txt
13069	13070	hsm/d22df9eb_13070.txt
13070	13071	hsm/8dfbcee4_13071.txt
13071	13072	hsm/94d907ee_13072.txt
13072	13073	hsm/8113d484_13073.txt
13073	13074	hsm/2e2be82e_13074.txt
13074	13075	hsm/77a3359b_13075.txt
13075	13076	hsm/76178908_13076.txt
13076	13077	hsm/ea7a10a0_13077.txt
13077	13078	hsm/97ee57fa_13078.txt
13078	13079	hsm/9d6f6228_13079.txt
13079	13080	hsm/d0afb133_13080.txt
13080	13081	hsm/fb6842c8_13081.txt
13081	13082	hsm/733b6747_13082.txt
13082	13083	hsm/d45716e9_13083.txt
13083	13084	hsm/4c4ba9ce_13084.txt
13084	13085	hsm/a8171790_13085.txt
13085	13086	hsm/1936c3ce_13086.txt
13086	13087	hsm/c6af2fec_13087.txt
13087	13088	hsm/33c39042_13088.txt
13088	13089	hsm/c67399ff_13089.txt
13089	13090	hsm/9887e4e7_13090.txt
13090	13091	hsm/c46a65f6_13091.txt
13091	13092	hsm/35d9e3ae_13092.txt
13092	13093	hsm/d64fdd9c_13093.txt
13093	13094	hsm/14196eb2_13094.txt
13094	13095	hsm/d53a2a47_13095.txt
13095	13096	hsm/47f29e89_13096.txt
13096	13097	hsm/57945cfc_13097.txt
13097	13098	hsm/15b23616_13098.txt
13098	13099	hsm/2e7194d5_13099.txt
13099	13100	hsm/3eb6ad27_13100.txt
13100	13101	hsm/881f9f6a_13101.txt
13101	13102	hsm/ae9f440f_13102.txt
13102	13103	hsm/d54bbbee_13103.txt
13103	13104	hsm/434ac4a2_13104.txt
13104	13105	hsm/240d89f6_13105.txt
13105	13106	hsm/3d0aba14_13106.txt
13106	13107	hsm/ce7d253a_13107.txt
13107	13108	hsm/58271f95_13108.txt
13108	13109	hsm/db340f9b_13109.txt
13109	13110	hsm/76932632_13110.txt
13110	13111	hsm/541e1555_13111.txt
13111	13112	hsm/244c0e84_13112.txt
13112	13113	hsm/0d97472c_13113.txt
13113	13114	hsm/498b4d99_13114.txt
13114	13115	hsm/37ed4413_13115.txt
13115	13116	hsm/dabe49ef_13116.txt
13116	13117	hsm/9918232b_13117.txt
13117	13118	hsm/02d747b0_13118.txt
13118	13119	hsm/ce3817c8_13119.txt
13119	13120	hsm/d7d5de99_13120.txt
13120	13121	hsm/6d016195_13121.txt
13121	13122	hsm/06e33014_13122.txt
13122	13123	hsm/5e7bcc0b_13123.txt
13123	13124	hsm/4f5030e6_13124.txt
13124	13125	hsm/830cd65b_13125.txt
13125	13126	hsm/f8fa551f_13126.txt
13126	13127	hsm/0fb50707_13127.txt
13127	13128	hsm/4c5a7505_13128.txt
13128	13129	hsm/24851a1c_13129.txt
13129	13130	hsm/42babe40_13130.txt
13130	13131	hsm/676f3c5e_13131.txt
13131	13132	hsm/6efef995_13132.txt
13132	13133	hsm/a4df1c00_13133.txt
13133	13134	hsm/622ec960_13134.txt
13134	13135	hsm/df6a5fb0_13135.txt
13135	13136	hsm/381cb56c_13136.txt
13136	13137	hsm/a445958d_13137.txt
13137	13138	hsm/a4f5747c_13138.txt
13138	13139	hsm/23a47983_13139.txt
13139	13140	hsm/6b13cd1d_13140.txt
13140	13141	hsm/08f70059_13141.txt
13141	13142	hsm/5d4692f0_13142.txt
13142	13143	hsm/6bb3a3bc_13143.txt
13143	13144	hsm/a1a9b5ec_13144.txt
13144	13145	hsm/65459cca_13145.txt
13145	13146	hsm/5285495d_13146.txt
13146	13147	hsm/ad28f4fa_13147.txt
13147	13148	hsm/c7ba7d28_13148.txt
13148	13149	hsm/9e380866_13149.txt
13149	13150	hsm/d8f56b5a_13150.txt
13150	13151	hsm/a485203b_13151.txt
13151	13152	hsm/4e37ba5b_13152.txt
13152	13153	hsm/34ecfff7_13153.txt
13153	13154	hsm/264c009a_13154.txt
13154	13155	hsm/8d1a7c4c_13155.txt
13155	13156	hsm/8eca7348_13156.txt
13156	13157	hsm/782b1d66_13157.txt
13157	13158	hsm/fceb7259_13158.txt
13158	13159	hsm/f2bdc4e8_13159.txt
13159	13160	hsm/7720637e_13160.txt
13160	13161	hsm/b7824192_13161.txt
13161	13162	hsm/26397f82_13162.txt
13162	13163	hsm/11a33fb3_13163.txt
13163	13164	hsm/7ec258eb_13164.txt
13164	13165	hsm/f71a41bc_13165.txt
13165	13166	hsm/9c648a83_13166.txt
13166	13167	hsm/ed1c5532_13167.txt
13167	13168	hsm/6d58afb6_13168.txt
13168	13169	hsm/f01a7d0a_13169.txt
13169	13170	hsm/6833e7a7_13170.txt
13170	13171	hsm/7d845b51_13171.txt
13171	13172	hsm/93e5c92c_13172.txt
13172	13173	hsm/4cd7e4ad_13173.txt
13173	13174	hsm/abd64aa8_13174.txt
13174	13175	hsm/a12161d3_13175.txt
13175	13176	hsm/11e40481_13176.txt
13176	13177	hsm/cf5ee99d_13177.txt
13177	13178	hsm/d15784b2_13178.txt
13178	13179	hsm/a403903f_13179.txt
13179	13180	hsm/c399550b_13180.txt
13180	13181	hsm/ce8e54a9_13181.txt
13181	13182	hsm/de970a66_13182.txt
13182	13183	hsm/365f0968_13183.txt
13183	13184	hsm/5dcac46e_13184.txt
13184	13185	hsm/7d3c7bd8_13185.txt
13185	13186	hsm/96ce71f0_13186.txt
13186	13187	hsm/50f5feb4_13187.txt
13187	13188	hsm/dd8e573b_13188.txt
13188	13189	hsm/0eb253db_13189.txt
13189	13190	hsm/da3153d2_13190.txt
13190	13191	hsm/2defabab_13191.txt
13191	13192	hsm/d0524273_13192.txt
13192	13193	hsm/291f87a3_13193.txt
13193	13194	hsm/6cc6be1f_13194.txt
13194	13195	hsm/06b9d382_13195.txt
13195	13196	hsm/06b9d382_13196.txt
13196	13197	hsm/b8ac81db_13197.txt
13197	13198	hsm/4ec43ac0_13198.txt
13198	13199	hsm/f25788e4_13199.txt
13199	13200	hsm/3bd0075a_13200.txt
13200	13201	hsm/00cfe076_13201.txt
13201	13202	hsm/20b128c4_13202.txt
13202	13203	hsm/62564876_13203.txt
13203	13204	hsm/4671bd05_13204.txt
13204	13205	hsm/92784bc8_13205.txt
13205	13206	hsm/9389832c_13206.txt
13206	13207	hsm/80d3f9b7_13207.txt
13207	13208	hsm/4163b809_13208.txt
13208	13209	hsm/78eb0a2e_13209.txt
13209	13210	hsm/8bdd7222_13210.txt
13210	13211	hsm/24f18df8_13211.txt
13211	13212	hsm/62075be0_13212.txt
13212	13213	hsm/338aa08b_13213.txt
13213	13214	hsm/f094fb0c_13214.txt
13214	13215	hsm/34f40ce6_13215.txt
13215	13216	hsm/fbb2d1c8_13216.txt
13216	13217	hsm/ff927c21_13217.txt
13217	13218	hsm/d1f1f894_13218.txt
13218	13219	hsm/b83c10b0_13219.txt
13219	13220	hsm/3ec0993e_13220.txt
13220	13221	hsm/be93768d_13221.txt
13221	13222	hsm/51364a41_13222.txt
13222	13223	hsm/f64ce7f2_13223.txt
13223	13224	hsm/21a57760_13224.txt
13224	13225	hsm/d53c41ae_13225.txt
13225	13226	hsm/f4383041_13226.txt
13226	13227	hsm/01bc32ac_13227.txt
13227	13228	hsm/1494f73d_13228.txt
13228	13229	hsm/53dca536_13229.txt
13229	13230	hsm/6ee42608_13230.txt
13230	13231	hsm/18b0109e_13231.txt
13231	13232	hsm/ba193d4f_13232.txt
13232	13233	hsm/7cf6b14e_13233.txt
13233	13234	hsm/a9baf3bb_13234.txt
13234	13235	hsm/e0e64552_13235.txt
13235	13236	hsm/7587edfa_13236.txt
13236	13237	hsm/d5b33046_13237.txt
13237	13238	hsm/d6be666d_13238.txt
13238	13239	hsm/07d89755_13239.txt
13239	13240	hsm/46ee9b07_13240.txt
13240	13241	hsm/621083c0_13241.txt
13241	13242	hsm/c59a4f52_13242.txt
13242	13243	hsm/536ab39e_13243.txt
13243	13244	hsm/447590a5_13244.txt
13244	13245	hsm/14795b73_13245.txt
13245	13246	hsm/edbd896b_13246.txt
13246	13247	hsm/4b74109d_13247.txt
13247	13248	hsm/4a0b3e82_13248.txt
13248	13249	hsm/36cd4688_13249.txt
13249	13250	hsm/0f492aad_13250.txt
13250	13251	hsm/140612a0_13251.txt
13251	13252	hsm/724a7c10_13252.txt
13252	13253	hsm/6884a945_13253.txt
13253	13254	hsm/329d09fb_13254.txt
13254	13255	hsm/8d954cdd_13255.txt
13255	13256	hsm/9319ac38_13256.txt
13256	13257	hsm/72bf5873_13257.txt
13257	13258	hsm/9d39bf88_13258.txt
13258	13259	hsm/f523990c_13259.txt
13259	13260	hsm/9b3d37c6_13260.txt
13260	13261	hsm/4831a183_13261.txt
13261	13262	hsm/cebd4c41_13262.txt
13262	13263	hsm/d8610eed_13263.txt
13263	13264	hsm/ce6f089e_13264.txt
13264	13265	hsm/c290e947_13265.txt
13265	13266	hsm/b2d6b49c_13266.txt
13266	13267	hsm/bdae646b_13267.txt
13267	13268	hsm/cb688cc9_13268.txt
13268	13269	hsm/66de8b5b_13269.txt
13269	13270	hsm/62998816_13270.txt
13270	13271	hsm/c66af333_13271.txt
13271	13272	hsm/600be504_13272.txt
13272	13273	hsm/0dd6366b_13273.txt
13273	13274	hsm/1b2fe700_13274.txt
13274	13275	hsm/5e4666dc_13275.txt
13275	13276	hsm/a5160612_13276.txt
13276	13277	hsm/a8fffe37_13277.txt
13277	13278	hsm/7a290b31_13278.txt
13278	13279	hsm/02450bd9_13279.txt
13279	13280	hsm/3ba7e73b_13280.txt
13280	13281	hsm/62ffaee4_13281.txt
13281	13282	hsm/8a0e90de_13282.txt
13282	13283	hsm/52807fd3_13283.txt
13283	13284	hsm/f81b561e_13284.txt
13284	13285	hsm/31fdb0a8_13285.txt
13285	13286	hsm/e08ac157_13286.txt
13286	13287	hsm/97275f14_13287.txt
13287	13288	hsm/f0e49a9e_13288.txt
13288	13289	hsm/b4c899cb_13289.txt
13289	13290	hsm/d32dcf34_13290.txt
13290	13291	hsm/93d0ee54_13291.txt
13291	13292	hsm/b4552ae4_13292.txt
13292	13293	hsm/150f7406_13293.txt
13293	13294	hsm/63633bee_13294.txt
13294	13295	hsm/cef7f3c1_13295.txt
13295	13296	hsm/3bf9e96c_13296.txt
13296	13297	hsm/19102e8a_13297.txt
13297	13298	hsm/00746f21_13298.txt
13298	13299	hsm/b64171df_13299.txt
13299	13300	hsm/e1839bf6_13300.txt
13300	13301	hsm/6c960b89_13301.txt
13301	13302	hsm/7d3f1228_13302.txt
13302	13303	hsm/2db601c3_13303.txt
13303	13304	hsm/af560a36_13304.txt
13304	13305	hsm/d8df9675_13305.txt
13305	13306	hsm/550533af_13306.txt
13306	13307	hsm/6dd4c242_13307.txt
13307	13308	hsm/f11eeff9_13308.txt
13308	13309	hsm/8044c181_13309.txt
13309	13310	hsm/583e0a6d_13310.txt
13310	13311	hsm/9a71b221_13311.txt
13311	13312	hsm/151c63bf_13312.txt
13312	13313	hsm/56902384_13313.txt
13313	13314	hsm/655343a6_13314.txt
13314	13315	hsm/3626ba65_13315.txt
13315	13316	hsm/7afbc78c_13316.txt
13316	13317	hsm/93f5d7ac_13317.txt
13317	13318	hsm/fee1ccd9_13318.txt
13318	13319	hsm/1062b0b6_13319.txt
13319	13320	hsm/e851aabc_13320.txt
13320	13321	hsm/fe9677f1_13321.txt
13321	13322	hsm/cacf5ae5_13322.txt
13322	13323	hsm/22b57977_13323.txt
13323	13324	hsm/9f294f86_13324.txt
13324	13325	hsm/7fcd77c0_13325.txt
13325	13326	hsm/e986063f_13326.txt
13326	13327	hsm/a7571ffb_13327.txt
13327	13328	hsm/e08cfcb8_13328.txt
13328	13329	hsm/cc73926f_13329.txt
13329	13330	hsm/5b24cc82_13330.txt
13330	13331	hsm/8b18f127_13331.txt
13331	13332	hsm/7ee8858e_13332.txt
13332	13333	hsm/622dd56e_13333.txt
13333	13334	hsm/abbd61fc_13334.txt
13334	13335	hsm/6d02a888_13335.txt
13335	13336	hsm/a9858987_13336.txt
13336	13337	hsm/f6bd8cc7_13337.txt
13337	13338	hsm/699711a5_13338.txt
13338	13339	hsm/7c23207e_13339.txt
13339	13340	hsm/93cb7682_13340.txt
13340	13341	hsm/f2143ca2_13341.txt
13341	13342	hsm/54f9be73_13342.txt
13342	13343	hsm/b749267d_13343.txt
13343	13344	hsm/6d2332a4_13344.txt
13344	13345	hsm/f63184f5_13345.txt
13345	13346	hsm/f2dfc173_13346.txt
13346	13347	hsm/c0c42068_13347.txt
13347	13348	hsm/69cffe80_13348.txt
13348	13349	hsm/e608c6bb_13349.txt
13349	13350	hsm/01c1219a_13350.txt
13350	13351	hsm/7b2d834a_13351.txt
13351	13352	hsm/c14af536_13352.txt
13352	13353	hsm/397e3783_13353.txt
13353	13354	hsm/b0299d3f_13354.txt
13354	13355	hsm/d32900c3_13355.txt
13355	13356	hsm/a115ae76_13356.txt
13356	13357	hsm/6802ab3e_13357.txt
13357	13358	hsm/76ec1d33_13358.txt
13358	13359	hsm/95fe5874_13359.txt
13359	13360	hsm/fafebf8b_13360.txt
13360	13361	hsm/7fafe4b4_13361.txt
13361	13362	hsm/2cfb71c0_13362.txt
13362	13363	hsm/90963d7f_13363.txt
13363	13364	hsm/3ba87b9c_13364.txt
13364	13365	hsm/b9debf66_13365.txt
13365	13366	hsm/62756c4c_13366.txt
13366	13367	hsm/1bb3ad3d_13367.txt
13367	13368	hsm/953e626e_13368.txt
13368	13369	hsm/ac6e121a_13369.txt
13369	13370	hsm/172924f4_13370.txt
13370	13371	hsm/9737ff3b_13371.txt
13371	13372	hsm/653e67c6_13372.txt
13372	13373	hsm/0be28a83_13373.txt
13373	13374	hsm/22a78574_13374.txt
13374	13375	hsm/a0356fa6_13375.txt
13375	13376	hsm/9860990d_13376.txt
13376	13377	hsm/e20c7b75_13377.txt
13377	13378	hsm/d336263e_13378.txt
13378	13379	hsm/0a628560_13379.txt
13379	13380	hsm/0ab4e776_13380.txt
13380	13381	hsm/2c587c0c_13381.txt
13381	13382	hsm/a8beaad3_13382.txt
13382	13383	hsm/9ef6feb8_13383.txt
13383	13384	hsm/00970be4_13384.txt
13384	13385	hsm/fe6f6790_13385.txt
13385	13386	hsm/f3a31b89_13386.txt
13386	13387	hsm/4faf30d3_13387.txt
13387	13388	hsm/df985b29_13388.txt
13388	13389	hsm/c47bc16e_13389.txt
13389	13390	hsm/a2bbdc0e_13390.txt
13390	13391	hsm/7f299c41_13391.txt
13391	13392	hsm/21bb9464_13392.txt
13392	13393	hsm/442297ae_13393.txt
13393	13394	hsm/78ee9ef7_13394.txt
13394	13395	hsm/f6b9145b_13395.txt
13395	13396	hsm/40956469_13396.txt
13396	13397	hsm/ecd04e20_13397.txt
13397	13398	hsm/e5d1dc05_13398.txt
13398	13399	hsm/58034401_13399.txt
13399	13400	hsm/0004c3b2_13400.txt
13400	13401	hsm/0bdbc560_13401.txt
13401	13402	hsm/cfc5b9d8_13402.txt
13402	13403	hsm/cd66d220_13403.txt
13403	13404	hsm/5d64d92a_13404.txt
13404	13405	hsm/15ed9338_13405.txt
13405	13406	hsm/b3d7532d_13406.txt
13406	13407	hsm/9018122b_13407.txt
13407	13408	hsm/9c32d1f4_13408.txt
13408	13409	hsm/7a7eeb34_13409.txt
13409	13410	hsm/a2fd8431_13410.txt
13410	13411	hsm/c91ad789_13411.txt
13411	13412	hsm/b021bee9_13412.txt
13412	13413	hsm/fda0fe72_13413.txt
13413	13414	hsm/43c60e35_13414.txt
13414	13415	hsm/9bb3c5d0_13415.txt
13415	13416	hsm/5e9a1e65_13416.txt
13416	13417	hsm/e956dd59_13417.txt
13417	13418	hsm/4803ef71_13418.txt
13418	13419	hsm/c1458e41_13419.txt
13419	13420	hsm/6182106f_13420.txt
13420	13421	hsm/85be672d_13421.txt
13421	13422	hsm/da50a988_13422.txt
13422	13423	hsm/5885c815_13423.txt
13423	13424	hsm/b08e2680_13424.txt
13424	13425	hsm/94a7785d_13425.txt
13425	13426	hsm/e9893c72_13426.txt
13426	13427	hsm/3e1a6516_13427.txt
13427	13428	hsm/b5228747_13428.txt
13428	13429	hsm/6c842378_13429.txt
13429	13430	hsm/d6a29e8e_13430.txt
13430	13431	hsm/b20f04ee_13431.txt
13431	13432	hsm/bb2e5784_13432.txt
13432	13433	hsm/f315678d_13433.txt
13433	13434	hsm/0e5e5224_13434.txt
13434	13435	hsm/6de02256_13435.txt
13435	13436	hsm/0396947c_13436.txt
13436	13437	hsm/f04dd12d_13437.txt
13437	13438	hsm/49b32a8b_13438.txt
13438	13439	hsm/3c09572a_13439.txt
13439	13440	hsm/55cab557_13440.txt
13440	13441	hsm/60523b76_13441.txt
13441	13442	hsm/6ed388d2_13442.txt
13442	13443	hsm/844f85c5_13443.txt
13443	13444	hsm/cfcdd586_13444.txt
13444	13445	hsm/f3bad245_13445.txt
13445	13446	hsm/cf4f3703_13446.txt
13446	13447	hsm/f848cddb_13447.txt
13447	13448	hsm/9206ab4d_13448.txt
13448	13449	hsm/b2cc80b7_13449.txt
13449	13450	hsm/7bda893b_13450.txt
13450	13451	hsm/90c222b0_13451.txt
13451	13452	hsm/14b4cadb_13452.txt
13452	13453	hsm/e5fa0b38_13453.txt
13453	13454	hsm/b01fa948_13454.txt
13454	13455	hsm/a4c4b5e2_13455.txt
13455	13456	hsm/00323140_13456.txt
13456	13457	hsm/4de62062_13457.txt
13457	13458	hsm/747fed16_13458.txt
13458	13459	hsm/86352295_13459.txt
13459	13460	hsm/ce1b13a8_13460.txt
13460	13461	hsm/2d5dd776_13461.txt
13461	13462	hsm/f89ecd2f_13462.txt
13462	13463	hsm/5da4ef7e_13463.txt
13463	13464	hsm/ddfde3d7_13464.txt
13464	13465	hsm/c831aec5_13465.txt
13465	13466	hsm/efb3e304_13466.txt
13466	13467	hsm/0576dd2b_13467.txt
13467	13468	hsm/c503ebf3_13468.txt
13468	13469	hsm/b0e5a3b9_13469.txt
13469	13470	hsm/06fef924_13470.txt
13470	13471	hsm/06fb09c1_13471.txt
13471	13472	hsm/39b98a32_13472.txt
13472	13473	hsm/ec2515cc_13473.txt
13473	13474	hsm/58ff7cb3_13474.txt
13474	13475	hsm/c4d93410_13475.txt
13475	13476	hsm/c5137154_13476.txt
13476	13477	hsm/90a6a0de_13477.txt
13477	13478	hsm/b4585cfd_13478.txt
13478	13479	hsm/2137bfc5_13479.txt
13479	13480	hsm/a206bd69_13480.txt
13480	13481	hsm/58904c60_13481.txt
13481	13482	hsm/2448212b_13482.txt
13482	13483	hsm/b3f1734d_13483.txt
13483	13484	hsm/8a613990_13484.txt
13484	13485	hsm/3a8e8d6a_13485.txt
13485	13486	hsm/77b9e11f_13486.txt
13486	13487	hsm/ec883fd5_13487.txt
13487	13488	hsm/05eda2cb_13488.txt
13488	13489	hsm/dfd36e50_13489.txt
13489	13490	hsm/24af63dc_13490.txt
13490	13491	hsm/bd951205_13491.txt
13491	13492	hsm/2779f70b_13492.txt
13492	13493	hsm/9dffd4fa_13493.txt
13493	13494	hsm/3544b481_13494.txt
13494	13495	hsm/2c6662c6_13495.txt
13495	13496	hsm/89e02d4f_13496.txt
13496	13497	hsm/91869db4_13497.txt
13497	13498	hsm/7cf0ebc5_13498.txt
13498	13499	hsm/765f0d21_13499.txt
13499	13500	hsm/c143ae74_13500.txt
13500	13501	hsm/a02bd27b_13501.txt
13501	13502	hsm/842a2c0a_13502.txt
13502	13503	hsm/2ad463b8_13503.txt
13503	13504	hsm/700ceabe_13504.txt
13504	13505	hsm/f1c08518_13505.txt
13505	13506	hsm/3b859ed4_13506.txt
13506	13507	hsm/31f1b282_13507.txt
13507	13508	hsm/92a5358c_13508.txt
13508	13509	hsm/7466aad4_13509.txt
13509	13510	hsm/af5e70bf_13510.txt
13510	13511	hsm/15d6b89b_13511.txt
13511	13512	hsm/afbf9700_13512.txt
13512	13513	hsm/60fcfb7f_13513.txt
13513	13514	hsm/fa7c67cc_13514.txt
13514	13515	hsm/063739c5_13515.txt
13515	13516	hsm/05e285d6_13516.txt
13516	13517	hsm/80d469f0_13517.txt
13517	13518	hsm/d62374b7_13518.txt
13518	13519	hsm/1c2f2132_13519.txt
13519	13520	hsm/937fbe8d_13520.txt
13520	13521	hsm/c9600545_13521.txt
13521	13522	hsm/aaed0a9b_13522.txt
13522	13523	hsm/9f0aef69_13523.txt
13523	13524	hsm/aaba8375_13524.txt
13524	13525	hsm/57b402ca_13525.txt
13525	13526	hsm/6b9fd420_13526.txt
13526	13527	hsm/947beb45_13527.txt
13527	13528	hsm/a2a1f331_13528.txt
13528	13529	hsm/2e87adf3_13529.txt
13529	13530	hsm/8971ce15_13530.txt
13530	13531	hsm/6103c12b_13531.txt
13531	13532	hsm/531525a6_13532.txt
13532	13533	hsm/4d906da8_13533.txt
13533	13534	hsm/b1f4712b_13534.txt
13534	13535	hsm/1d4eba34_13535.txt
13535	13536	hsm/6284979c_13536.txt
13536	13537	hsm/023351a0_13537.txt
13537	13538	hsm/d13a3feb_13538.txt
13538	13539	hsm/06cf0dbe_13539.txt
13539	13540	hsm/59f77971_13540.txt
13540	13541	hsm/34ec84d7_13541.txt
13541	13542	hsm/88000116_13542.txt
13542	13543	hsm/b4c37669_13543.txt
13543	13544	hsm/71982e01_13544.txt
13544	13545	hsm/b19c2e34_13545.txt
13545	13546	hsm/292da431_13546.txt
13546	13547	hsm/cb2ec544_13547.txt
13547	13548	hsm/171a684d_13548.txt
13548	13549	hsm/3507bfc6_13549.txt
13549	13550	hsm/1bd878ed_13550.txt
13550	13551	hsm/4ccb0360_13551.txt
13551	13552	hsm/626f4de0_13552.txt
13552	13553	hsm/ea02da4c_13553.txt
13553	13554	hsm/17bb2ecc_13554.txt
13554	13555	hsm/47e12923_13555.txt
13555	13556	hsm/4192a03d_13556.txt
13556	13557	hsm/c6759deb_13557.txt
13557	13558	hsm/01ca844d_13558.txt
13558	13559	hsm/2f3f54b4_13559.txt
13559	13560	hsm/a89a5775_13560.txt
13560	13561	hsm/4573de7f_13561.txt
13561	13562	hsm/fe8cfe62_13562.txt
13562	13563	hsm/d88f59ad_13563.txt
13563	13564	hsm/25530de3_13564.txt
13564	13565	hsm/ffa23d68_13565.txt
13565	13566	hsm/b242d6e4_13566.txt
13566	13567	hsm/8eca5b87_13567.txt
13567	13568	hsm/5207165b_13568.txt
13568	13569	hsm/43652a1c_13569.txt
13569	13570	hsm/6b7178ce_13570.txt
13570	13571	hsm/06327b74_13571.txt
13571	13572	hsm/928edb31_13572.txt
13572	13573	hsm/326f2a4f_13573.txt
13573	13574	hsm/06067579_13574.txt
13574	13575	hsm/45772bb5_13575.txt
13575	13576	hsm/6fac336b_13576.txt
13576	13577	hsm/3673af95_13577.txt
13577	13578	hsm/18f70726_13578.txt
13578	13579	hsm/a05cf40b_13579.txt
13579	13580	hsm/68fba1ee_13580.txt
13580	13581	hsm/8c1b75c0_13581.txt
13581	13582	hsm/7d0ea421_13582.txt
13582	13583	hsm/5601937d_13583.txt
13583	13584	hsm/de4b65ef_13584.txt
13584	13585	hsm/c11d4341_13585.txt
13585	13586	hsm/b9b4a0f1_13586.txt
13586	13587	hsm/05eb93ee_13587.txt
13587	13588	hsm/3ef76c53_13588.txt
13588	13589	hsm/674c76ad_13589.txt
13589	13590	hsm/2434affc_13590.txt
13590	13591	hsm/6fbc1f3d_13591.txt
13591	13592	hsm/111244dc_13592.txt
13592	13593	hsm/487bd150_13593.txt
13593	13594	hsm/2c847b62_13594.txt
13594	13595	hsm/6d8ead06_13595.txt
13595	13596	hsm/ce5d3740_13596.txt
13596	13597	hsm/b52b1eb8_13597.txt
13597	13598	hsm/1f376984_13598.txt
13598	13599	hsm/3a2e1bbf_13599.txt
13599	13600	hsm/3b36ef42_13600.txt
13600	13601	hsm/89826544_13601.txt
13601	13602	hsm/24087628_13602.txt
13602	13603	hsm/acb1679f_13603.txt
13603	13604	hsm/f8bfd4b8_13604.txt
13604	13605	hsm/cc6a368e_13605.txt
13605	13606	hsm/4bf78aaa_13606.txt
13606	13607	hsm/66631af0_13607.txt
13607	13608	hsm/34475ffe_13608.txt
13608	13609	hsm/28134784_13609.txt
13609	13610	hsm/516f871e_13610.txt
13610	13611	hsm/eaa1d6e8_13611.txt
13611	13612	hsm/bb4ceaa1_13612.txt
13612	13613	hsm/8e2e0bf7_13613.txt
13613	13614	hsm/d42e87bf_13614.txt
13614	13615	hsm/63afc233_13615.txt
13615	13616	hsm/f484549e_13616.txt
13616	13617	hsm/8af1667d_13617.txt
13617	13618	hsm/4c4bcacf_13618.txt
13618	13619	hsm/da297324_13619.txt
13619	13620	hsm/1e48110a_13620.txt
13620	13621	hsm/2b04e64d_13621.txt
13621	13622	hsm/a2a27ab7_13622.txt
13622	13623	hsm/a929466d_13623.txt
13623	13624	hsm/7288d816_13624.txt
13624	13625	hsm/88ee30ea_13625.txt
13625	13626	hsm/5c075020_13626.txt
13626	13627	hsm/b296509f_13627.txt
13627	13628	hsm/0db60c60_13628.txt
13628	13629	hsm/342ad4e1_13629.txt
13629	13630	hsm/8904fe72_13630.txt
13630	13631	hsm/01e1e2aa_13631.txt
13631	13632	hsm/3e4bbc92_13632.txt
13632	13633	hsm/115a629e_13633.txt
13633	13634	hsm/89df5448_13634.txt
13634	13635	hsm/e3756c9f_13635.txt
13635	13636	hsm/f4241928_13636.txt
13636	13637	hsm/78ba3e12_13637.txt
13637	13638	hsm/00a59a63_13638.txt
13638	13639	hsm/0d9bd937_13639.txt
13639	13640	hsm/f45bce06_13640.txt
13640	13641	hsm/ba47c1fe_13641.txt
13641	13642	hsm/38e6306c_13642.txt
13642	13643	hsm/a8b09332_13643.txt
13643	13644	hsm/2e15ab4a_13644.txt
13644	13645	hsm/ada11007_13645.txt
13645	13646	hsm/9e48bbc5_13646.txt
13646	13647	hsm/8d2e016c_13647.txt
13647	13648	hsm/337f583b_13648.txt
13648	13649	hsm/b48508de_13649.txt
13649	13650	hsm/357b3eea_13650.txt
13650	13651	hsm/a72a375d_13651.txt
13651	13652	hsm/08d3b389_13652.txt
13652	13653	hsm/e3fd5ef9_13653.txt
13653	13654	hsm/f2cafc7a_13654.txt
13654	13655	hsm/c5e0b119_13655.txt
13655	13656	hsm/254187dc_13656.txt
13656	13657	hsm/b3b8a254_13657.txt
13657	13658	hsm/9e9595ea_13658.txt
13658	13659	hsm/407dbf3d_13659.txt
13659	13660	hsm/37028c57_13660.txt
13660	13661	hsm/60f2d014_13661.txt
13661	13662	hsm/277f7f5f_13662.txt
13662	13663	hsm/52673742_13663.txt
13663	13664	hsm/46c1807f_13664.txt
13664	13665	hsm/0064056e_13665.txt
13665	13666	hsm/13f375ee_13666.txt
13666	13667	hsm/d3341efd_13667.txt
13667	13668	hsm/3898da0d_13668.txt
13668	13669	hsm/e0e64552_13669.txt
13669	13670	hsm/7587edfa_13670.txt
13670	13671	hsm/d5b33046_13671.txt
13671	13672	hsm/d6be666d_13672.txt
13672	13673	hsm/07d89755_13673.txt
13673	13674	hsm/46ee9b07_13674.txt
13674	13675	hsm/621083c0_13675.txt
13675	13676	hsm/c59a4f52_13676.txt
13676	13677	hsm/536ab39e_13677.txt
13677	13678	hsm/447590a5_13678.txt
13678	13679	hsm/14795b73_13679.txt
13679	13680	hsm/edbd896b_13680.txt
13680	13681	hsm/4b74109d_13681.txt
13681	13682	hsm/4a0b3e82_13682.txt
13682	13683	hsm/36cd4688_13683.txt
13683	13684	hsm/0f492aad_13684.txt
13684	13685	hsm/140612a0_13685.txt
13685	13686	hsm/724a7c10_13686.txt
13686	13687	hsm/6884a945_13687.txt
13687	13688	hsm/329d09fb_13688.txt
13688	13689	hsm/8d954cdd_13689.txt
13689	13690	hsm/9319ac38_13690.txt
13690	13691	hsm/72bf5873_13691.txt
13691	13692	hsm/9d39bf88_13692.txt
13692	13693	hsm/f523990c_13693.txt
13693	13694	hsm/9b3d37c6_13694.txt
13694	13695	hsm/4831a183_13695.txt
13695	13696	hsm/cebd4c41_13696.txt
13696	13697	hsm/d8610eed_13697.txt
13697	13698	hsm/ce6f089e_13698.txt
13698	13699	hsm/c290e947_13699.txt
13699	13700	hsm/b2d6b49c_13700.txt
13700	13701	hsm/bdae646b_13701.txt
13701	13702	hsm/cb688cc9_13702.txt
13702	13703	hsm/66de8b5b_13703.txt
13703	13704	hsm/62998816_13704.txt
13704	13705	hsm/c66af333_13705.txt
13705	13706	hsm/600be504_13706.txt
13706	13707	hsm/0dd6366b_13707.txt
13707	13708	hsm/1b2fe700_13708.txt
13708	13709	hsm/5e4666dc_13709.txt
13709	13710	hsm/a5160612_13710.txt
13710	13711	hsm/a8fffe37_13711.txt
13711	13712	hsm/7a290b31_13712.txt
13712	13713	hsm/02450bd9_13713.txt
13713	13714	hsm/3ba7e73b_13714.txt
13714	13715	hsm/62ffaee4_13715.txt
13715	13716	hsm/8a0e90de_13716.txt
13716	13717	hsm/52807fd3_13717.txt
13717	13718	hsm/f81b561e_13718.txt
13718	13719	hsm/31fdb0a8_13719.txt
13719	13720	hsm/e08ac157_13720.txt
13720	13721	hsm/97275f14_13721.txt
13721	13722	hsm/f0e49a9e_13722.txt
13722	13723	hsm/b4c899cb_13723.txt
13723	13724	hsm/d32dcf34_13724.txt
13724	13725	hsm/93d0ee54_13725.txt
13725	13726	hsm/b4552ae4_13726.txt
13726	13727	hsm/150f7406_13727.txt
13727	13728	hsm/63633bee_13728.txt
13728	13729	hsm/cef7f3c1_13729.txt
13729	13730	hsm/3bf9e96c_13730.txt
13730	13731	hsm/19102e8a_13731.txt
13731	13732	hsm/00746f21_13732.txt
13732	13733	hsm/b64171df_13733.txt
13733	13734	hsm/e1839bf6_13734.txt
13734	13735	hsm/6c6618aa_13735.txt
13735	13736	hsm/0bf4b9f3_13736.txt
13736	13737	hsm/2f9c1c69_13737.txt
13737	13738	hsm/a541360c_13738.txt
13738	13739	hsm/bd380abe_13739.txt
13739	13740	hsm/f485157f_13740.txt
13740	13741	hsm/fe7aaf7a_13741.txt
13741	13742	hsm/20dd8bfe_13742.txt
13742	13743	hsm/c69f6736_13743.txt
13743	13744	hsm/bf5130f0_13744.txt
13744	13745	hsm/a8939b98_13745.txt
13745	13746	hsm/3a705724_13746.txt
13746	13747	hsm/5d82c541_13747.txt
13747	13748	hsm/55280d2d_13748.txt
13748	13749	hsm/f4578435_13749.txt
13749	13750	hsm/1c34cd78_13750.txt
13750	13751	hsm/bf8ea06e_13751.txt
13751	13752	hsm/1a509927_13752.txt
13752	13753	hsm/a0fb9cc8_13753.txt
13753	13754	hsm/48a77323_13754.txt
13754	13755	hsm/d522bfc8_13755.txt
13755	13756	hsm/bafe5f9a_13756.txt
13756	13757	hsm/6ccc76fa_13757.txt
13757	13758	hsm/28abb7af_13758.txt
13758	13759	hsm/63fe481e_13759.txt
13759	13760	hsm/33cc81b5_13760.txt
13760	13761	hsm/809b3b87_13761.txt
13761	13762	hsm/8e533fb2_13762.txt
13762	13763	hsm/8e533fb2_13763.txt
13763	13764	hsm/4160edc3_13764.txt
13764	13765	hsm/8c05db8e_13765.txt
13765	13766	hsm/f12fea24_13766.txt
13766	13767	hsm/c9c69401_13767.txt
13767	13768	hsm/e17d618b_13768.txt
13768	13769	hsm/f148cb21_13769.txt
13769	13770	hsm/972bc773_13770.txt
13770	13771	hsm/23f5c0e5_13771.txt
13771	13772	hsm/fbb64123_13772.txt
13772	13773	hsm/71ccf504_13773.txt
13773	13774	hsm/159e490c_13774.txt
13774	13775	hsm/cf04e268_13775.txt
13775	13776	hsm/56aa21c2_13776.txt
13776	13777	hsm/0c5c2968_13777.txt
13777	13778	hsm/888b52de_13778.txt
13778	13779	hsm/33c51a86_13779.txt
13779	13780	hsm/163072d1_13780.txt
13780	13781	hsm/4dff839e_13781.txt
13781	13782	hsm/6ff2afed_13782.txt
13782	13783	hsm/16c821ad_13783.txt
13783	13784	hsm/b9454628_13784.txt
13784	13785	hsm/e10dc0d3_13785.txt
13785	13786	hsm/ccc1afe1_13786.txt
13786	13787	hsm/eaa5d1d8_13787.txt
13787	13788	hsm/623bdc27_13788.txt
13788	13789	hsm/397d0acc_13789.txt
13789	13790	hsm/b52fbb17_13790.txt
13790	13791	hsm/876cec54_13791.txt
13791	13792	hsm/cff5cf93_13792.txt
13792	13793	hsm/eff846ad_13793.txt
13793	13794	hsm/c5e0c73a_13794.txt
13794	13795	hsm/3d20be00_13795.txt
13795	13796	hsm/ec84323e_13796.txt
13796	13797	hsm/cec38af0_13797.txt
13797	13798	hsm/719dc6dc_13798.txt
13798	13799	hsm/19da26a0_13799.txt
13799	13800	hsm/ded6013e_13800.txt
13800	13801	hsm/1ea16ffd_13801.txt
13801	13802	hsm/4686c643_13802.txt
13802	13803	hsm/2be3e0c0_13803.txt
13803	13804	hsm/4e6b8a7c_13804.txt
13804	13805	hsm/cf43d2c9_13805.txt
13805	13806	hsm/7f9bd70e_13806.txt
13806	13807	hsm/f12f0f83_13807.txt
13807	13808	hsm/4a71658c_13808.txt
13808	13809	hsm/a08dc3ae_13809.txt
13809	13810	hsm/7ef06793_13810.txt
13810	13811	hsm/a76d916e_13811.txt
13811	13812	hsm/a1bd5283_13812.txt
13812	13813	hsm/ea3a11e5_13813.txt
13813	13814	hsm/459941ed_13814.txt
13814	13815	hsm/991f0634_13815.txt
13815	13816	hsm/6be07557_13816.txt
13816	13817	hsm/5eb228ec_13817.txt
13817	13818	hsm/73d455cc_13818.txt
13818	13819	hsm/c2a1ea8e_13819.txt
13819	13820	hsm/27604b6e_13820.txt
13820	13821	hsm/9bbf7d58_13821.txt
13821	13822	hsm/c42e70ea_13822.txt
13822	13823	hsm/bd082e73_13823.txt
13823	13824	hsm/325f68fe_13824.txt
13824	13825	hsm/45c4ae6f_13825.txt
13825	13826	hsm/578fe95d_13826.txt
13826	13827	hsm/c3a0403f_13827.txt
13827	13828	hsm/5c92bce7_13828.txt
13828	13829	hsm/d08bd025_13829.txt
13829	13830	hsm/1cf48465_13830.txt
13830	13831	hsm/ee5c1c1d_13831.txt
13831	13832	hsm/20d98a43_13832.txt
13832	13833	hsm/dc0b1308_13833.txt
13833	13834	hsm/147f456b_13834.txt
13834	13835	hsm/68b22969_13835.txt
13835	13836	hsm/fe0c439e_13836.txt
13836	13837	hsm/814b6951_13837.txt
13837	13838	hsm/d3b3d0b3_13838.txt
13838	13839	hsm/74545262_13839.txt
13839	13840	hsm/69d29b50_13840.txt
13840	13841	hsm/42bf5a29_13841.txt
13841	13842	hsm/f5f57aa5_13842.txt
13842	13843	hsm/a9c211f2_13843.txt
13843	13844	hsm/389026a4_13844.txt
13844	13845	hsm/b26fc5aa_13845.txt
13845	13846	hsm/714328ff_13846.txt
13846	13847	hsm/651e90ef_13847.txt
13847	13848	hsm/3cb22668_13848.txt
13848	13849	hsm/7d83a86a_13849.txt
13849	13850	hsm/10d947f5_13850.txt
13850	13851	hsm/7b9d38d2_13851.txt
13851	13852	hsm/41b121bf_13852.txt
13852	13853	hsm/a7d0b28c_13853.txt
13853	13854	hsm/9049ef0a_13854.txt
13854	13855	hsm/213ff355_13855.txt
13855	13856	hsm/cd578303_13856.txt
13856	13857	hsm/72df3c3f_13857.txt
13857	13858	hsm/93bab713_13858.txt
13858	13859	hsm/9618a2b0_13859.txt
13859	13860	hsm/bb751999_13860.txt
13860	13861	hsm/57a02a49_13861.txt
13861	13862	hsm/d5dc4a3b_13862.txt
13862	13863	hsm/69c37fca_13863.txt
13863	13864	hsm/ae6cbde0_13864.txt
13864	13865	hsm/22c38641_13865.txt
13865	13866	hsm/270194b7_13866.txt
13866	13867	hsm/c824a4e8_13867.txt
13867	13868	hsm/5bc24da3_13868.txt
13868	13869	hsm/77b0bb16_13869.txt
13869	13870	hsm/b0db5c77_13870.txt
13870	13871	hsm/be972390_13871.txt
13871	13872	hsm/4f1515d7_13872.txt
13872	13873	hsm/90ae6926_13873.txt
13873	13874	hsm/6b556c30_13874.txt
13874	13875	hsm/7101fcd2_13875.txt
13875	13876	hsm/8ff35e4d_13876.txt
13876	13877	hsm/c908c786_13877.txt
13877	13878	hsm/5ea5f8a9_13878.txt
13878	13879	hsm/053235b6_13879.txt
13879	13880	hsm/c2017268_13880.txt
13880	13881	hsm/61bc39f2_13881.txt
13881	13882	hsm/b3d00ab4_13882.txt
13882	13883	hsm/76e01420_13883.txt
13883	13884	hsm/a3996b72_13884.txt
13884	13885	hsm/1e71f800_13885.txt
13885	13886	hsm/14e7dc19_13886.txt
13886	13887	hsm/679dc6a6_13887.txt
13887	13888	hsm/04f3eaeb_13888.txt
13888	13889	hsm/05bcebc3_13889.txt
13889	13890	hsm/ef354c2f_13890.txt
13890	13891	hsm/33269573_13891.txt
13891	13892	hsm/68ba5222_13892.txt
13892	13893	hsm/18950834_13893.txt
13893	13894	hsm/da9c528e_13894.txt
13894	13895	hsm/72efad40_13895.txt
13895	13896	hsm/cb199222_13896.txt
13896	13897	hsm/58b7c1fc_13897.txt
13897	13898	hsm/cd0aa9c5_13898.txt
13898	13899	hsm/8bea21fa_13899.txt
13899	13900	hsm/11b1566d_13900.txt
13900	13901	hsm/387f1b6c_13901.txt
13901	13902	hsm/f461961f_13902.txt
13902	13903	hsm/7037249e_13903.txt
13903	13904	hsm/9443d86a_13904.txt
13904	13905	hsm/f7a95aa3_13905.txt
13905	13906	hsm/23d16cc8_13906.txt
13906	13907	hsm/549ff690_13907.txt
13907	13908	hsm/55003838_13908.txt
13908	13909	hsm/8edcd0ec_13909.txt
13909	13910	hsm/636df91e_13910.txt
13910	13911	hsm/d5e02b37_13911.txt
13911	13912	hsm/cd05aa6f_13912.txt
13912	13913	hsm/e031faff_13913.txt
13913	13914	hsm/42e735dc_13914.txt
13914	13915	hsm/871845ec_13915.txt
13915	13916	hsm/270e9ab3_13916.txt
13916	13917	hsm/bb7e2227_13917.txt
13917	13918	hsm/d2869ae0_13918.txt
13918	13919	hsm/76bc770d_13919.txt
13919	13920	hsm/63e693f4_13920.txt
13920	13921	hsm/369856e6_13921.txt
13921	13922	hsm/a4afaf2d_13922.txt
13922	13923	hsm/be3a7e73_13923.txt
13923	13924	hsm/37669a79_13924.txt
13924	13925	hsm/b1cf99a5_13925.txt
13925	13926	hsm/e4b22d68_13926.txt
13926	13927	hsm/00306ec0_13927.txt
13927	13928	hsm/9f74bc22_13928.txt
13928	13929	hsm/fc588458_13929.txt
13929	13930	hsm/f40040f5_13930.txt
13930	13931	hsm/209fa676_13931.txt
13931	13932	hsm/29d43f6b_13932.txt
13932	13933	hsm/8140cae7_13933.txt
13933	13934	hsm/004cfcc9_13934.txt
13934	13935	hsm/8f01b8c3_13935.txt
13935	13936	hsm/2dc658cf_13936.txt
13936	13937	hsm/5e6e2afc_13937.txt
13937	13938	hsm/f39bd9f7_13938.txt
13938	13939	hsm/c783a193_13939.txt
13939	13940	hsm/8dc7da06_13940.txt
13940	13941	hsm/799fb5ea_13941.txt
13941	13942	hsm/578c7546_13942.txt
13942	13943	hsm/22af4ebd_13943.txt
13943	13944	hsm/a5a1ac4f_13944.txt
13944	13945	hsm/f980d009_13945.txt
13945	13946	hsm/b78ba7c4_13946.txt
13946	13947	hsm/7a20b412_13947.txt
13947	13948	hsm/2950f84b_13948.txt
13948	13949	hsm/826799f1_13949.txt
13949	13950	hsm/13e7c7fb_13950.txt
13950	13951	hsm/50236dc6_13951.txt
13951	13952	hsm/c238d2d0_13952.txt
13952	13953	hsm/b25c963c_13953.txt
13953	13954	hsm/9d676ba3_13954.txt
13954	13955	hsm/bab8c0bc_13955.txt
13955	13956	hsm/be21d5c9_13956.txt
13956	13957	hsm/b2e4a147_13957.txt
13957	13958	hsm/21fcf94b_13958.txt
13958	13959	hsm/587116eb_13959.txt
13959	13960	hsm/e902b8f6_13960.txt
13960	13961	hsm/3b6b0b6a_13961.txt
13961	13962	hsm/bc9c1769_13962.txt
13962	13963	hsm/e01da077_13963.txt
13963	13964	hsm/3e51fa63_13964.txt
13964	13965	hsm/c742d0c8_13965.txt
13965	13966	hsm/3788df51_13966.txt
13966	13967	hsm/e06bd2aa_13967.txt
13967	13968	hsm/7a4e6098_13968.txt
13968	13969	hsm/b90c7723_13969.txt
13969	13970	hsm/0075e79f_13970.txt
13970	13971	hsm/42bf747d_13971.txt
13971	13972	hsm/20747ad5_13972.txt
13972	13973	hsm/acd4524f_13973.txt
13973	13974	hsm/3fb6e1b4_13974.txt
13974	13975	hsm/d647f1e6_13975.txt
13975	13976	hsm/5d47587f_13976.txt
13976	13977	hsm/ad832da8_13977.txt
13977	13978	hsm/2b2d7a5f_13978.txt
13978	13979	hsm/4905131c_13979.txt
13979	13980	hsm/0f596f1d_13980.txt
13980	13981	hsm/a72dfe27_13981.txt
13981	13982	hsm/5d02ca44_13982.txt
13982	13983	hsm/44240176_13983.txt
13983	13984	hsm/de71812c_13984.txt
13984	13985	hsm/02615e00_13985.txt
13985	13986	hsm/40d1ff7f_13986.txt
13986	13987	hsm/5e63e4b4_13987.txt
13987	13988	hsm/1b31e96e_13988.txt
13988	13989	hsm/7a759a98_13989.txt
13989	13990	hsm/75f93e30_13990.txt
13990	13991	hsm/f5df8392_13991.txt
13991	13992	hsm/d47c495e_13992.txt
13992	13993	hsm/2eacb133_13993.txt
13993	13994	hsm/c21ccfe9_13994.txt
13994	13995	hsm/40de3dc9_13995.txt
13995	13996	hsm/c2c9765a_13996.txt
13996	13997	hsm/51002afc_13997.txt
13997	13998	hsm/9733d86b_13998.txt
13998	13999	hsm/8b5fb932_13999.txt
13999	14000	hsm/cee82105_14000.txt
14000	14001	hsm/f8859ab8_14001.txt
14001	14002	hsm/22c87c0f_14002.txt
14002	14003	hsm/5e935bfa_14003.txt
14003	14004	hsm/effa93ad_14004.txt
14004	14005	hsm/1bf97d8e_14005.txt
14005	14006	hsm/e50ac155_14006.txt
14006	14007	hsm/b9ad7a93_14007.txt
14007	14008	hsm/80527490_14008.txt
14008	14009	hsm/e4b05154_14009.txt
14009	14010	hsm/4e147056_14010.txt
14010	14011	hsm/5a8c3e06_14011.txt
14011	14012	hsm/369c0e1c_14012.txt
14012	14013	hsm/49e7b7c2_14013.txt
14013	14014	hsm/9100e310_14014.txt
14014	14015	hsm/f605d29e_14015.txt
14015	14016	hsm/7aa4d0b3_14016.txt
14016	14017	hsm/947c2d67_14017.txt
14017	14018	hsm/6cdf5913_14018.txt
14018	14019	hsm/37d5a301_14019.txt
14019	14020	hsm/b9f4d218_14020.txt
14020	14021	hsm/158fc1b0_14021.txt
14021	14022	hsm/4fa5ea95_14022.txt
14022	14023	hsm/0122a91f_14023.txt
14023	14024	hsm/9f085a3e_14024.txt
14024	14025	hsm/2efb53fc_14025.txt
14025	14026	hsm/56a10884_14026.txt
14026	14027	hsm/53e1c2a7_14027.txt
14027	14028	hsm/2c6b93a4_14028.txt
14028	14029	hsm/6e3dd1db_14029.txt
14029	14030	hsm/3567d3be_14030.txt
14030	14031	hsm/39eaaecc_14031.txt
14031	14032	hsm/257fd2e6_14032.txt
14032	14033	hsm/112bbbbf_14033.txt
14033	14034	hsm/57bbaafe_14034.txt
14034	14035	hsm/7f6cdf42_14035.txt
14035	14036	hsm/25b58bab_14036.txt
14036	14037	hsm/dc21baef_14037.txt
14037	14038	hsm/f2d62244_14038.txt
14038	14039	hsm/b89635cf_14039.txt
14039	14040	hsm/179da232_14040.txt
14040	14041	hsm/d04525c5_14041.txt
14041	14042	hsm/1c68449b_14042.txt
14042	14043	hsm/7f3e6bd9_14043.txt
14043	14044	hsm/631f6a7e_14044.txt
14044	14045	hsm/df69d14b_14045.txt
14045	14046	hsm/1a296cb0_14046.txt
14046	14047	hsm/90ec1d5c_14047.txt
14047	14048	hsm/f6695d7e_14048.txt
14048	14049	hsm/e2a3de7c_14049.txt
14049	14050	hsm/e989b37e_14050.txt
14050	14051	hsm/b633ac20_14051.txt
14051	14052	hsm/0e448b5d_14052.txt
14052	14053	hsm/0ac203bc_14053.txt
14053	14054	hsm/44460c9e_14054.txt
14054	14055	hsm/d9ee5fdf_14055.txt
14055	14056	hsm/703928e1_14056.txt
14056	14057	hsm/9461bec1_14057.txt
14057	14058	hsm/902b5f76_14058.txt
14058	14059	hsm/0bad2939_14059.txt
14059	14060	hsm/d50d25b7_14060.txt
14060	14061	hsm/7c41c6a1_14061.txt
14061	14062	hsm/a8473495_14062.txt
14062	14063	hsm/555c48c3_14063.txt
14063	14064	hsm/555c48c3_14064.txt
14064	14065	hsm/983c87bf_14065.txt
14065	14066	hsm/7df61d16_14066.txt
14066	14067	hsm/be502dde_14067.txt
14067	14068	hsm/34ec8d11_14068.txt
14068	14069	hsm/52db23a3_14069.txt
14069	14070	hsm/2e2afd91_14070.txt
14070	14071	hsm/498bbd58_14071.txt
14071	14072	hsm/d79e653f_14072.txt
14072	14073	hsm/dd30d663_14073.txt
14073	14074	hsm/1fab3125_14074.txt
14074	14075	hsm/3d9cd005_14075.txt
14075	14076	hsm/5e8a02ec_14076.txt
14076	14077	hsm/ed9b4edf_14077.txt
14077	14078	hsm/1850845c_14078.txt
14078	14079	hsm/c5356136_14079.txt
14079	14080	hsm/ce8ed2d6_14080.txt
14080	14081	hsm/0404932c_14081.txt
14081	14082	hsm/5b26fb70_14082.txt
14082	14083	hsm/3f3047bd_14083.txt
14083	14084	hsm/de71ab67_14084.txt
14084	14085	hsm/d64afbd2_14085.txt
14085	14086	hsm/952b6168_14086.txt
14086	14087	hsm/8947e015_14087.txt
14087	14088	hsm/9f334493_14088.txt
14088	14089	hsm/7908422e_14089.txt
14089	14090	hsm/ba9e5edc_14090.txt
14090	14091	hsm/a2ede41a_14091.txt
14091	14092	hsm/e1a1df96_14092.txt
14092	14093	hsm/c893aa0c_14093.txt
14093	14094	hsm/135a1d64_14094.txt
14094	14095	hsm/64426be2_14095.txt
14095	14096	hsm/3cdcb4c0_14096.txt
14096	14097	hsm/3bce07d0_14097.txt
14097	14098	hsm/86a646cf_14098.txt
14098	14099	hsm/0a1185fd_14099.txt
14099	14100	hsm/3cc8184b_14100.txt
14100	14101	hsm/5394ce0d_14101.txt
14101	14102	hsm/7edcfb73_14102.txt
14102	14103	hsm/ad1bebfa_14103.txt
14103	14104	hsm/846bf763_14104.txt
14104	14105	hsm/2312d23d_14105.txt
14105	14106	hsm/6994287f_14106.txt
14106	14107	hsm/e2711a1a_14107.txt
14107	14108	hsm/2ac095de_14108.txt
14108	14109	hsm/8875b7bd_14109.txt
14109	14110	hsm/7f40f50e_14110.txt
14110	14111	hsm/9b7f696b_14111.txt
14111	14112	hsm/386c8e2d_14112.txt
14112	14113	hsm/b6946736_14113.txt
14113	14114	hsm/6fc29de9_14114.txt
14114	14115	hsm/a36a6816_14115.txt
14115	14116	hsm/57ec2f13_14116.txt
14116	14117	hsm/8f8a8084_14117.txt
14117	14118	hsm/987b95d5_14118.txt
14118	14119	hsm/4c38b093_14119.txt
14119	14120	hsm/c802aab2_14120.txt
14120	14121	hsm/e2fba092_14121.txt
14121	14122	hsm/ddb5e2d1_14122.txt
14122	14123	hsm/4b4bb689_14123.txt
14123	14124	hsm/95bcc3a6_14124.txt
14124	14125	hsm/b48ea981_14125.txt
14125	14126	hsm/a88104ef_14126.txt
14126	14127	hsm/71afa4bb_14127.txt
14127	14128	hsm/4a4f3797_14128.txt
14128	14129	hsm/96578869_14129.txt
14129	14130	hsm/cabc41fa_14130.txt
14130	14131	hsm/c43b7c03_14131.txt
14131	14132	hsm/565298a3_14132.txt
14132	14133	hsm/3f2bd2e5_14133.txt
14133	14134	hsm/d614f146_14134.txt
14134	14135	hsm/c8e852c1_14135.txt
14135	14136	hsm/9e98d090_14136.txt
14136	14137	hsm/1e5a5913_14137.txt
14137	14138	hsm/68e593d9_14138.txt
14138	14139	hsm/fe2f9c08_14139.txt
14139	14140	hsm/b0b46d30_14140.txt
14140	14141	hsm/e87aebd7_14141.txt
14141	14142	hsm/db9c75b7_14142.txt
14142	14143	hsm/141cfe8c_14143.txt
14143	14144	hsm/93a12040_14144.txt
14144	14145	hsm/f04cb1df_14145.txt
14145	14146	hsm/d3f9e075_14146.txt
14146	14147	hsm/539b99dc_14147.txt
14147	14148	hsm/be417527_14148.txt
14148	14149	hsm/01529b10_14149.txt
14149	14150	hsm/665643cf_14150.txt
14150	14151	hsm/5e80c8b2_14151.txt
14151	14152	hsm/00ef7237_14152.txt
14152	14153	hsm/0ca0d7a3_14153.txt
14153	14154	hsm/2f5af015_14154.txt
14154	14155	hsm/5aee365a_14155.txt
14155	14156	hsm/4e00927f_14156.txt
14156	14157	hsm/1dadabf0_14157.txt
14157	14158	hsm/cc9f1517_14158.txt
14158	14159	hsm/7da3b36b_14159.txt
14159	14160	hsm/fce8bf27_14160.txt
14160	14161	hsm/920dd266_14161.txt
14161	14162	hsm/aae1193b_14162.txt
14162	14163	hsm/e2a72487_14163.txt
14163	14164	hsm/6198899e_14164.txt
14164	14165	hsm/5f27158b_14165.txt
14165	14166	hsm/00b7aeb7_14166.txt
14166	14167	hsm/d824ab7f_14167.txt
14167	14168	hsm/b7782b02_14168.txt
14168	14169	hsm/1220b132_14169.txt
14169	14170	hsm/06694a46_14170.txt
14170	14171	hsm/69a9b0b9_14171.txt
14171	14172	hsm/c7307708_14172.txt
14172	14173	hsm/7a8a77fc_14173.txt
14173	14174	hsm/88cc68dd_14174.txt
14174	14175	hsm/002e466c_14175.txt
14175	14176	hsm/a27d41a2_14176.txt
14176	14177	hsm/085d55c1_14177.txt
14177	14178	hsm/f93d308e_14178.txt
14178	14179	hsm/06f9b284_14179.txt
14179	14180	hsm/eb94c8de_14180.txt
14180	14181	hsm/bf2540a7_14181.txt
14181	14182	hsm/e684d52a_14182.txt
14182	14183	hsm/532dc4c6_14183.txt
14183	14184	hsm/4b926468_14184.txt
14184	14185	hsm/2e7bad11_14185.txt
14185	14186	hsm/99fb92b3_14186.txt
14186	14187	hsm/e31e6a9c_14187.txt
14187	14188	hsm/6ede2b47_14188.txt
14188	14189	hsm/f3fa386e_14189.txt
14189	14190	hsm/57086cf3_14190.txt
14190	14191	hsm/1bf97d8e_14191.txt
14191	14192	hsm/e50ac155_14192.txt
14192	14193	hsm/b9ad7a93_14193.txt
14193	14194	hsm/d0217dfc_14194.txt
14194	14195	hsm/abbbdbd8_14195.txt
14195	14196	hsm/07e8f206_14196.txt
14196	14197	hsm/8b4962cb_14197.txt
14197	14198	hsm/a5280ab0_14198.txt
14198	14199	hsm/d9b0054a_14199.txt
14199	14200	hsm/31eca590_14200.txt
14200	14201	hsm/4aa5ab00_14201.txt
14201	14202	hsm/bc3e2643_14202.txt
14202	14203	hsm/014d63cb_14203.txt
14203	14204	hsm/b83c2059_14204.txt
14204	14205	hsm/feb33bc9_14205.txt
14205	14206	hsm/876b38c2_14206.txt
14206	14207	hsm/2c61e2c9_14207.txt
14207	14208	hsm/2fa35cce_14208.txt
14208	14209	hsm/8f45cb8b_14209.txt
14209	14210	hsm/38d70f48_14210.txt
14210	14211	hsm/0c73e32e_14211.txt
14211	14212	hsm/c0e034e3_14212.txt
14212	14213	hsm/ef4a8347_14213.txt
14213	14214	hsm/9c88a13c_14214.txt
14214	14215	hsm/54e84bfa_14215.txt
14215	14216	hsm/51aaeaf2_14216.txt
14216	14217	hsm/bdfd46b2_14217.txt
14217	14218	hsm/2e9f55bf_14218.txt
14218	14219	hsm/897ae814_14219.txt
14219	14220	hsm/fe2147d9_14220.txt
14220	14221	hsm/75383c0d_14221.txt
14221	14222	hsm/c5cf0efc_14222.txt
14222	14223	hsm/244a4512_14223.txt
14223	14224	hsm/f87d3b5b_14224.txt
14224	14225	hsm/7ed1a89f_14225.txt
14225	14226	hsm/db9ec2c0_14226.txt
14226	14227	hsm/11dea429_14227.txt
14227	14228	hsm/28161126_14228.txt
14228	14229	hsm/c29a80df_14229.txt
14229	14230	hsm/966ddcb3_14230.txt
14230	14231	hsm/345711b0_14231.txt
14231	14232	hsm/2c11416f_14232.txt
14232	14233	hsm/58d08bb3_14233.txt
14233	14234	hsm/4e8f1783_14234.txt
14234	14235	hsm/f9d02869_14235.txt
14235	14236	hsm/697fec55_14236.txt
14236	14237	hsm/65d35cb3_14237.txt
14237	14238	hsm/2b466518_14238.txt
14238	14239	hsm/ebf3ed36_14239.txt
14239	14240	hsm/60587730_14240.txt
14240	14241	hsm/c4c2110e_14241.txt
14241	14242	hsm/90d4636c_14242.txt
14242	14243	hsm/44b36620_14243.txt
14243	14244	hsm/d1ba14f9_14244.txt
14244	14245	hsm/e5d8c5f5_14245.txt
14245	14246	hsm/e5d154c3_14246.txt
14246	14247	hsm/43310cbf_14247.txt
14247	14248	hsm/1a8824e0_14248.txt
14248	14249	hsm/f2309437_14249.txt
14249	14250	hsm/35f44363_14250.txt
14250	14251	hsm/5366b765_14251.txt
14251	14252	hsm/28f4db07_14252.txt
14252	14253	hsm/26e6c7a4_14253.txt
14253	14254	hsm/0842f218_14254.txt
14254	14255	hsm/6900e747_14255.txt
14255	14256	hsm/b0d59001_14256.txt
14256	14257	hsm/c4f6dd63_14257.txt
14257	14258	hsm/aa5b0b7c_14258.txt
14258	14259	hsm/e4e6203c_14259.txt
14259	14260	hsm/53ee9528_14260.txt
14260	14261	hsm/96644940_14261.txt
14261	14262	hsm/74c25212_14262.txt
14262	14263	hsm/e684d52a_14263.txt
14263	14264	hsm/f4bfa0fd_14264.txt
14264	14265	hsm/b48508de_14265.txt
14265	14266	hsm/70ffdcdd_14266.txt
14266	14267	hsm/3bc18ea5_14267.txt
14267	14268	hsm/cad19de8_14268.txt
14268	14269	hsm/732f93cb_14269.txt
14269	14270	hsm/e684d52a_14270.txt
14270	14271	hsm/79a2c7fa_14271.txt
14271	14272	hsm/741e9238_14272.txt
14272	14273	hsm/e2c8150a_14273.txt
14273	14274	hsm/e3f6d9ad_14274.txt
14274	14275	hsm/d4ec2dcc_14275.txt
14275	14276	hsm/00b15d94_14276.txt
14276	14277	hsm/0b44cf45_14277.txt
14277	14278	hsm/897a32b5_14278.txt
14278	14279	hsm/1c51c1c4_14279.txt
14279	14280	hsm/1b37a682_14280.txt
14280	14281	hsm/f30709c1_14281.txt
14281	14282	hsm/fea1a800_14282.txt
14282	14283	hsm/1ef4b396_14283.txt
14283	14284	hsm/231038a5_14284.txt
14284	14285	hsm/231038a5_14285.txt
14285	14286	hsm/b374e8d6_14286.txt
14286	14287	hsm/3740b033_14287.txt
14287	14288	hsm/ca0833ab_14288.txt
14288	14289	hsm/f3da1488_14289.txt
14289	14290	hsm/ab559a13_14290.txt
14290	14291	hsm/8cd26180_14291.txt
14291	14292	hsm/34cb2c46_14292.txt
14292	14293	hsm/434e8a53_14293.txt
14293	14294	hsm/07e9dfc7_14294.txt
14294	14295	hsm/22a3ac97_14295.txt
14295	14296	hsm/a61c18d2_14296.txt
14296	14297	hsm/c638160d_14297.txt
14297	14298	hsm/be9ea0db_14298.txt
14298	14299	hsm/cafc0b39_14299.txt
14299	14300	hsm/216e28ce_14300.txt
14300	14301	hsm/1b5d519d_14301.txt
14301	14302	hsm/31442aad_14302.txt
14302	14303	hsm/d12e96a6_14303.txt
14303	14304	hsm/003a02a4_14304.txt
14304	14305	hsm/1e27a66f_14305.txt
14305	14306	hsm/1c9ef78c_14306.txt
14306	14307	hsm/70080e03_14307.txt
14307	14308	hsm/7db7348d_14308.txt
14308	14309	hsm/2905ddd7_14309.txt
14309	14310	hsm/9396a5c0_14310.txt
14310	14311	hsm/4ceda997_14311.txt
14311	14312	hsm/36b81dfb_14312.txt
14312	14313	hsm/a86d5c8b_14313.txt
14313	14314	hsm/3c5c3e21_14314.txt
14314	14315	hsm/b4209a86_14315.txt
14315	14316	hsm/6f437270_14316.txt
14316	14317	hsm/5ab33780_14317.txt
14317	14318	hsm/845af80f_14318.txt
14318	14319	hsm/db2e8cc6_14319.txt
14319	14320	hsm/a933f649_14320.txt
14320	14321	hsm/5766afa5_14321.txt
14321	14322	hsm/9dc093fb_14322.txt
14322	14323	hsm/c91e7003_14323.txt
14323	14324	hsm/eb295d5b_14324.txt
14324	14325	hsm/b3e4f868_14325.txt
14325	14326	hsm/1da3bb3e_14326.txt
14326	14327	hsm/cacb1bf8_14327.txt
14327	14328	hsm/ce71a086_14328.txt
14328	14329	hsm/aa26e021_14329.txt
14329	14330	hsm/ca314901_14330.txt
14330	14331	hsm/6b7bf35e_14331.txt
14331	14332	hsm/0d4369a2_14332.txt
14332	14333	hsm/81902514_14333.txt
14333	14334	hsm/57d8fe88_14334.txt
14334	14335	hsm/9ac7eaa0_14335.txt
14335	14336	hsm/e05b2b62_14336.txt
14336	14337	hsm/ff09d212_14337.txt
14337	14338	hsm/5f1b47bf_14338.txt
14338	14339	hsm/fe4d1600_14339.txt
14339	14340	hsm/0276782b_14340.txt
14340	14341	hsm/2d233db0_14341.txt
14341	14342	hsm/01874a1b_14342.txt
14342	14343	hsm/b7727495_14343.txt
14343	14344	hsm/7bd19a94_14344.txt
14344	14345	hsm/0649c95f_14345.txt
14345	14346	hsm/a120694c_14346.txt
14346	14347	hsm/d0862f91_14347.txt
14347	14348	hsm/900e184b_14348.txt
14348	14349	hsm/a7885afd_14349.txt
14349	14350	hsm/f21e1a8b_14350.txt
14350	14351	hsm/b102054f_14351.txt
14351	14352	hsm/4691fb30_14352.txt
14352	14353	hsm/0da2dcab_14353.txt
14353	14354	hsm/976929d1_14354.txt
14354	14355	hsm/641c83ba_14355.txt
14355	14356	hsm/ad47a1b4_14356.txt
14356	14357	hsm/aeb4d1d1_14357.txt
14357	14358	hsm/d710768d_14358.txt
14358	14359	hsm/0148d2f2_14359.txt
14359	14360	hsm/4b6de2e6_14360.txt
14360	14361	hsm/0d9b6081_14361.txt
14361	14362	hsm/58a2693e_14362.txt
14362	14363	hsm/8df9382b_14363.txt
14363	14364	hsm/bdc52a38_14364.txt
14364	14365	hsm/78af8f91_14365.txt
14365	14366	hsm/57b5ff0d_14366.txt
14366	14367	hsm/770450e0_14367.txt
14367	14368	hsm/4aa02dc1_14368.txt
14368	14369	hsm/d22b3f1b_14369.txt
14369	14370	hsm/846e26fc_14370.txt
14370	14371	hsm/f1e525cf_14371.txt
14371	14372	hsm/adf6a26f_14372.txt
14372	14373	hsm/8488ab47_14373.txt
14373	14374	hsm/95ee506a_14374.txt
14374	14375	hsm/87fd8c78_14375.txt
14375	14376	hsm/65344a53_14376.txt
14376	14377	hsm/790372aa_14377.txt
14377	14378	hsm/6b98a027_14378.txt
14378	14379	hsm/4363530e_14379.txt
14379	14380	hsm/b1162542_14380.txt
14380	14381	hsm/f48c13f7_14381.txt
14381	14382	hsm/854f9ab5_14382.txt
14382	14383	hsm/e3040e4c_14383.txt
14383	14384	hsm/c3e1c58c_14384.txt
14384	14385	hsm/e91b5cc7_14385.txt
14385	14386	hsm/68434872_14386.txt
14386	14387	hsm/d946d1a9_14387.txt
14387	14388	hsm/20274563_14388.txt
14388	14389	hsm/151fed0c_14389.txt
14389	14390	hsm/8dc59847_14390.txt
14390	14391	hsm/e40d4ae2_14391.txt
14391	14392	hsm/901ffbf4_14392.txt
14392	14393	hsm/4d2a1a5c_14393.txt
14393	14394	hsm/da1d97ab_14394.txt
14394	14395	hsm/c2b783ab_14395.txt
14395	14396	hsm/f417aa41_14396.txt
14396	14397	hsm/26abcc69_14397.txt
14397	14398	hsm/6f25aae8_14398.txt
14398	14399	hsm/486753fe_14399.txt
14399	14400	hsm/87ab934d_14400.txt
14400	14401	hsm/1783e060_14401.txt
14401	14402	hsm/98e17730_14402.txt
14402	14403	hsm/7829de00_14403.txt
14403	14404	hsm/f2a059de_14404.txt
14404	14405	hsm/01198f5c_14405.txt
14405	14406	hsm/60aaaa24_14406.txt
14406	14407	hsm/3441c4b3_14407.txt
14407	14408	hsm/bfd2b36b_14408.txt
14408	14409	hsm/45853ff9_14409.txt
14409	14410	hsm/5305be37_14410.txt
14410	14411	hsm/61d44d81_14411.txt
14411	14412	hsm/8c2d5e0a_14412.txt
14412	14413	hsm/1076a651_14413.txt
14413	14414	hsm/820573f2_14414.txt
14414	14415	hsm/d6031334_14415.txt
14415	14416	hsm/c23ab38b_14416.txt
14416	14417	hsm/573ac019_14417.txt
14417	14418	hsm/f8e3e468_14418.txt
14418	14419	hsm/f06064a2_14419.txt
14419	14420	hsm/7a63984f_14420.txt
14420	14421	hsm/a9f72d6a_14421.txt
14421	14422	hsm/bd0a0583_14422.txt
14422	14423	hsm/1df4e696_14423.txt
14423	14424	hsm/20b7fdf7_14424.txt
14424	14425	hsm/32983b2d_14425.txt
14425	14426	hsm/a339d34d_14426.txt
14426	14427	hsm/01aa4c34_14427.txt
14427	14428	hsm/de7c7195_14428.txt
14428	14429	hsm/456643f7_14429.txt
14429	14430	hsm/a0bcd4b8_14430.txt
14430	14431	hsm/833c7aa3_14431.txt
14431	14432	hsm/117b4dbf_14432.txt
14432	14433	hsm/f7a51157_14433.txt
14433	14434	hsm/bf30bfc9_14434.txt
14434	14435	hsm/cb387b54_14435.txt
14435	14436	hsm/1eb04bcb_14436.txt
14436	14437	hsm/9147223a_14437.txt
14437	14438	hsm/9688c97b_14438.txt
14438	14439	hsm/7075b634_14439.txt
14439	14440	hsm/1b99c7c2_14440.txt
14440	14441	hsm/0db2df96_14441.txt
14441	14442	hsm/7a87917b_14442.txt
14442	14443	hsm/93e4d470_14443.txt
14443	14444	hsm/212d3258_14444.txt
14444	14445	hsm/90c753f2_14445.txt
14445	14446	hsm/f2461c15_14446.txt
14446	14447	hsm/ffa5f56b_14447.txt
14447	14448	hsm/591e33fb_14448.txt
14448	14449	hsm/008c668f_14449.txt
14449	14450	hsm/6b1abf14_14450.txt
14450	14451	hsm/921ad76b_14451.txt
14451	14452	hsm/8ba5dc2f_14452.txt
14452	14453	hsm/26b6671b_14453.txt
14453	14454	hsm/49b22072_14454.txt
14454	14455	hsm/e5b09549_14455.txt
14455	14456	hsm/74426a17_14456.txt
14456	14457	hsm/b3d46e5a_14457.txt
14457	14458	hsm/c8e8a346_14458.txt
14458	14459	hsm/3487ef2b_14459.txt
14459	14460	hsm/0d6adfd5_14460.txt
14460	14461	hsm/13112351_14461.txt
14461	14462	hsm/761cc92a_14462.txt
14462	14463	hsm/c1b1ccc7_14463.txt
14463	14464	hsm/3b1569bd_14464.txt
14464	14465	hsm/9f9b6dc8_14465.txt
14465	14466	hsm/ed120fc4_14466.txt
14466	14467	hsm/918c1362_14467.txt
14467	14468	hsm/18aa77d3_14468.txt
14468	14469	hsm/b55a9893_14469.txt
14469	14470	hsm/3507bfc6_14470.txt
14470	14471	hsm/1bd878ed_14471.txt
14471	14472	hsm/4ccb0360_14472.txt
14472	14473	hsm/626f4de0_14473.txt
14473	14474	hsm/ea02da4c_14474.txt
14474	14475	hsm/17bb2ecc_14475.txt
14475	14476	hsm/47e12923_14476.txt
14476	14477	hsm/4192a03d_14477.txt
14477	14478	hsm/c6759deb_14478.txt
14478	14479	hsm/01ca844d_14479.txt
14479	14480	hsm/2f3f54b4_14480.txt
14480	14481	hsm/a89a5775_14481.txt
14481	14482	hsm/4573de7f_14482.txt
14482	14483	hsm/fe8cfe62_14483.txt
14483	14484	hsm/d88f59ad_14484.txt
14484	14485	hsm/25530de3_14485.txt
14485	14486	hsm/ffa23d68_14486.txt
14486	14487	hsm/b242d6e4_14487.txt
14487	14488	hsm/8eca5b87_14488.txt
14488	14489	hsm/5207165b_14489.txt
14489	14490	hsm/43652a1c_14490.txt
14490	14491	hsm/6b7178ce_14491.txt
14491	14492	hsm/06327b74_14492.txt
14492	14493	hsm/928edb31_14493.txt
14493	14494	hsm/326f2a4f_14494.txt
14494	14495	hsm/06067579_14495.txt
14495	14496	hsm/45772bb5_14496.txt
14496	14497	hsm/6fac336b_14497.txt
14497	14498	hsm/3673af95_14498.txt
14498	14499	hsm/18f70726_14499.txt
14499	14500	hsm/a05cf40b_14500.txt
14500	14501	hsm/68fba1ee_14501.txt
14501	14502	hsm/8c1b75c0_14502.txt
14502	14503	hsm/7d0ea421_14503.txt
14503	14504	hsm/5601937d_14504.txt
14504	14505	hsm/de4b65ef_14505.txt
14505	14506	hsm/c11d4341_14506.txt
14506	14507	hsm/b9b4a0f1_14507.txt
14507	14508	hsm/05eb93ee_14508.txt
14508	14509	hsm/3ef76c53_14509.txt
14509	14510	hsm/674c76ad_14510.txt
14510	14511	hsm/2434affc_14511.txt
14511	14512	hsm/6fbc1f3d_14512.txt
14512	14513	hsm/111244dc_14513.txt
14513	14514	hsm/487bd150_14514.txt
14514	14515	hsm/2c847b62_14515.txt
14515	14516	hsm/6d8ead06_14516.txt
14516	14517	hsm/ce5d3740_14517.txt
14517	14518	hsm/b52b1eb8_14518.txt
14518	14519	hsm/1f376984_14519.txt
14519	14520	hsm/3a2e1bbf_14520.txt
14520	14521	hsm/3b36ef42_14521.txt
14521	14522	hsm/89826544_14522.txt
14522	14523	hsm/24087628_14523.txt
14523	14524	hsm/acb1679f_14524.txt
14524	14525	hsm/f8bfd4b8_14525.txt
14525	14526	hsm/cc6a368e_14526.txt
14526	14527	hsm/4bf78aaa_14527.txt
14527	14528	hsm/66631af0_14528.txt
14528	14529	hsm/34475ffe_14529.txt
14529	14530	hsm/28134784_14530.txt
14530	14531	hsm/516f871e_14531.txt
14531	14532	hsm/eaa1d6e8_14532.txt
14532	14533	hsm/bb4ceaa1_14533.txt
14533	14534	hsm/8e2e0bf7_14534.txt
14534	14535	hsm/d42e87bf_14535.txt
14535	14536	hsm/63afc233_14536.txt
14536	14537	hsm/f484549e_14537.txt
14537	14538	hsm/8af1667d_14538.txt
14538	14539	hsm/4c4bcacf_14539.txt
14539	14540	hsm/da297324_14540.txt
14540	14541	hsm/1e48110a_14541.txt
14541	14542	hsm/2b04e64d_14542.txt
14542	14543	hsm/a2a27ab7_14543.txt
14543	14544	hsm/a929466d_14544.txt
14544	14545	hsm/7288d816_14545.txt
14545	14546	hsm/88ee30ea_14546.txt
14546	14547	hsm/5c075020_14547.txt
14547	14548	hsm/b296509f_14548.txt
14548	14549	hsm/0db60c60_14549.txt
14549	14550	hsm/342ad4e1_14550.txt
14550	14551	hsm/8904fe72_14551.txt
14551	14552	hsm/01e1e2aa_14552.txt
14552	14553	hsm/3e4bbc92_14553.txt
14553	14554	hsm/115a629e_14554.txt
14554	14555	hsm/89df5448_14555.txt
14555	14556	hsm/e3756c9f_14556.txt
14556	14557	hsm/f4241928_14557.txt
14557	14558	hsm/78ba3e12_14558.txt
14558	14559	hsm/00a59a63_14559.txt
14559	14560	hsm/0d9bd937_14560.txt
14560	14561	hsm/f45bce06_14561.txt
14561	14562	hsm/ba47c1fe_14562.txt
14562	14563	hsm/38e6306c_14563.txt
14563	14564	hsm/a8b09332_14564.txt
14564	14565	hsm/2e15ab4a_14565.txt
14565	14566	hsm/ada11007_14566.txt
14566	14567	hsm/9e48bbc5_14567.txt
14567	14568	hsm/8d2e016c_14568.txt
14568	14569	hsm/337f583b_14569.txt
14569	14570	hsm/c6147833_14570.txt
14570	14571	hsm/53286f3e_14571.txt
14571	14572	hsm/57700de8_14572.txt
14572	14573	hsm/35840d79_14573.txt
14573	14574	hsm/951b5003_14574.txt
14574	14575	hsm/83fe4ba1_14575.txt
14575	14576	hsm/ccedcd6c_14576.txt
14576	14577	hsm/6cec01cf_14577.txt
14577	14578	hsm/fe390568_14578.txt
14578	14579	hsm/9dc4bf4b_14579.txt
14579	14580	hsm/af58beca_14580.txt
14580	14581	hsm/85a0ea92_14581.txt
14581	14582	hsm/2c767e7b_14582.txt
14582	14583	hsm/ecb9a2a6_14583.txt
14583	14584	hsm/ab31578b_14584.txt
14584	14585	hsm/62eb9d65_14585.txt
14585	14586	hsm/020b6f9b_14586.txt
14586	14587	hsm/ebfc9069_14587.txt
14587	14588	hsm/6f2cf836_14588.txt
14588	14589	hsm/8acec790_14589.txt
14589	14590	hsm/3fa18442_14590.txt
14590	14591	hsm/c7a461ee_14591.txt
14591	14592	hsm/ff1b2a20_14592.txt
14592	14593	hsm/246a9c53_14593.txt
14593	14594	hsm/1e684d38_14594.txt
14594	14595	hsm/33020eb5_14595.txt
14595	14596	hsm/1317361a_14596.txt
14596	14597	hsm/80ba9f7f_14597.txt
14597	14598	hsm/cf2ecb03_14598.txt
14598	14599	hsm/9754676b_14599.txt
14599	14600	hsm/66da4fec_14600.txt
14600	14601	hsm/652c1c10_14601.txt
14601	14602	hsm/1851d523_14602.txt
14602	14603	hsm/21c10bdb_14603.txt
14603	14604	hsm/bbe73ba7_14604.txt
14604	14605	hsm/36458a4a_14605.txt
14605	14606	hsm/0a71d019_14606.txt
14606	14607	hsm/1e09ab41_14607.txt
14607	14608	hsm/b525fc78_14608.txt
14608	14609	hsm/ff39de7d_14609.txt
14609	14610	hsm/a05147a4_14610.txt
14610	14611	hsm/1b030be5_14611.txt
14611	14612	hsm/0f028ee2_14612.txt
14612	14613	hsm/a1da05d0_14613.txt
14613	14614	hsm/6eefb881_14614.txt
14614	14615	hsm/3198395e_14615.txt
14615	14616	hsm/5ab9ed49_14616.txt
14616	14617	hsm/2210e2f4_14617.txt
14617	14618	hsm/aa0293e6_14618.txt
14618	14619	hsm/ebefd850_14619.txt
14619	14620	hsm/c0c62259_14620.txt
14620	14621	hsm/e9677dc7_14621.txt
14621	14622	hsm/0745f51f_14622.txt
14622	14623	hsm/b426b493_14623.txt
14623	14624	hsm/efeaa304_14624.txt
14624	14625	hsm/6af35531_14625.txt
14625	14626	hsm/a3b32edf_14626.txt
14626	14627	hsm/45457128_14627.txt
14627	14628	hsm/1924bbd9_14628.txt
14628	14629	hsm/22d6e5ba_14629.txt
14629	14630	hsm/f1b3d645_14630.txt
14630	14631	hsm/6ebae2ae_14631.txt
14631	14632	hsm/f41052a9_14632.txt
14632	14633	hsm/832f0be3_14633.txt
14633	14634	hsm/f095d3f0_14634.txt
14634	14635	hsm/66df7e4d_14635.txt
14635	14636	hsm/4be56f38_14636.txt
14636	14637	hsm/7c0c5b2e_14637.txt
14637	14638	hsm/2391e9ee_14638.txt
14638	14639	hsm/a2746b1d_14639.txt
14639	14640	hsm/843c66f4_14640.txt
14640	14641	hsm/b968506d_14641.txt
14641	14642	hsm/42319565_14642.txt
14642	14643	hsm/3f12798a_14643.txt
14643	14644	hsm/a082fe6d_14644.txt
14644	14645	hsm/642728d4_14645.txt
14645	14646	hsm/baf4c004_14646.txt
14646	14647	hsm/00ac8e8b_14647.txt
14647	14648	hsm/494d2d22_14648.txt
14648	14649	hsm/609659c7_14649.txt
14649	14650	hsm/854abc3a_14650.txt
14650	14651	hsm/7a617692_14651.txt
14651	14652	hsm/bcebe346_14652.txt
14652	14653	hsm/b8882831_14653.txt
14653	14654	hsm/b9b55a51_14654.txt
14654	14655	hsm/563eedde_14655.txt
14655	14656	hsm/013ebe0d_14656.txt
14656	14657	hsm/c4222418_14657.txt
14657	14658	hsm/7e6c8c8e_14658.txt
14658	14659	hsm/9f78e520_14659.txt
14659	14660	hsm/9d6344d1_14660.txt
14660	14661	hsm/5d1a17a8_14661.txt
14661	14662	hsm/40cd8ebd_14662.txt
14662	14663	hsm/3c599c6c_14663.txt
14663	14664	hsm/16f7cd42_14664.txt
14664	14665	hsm/347ec294_14665.txt
14665	14666	hsm/946a1b1c_14666.txt
14666	14667	hsm/61002779_14667.txt
14667	14668	hsm/2e09febf_14668.txt
14668	14669	hsm/a64b528d_14669.txt
14669	14670	hsm/687dc6bd_14670.txt
14670	14671	hsm/4350ff3b_14671.txt
14671	14672	hsm/791438ad_14672.txt
14672	14673	hsm/382ec008_14673.txt
14673	14674	hsm/dec948ac_14674.txt
14674	14675	hsm/2307fbbb_14675.txt
14675	14676	hsm/8b65dc44_14676.txt
14676	14677	hsm/ff265ca8_14677.txt
14677	14678	hsm/0d0153be_14678.txt
14678	14679	hsm/433ba584_14679.txt
14679	14680	hsm/9fae9219_14680.txt
14680	14681	hsm/8822a4fb_14681.txt
14681	14682	hsm/4a94226f_14682.txt
14682	14683	hsm/72714080_14683.txt
14683	14684	hsm/26314254_14684.txt
14684	14685	hsm/f12b19fb_14685.txt
14685	14686	hsm/33a7221a_14686.txt
14686	14687	hsm/78c8f736_14687.txt
14687	14688	hsm/cc208b30_14688.txt
14688	14689	hsm/f30ab9ce_14689.txt
14689	14690	hsm/31f49f6d_14690.txt
14690	14691	hsm/bc5cf86e_14691.txt
14691	14692	hsm/dc482655_14692.txt
14692	14693	hsm/2de85d9a_14693.txt
14693	14694	hsm/ee3d6f9e_14694.txt
14694	14695	hsm/987b95d5_14695.txt
14695	14696	hsm/04d69611_14696.txt
14696	14697	hsm/f825149c_14697.txt
14697	14698	hsm/956a22de_14698.txt
14698	14699	hsm/c19b0ff1_14699.txt
14699	14700	hsm/b930788c_14700.txt
14700	14701	hsm/58974414_14701.txt
14701	14702	hsm/68cf715a_14702.txt
14702	14703	hsm/13a72418_14703.txt
14703	14704	hsm/00833fdb_14704.txt
14704	14705	hsm/195e049f_14705.txt
14705	14706	hsm/92f0a27c_14706.txt
14706	14707	hsm/13fb0746_14707.txt
14707	14708	hsm/f7709b80_14708.txt
14708	14709	hsm/4f4ca2bb_14709.txt
14709	14710	hsm/3ed76f48_14710.txt
14710	14711	hsm/c72e1707_14711.txt
14711	14712	hsm/d6893f99_14712.txt
14712	14713	hsm/8afa2542_14713.txt
14713	14714	hsm/1cc9ed52_14714.txt
14714	14715	hsm/254507a0_14715.txt
14715	14716	hsm/f5197a4a_14716.txt
14716	14717	hsm/f70a7575_14717.txt
14717	14718	hsm/b6f824f2_14718.txt
14718	14719	hsm/ddad348c_14719.txt
14719	14720	hsm/d1d0d355_14720.txt
14720	14721	hsm/e9ed5b6c_14721.txt
14721	14722	hsm/7a9d4ace_14722.txt
14722	14723	hsm/fd8f152a_14723.txt
14723	14724	hsm/63abc6a6_14724.txt
14724	14725	hsm/fd8baa6a_14725.txt
14725	14726	hsm/1aa6f1af_14726.txt
14726	14727	hsm/41e08b2c_14727.txt
14727	14728	hsm/4974215b_14728.txt
14728	14729	hsm/009521c7_14729.txt
14729	14730	hsm/2b174438_14730.txt
14730	14731	hsm/1a97b5e5_14731.txt
14731	14732	hsm/6532afa6_14732.txt
14732	14733	hsm/8a480c52_14733.txt
14733	14734	hsm/938463e8_14734.txt
14734	14735	hsm/29226174_14735.txt
14735	14736	hsm/69220637_14736.txt
14736	14737	hsm/03ebb8bf_14737.txt
14737	14738	hsm/daaa776e_14738.txt
14738	14739	hsm/51513ca2_14739.txt
14739	14740	hsm/7dba7728_14740.txt
14740	14741	hsm/60ce273d_14741.txt
14741	14742	hsm/f6b83d1e_14742.txt
14742	14743	hsm/fed5c801_14743.txt
14743	14744	hsm/8fba3e1c_14744.txt
14744	14745	hsm/067c9ddc_14745.txt
14745	14746	hsm/2bae06a8_14746.txt
14746	14747	hsm/507ed214_14747.txt
14747	14748	hsm/672d4591_14748.txt
14748	14749	hsm/258b7789_14749.txt
14749	14750	hsm/b5fda61a_14750.txt
14750	14751	hsm/5475f8dc_14751.txt
14751	14752	hsm/f57f3757_14752.txt
14752	14753	hsm/b81539e5_14753.txt
14753	14754	hsm/bd6608ad_14754.txt
14754	14755	hsm/1b9c5993_14755.txt
14755	14756	hsm/55478a91_14756.txt
14756	14757	hsm/6f6e4ca8_14757.txt
14757	14758	hsm/d5d7305f_14758.txt
14758	14759	hsm/d54880d0_14759.txt
14759	14760	hsm/c241b8ea_14760.txt
14760	14761	hsm/55ea9469_14761.txt
14761	14762	hsm/8a21f0cb_14762.txt
14762	14763	hsm/df701cda_14763.txt
14763	14764	hsm/769b4aab_14764.txt
14764	14765	hsm/b48508de_14765.txt
14765	14766	hsm/42a53323_14766.txt
14766	14767	hsm/e14a8169_14767.txt
14767	14768	hsm/0860a943_14768.txt
14768	14769	hsm/9bb975ff_14769.txt
14769	14770	hsm/eea9ae80_14770.txt
14770	14771	hsm/6e02d4a7_14771.txt
14771	14772	hsm/c0203e34_14772.txt
14772	14773	hsm/d6d6a157_14773.txt
14773	14774	hsm/ae49b910_14774.txt
14774	14775	hsm/ad87f0fd_14775.txt
14775	14776	hsm/451aa974_14776.txt
14776	14777	hsm/835c5ab6_14777.txt
14777	14778	hsm/512607b0_14778.txt
14778	14779	hsm/f3208abd_14779.txt
14779	14780	hsm/1f8cff70_14780.txt
14780	14781	hsm/8b525119_14781.txt
14781	14782	hsm/cb107fe4_14782.txt
14782	14783	hsm/be8f8d8a_14783.txt
14783	14784	hsm/fe122078_14784.txt
14784	14785	hsm/04c79a24_14785.txt
14785	14786	hsm/39c5428c_14786.txt
14786	14787	hsm/2855b535_14787.txt
14787	14788	hsm/c407f71c_14788.txt
14788	14789	hsm/57687b68_14789.txt
14789	14790	hsm/8bb185c8_14790.txt
14790	14791	hsm/62a2a8fb_14791.txt
14791	14792	hsm/599cce46_14792.txt
14792	14793	hsm/5623123f_14793.txt
14793	14794	hsm/86b8e0b8_14794.txt
14794	14795	hsm/1396a439_14795.txt
14795	14796	hsm/52288e34_14796.txt
14796	14797	hsm/62b23f4e_14797.txt
14797	14798	hsm/acd56dea_14798.txt
14798	14799	hsm/8f9acd37_14799.txt
14799	14800	hsm/64216320_14800.txt
14800	14801	hsm/dd63039d_14801.txt
14801	14802	hsm/4332908c_14802.txt
14802	14803	hsm/8e3d79d8_14803.txt
14803	14804	hsm/372120f2_14804.txt
14804	14805	hsm/f0925041_14805.txt
14805	14806	hsm/0c070aa4_14806.txt
14806	14807	hsm/89ad0e30_14807.txt
14807	14808	hsm/5ed06841_14808.txt
14808	14809	hsm/2b8590c9_14809.txt
14809	14810	hsm/7c0cc532_14810.txt
14810	14811	hsm/f5c8e34c_14811.txt
14811	14812	hsm/668a5552_14812.txt
14812	14813	hsm/627ec19f_14813.txt
14813	14814	hsm/6d586bca_14814.txt
14814	14815	hsm/aa1d79fd_14815.txt
14815	14816	hsm/8040c9df_14816.txt
14816	14817	hsm/f44d08da_14817.txt
14817	14818	hsm/db26b79c_14818.txt
14818	14819	hsm/2d7c91b7_14819.txt
14819	14820	hsm/9f0f6e8e_14820.txt
14820	14821	hsm/04d0427d_14821.txt
14821	14822	hsm/ca262088_14822.txt
14822	14823	hsm/99e26fe0_14823.txt
14823	14824	hsm/944c702a_14824.txt
14824	14825	hsm/bbb1c724_14825.txt
14825	14826	hsm/fa0e73ce_14826.txt
14826	14827	hsm/98f24d0e_14827.txt
14827	14828	hsm/d9caf058_14828.txt
14828	14829	hsm/fbc13894_14829.txt
14829	14830	hsm/534e38ca_14830.txt
14830	14831	hsm/287198b0_14831.txt
14831	14832	hsm/780f5330_14832.txt
14832	14833	hsm/e6447916_14833.txt
14833	14834	hsm/b9f41413_14834.txt
14834	14835	hsm/3b9bf207_14835.txt
14835	14836	hsm/e7b22947_14836.txt
14836	14837	hsm/843a76c5_14837.txt
14837	14838	hsm/41a2f8b6_14838.txt
14838	14839	hsm/17ba0685_14839.txt
14839	14840	hsm/7018d016_14840.txt
14840	14841	hsm/bd5dd9e9_14841.txt
14841	14842	hsm/e1831d82_14842.txt
14842	14843	hsm/c37d667f_14843.txt
14843	14844	hsm/d556c9fb_14844.txt
14844	14845	hsm/7fa8110c_14845.txt
14845	14846	hsm/b8bc9ef2_14846.txt
14846	14847	hsm/5f95183f_14847.txt
14847	14848	hsm/98fd5157_14848.txt
14848	14849	hsm/07fb5a13_14849.txt
14849	14850	hsm/9cb9578f_14850.txt
14850	14851	hsm/2b2192bf_14851.txt
14851	14852	hsm/e6645d97_14852.txt
14852	14853	hsm/c53f8e71_14853.txt
14853	14854	hsm/314b0936_14854.txt
14854	14855	hsm/5fd84add_14855.txt
14855	14856	hsm/68317e1c_14856.txt
14856	14857	hsm/119e6156_14857.txt
14857	14858	hsm/15f23da2_14858.txt
14858	14859	hsm/146ef4ba_14859.txt
14859	14860	hsm/5cd566c5_14860.txt
14860	14861	hsm/bccd250a_14861.txt
14861	14862	hsm/73045f13_14862.txt
14862	14863	hsm/b54a9a18_14863.txt
14863	14864	hsm/4043aa78_14864.txt
14864	14865	hsm/ac5addee_14865.txt
14865	14866	hsm/51d7fd0f_14866.txt
14866	14867	hsm/0257171d_14867.txt
14867	14868	hsm/514139fe_14868.txt
14868	14869	hsm/58dd8b67_14869.txt
14869	14870	hsm/4cbc3e8c_14870.txt
14870	14871	hsm/a9d89c63_14871.txt
14871	14872	hsm/f0b1be03_14872.txt
14872	14873	hsm/c49be6cf_14873.txt
14873	14874	hsm/7275dacf_14874.txt
14874	14875	hsm/7707a692_14875.txt
14875	14876	hsm/1540e126_14876.txt
14876	14877	hsm/6d954bdf_14877.txt
14877	14878	hsm/cca060f3_14878.txt
14878	14879	hsm/61311bd0_14879.txt
14879	14880	hsm/22943516_14880.txt
14880	14881	hsm/28232eb3_14881.txt
14881	14882	hsm/4e7b66c1_14882.txt
14882	14883	hsm/68b39a0d_14883.txt
14883	14884	hsm/82534c72_14884.txt
14884	14885	hsm/e3ac10f7_14885.txt
14885	14886	hsm/2d553b13_14886.txt
14886	14887	hsm/a489d14d_14887.txt
14887	14888	hsm/2e3ac6b0_14888.txt
14888	14889	hsm/3425424f_14889.txt
14889	14890	hsm/80a8b4fc_14890.txt
14890	14891	hsm/a87ffb2e_14891.txt
14891	14892	hsm/4f179501_14892.txt
14892	14893	hsm/d6e2e8d6_14893.txt
14893	14894	hsm/efb2975f_14894.txt
14894	14895	hsm/8bd0841a_14895.txt
14895	14896	hsm/678f15ad_14896.txt
14896	14897	hsm/4dca0795_14897.txt
14897	14898	hsm/d3ec202b_14898.txt
14898	14899	hsm/f9dc88cd_14899.txt
14899	14900	hsm/1a39c52b_14900.txt
14900	14901	hsm/65878ca1_14901.txt
14901	14902	hsm/c6e58192_14902.txt
14902	14903	hsm/d5b28e7a_14903.txt
14903	14904	hsm/546a1bcc_14904.txt
14904	14905	hsm/824f4bdd_14905.txt
14905	14906	hsm/be1a4855_14906.txt
14906	14907	hsm/c27dddad_14907.txt
14907	14908	hsm/a00661a3_14908.txt
14908	14909	hsm/f83ec438_14909.txt
14909	14910	hsm/6c9371bb_14910.txt
14910	14911	hsm/b6e532c5_14911.txt
14911	14912	hsm/755b673d_14912.txt
14912	14913	hsm/4d50e1ca_14913.txt
14913	14914	hsm/c8faa15b_14914.txt
14914	14915	hsm/32d53190_14915.txt
14915	14916	hsm/f60a8672_14916.txt
14916	14917	hsm/de914c8d_14917.txt
14917	14918	hsm/78bc125a_14918.txt
14918	14919	hsm/5a4662c4_14919.txt
14919	14920	hsm/4b1622e3_14920.txt
14920	14921	hsm/53082cef_14921.txt
14921	14922	hsm/3fe58cad_14922.txt
14922	14923	hsm/0cb636d4_14923.txt
14923	14924	hsm/9d145935_14924.txt
14924	14925	hsm/11637cd7_14925.txt
14925	14926	hsm/2abcb664_14926.txt
14926	14927	hsm/a02a5279_14927.txt
14927	14928	hsm/c3937b94_14928.txt
14928	14929	hsm/dd33029a_14929.txt
14929	14930	hsm/e67d0bf5_14930.txt
14930	14931	hsm/76a3611c_14931.txt
14931	14932	hsm/612816d2_14932.txt
14932	14933	hsm/f0134d1e_14933.txt
14933	14934	hsm/d67b3486_14934.txt
14934	14935	hsm/ecacf071_14935.txt
14935	14936	hsm/1c10a975_14936.txt
14936	14937	hsm/e8e0c8a9_14937.txt
14937	14938	hsm/6b329bf3_14938.txt
14938	14939	hsm/f6ce6059_14939.txt
14939	14940	hsm/f1f386d3_14940.txt
14940	14941	hsm/9f9295ac_14941.txt
14941	14942	hsm/ca1ea268_14942.txt
14942	14943	hsm/dc59a6e2_14943.txt
14943	14944	hsm/dc59a6e2_14944.txt
14944	14945	hsm/c30e71ea_14945.txt
14945	14946	hsm/705714bf_14946.txt
14946	14947	hsm/a3bad9e0_14947.txt
14947	14948	hsm/96d126c4_14948.txt
14948	14949	hsm/98fabaed_14949.txt
14949	14950	hsm/b49b03b1_14950.txt
14950	14951	hsm/23a56bbf_14951.txt
14951	14952	hsm/72e04fc4_14952.txt
14952	14953	hsm/a0d18999_14953.txt
14953	14954	hsm/1ea21f90_14954.txt
14954	14955	hsm/55f093db_14955.txt
14955	14956	hsm/f37fd70f_14956.txt
14956	14957	hsm/b5dfed06_14957.txt
14957	14958	hsm/e611767b_14958.txt
14958	14959	hsm/68ff275a_14959.txt
14959	14960	hsm/ab53093d_14960.txt
14960	14961	hsm/088daaaa_14961.txt
14961	14962	hsm/08b86b69_14962.txt
14962	14963	hsm/d48c4700_14963.txt
14963	14964	hsm/0500bf8d_14964.txt
14964	14965	hsm/91c9ed45_14965.txt
14965	14966	hsm/5b4bf72e_14966.txt
14966	14967	hsm/96bcbbe1_14967.txt
14967	14968	hsm/1389fabe_14968.txt
14968	14969	hsm/8b95374e_14969.txt
14969	14970	hsm/8d19519a_14970.txt
14970	14971	hsm/33074e10_14971.txt
14971	14972	hsm/229b9082_14972.txt
14972	14973	hsm/2f8dab1c_14973.txt
14973	14974	hsm/27969978_14974.txt
14974	14975	hsm/71ee4ffe_14975.txt
14975	14976	hsm/07fa9425_14976.txt
14976	14977	hsm/455ac0fc_14977.txt
14977	14978	hsm/bb8f0e9f_14978.txt
14978	14979	hsm/5ff8efba_14979.txt
14979	14980	hsm/e0947494_14980.txt
14980	14981	hsm/99db2230_14981.txt
14981	14982	hsm/9575cea8_14982.txt
14982	14983	hsm/36724560_14983.txt
14983	14984	hsm/9c0ccbed_14984.txt
14984	14985	hsm/ff50cb01_14985.txt
14985	14986	hsm/4974bd1c_14986.txt
14986	14987	hsm/4f1f1244_14987.txt
14987	14988	hsm/3d8adff6_14988.txt
14988	14989	hsm/0388a075_14989.txt
14989	14990	hsm/5486d1aa_14990.txt
14990	14991	hsm/fd68c07c_14991.txt
14991	14992	hsm/c1b494ca_14992.txt
14992	14993	hsm/e4c71810_14993.txt
14993	14994	hsm/9bb73c30_14994.txt
14994	14995	hsm/3d8c7b46_14995.txt
14995	14996	hsm/bf83fae7_14996.txt
14996	14997	hsm/8ff4a9f1_14997.txt
14997	14998	hsm/e4505a69_14998.txt
14998	14999	hsm/f3e7ea51_14999.txt
14999	15000	hsm/8339680d_15000.txt
15000	15001	hsm/b6704298_15001.txt
15001	15002	hsm/5fef733b_15002.txt
15002	15003	hsm/97d8b7ab_15003.txt
15003	15004	hsm/50e0e8a7_15004.txt
15004	15005	hsm/9768ed72_15005.txt
15005	15006	hsm/288fcbbe_15006.txt
15006	15007	hsm/7b7ce82c_15007.txt
15007	15008	hsm/4c669e38_15008.txt
15008	15009	hsm/e3a0b9cd_15009.txt
15009	15010	hsm/b96cf383_15010.txt
15010	15011	hsm/ed97cace_15011.txt
15011	15012	hsm/b8ba2778_15012.txt
15012	15013	hsm/db99ea9d_15013.txt
15013	15014	hsm/df45549f_15014.txt
15014	15015	hsm/482b6dd0_15015.txt
15015	15016	hsm/3c70a018_15016.txt
15016	15017	hsm/9d20f847_15017.txt
15017	15018	hsm/f5506f7b_15018.txt
15018	15019	hsm/7790da88_15019.txt
15019	15020	hsm/2d5907a1_15020.txt
15020	15021	hsm/5052157c_15021.txt
15021	15022	hsm/654f46bb_15022.txt
15022	15023	hsm/e4979379_15023.txt
15023	15024	hsm/e0091c5d_15024.txt
15024	15025	hsm/e0091c5d_15025.txt
15025	15026	hsm/6be8f572_15026.txt
15026	15027	hsm/d77072e3_15027.txt
15027	15028	hsm/979df009_15028.txt
15028	15029	hsm/9ac6f347_15029.txt
15029	15030	hsm/cc67b3da_15030.txt
15030	15031	hsm/b87da555_15031.txt
15031	15032	hsm/dd557df6_15032.txt
15032	15033	hsm/1c7436f8_15033.txt
15033	15034	hsm/5148695b_15034.txt
15034	15035	hsm/874c3ad3_15035.txt
15035	15036	hsm/2b29a7c4_15036.txt
15036	15037	hsm/5db07dda_15037.txt
15037	15038	hsm/9c52245f_15038.txt
15038	15039	hsm/17a8cc53_15039.txt
15039	15040	hsm/7e1c6c46_15040.txt
15040	15041	hsm/59ed3853_15041.txt
15041	15042	hsm/077a5c38_15042.txt
15042	15043	hsm/41a8d338_15043.txt
15043	15044	hsm/6168c04b_15044.txt
15044	15045	hsm/aef4809d_15045.txt
15045	15046	hsm/24db88bd_15046.txt
15046	15047	hsm/72ac4c6e_15047.txt
15047	15048	hsm/c802aab2_15048.txt
15048	15049	hsm/b7eb1038_15049.txt
15049	15050	hsm/afd048ac_15050.txt
15050	15051	hsm/d196ce69_15051.txt
15051	15052	hsm/636e974f_15052.txt
15052	15053	hsm/8890c559_15053.txt
15053	15054	hsm/1e93b147_15054.txt
15054	15055	hsm/4aa1b643_15055.txt
15055	15056	hsm/1738236f_15056.txt
15056	15057	hsm/987b95d5_15057.txt
15057	15058	hsm/3cdeb807_15058.txt
15058	15059	hsm/d8e814b3_15059.txt
15059	15060	hsm/0add1ad6_15060.txt
15060	15061	hsm/5b4bf72e_15061.txt
15061	15062	hsm/96bcbbe1_15062.txt
15062	15063	hsm/1389fabe_15063.txt
15063	15064	hsm/8b95374e_15064.txt
15064	15065	hsm/8d19519a_15065.txt
15065	15066	hsm/33074e10_15066.txt
15066	15067	hsm/229b9082_15067.txt
15067	15068	hsm/2f8dab1c_15068.txt
15068	15069	hsm/27969978_15069.txt
15069	15070	hsm/71ee4ffe_15070.txt
15070	15071	hsm/07fa9425_15071.txt
15071	15072	hsm/455ac0fc_15072.txt
15072	15073	hsm/bb8f0e9f_15073.txt
15073	15074	hsm/5ff8efba_15074.txt
15074	15075	hsm/e0947494_15075.txt
15075	15076	hsm/99db2230_15076.txt
15076	15077	hsm/9575cea8_15077.txt
15077	15078	hsm/36724560_15078.txt
15078	15079	hsm/9c0ccbed_15079.txt
15079	15080	hsm/ff50cb01_15080.txt
15080	15081	hsm/4974bd1c_15081.txt
15081	15082	hsm/4f1f1244_15082.txt
15082	15083	hsm/3d8adff6_15083.txt
15083	15084	hsm/0388a075_15084.txt
15084	15085	hsm/5486d1aa_15085.txt
15085	15086	hsm/fd68c07c_15086.txt
15086	15087	hsm/c1b494ca_15087.txt
15087	15088	hsm/701a111f_15088.txt
15088	15089	hsm/28b5ddc5_15089.txt
15089	15090	hsm/b2207078_15090.txt
15090	15091	hsm/dd25101b_15091.txt
15091	15092	hsm/5b45e506_15092.txt
15092	15093	hsm/aa1fa286_15093.txt
15093	15094	hsm/8850158d_15094.txt
15094	15095	hsm/d0310a1e_15095.txt
15095	15096	hsm/61aa055e_15096.txt
15096	15097	hsm/0ca45d9d_15097.txt
15097	15098	hsm/049f6f16_15098.txt
15098	15099	hsm/851ac90e_15099.txt
15099	15100	hsm/447eaca4_15100.txt
15100	15101	hsm/b38d6f9c_15101.txt
15101	15102	hsm/37e3fbd9_15102.txt
15102	15103	hsm/eaf8ea3a_15103.txt
15103	15104	hsm/0ac49c83_15104.txt
15104	15105	hsm/308e3f7d_15105.txt
15105	15106	hsm/563c4785_15106.txt
15106	15107	hsm/aebb8447_15107.txt
15107	15108	hsm/1fbca2a2_15108.txt
15108	15109	hsm/696f59bc_15109.txt
15109	15110	hsm/b8fdaca3_15110.txt
15110	15111	hsm/c8afab25_15111.txt
15111	15112	hsm/df98556e_15112.txt
15112	15113	hsm/1b61d455_15113.txt
15113	15114	hsm/f3208abd_15114.txt
15114	15115	hsm/1f8cff70_15115.txt
15115	15116	hsm/5b5cdc26_15116.txt
15116	15117	hsm/75054f59_15117.txt
15117	15118	hsm/b4b77abc_15118.txt
15118	15119	hsm/b3f52cdd_15119.txt
15119	15120	hsm/ad9047e1_15120.txt
15120	15121	hsm/5b80b507_15121.txt
15121	15122	hsm/4a2318c2_15122.txt
15122	15123	hsm/68c574ec_15123.txt
15123	15124	hsm/664b0970_15124.txt
15124	15125	hsm/2e84b1bb_15125.txt
15125	15126	hsm/203f649d_15126.txt
15126	15127	hsm/1b99df02_15127.txt
15127	15128	hsm/4fb409f6_15128.txt
15128	15129	hsm/5adc5485_15129.txt
15129	15130	hsm/91a8f8b7_15130.txt
15130	15131	hsm/f8fc4c85_15131.txt
15131	15132	hsm/6df9cc08_15132.txt
15132	15133	hsm/3d250ebf_15133.txt
15133	15134	hsm/dec44443_15134.txt
15134	15135	hsm/19a1ef4c_15135.txt
15135	15136	hsm/ff7d4e4d_15136.txt
15136	15137	hsm/827acba5_15137.txt
15137	15138	hsm/75bd1b9d_15138.txt
15138	15139	hsm/81fb6bad_15139.txt
15139	15140	hsm/12c2e6ac_15140.txt
15140	15141	hsm/d86621a4_15141.txt
15141	15142	hsm/ca6e4343_15142.txt
15142	15143	hsm/fb974324_15143.txt
15143	15144	hsm/a3038200_15144.txt
15144	15145	hsm/f5c78921_15145.txt
15145	15146	hsm/57671310_15146.txt
15146	15147	hsm/2a9230e3_15147.txt
15147	15148	hsm/57671310_15148.txt
15148	15149	hsm/ce8bc371_15149.txt
15149	15150	hsm/ab26bf9b_15150.txt
15150	15151	hsm/e81dc4c6_15151.txt
15151	15152	hsm/ab26bf9b_15152.txt
15152	15153	hsm/6c7faa43_15153.txt
15153	15154	hsm/ab26bf9b_15154.txt
15154	15155	hsm/3e7f1bdc_15155.txt
15155	15156	hsm/ab26bf9b_15156.txt
15156	15157	hsm/3e7f1bdc_15157.txt
15157	15158	hsm/ab26bf9b_15158.txt
15158	15159	hsm/3e7f1bdc_15159.txt
15159	15160	hsm/ab26bf9b_15160.txt
15160	15161	hsm/3e7f1bdc_15161.txt
15161	15162	hsm/ab26bf9b_15162.txt
15162	15163	hsm/3e7f1bdc_15163.txt
15163	15164	hsm/ab26bf9b_15164.txt
15164	15165	hsm/3e7f1bdc_15165.txt
15165	15166	hsm/ab26bf9b_15166.txt
15166	15167	hsm/3e7f1bdc_15167.txt
15167	15168	hsm/ab26bf9b_15168.txt
15168	15169	hsm/fbf8a8d3_15169.txt
15169	15170	hsm/ab26bf9b_15170.txt
15170	15171	hsm/1ab9381e_15171.txt
15171	15172	hsm/ab26bf9b_15172.txt
15172	15173	hsm/e81dc4c6_15173.txt
15173	15174	hsm/ab26bf9b_15174.txt
15174	15175	hsm/e81dc4c6_15175.txt
15175	15176	hsm/ab26bf9b_15176.txt
15176	15177	hsm/e81dc4c6_15177.txt
15177	15178	hsm/ab26bf9b_15178.txt
15178	15179	hsm/6c7faa43_15179.txt
15179	15180	hsm/ab26bf9b_15180.txt
15180	15181	hsm/c70aa66f_15181.txt
15181	15182	hsm/ab26bf9b_15182.txt
15182	15183	hsm/248959d1_15183.txt
15183	15184	hsm/ab26bf9b_15184.txt
15184	15185	hsm/248959d1_15185.txt
15185	15186	hsm/ab26bf9b_15186.txt
15186	15187	hsm/9c2464ce_15187.txt
15187	15188	hsm/ab26bf9b_15188.txt
15188	15189	hsm/e81dc4c6_15189.txt
15189	15190	hsm/ab26bf9b_15190.txt
15190	15191	hsm/e81dc4c6_15191.txt
15191	15192	hsm/ab26bf9b_15192.txt
15192	15193	hsm/fef7c385_15193.txt
15193	15194	hsm/ab26bf9b_15194.txt
15194	15195	hsm/ccd82992_15195.txt
15195	15196	hsm/ab26bf9b_15196.txt
15196	15197	hsm/b12fbbfd_15197.txt
15197	15198	hsm/ab26bf9b_15198.txt
15198	15199	hsm/ccd82992_15199.txt
15199	15200	hsm/ab26bf9b_15200.txt
15200	15201	hsm/77044ee1_15201.txt
15201	15202	hsm/ab26bf9b_15202.txt
15202	15203	hsm/d44414da_15203.txt
15203	15204	hsm/ab26bf9b_15204.txt
15204	15205	hsm/255ef87d_15205.txt
15205	15206	hsm/ab26bf9b_15206.txt
15206	15207	hsm/6c7faa43_15207.txt
15207	15208	hsm/ab26bf9b_15208.txt
15208	15209	hsm/0699fc1d_15209.txt
15209	15210	hsm/915ace7d_15210.txt
15210	15211	hsm/274ef48b_15211.txt
15211	15212	hsm/138f81d2_15212.txt
15212	15213	hsm/85719341_15213.txt
15213	15214	hsm/8f376ccb_15214.txt
15214	15215	hsm/d55b5e32_15215.txt
15215	15216	hsm/05cbb2f9_15216.txt
15216	15217	hsm/aed2571d_15217.txt
15217	15218	hsm/8fe3c701_15218.txt
15218	15219	hsm/6ac41cd6_15219.txt
15219	15220	hsm/9df953e2_15220.txt
15220	15221	hsm/9c6c18da_15221.txt
15221	15222	hsm/aff27f91_15222.txt
15222	15223	hsm/948e7438_15223.txt
15223	15224	hsm/176375db_15224.txt
15224	15225	hsm/8810a8c5_15225.txt
15225	15226	hsm/5fd364f9_15226.txt
15226	15227	hsm/f1e21d5c_15227.txt
15227	15228	hsm/c6135855_15228.txt
15228	15229	hsm/82d71db2_15229.txt
15229	15230	hsm/5c980c56_15230.txt
15230	15231	hsm/4dc2ea16_15231.txt
15231	15232	hsm/636f568d_15232.txt
15232	15233	hsm/638114b9_15233.txt
15233	15234	hsm/07903783_15234.txt
15234	15235	hsm/8c4e0769_15235.txt
15235	15236	hsm/701f72b1_15236.txt
15236	15237	hsm/d8a3e299_15237.txt
15237	15238	hsm/1026c9bc_15238.txt
15238	15239	hsm/c9f1818b_15239.txt
15239	15240	hsm/4442455d_15240.txt
15240	15241	hsm/4e39e0a6_15241.txt
15241	15242	hsm/1f83ae4e_15242.txt
15242	15243	hsm/5b766684_15243.txt
15243	15244	hsm/dcba6bad_15244.txt
15244	15245	hsm/b9a0af22_15245.txt
15245	15246	hsm/de787ab9_15246.txt
15246	15247	hsm/f3afff40_15247.txt
15247	15248	hsm/8aed46e6_15248.txt
15248	15249	hsm/c3d53fe5_15249.txt
15249	15250	hsm/97fbd066_15250.txt
15250	15251	hsm/3f5123ae_15251.txt
15251	15252	hsm/12f4981f_15252.txt
15252	15253	hsm/aae8c788_15253.txt
15253	15254	hsm/e3df98f6_15254.txt
15254	15255	hsm/8500c259_15255.txt
15255	15256	hsm/515b4e5b_15256.txt
15256	15257	hsm/ffc4b687_15257.txt
15257	15258	hsm/1879241c_15258.txt
15258	15259	hsm/3aa7d3b4_15259.txt
15259	15260	hsm/b95572dd_15260.txt
15260	15261	hsm/dced837c_15261.txt
15261	15262	hsm/dc6db1bb_15262.txt
15262	15263	hsm/ca85ffda_15263.txt
15263	15264	hsm/cc39c431_15264.txt
15264	15265	hsm/fd791482_15265.txt
15265	15266	hsm/f10ef458_15266.txt
15266	15267	hsm/78bc125a_15267.txt
15267	15268	hsm/5a4662c4_15268.txt
15268	15269	hsm/4b1622e3_15269.txt
15269	15270	hsm/53082cef_15270.txt
15270	15271	hsm/3fe58cad_15271.txt
15271	15272	hsm/0cb636d4_15272.txt
15272	15273	hsm/9d145935_15273.txt
15273	15274	hsm/11637cd7_15274.txt
15274	15275	hsm/80eb593e_15275.txt
15275	15276	hsm/a47ad11c_15276.txt
15276	15277	hsm/84ef3203_15277.txt
15277	15278	hsm/2114190b_15278.txt
15278	15279	hsm/e08a41b6_15279.txt
15279	15280	hsm/ff47596c_15280.txt
15280	15281	hsm/40fbc3e4_15281.txt
15281	15282	hsm/fad5afe3_15282.txt
15282	15283	hsm/9be088bf_15283.txt
15283	15284	hsm/80ae2221_15284.txt
15284	15285	hsm/6c9a107e_15285.txt
15285	15286	hsm/243defc8_15286.txt
15286	15287	hsm/cb65b6e7_15287.txt
15287	15288	hsm/17575deb_15288.txt
15288	15289	hsm/a7620a2e_15289.txt
15289	15290	hsm/e0048997_15290.txt
15290	15291	hsm/c8aa61c9_15291.txt
15291	15292	hsm/29a845f4_15292.txt
15292	15293	hsm/9cde2de1_15293.txt
15293	15294	hsm/aea0c20b_15294.txt
15294	15295	hsm/38d727b6_15295.txt
15295	15296	hsm/39425fae_15296.txt
15296	15297	hsm/22d93c4a_15297.txt
15297	15298	hsm/666f0953_15298.txt
15298	15299	hsm/683aa9be_15299.txt
15299	15300	hsm/44e0c34c_15300.txt
15300	15301	hsm/35372510_15301.txt
15301	15302	hsm/13621355_15302.txt
15302	15303	hsm/0a26471c_15303.txt
15303	15304	hsm/c1c3a627_15304.txt
15304	15305	hsm/d534ffbd_15305.txt
15305	15306	hsm/42bc69c8_15306.txt
15306	15307	hsm/64d0f85c_15307.txt
15307	15308	hsm/12ad4a85_15308.txt
15308	15309	hsm/a7a3b768_15309.txt
15309	15310	hsm/b2d03b60_15310.txt
15310	15311	hsm/5b4bf72e_15311.txt
15311	15312	hsm/96bcbbe1_15312.txt
15312	15313	hsm/1389fabe_15313.txt
15313	15314	hsm/8b95374e_15314.txt
15314	15315	hsm/8d19519a_15315.txt
15315	15316	hsm/33074e10_15316.txt
15316	15317	hsm/229b9082_15317.txt
15317	15318	hsm/2f8dab1c_15318.txt
15318	15319	hsm/27969978_15319.txt
15319	15320	hsm/71ee4ffe_15320.txt
15320	15321	hsm/07fa9425_15321.txt
15321	15322	hsm/455ac0fc_15322.txt
15322	15323	hsm/bb8f0e9f_15323.txt
15323	15324	hsm/5ff8efba_15324.txt
15324	15325	hsm/e0947494_15325.txt
15325	15326	hsm/99db2230_15326.txt
15326	15327	hsm/9575cea8_15327.txt
15327	15328	hsm/36724560_15328.txt
15328	15329	hsm/9c0ccbed_15329.txt
15329	15330	hsm/ff50cb01_15330.txt
15330	15331	hsm/4974bd1c_15331.txt
15331	15332	hsm/4f1f1244_15332.txt
15332	15333	hsm/3d8adff6_15333.txt
15333	15334	hsm/0388a075_15334.txt
15334	15335	hsm/5486d1aa_15335.txt
15335	15336	hsm/fd68c07c_15336.txt
15336	15337	hsm/c1b494ca_15337.txt
15337	15338	hsm/7536c9cc_15338.txt
15338	15339	hsm/972e73cf_15339.txt
15339	15340	hsm/ea8eb781_15340.txt
15340	15341	hsm/65172743_15341.txt
15341	15342	hsm/6cc7a0d8_15342.txt
15342	15343	hsm/ea79f661_15343.txt
15343	15344	hsm/67ce8c88_15344.txt
15344	15345	hsm/fbecf3ef_15345.txt
15345	15346	hsm/ead048aa_15346.txt
15346	15347	hsm/75b45e59_15347.txt
15347	15348	hsm/81c89bb3_15348.txt
15348	15349	hsm/b77c9d05_15349.txt
15349	15350	hsm/595cf15d_15350.txt
15350	15351	hsm/b7b2a992_15351.txt
15351	15352	hsm/e49563f2_15352.txt
15352	15353	hsm/cd186e24_15353.txt
15353	15354	hsm/c38117f3_15354.txt
15354	15355	hsm/73bc54fa_15355.txt
15355	15356	hsm/4ae9df47_15356.txt
15356	15357	hsm/293eb14c_15357.txt
15357	15358	hsm/e82d3281_15358.txt
15358	15359	hsm/dd9c6797_15359.txt
15359	15360	hsm/bf8b1cc3_15360.txt
15360	15361	hsm/38f41d0f_15361.txt
15361	15362	hsm/4ae0b0c8_15362.txt
15362	15363	hsm/8ce07bca_15363.txt
15363	15364	hsm/1f000d7a_15364.txt
15364	15365	hsm/76b6dbba_15365.txt
15365	15366	hsm/76b6dbba_15366.txt
15366	15367	hsm/a500c8a2_15367.txt
15367	15368	hsm/9068519f_15368.txt
15368	15369	hsm/9068519f_15369.txt
15369	15370	hsm/86352295_15370.txt
15370	15371	hsm/ce1b13a8_15371.txt
15371	15372	hsm/2d5dd776_15372.txt
15372	15373	hsm/f89ecd2f_15373.txt
15373	15374	hsm/5da4ef7e_15374.txt
15374	15375	hsm/ddfde3d7_15375.txt
15375	15376	hsm/c831aec5_15376.txt
15376	15377	hsm/efb3e304_15377.txt
15377	15378	hsm/0576dd2b_15378.txt
15378	15379	hsm/c503ebf3_15379.txt
15379	15380	hsm/b0e5a3b9_15380.txt
15380	15381	hsm/06fef924_15381.txt
15381	15382	hsm/06fb09c1_15382.txt
15382	15383	hsm/39b98a32_15383.txt
15383	15384	hsm/ec2515cc_15384.txt
15384	15385	hsm/58ff7cb3_15385.txt
15385	15386	hsm/c4d93410_15386.txt
15386	15387	hsm/c5137154_15387.txt
15387	15388	hsm/90a6a0de_15388.txt
15388	15389	hsm/b4585cfd_15389.txt
15389	15390	hsm/4ec43ac0_15390.txt
15390	15391	hsm/e0e64552_15391.txt
15391	15392	hsm/7587edfa_15392.txt
15392	15393	hsm/d5b33046_15393.txt
15393	15394	hsm/d6be666d_15394.txt
15394	15395	hsm/07d89755_15395.txt
15395	15396	hsm/46ee9b07_15396.txt
15396	15397	hsm/621083c0_15397.txt
15397	15398	hsm/c59a4f52_15398.txt
15398	15399	hsm/536ab39e_15399.txt
15399	15400	hsm/447590a5_15400.txt
15400	15401	hsm/14795b73_15401.txt
15401	15402	hsm/edbd896b_15402.txt
15402	15403	hsm/4b74109d_15403.txt
15403	15404	hsm/4a0b3e82_15404.txt
15404	15405	hsm/36cd4688_15405.txt
15405	15406	hsm/0f492aad_15406.txt
15406	15407	hsm/140612a0_15407.txt
15407	15408	hsm/724a7c10_15408.txt
15408	15409	hsm/6884a945_15409.txt
15409	15410	hsm/329d09fb_15410.txt
15410	15411	hsm/8d954cdd_15411.txt
15411	15412	hsm/9319ac38_15412.txt
15412	15413	hsm/72bf5873_15413.txt
15413	15414	hsm/9d39bf88_15414.txt
15414	15415	hsm/f523990c_15415.txt
15415	15416	hsm/9b3d37c6_15416.txt
15416	15417	hsm/4831a183_15417.txt
15417	15418	hsm/cebd4c41_15418.txt
15418	15419	hsm/d8610eed_15419.txt
15419	15420	hsm/ce6f089e_15420.txt
15420	15421	hsm/c290e947_15421.txt
15421	15422	hsm/b2d6b49c_15422.txt
15422	15423	hsm/bdae646b_15423.txt
15423	15424	hsm/cb688cc9_15424.txt
15424	15425	hsm/66de8b5b_15425.txt
15425	15426	hsm/62998816_15426.txt
15426	15427	hsm/c66af333_15427.txt
15427	15428	hsm/600be504_15428.txt
15428	15429	hsm/0dd6366b_15429.txt
15429	15430	hsm/1b2fe700_15430.txt
15430	15431	hsm/5e4666dc_15431.txt
15431	15432	hsm/a5160612_15432.txt
15432	15433	hsm/a8fffe37_15433.txt
15433	15434	hsm/7a290b31_15434.txt
15434	15435	hsm/02450bd9_15435.txt
15435	15436	hsm/3ba7e73b_15436.txt
15436	15437	hsm/62ffaee4_15437.txt
15437	15438	hsm/8a0e90de_15438.txt
15438	15439	hsm/52807fd3_15439.txt
15439	15440	hsm/f81b561e_15440.txt
15440	15441	hsm/31fdb0a8_15441.txt
15441	15442	hsm/e08ac157_15442.txt
15442	15443	hsm/97275f14_15443.txt
15443	15444	hsm/f0e49a9e_15444.txt
15444	15445	hsm/b4c899cb_15445.txt
15445	15446	hsm/d32dcf34_15446.txt
15446	15447	hsm/93d0ee54_15447.txt
15447	15448	hsm/b4552ae4_15448.txt
15448	15449	hsm/150f7406_15449.txt
15449	15450	hsm/63633bee_15450.txt
15450	15451	hsm/cef7f3c1_15451.txt
15451	15452	hsm/3bf9e96c_15452.txt
15452	15453	hsm/19102e8a_15453.txt
15453	15454	hsm/00746f21_15454.txt
15454	15455	hsm/b64171df_15455.txt
15455	15456	hsm/e1839bf6_15456.txt
15456	15457	hsm/0cb9c8a8_15457.txt
15457	15458	hsm/b6f65347_15458.txt
15458	15459	hsm/b7d9d7b3_15459.txt
15459	15460	hsm/e51b3be3_15460.txt
15460	15461	hsm/746ca7f1_15461.txt
15461	15462	hsm/3e33ab7e_15462.txt
15462	15463	hsm/77c7613b_15463.txt
15463	15464	hsm/6cffe4cb_15464.txt
15464	15465	hsm/31c07f6b_15465.txt
15465	15466	hsm/7c44a83d_15466.txt
15466	15467	hsm/4300d5b8_15467.txt
15467	15468	hsm/9139d465_15468.txt
15468	15469	hsm/0dc789c7_15469.txt
15469	15470	hsm/4610ce01_15470.txt
15470	15471	hsm/79fda027_15471.txt
15471	15472	hsm/44028f85_15472.txt
15472	15473	hsm/d307e477_15473.txt
15473	15474	hsm/5c132fbe_15474.txt
15474	15475	hsm/fa48e7c9_15475.txt
15475	15476	hsm/ccf96d2f_15476.txt
15476	15477	hsm/5803e9f0_15477.txt
15477	15478	hsm/a1dc03af_15478.txt
15478	15479	hsm/4c1c8abf_15479.txt
15479	15480	hsm/9411d06f_15480.txt
15480	15481	hsm/1c33a256_15481.txt
15481	15482	hsm/2c4ecbe7_15482.txt
15482	15483	hsm/7c11dff2_15483.txt
15483	15484	hsm/07bb4697_15484.txt
15484	15485	hsm/b27474cc_15485.txt
15485	15486	hsm/60a60055_15486.txt
15486	15487	hsm/f49a3c98_15487.txt
15487	15488	hsm/52b44cc9_15488.txt
15488	15489	hsm/0f902a5c_15489.txt
15489	15490	hsm/6e2b2fb0_15490.txt
15490	15491	hsm/fee7a96b_15491.txt
15491	15492	hsm/86b187fa_15492.txt
15492	15493	hsm/9eb17881_15493.txt
15493	15494	hsm/76f2ed16_15494.txt
15494	15495	hsm/d9b3ce2e_15495.txt
15495	15496	hsm/7913deb2_15496.txt
15496	15497	hsm/e4474792_15497.txt
15497	15498	hsm/b4c0da44_15498.txt
15498	15499	hsm/1a9ff622_15499.txt
15499	15500	hsm/0f76c406_15500.txt
15500	15501	hsm/6123123c_15501.txt
15501	15502	hsm/205471c0_15502.txt
15502	15503	hsm/6368f379_15503.txt
15503	15504	hsm/721732af_15504.txt
15504	15505	hsm/5d483639_15505.txt
15505	15506	hsm/27a38b3c_15506.txt
15506	15507	hsm/759466a5_15507.txt
15507	15508	hsm/9b5f8040_15508.txt
15508	15509	hsm/feaf9a07_15509.txt
15509	15510	hsm/9f180e0c_15510.txt
15510	15511	hsm/7c25ce3b_15511.txt
15511	15512	hsm/76571a13_15512.txt
15512	15513	hsm/4ec43ac0_15513.txt
15513	15514	hsm/1ebdb815_15514.txt
15514	15515	hsm/b145299c_15515.txt
15515	15516	hsm/6f6c0b48_15516.txt
15516	15517	hsm/084ec402_15517.txt
15517	15518	hsm/7b32e6ac_15518.txt
15518	15519	hsm/71722bf0_15519.txt
15519	15520	hsm/8bd6c05b_15520.txt
15520	15521	hsm/91ab513c_15521.txt
15521	15522	hsm/82520924_15522.txt
15522	15523	hsm/63db051e_15523.txt
15523	15524	hsm/7370f409_15524.txt
15524	15525	hsm/3ab3ba45_15525.txt
15525	15526	hsm/53e14291_15526.txt
15526	15527	hsm/654cf2b0_15527.txt
15527	15528	hsm/15dcfb8e_15528.txt
15528	15529	hsm/934f51ba_15529.txt
15529	15530	hsm/170036fc_15530.txt
15530	15531	hsm/17f4e978_15531.txt
15531	15532	hsm/f9d89612_15532.txt
15532	15533	hsm/3ea81a75_15533.txt
15533	15534	hsm/46a55547_15534.txt
15534	15535	hsm/522efd71_15535.txt
15535	15536	hsm/812a1bc2_15536.txt
15536	15537	hsm/ef0bab9c_15537.txt
15537	15538	hsm/f1d42130_15538.txt
15538	15539	hsm/31c70b11_15539.txt
15539	15540	hsm/07f507f9_15540.txt
15540	15541	hsm/cf723e0a_15541.txt
15541	15542	hsm/d283df33_15542.txt
15542	15543	hsm/716eaf83_15543.txt
15543	15544	hsm/5931b94b_15544.txt
15544	15545	hsm/3d45f912_15545.txt
15545	15546	hsm/0e47163d_15546.txt
15546	15547	hsm/1f789dac_15547.txt
15547	15548	hsm/c7e3787b_15548.txt
15548	15549	hsm/29c70ffd_15549.txt
15549	15550	hsm/d3404d0f_15550.txt
15550	15551	hsm/7a0a27c5_15551.txt
15551	15552	hsm/85340099_15552.txt
15552	15553	hsm/0ac38b40_15553.txt
15553	15554	hsm/7812dd25_15554.txt
15554	15555	hsm/59cbe496_15555.txt
15555	15556	hsm/82c5b8ff_15556.txt
15556	15557	hsm/208b1029_15557.txt
15557	15558	hsm/6fbd6204_15558.txt
15558	15559	hsm/ffedf249_15559.txt
15559	15560	hsm/b4151eb3_15560.txt
15560	15561	hsm/44a6d8e8_15561.txt
15561	15562	hsm/a526e4d2_15562.txt
15562	15563	hsm/647b5644_15563.txt
15563	15564	hsm/23652f41_15564.txt
15564	15565	hsm/34aa980d_15565.txt
15565	15566	hsm/bb97d4a3_15566.txt
15566	15567	hsm/9de44e83_15567.txt
15567	15568	hsm/193a311f_15568.txt
15568	15569	hsm/6aff9ada_15569.txt
15569	15570	hsm/18cdd2a2_15570.txt
15570	15571	hsm/850e3ffe_15571.txt
15571	15572	hsm/cb3421c3_15572.txt
15572	15573	hsm/e18ccb6d_15573.txt
15573	15574	hsm/0c252d8c_15574.txt
15574	15575	hsm/36c3e644_15575.txt
15575	15576	hsm/be4312c5_15576.txt
15576	15577	hsm/c9b799c4_15577.txt
15577	15578	hsm/3051369b_15578.txt
15578	15579	hsm/844343df_15579.txt
15579	15580	hsm/d04fef54_15580.txt
15580	15581	hsm/2a46d079_15581.txt
15581	15582	hsm/1d3ef063_15582.txt
15582	15583	hsm/04a6d496_15583.txt
15583	15584	hsm/d877a127_15584.txt
15584	15585	hsm/305c9823_15585.txt
15585	15586	hsm/81b628d1_15586.txt
15586	15587	hsm/38d6946a_15587.txt
15587	15588	hsm/a5ac2365_15588.txt
15588	15589	hsm/b9fc0f3e_15589.txt
15589	15590	hsm/1e09da94_15590.txt
15590	15591	hsm/d51d8028_15591.txt
15591	15592	hsm/53abcdd4_15592.txt
15592	15593	hsm/9f0e918b_15593.txt
15593	15594	hsm/f426e33f_15594.txt
15594	15595	hsm/602740f8_15595.txt
15595	15596	hsm/7b88b0ac_15596.txt
15596	15597	hsm/d59edfc0_15597.txt
15597	15598	hsm/1dba0cd3_15598.txt
15598	15599	hsm/34a836e8_15599.txt
15599	15600	hsm/b9d2742c_15600.txt
15600	15601	hsm/bffdf744_15601.txt
15601	15602	hsm/4cbdad54_15602.txt
15602	15603	hsm/139f494c_15603.txt
15603	15604	hsm/8a30f345_15604.txt
15604	15605	hsm/7127035c_15605.txt
15605	15606	hsm/20aeb48e_15606.txt
15606	15607	hsm/57671310_15607.txt
15607	15608	hsm/e3d07a54_15608.txt
15608	15609	hsm/57671310_15609.txt
15609	15610	hsm/aa6f2ca4_15610.txt
15610	15611	hsm/da5f831c_15611.txt
15611	15612	hsm/8472de2d_15612.txt
15612	15613	hsm/3357a859_15613.txt
15613	15614	hsm/685a5278_15614.txt
15614	15615	hsm/fae12a33_15615.txt
15615	15616	hsm/4cdd25b7_15616.txt
15616	15617	hsm/c392ce78_15617.txt
15617	15618	hsm/7095cb8d_15618.txt
15618	15619	hsm/78c4bf74_15619.txt
15619	15620	hsm/c27e00be_15620.txt
15620	15621	hsm/2342f52d_15621.txt
15621	15622	hsm/db23b4d6_15622.txt
15622	15623	hsm/9cbeabe9_15623.txt
15623	15624	hsm/783f831d_15624.txt
15624	15625	hsm/60a50396_15625.txt
15625	15626	hsm/835369e5_15626.txt
15626	15627	hsm/62669acf_15627.txt
15627	15628	hsm/00c44803_15628.txt
15628	15629	hsm/5e56804f_15629.txt
15629	15630	hsm/d87d0637_15630.txt
15630	15631	hsm/f9856ba0_15631.txt
15631	15632	hsm/98ed8d74_15632.txt
15632	15633	hsm/12443136_15633.txt
15633	15634	hsm/7d745bc7_15634.txt
15634	15635	hsm/d11f411d_15635.txt
15635	15636	hsm/ba936f03_15636.txt
15636	15637	hsm/65b56cf8_15637.txt
15637	15638	hsm/b5b99ab7_15638.txt
15638	15639	hsm/9ae1ee4f_15639.txt
15639	15640	hsm/991d432a_15640.txt
15640	15641	hsm/cea86e3b_15641.txt
15641	15642	hsm/edabe94f_15642.txt
15642	15643	hsm/dd95c940_15643.txt
15643	15644	hsm/cf8cbebe_15644.txt
15644	15645	hsm/0ca7dc5a_15645.txt
15645	15646	hsm/4e8d5807_15646.txt
15646	15647	hsm/abb9dd23_15647.txt
15647	15648	hsm/3d35c5f2_15648.txt
15648	15649	hsm/6be32fa1_15649.txt
15649	15650	hsm/50ad6b0d_15650.txt
15650	15651	hsm/a1094ff5_15651.txt
15651	15652	hsm/20847bdd_15652.txt
15652	15653	hsm/36da89e1_15653.txt
15653	15654	hsm/a3619a1d_15654.txt
15654	15655	hsm/5f511971_15655.txt
15655	15656	hsm/e466ad2c_15656.txt
15656	15657	hsm/7fa4d44f_15657.txt
15657	15658	hsm/6490536e_15658.txt
15658	15659	hsm/69e60658_15659.txt
15659	15660	hsm/820f97c5_15660.txt
15660	15661	hsm/0f829fec_15661.txt
15661	15662	hsm/dcf78c93_15662.txt
15662	15663	hsm/a8faa26f_15663.txt
15663	15664	hsm/9e87385b_15664.txt
15664	15665	hsm/133d2acb_15665.txt
15665	15666	hsm/ea54dcbb_15666.txt
15666	15667	hsm/5bf58a8e_15667.txt
15667	15668	hsm/602d4104_15668.txt
15668	15669	hsm/5512b8e3_15669.txt
15669	15670	hsm/bd4ef810_15670.txt
15670	15671	hsm/b57807d0_15671.txt
15671	15672	hsm/b904b7a6_15672.txt
15672	15673	hsm/4fcbd8f7_15673.txt
15673	15674	hsm/be7b8460_15674.txt
15674	15675	hsm/dfd29c89_15675.txt
15675	15676	hsm/15b84b84_15676.txt
15676	15677	hsm/0c5aa830_15677.txt
15677	15678	hsm/286a6f1d_15678.txt
15678	15679	hsm/813877d0_15679.txt
15679	15680	hsm/d92a2c9f_15680.txt
15680	15681	hsm/d43c5b77_15681.txt
15681	15682	hsm/719c9c08_15682.txt
15682	15683	hsm/22e1678f_15683.txt
15683	15684	hsm/4894a377_15684.txt
15684	15685	hsm/58c3cc18_15685.txt
15685	15686	hsm/c811fc9c_15686.txt
15686	15687	hsm/8881814b_15687.txt
15687	15688	hsm/12c71ea5_15688.txt
15688	15689	hsm/1f284608_15689.txt
15689	15690	hsm/d9cbb18b_15690.txt
15690	15691	hsm/ec596505_15691.txt
15691	15692	hsm/4c82fa5d_15692.txt
15692	15693	hsm/00b43d75_15693.txt
15693	15694	hsm/da81eec4_15694.txt
15694	15695	hsm/a71c827a_15695.txt
15695	15696	hsm/8f0e05cb_15696.txt
15696	15697	hsm/8be1a916_15697.txt
15697	15698	hsm/f147be8a_15698.txt
15698	15699	hsm/cda9e601_15699.txt
15699	15700	hsm/4691b1d5_15700.txt
15700	15701	hsm/ae632928_15701.txt
15701	15702	hsm/9ff118b1_15702.txt
15702	15703	hsm/04a5ea02_15703.txt
15703	15704	hsm/53eb3d11_15704.txt
15704	15705	hsm/0ca15c23_15705.txt
15705	15706	hsm/45421bc0_15706.txt
15706	15707	hsm/cced168d_15707.txt
15707	15708	hsm/6760b0be_15708.txt
15708	15709	hsm/d83deb0a_15709.txt
15709	15710	hsm/f0cdba67_15710.txt
15710	15711	hsm/c3068b97_15711.txt
15711	15712	hsm/878f4c8f_15712.txt
15712	15713	hsm/c921de33_15713.txt
15713	15714	hsm/53650186_15714.txt
15714	15715	hsm/d2fa1a0b_15715.txt
15715	15716	hsm/1df60923_15716.txt
15716	15717	hsm/e667ecd3_15717.txt
15717	15718	hsm/cff7fffe_15718.txt
15718	15719	hsm/06c86c1a_15719.txt
15719	15720	hsm/ff7c10a2_15720.txt
15720	15721	hsm/2c1c0baf_15721.txt
15721	15722	hsm/dcc65686_15722.txt
15722	15723	hsm/8067d637_15723.txt
15723	15724	hsm/9d7cc5d6_15724.txt
15724	15725	hsm/7ee3b1d8_15725.txt
15725	15726	hsm/c2c42c9f_15726.txt
15726	15727	hsm/fe9c8ce1_15727.txt
15727	15728	hsm/1af4527c_15728.txt
15728	15729	hsm/14e2f194_15729.txt
15729	15730	hsm/b2f3f8a9_15730.txt
15730	15731	hsm/fd3f76b7_15731.txt
15731	15732	hsm/f1483f05_15732.txt
15732	15733	hsm/2a5e8a32_15733.txt
15733	15734	hsm/687dc6bd_15734.txt
15734	15735	hsm/495e2eae_15735.txt
15735	15736	hsm/35ad7467_15736.txt
15736	15737	hsm/1e0bdb01_15737.txt
15737	15738	hsm/da7056cb_15738.txt
15738	15739	hsm/50046888_15739.txt
15739	15740	hsm/bc140b26_15740.txt
15740	15741	hsm/22d6cc21_15741.txt
15741	15742	hsm/8e93caa6_15742.txt
15742	15743	hsm/9e216878_15743.txt
15743	15744	hsm/0930ee80_15744.txt
15744	15745	hsm/e483709f_15745.txt
15745	15746	hsm/25afd7bf_15746.txt
15746	15747	hsm/6632e33f_15747.txt
15747	15748	hsm/65c0d2be_15748.txt
15748	15749	hsm/80be6522_15749.txt
15749	15750	hsm/0fc2ecf7_15750.txt
15750	15751	hsm/03ca7096_15751.txt
15751	15752	hsm/923892d7_15752.txt
15752	15753	hsm/ef56bbb8_15753.txt
15753	15754	hsm/e0c0001d_15754.txt
15754	15755	hsm/fe1ae507_15755.txt
15755	15756	hsm/4156ba2e_15756.txt
15756	15757	hsm/f44cf6aa_15757.txt
15757	15758	hsm/7aaa2f9a_15758.txt
15758	15759	hsm/94fe59fb_15759.txt
15759	15760	hsm/181e5cf7_15760.txt
15760	15761	hsm/84eb3a77_15761.txt
15761	15762	hsm/c56b648e_15762.txt
15762	15763	hsm/50cbc69e_15763.txt
15763	15764	hsm/56a9508a_15764.txt
15764	15765	hsm/7b65b71d_15765.txt
15765	15766	hsm/f2a5e035_15766.txt
15766	15767	hsm/b7ad3084_15767.txt
15767	15768	hsm/1fc644dc_15768.txt
15768	15769	hsm/4d2bd8a6_15769.txt
15769	15770	hsm/aed232d8_15770.txt
15770	15771	hsm/9b05d5ff_15771.txt
15771	15772	hsm/b44872a9_15772.txt
15772	15773	hsm/2ec2d6bf_15773.txt
15773	15774	hsm/8933bab0_15774.txt
15774	15775	hsm/6d40eda2_15775.txt
15775	15776	hsm/3e9d989a_15776.txt
15776	15777	hsm/b996920b_15777.txt
15777	15778	hsm/0ebb15c5_15778.txt
15778	15779	hsm/98de5827_15779.txt
15779	15780	hsm/7e7c0096_15780.txt
15780	15781	hsm/cf81599e_15781.txt
15781	15782	hsm/63461218_15782.txt
15782	15783	hsm/60901e8a_15783.txt
15783	15784	hsm/b6599026_15784.txt
15784	15785	hsm/8ef4f792_15785.txt
15785	15786	hsm/60fd2c37_15786.txt
15786	15787	hsm/17af8bc9_15787.txt
15787	15788	hsm/eee426a0_15788.txt
15788	15789	hsm/f07e73a7_15789.txt
15789	15790	hsm/78d7f9e2_15790.txt
15790	15791	hsm/07d069bb_15791.txt
15791	15792	hsm/60801c69_15792.txt
15792	15793	hsm/16454342_15793.txt
15793	15794	hsm/6b6dbccb_15794.txt
15794	15795	hsm/c4f85bdd_15795.txt
15795	15796	hsm/4415bc88_15796.txt
15796	15797	hsm/442c9cf7_15797.txt
15797	15798	hsm/b8ddfcea_15798.txt
15798	15799	hsm/5d97d91d_15799.txt
15799	15800	hsm/2c88cbe9_15800.txt
15800	15801	hsm/d5aa833a_15801.txt
15801	15802	hsm/749883ed_15802.txt
15802	15803	hsm/f809f7f4_15803.txt
15803	15804	hsm/15ae9684_15804.txt
15804	15805	hsm/b1a76e90_15805.txt
15805	15806	hsm/fe5b0f59_15806.txt
15806	15807	hsm/67a0e85d_15807.txt
15807	15808	hsm/7439b647_15808.txt
15808	15809	hsm/1f8bd359_15809.txt
15809	15810	hsm/8cb4db6a_15810.txt
15810	15811	hsm/96b6f950_15811.txt
15811	15812	hsm/a31cbf2e_15812.txt
15812	15813	hsm/2df403f4_15813.txt
15813	15814	hsm/666f29ca_15814.txt
15814	15815	hsm/3347956a_15815.txt
15815	15816	hsm/f23a2061_15816.txt
15816	15817	hsm/2227400d_15817.txt
15817	15818	hsm/25777af5_15818.txt
15818	15819	hsm/53bd0c21_15819.txt
15819	15820	hsm/bf169dfd_15820.txt
15820	15821	hsm/25ff7aa3_15821.txt
15821	15822	hsm/8b933ae0_15822.txt
15822	15823	hsm/6af5664d_15823.txt
15823	15824	hsm/7de32070_15824.txt
15824	15825	hsm/b35248bb_15825.txt
15825	15826	hsm/ec1b8c8f_15826.txt
15826	15827	hsm/118e530a_15827.txt
15827	15828	hsm/8d9719c5_15828.txt
15828	15829	hsm/65ac0882_15829.txt
15829	15830	hsm/99d9475b_15830.txt
15830	15831	hsm/1eda1de2_15831.txt
15831	15832	hsm/15e9fb4e_15832.txt
15832	15833	hsm/a9350c25_15833.txt
15833	15834	hsm/5511e7f2_15834.txt
15834	15835	hsm/1bf97d8e_15835.txt
15835	15836	hsm/e50ac155_15836.txt
15836	15837	hsm/b9ad7a93_15837.txt
15837	15838	hsm/8297d151_15838.txt
15838	15839	hsm/685e39c5_15839.txt
15839	15840	hsm/1220a014_15840.txt
15840	15841	hsm/04412119_15841.txt
15841	15842	hsm/5a352c2d_15842.txt
15842	15843	hsm/f830a41e_15843.txt
15843	15844	hsm/24b8ab67_15844.txt
15844	15845	hsm/b628bd83_15845.txt
15845	15846	hsm/145d9430_15846.txt
15846	15847	hsm/5532b2be_15847.txt
15847	15848	hsm/515d0c5d_15848.txt
15848	15849	hsm/2159458f_15849.txt
15849	15850	hsm/b8f9e9ea_15850.txt
15850	15851	hsm/3fa0e786_15851.txt
15851	15852	hsm/cb97616f_15852.txt
15852	15853	hsm/184e5fdc_15853.txt
15853	15854	hsm/ff98a4d5_15854.txt
15854	15855	hsm/b5f98e48_15855.txt
15855	15856	hsm/9da989f0_15856.txt
15856	15857	hsm/35a64f22_15857.txt
15857	15858	hsm/0269f9f1_15858.txt
15858	15859	hsm/44084844_15859.txt
15859	15860	hsm/954d15e0_15860.txt
15860	15861	hsm/35a64f22_15861.txt
15861	15862	hsm/ddbc1cd4_15862.txt
15862	15863	hsm/cdc7eec3_15863.txt
15863	15864	hsm/936e0a51_15864.txt
15864	15865	hsm/5fe86651_15865.txt
15865	15866	hsm/1c932af1_15866.txt
15866	15867	hsm/4e7f8600_15867.txt
15867	15868	hsm/6842966f_15868.txt
15868	15869	hsm/0551363b_15869.txt
15869	15870	hsm/ddbd24d7_15870.txt
15870	15871	hsm/c0089902_15871.txt
15871	15872	hsm/9de7e482_15872.txt
15872	15873	hsm/0551363b_15873.txt
15873	15874	hsm/5a536a09_15874.txt
15874	15875	hsm/6062ff11_15875.txt
15875	15876	hsm/35ea6960_15876.txt
15876	15877	hsm/0551363b_15877.txt
15877	15878	hsm/cdc275f8_15878.txt
15878	15879	hsm/f0de52bc_15879.txt
15879	15880	hsm/7ae066f4_15880.txt
15880	15881	hsm/0551363b_15881.txt
15881	15882	hsm/ddbd24d7_15882.txt
15882	15883	hsm/6ef9a317_15883.txt
15883	15884	hsm/d64044c2_15884.txt
15884	15885	hsm/c09b9505_15885.txt
15885	15886	hsm/b8b8c4b6_15886.txt
15886	15887	hsm/561714fd_15887.txt
15887	15888	hsm/92e9122a_15888.txt
15888	15889	hsm/1548c607_15889.txt
15889	15890	hsm/978c52c7_15890.txt
15890	15891	hsm/3311dd9a_15891.txt
15891	15892	hsm/6a991ee3_15892.txt
15892	15893	hsm/9d9a3854_15893.txt
15893	15894	hsm/2df55f5e_15894.txt
15894	15895	hsm/34fa7adb_15895.txt
15895	15896	hsm/3878aed1_15896.txt
15896	15897	hsm/88696e9c_15897.txt
15897	15898	hsm/5c7ee8b1_15898.txt
15898	15899	hsm/b35245dd_15899.txt
15899	15900	hsm/63d12b3b_15900.txt
15900	15901	hsm/f6c53f2d_15901.txt
15901	15902	hsm/6a4a2800_15902.txt
15902	15903	hsm/c1a65013_15903.txt
15903	15904	hsm/84a010c9_15904.txt
15904	15905	hsm/a28ed43b_15905.txt
15905	15906	hsm/2211b531_15906.txt
15906	15907	hsm/e3723731_15907.txt
15907	15908	hsm/338fac6d_15908.txt
15908	15909	hsm/79f2bbd7_15909.txt
15909	15910	hsm/19d99bdc_15910.txt
15910	15911	hsm/283cca68_15911.txt
15911	15912	hsm/560dc05c_15912.txt
15912	15913	hsm/88b03b82_15913.txt
15913	15914	hsm/71265df9_15914.txt
15914	15915	hsm/bf467082_15915.txt
15915	15916	hsm/d0846142_15916.txt
15916	15917	hsm/f9f5c32e_15917.txt
15917	15918	hsm/433bdac2_15918.txt
15918	15919	hsm/a901e99f_15919.txt
15919	15920	hsm/22e69d8a_15920.txt
15920	15921	hsm/b77ab416_15921.txt
15921	15922	hsm/46f35075_15922.txt
15922	15923	hsm/8225d61d_15923.txt
15923	15924	hsm/2313adc5_15924.txt
15924	15925	hsm/228b76aa_15925.txt
15925	15926	hsm/7c9981cd_15926.txt
15926	15927	hsm/ae92d478_15927.txt
15927	15928	hsm/5006110b_15928.txt
15928	15929	hsm/6294067a_15929.txt
15929	15930	hsm/a9dd410d_15930.txt
15930	15931	hsm/c0790682_15931.txt
15931	15932	hsm/98d65aed_15932.txt
15932	15933	hsm/1ce269c0_15933.txt
15933	15934	hsm/83cc128d_15934.txt
15934	15935	hsm/6e5295ae_15935.txt
15935	15936	hsm/bacf394d_15936.txt
15936	15937	hsm/1ce269c0_15937.txt
15937	15938	hsm/845f83da_15938.txt
15938	15939	hsm/845f83da_15939.txt
15939	15940	hsm/7542d750_15940.txt
15940	15941	hsm/3406a7db_15941.txt
15941	15942	hsm/ea6498b2_15942.txt
15942	15943	hsm/26885965_15943.txt
15943	15944	hsm/cb28e662_15944.txt
15944	15945	hsm/3913bb82_15945.txt
15945	15946	hsm/df045a50_15946.txt
15946	15947	hsm/a790d569_15947.txt
15947	15948	hsm/4540576c_15948.txt
15948	15949	hsm/3343445b_15949.txt
15949	15950	hsm/87d29aae_15950.txt
15950	15951	hsm/291d4564_15951.txt
15951	15952	hsm/cef49609_15952.txt
15952	15953	hsm/43345e25_15953.txt
15953	15954	hsm/fe34c152_15954.txt
15954	15955	hsm/c6c5316a_15955.txt
15955	15956	hsm/691a3a2e_15956.txt
15956	15957	hsm/cbb81c0b_15957.txt
15957	15958	hsm/c71e2e4a_15958.txt
15958	15959	hsm/e2a817ec_15959.txt
15959	15960	hsm/903259d6_15960.txt
15960	15961	hsm/1560b4ec_15961.txt
15961	15962	hsm/6f38521a_15962.txt
15962	15963	hsm/dd509aae_15963.txt
15963	15964	hsm/32043486_15964.txt
15964	15965	hsm/4645f8d2_15965.txt
15965	15966	hsm/235e9e2a_15966.txt
15966	15967	hsm/3c844ace_15967.txt
15967	15968	hsm/b99db262_15968.txt
15968	15969	hsm/9f6d9e82_15969.txt
15969	15970	hsm/77b6a58f_15970.txt
15970	15971	hsm/6b651ee0_15971.txt
15971	15972	hsm/50af540e_15972.txt
15972	15973	hsm/e6e4451d_15973.txt
15973	15974	hsm/e6e4451d_15974.txt
15974	15975	hsm/06a0fb8b_15975.txt
15975	15976	hsm/953d2eaa_15976.txt
15976	15977	hsm/609d5f1f_15977.txt
15977	15978	hsm/ddebed67_15978.txt
15978	15979	hsm/7c70fb2c_15979.txt
15979	15980	hsm/73fd8cc0_15980.txt
15980	15981	hsm/d0110977_15981.txt
15981	15982	hsm/7dcf4fff_15982.txt
15982	15983	hsm/91e8cc20_15983.txt
15983	15984	hsm/19f318a6_15984.txt
15984	15985	hsm/83570490_15985.txt
15985	15986	hsm/80635a73_15986.txt
15986	15987	hsm/96168807_15987.txt
15987	15988	hsm/d34a113d_15988.txt
15988	15989	hsm/baff9237_15989.txt
15989	15990	hsm/cf705bb7_15990.txt
15990	15991	hsm/62677129_15991.txt
15991	15992	hsm/2ce3a282_15992.txt
15992	15993	hsm/d0a43ffc_15993.txt
15993	15994	hsm/787d9c37_15994.txt
15994	15995	hsm/80e5b995_15995.txt
15995	15996	hsm/c15a8afc_15996.txt
15996	15997	hsm/bfbff79b_15997.txt
15997	15998	hsm/dcfcb671_15998.txt
15998	15999	hsm/1bac2810_15999.txt
15999	16000	hsm/4e4cb6f0_16000.txt
16000	16001	hsm/3ff27c01_16001.txt
16001	16002	hsm/d132bc81_16002.txt
16002	16003	hsm/c799f5fe_16003.txt
16003	16004	hsm/5c3b8162_16004.txt
16004	16005	hsm/3a2f5ec1_16005.txt
16005	16006	hsm/596f1a10_16006.txt
16006	16007	hsm/e4830497_16007.txt
16007	16008	hsm/25550b6b_16008.txt
16008	16009	hsm/0491aaf3_16009.txt
16009	16010	hsm/b218bd78_16010.txt
16010	16011	hsm/6561f040_16011.txt
16011	16012	hsm/fd5ee7ae_16012.txt
16012	16013	hsm/2d55a58b_16013.txt
16013	16014	hsm/390f1b38_16014.txt
16014	16015	hsm/b7dc96d6_16015.txt
16015	16016	hsm/18aa257f_16016.txt
16016	16017	hsm/78e43ef3_16017.txt
16017	16018	hsm/43f4cb9c_16018.txt
16018	16019	hsm/c57f1b1d_16019.txt
16019	16020	hsm/ae4231be_16020.txt
16020	16021	hsm/c286d9d7_16021.txt
16021	16022	hsm/222f86a5_16022.txt
16022	16023	hsm/e46b48c2_16023.txt
16023	16024	hsm/77edfdf9_16024.txt
16024	16025	hsm/a69edbda_16025.txt
16025	16026	hsm/755289a2_16026.txt
16026	16027	hsm/265c8bc5_16027.txt
16027	16028	hsm/82b31ae1_16028.txt
16028	16029	hsm/fcb24e24_16029.txt
16029	16030	hsm/998268dd_16030.txt
16030	16031	hsm/a2dd59c2_16031.txt
16031	16032	hsm/3d6b7bef_16032.txt
16032	16033	hsm/9ceba4c2_16033.txt
16033	16034	hsm/63d22b8d_16034.txt
16034	16035	hsm/99b50226_16035.txt
16035	16036	hsm/0745e5fe_16036.txt
16036	16037	hsm/7aea9271_16037.txt
16037	16038	hsm/85845478_16038.txt
16038	16039	hsm/23fdb599_16039.txt
16039	16040	hsm/03ad79aa_16040.txt
16040	16041	hsm/7a6bc551_16041.txt
16041	16042	hsm/49e6beff_16042.txt
16042	16043	hsm/f5ed4b23_16043.txt
16043	16044	hsm/418ff670_16044.txt
16044	16045	hsm/c5104b5e_16045.txt
16045	16046	hsm/d585078c_16046.txt
16046	16047	hsm/a96cf4f4_16047.txt
16047	16048	hsm/d9dd77e5_16048.txt
16048	16049	hsm/ae60524d_16049.txt
16049	16050	hsm/5b4bf72e_16050.txt
16050	16051	hsm/96bcbbe1_16051.txt
16051	16052	hsm/1389fabe_16052.txt
16052	16053	hsm/8b95374e_16053.txt
16053	16054	hsm/8d19519a_16054.txt
16054	16055	hsm/33074e10_16055.txt
16055	16056	hsm/229b9082_16056.txt
16056	16057	hsm/2f8dab1c_16057.txt
16057	16058	hsm/27969978_16058.txt
16058	16059	hsm/71ee4ffe_16059.txt
16059	16060	hsm/07fa9425_16060.txt
16060	16061	hsm/455ac0fc_16061.txt
16061	16062	hsm/bb8f0e9f_16062.txt
16062	16063	hsm/5ff8efba_16063.txt
16063	16064	hsm/e0947494_16064.txt
16064	16065	hsm/99db2230_16065.txt
16065	16066	hsm/9575cea8_16066.txt
16066	16067	hsm/36724560_16067.txt
16067	16068	hsm/9c0ccbed_16068.txt
16068	16069	hsm/ff50cb01_16069.txt
16069	16070	hsm/4974bd1c_16070.txt
16070	16071	hsm/4f1f1244_16071.txt
16071	16072	hsm/3d8adff6_16072.txt
16072	16073	hsm/0388a075_16073.txt
16073	16074	hsm/5486d1aa_16074.txt
16074	16075	hsm/fd68c07c_16075.txt
16075	16076	hsm/c1b494ca_16076.txt
16076	16077	hsm/ed497bc7_16077.txt
16077	16078	hsm/987b95d5_16078.txt
16078	16079	hsm/e9de2847_16079.txt
16079	16080	hsm/70380976_16080.txt
16080	16081	hsm/1a50dd1b_16081.txt
16081	16082	hsm/420b52d4_16082.txt
16082	16083	hsm/90b5b4bd_16083.txt
16083	16084	hsm/d5089ada_16084.txt
16084	16085	hsm/1c347eea_16085.txt
16085	16086	hsm/9b055ae3_16086.txt
16086	16087	hsm/28e5dc71_16087.txt
16087	16088	hsm/3c2c5f7e_16088.txt
16088	16089	hsm/e3d3fb67_16089.txt
16089	16090	hsm/9a94f14b_16090.txt
16090	16091	hsm/2aaddcf7_16091.txt
16091	16092	hsm/e2364894_16092.txt
16092	16093	hsm/f27a4676_16093.txt
16093	16094	hsm/6249afd4_16094.txt
16094	16095	hsm/5b25b1e8_16095.txt
16095	16096	hsm/909559b5_16096.txt
16096	16097	hsm/4000f254_16097.txt
16097	16098	hsm/c792db81_16098.txt
16098	16099	hsm/08cea328_16099.txt
16099	16100	hsm/7daf6058_16100.txt
16100	16101	hsm/89107bc6_16101.txt
16101	16102	hsm/9b53e5b2_16102.txt
16102	16103	hsm/f9953ce5_16103.txt
16103	16104	hsm/a58c1388_16104.txt
16104	16105	hsm/4c89702c_16105.txt
16105	16106	hsm/11b21e9a_16106.txt
16106	16107	hsm/51db3c26_16107.txt
16107	16108	hsm/01fcd96b_16108.txt
16108	16109	hsm/1bfeebff_16109.txt
16109	16110	hsm/baf3fb5b_16110.txt
16110	16111	hsm/88d6fc82_16111.txt
16111	16112	hsm/413fdee9_16112.txt
16112	16113	hsm/e071a479_16113.txt
16113	16114	hsm/34a98e8e_16114.txt
16114	16115	hsm/e56f4f81_16115.txt
16115	16116	hsm/2ed3abd0_16116.txt
16116	16117	hsm/501bf2f9_16117.txt
16117	16118	hsm/b5777284_16118.txt
16118	16119	hsm/543a2251_16119.txt
16119	16120	hsm/a47f0443_16120.txt
16120	16121	hsm/bcde98d8_16121.txt
16121	16122	hsm/b9ef6e9e_16122.txt
16122	16123	hsm/1d531f4c_16123.txt
16123	16124	hsm/139399ea_16124.txt
16124	16125	hsm/a92c0f8e_16125.txt
16125	16126	hsm/e4e9bf9d_16126.txt
16126	16127	hsm/cc3fdf28_16127.txt
16127	16128	hsm/7051be7e_16128.txt
16128	16129	hsm/c0d20ed8_16129.txt
16129	16130	hsm/74720d38_16130.txt
16130	16131	hsm/e2c445b3_16131.txt
16131	16132	hsm/23a6fdc0_16132.txt
16132	16133	hsm/66584676_16133.txt
16133	16134	hsm/81cd9322_16134.txt
16134	16135	hsm/524c4470_16135.txt
16135	16136	hsm/095869ba_16136.txt
16136	16137	hsm/d0d6a171_16137.txt
16137	16138	hsm/4894be4c_16138.txt
16138	16139	hsm/83154571_16139.txt
16139	16140	hsm/03385158_16140.txt
16140	16141	hsm/2ead74f8_16141.txt
16141	16142	hsm/505c786c_16142.txt
16142	16143	hsm/240b9ec4_16143.txt
16143	16144	hsm/e1a6196a_16144.txt
16144	16145	hsm/fd68c95a_16145.txt
16145	16146	hsm/1f532aa0_16146.txt
16146	16147	hsm/61ae4678_16147.txt
16147	16148	hsm/b764339c_16148.txt
16148	16149	hsm/abe68cf5_16149.txt
16149	16150	hsm/ed112e45_16150.txt
16150	16151	hsm/86b2757f_16151.txt
16151	16152	hsm/4539a9e9_16152.txt
16152	16153	hsm/6518d130_16153.txt
16153	16154	hsm/82922fd0_16154.txt
16154	16155	hsm/c5744077_16155.txt
16155	16156	hsm/66feb902_16156.txt
16156	16157	hsm/af7ea6f7_16157.txt
16157	16158	hsm/deca6fae_16158.txt
16158	16159	hsm/6fed98d9_16159.txt
16159	16160	hsm/9f05d1f8_16160.txt
16160	16161	hsm/744a0e33_16161.txt
16161	16162	hsm/6e568c53_16162.txt
16162	16163	hsm/778b4c71_16163.txt
16163	16164	hsm/1f547bd8_16164.txt
16164	16165	hsm/e22a82b9_16165.txt
16165	16166	hsm/0c5ccce1_16166.txt
16166	16167	hsm/2de18951_16167.txt
16167	16168	hsm/9fce9a90_16168.txt
16168	16169	hsm/13684d84_16169.txt
16169	16170	hsm/4aedd781_16170.txt
16170	16171	hsm/d11160f3_16171.txt
16171	16172	hsm/10575ff0_16172.txt
16172	16173	hsm/6c6c3100_16173.txt
16173	16174	hsm/9fc69b5c_16174.txt
16174	16175	hsm/f9b8df23_16175.txt
16175	16176	hsm/72336872_16176.txt
16176	16177	hsm/348d3b9a_16177.txt
16177	16178	hsm/14c0f3ff_16178.txt
16178	16179	hsm/23e212a9_16179.txt
16179	16180	hsm/26767086_16180.txt
16180	16181	hsm/c3dec992_16181.txt
16181	16182	hsm/f678ddb2_16182.txt
16182	16183	hsm/d73d99c3_16183.txt
16183	16184	hsm/cd0404ea_16184.txt
16184	16185	hsm/436b0b45_16185.txt
16185	16186	hsm/d4aa8ae4_16186.txt
16186	16187	hsm/f7e43fd5_16187.txt
16187	16188	hsm/0ee683d4_16188.txt
16188	16189	hsm/d800869c_16189.txt
16189	16190	hsm/2ff08901_16190.txt
16190	16191	hsm/6a98e4b4_16191.txt
16191	16192	hsm/2eac6307_16192.txt
16192	16193	hsm/0170df18_16193.txt
16193	16194	hsm/3f6dfa29_16194.txt
16194	16195	hsm/f78e160c_16195.txt
16195	16196	hsm/3e3bf5ee_16196.txt
16196	16197	hsm/86428a37_16197.txt
16197	16198	hsm/3379c0ec_16198.txt
16198	16199	hsm/3b3ed9d3_16199.txt
16199	16200	hsm/6b4a6678_16200.txt
16200	16201	hsm/ca33f5d7_16201.txt
16201	16202	hsm/080b6d8a_16202.txt
16202	16203	hsm/624dcdce_16203.txt
16203	16204	hsm/d5c193a3_16204.txt
16204	16205	hsm/5168669b_16205.txt
16205	16206	hsm/a7a7aa6a_16206.txt
16206	16207	hsm/fa9a03f0_16207.txt
16207	16208	hsm/6816386f_16208.txt
16208	16209	hsm/ea9cf2a3_16209.txt
16209	16210	hsm/5b7d215d_16210.txt
16210	16211	hsm/fb017b97_16211.txt
16211	16212	hsm/679153ce_16212.txt
16212	16213	hsm/f9999e29_16213.txt
16213	16214	hsm/7536c9cc_16214.txt
16214	16215	hsm/972e73cf_16215.txt
16215	16216	hsm/ea8eb781_16216.txt
16216	16217	hsm/65172743_16217.txt
16217	16218	hsm/6cc7a0d8_16218.txt
16218	16219	hsm/ea79f661_16219.txt
16219	16220	hsm/67ce8c88_16220.txt
16220	16221	hsm/fbecf3ef_16221.txt
16221	16222	hsm/ead048aa_16222.txt
16222	16223	hsm/75b45e59_16223.txt
16223	16224	hsm/81c89bb3_16224.txt
16224	16225	hsm/b77c9d05_16225.txt
16225	16226	hsm/595cf15d_16226.txt
16226	16227	hsm/b7b2a992_16227.txt
16227	16228	hsm/e49563f2_16228.txt
16228	16229	hsm/cd186e24_16229.txt
16229	16230	hsm/c38117f3_16230.txt
16230	16231	hsm/73bc54fa_16231.txt
16231	16232	hsm/4ae9df47_16232.txt
16232	16233	hsm/293eb14c_16233.txt
16233	16234	hsm/e82d3281_16234.txt
16234	16235	hsm/dd9c6797_16235.txt
16235	16236	hsm/bf8b1cc3_16236.txt
16236	16237	hsm/38f41d0f_16237.txt
16237	16238	hsm/4ae0b0c8_16238.txt
16238	16239	hsm/8ce07bca_16239.txt
16239	16240	hsm/1f000d7a_16240.txt
16240	16241	hsm/bee262cd_16241.txt
16241	16242	hsm/98609fc3_16242.txt
16242	16243	hsm/f60e6e28_16243.txt
16243	16244	hsm/700ebfed_16244.txt
16244	16245	hsm/fabcba51_16245.txt
16245	16246	hsm/430c1892_16246.txt
16246	16247	hsm/36c7bda5_16247.txt
16247	16248	hsm/1e48027f_16248.txt
16248	16249	hsm/1fbe07a4_16249.txt
16249	16250	hsm/1a691e6f_16250.txt
16250	16251	hsm/71d6d191_16251.txt
16251	16252	hsm/e2a51aae_16252.txt
16252	16253	hsm/0f25a9e6_16253.txt
16253	16254	hsm/0b6f82c1_16254.txt
16254	16255	hsm/e2b58ddb_16255.txt
16255	16256	hsm/b382a7e5_16256.txt
16256	16257	hsm/99d674de_16257.txt
16257	16258	hsm/b3d2237b_16258.txt
16258	16259	hsm/24a89ba0_16259.txt
16259	16260	hsm/c7fd9d5a_16260.txt
16260	16261	hsm/8ac6f7b1_16261.txt
16261	16262	hsm/ac7babf9_16262.txt
16262	16263	hsm/0e6db3be_16263.txt
16263	16264	hsm/91c7f027_16264.txt
16264	16265	hsm/c7b051f5_16265.txt
16265	16266	hsm/b7ea0737_16266.txt
16266	16267	hsm/29e9c084_16267.txt
16267	16268	hsm/c4876b7a_16268.txt
16268	16269	hsm/bea55a7b_16269.txt
16269	16270	hsm/d6c216d2_16270.txt
16270	16271	hsm/0bdf74d2_16271.txt
16271	16272	hsm/2468bff0_16272.txt
16272	16273	hsm/6bf64cb3_16273.txt
16273	16274	hsm/3a076dd9_16274.txt
16274	16275	hsm/14e8f220_16275.txt
16275	16276	hsm/431ffcbf_16276.txt
16276	16277	hsm/78961fca_16277.txt
16277	16278	hsm/4ceb72aa_16278.txt
16278	16279	hsm/c71f9994_16279.txt
16279	16280	hsm/47434683_16280.txt
16280	16281	hsm/0640bef1_16281.txt
16281	16282	hsm/12a1608b_16282.txt
16282	16283	hsm/dd5eb584_16283.txt
16283	16284	hsm/122accbd_16284.txt
16284	16285	hsm/a2104842_16285.txt
16285	16286	hsm/ceea05f3_16286.txt
16286	16287	hsm/655a25f2_16287.txt
16287	16288	hsm/0e73a907_16288.txt
16288	16289	hsm/8cdd9a88_16289.txt
16289	16290	hsm/6d3cf8df_16290.txt
16290	16291	hsm/abc183a6_16291.txt
16291	16292	hsm/f6383cd9_16292.txt
16292	16293	hsm/53ca28bd_16293.txt
16293	16294	hsm/8d26b8f4_16294.txt
16294	16295	hsm/29285cd0_16295.txt
16295	16296	hsm/b7c172c9_16296.txt
16296	16297	hsm/7c8bba49_16297.txt
16297	16298	hsm/3579902f_16298.txt
16298	16299	hsm/815fb718_16299.txt
16299	16300	hsm/7b595336_16300.txt
16300	16301	hsm/945b9fcc_16301.txt
16301	16302	hsm/bc07a146_16302.txt
16302	16303	hsm/afac0598_16303.txt
16303	16304	hsm/73fc1df0_16304.txt
16304	16305	hsm/11f3de96_16305.txt
16305	16306	hsm/c09a32bd_16306.txt
16306	16307	hsm/f36d5f38_16307.txt
16307	16308	hsm/54943fe8_16308.txt
16308	16309	hsm/704928dd_16309.txt
16309	16310	hsm/05b8c202_16310.txt
16310	16311	hsm/aeaa61c7_16311.txt
16311	16312	hsm/8de588d9_16312.txt
16312	16313	hsm/d8f271d7_16313.txt
16313	16314	hsm/abde4e6c_16314.txt
16314	16315	hsm/fd77b435_16315.txt
16315	16316	hsm/98ab0405_16316.txt
16316	16317	hsm/834612e0_16317.txt
16317	16318	hsm/b6a7bd68_16318.txt
16318	16319	hsm/4594545c_16319.txt
16319	16320	hsm/eea2f140_16320.txt
16320	16321	hsm/d0472477_16321.txt
16321	16322	hsm/3fd251a6_16322.txt
16322	16323	hsm/f9c1c006_16323.txt
16323	16324	hsm/e429ed2c_16324.txt
16324	16325	hsm/a6768a80_16325.txt
16325	16326	hsm/cabdfaea_16326.txt
16326	16327	hsm/86fdaa3f_16327.txt
16327	16328	hsm/45b37d29_16328.txt
16328	16329	hsm/4ea1d922_16329.txt
16329	16330	hsm/d75e04a6_16330.txt
16330	16331	hsm/0dc4bf49_16331.txt
16331	16332	hsm/25785158_16332.txt
16332	16333	hsm/7219b8b8_16333.txt
16333	16334	hsm/50f8e3de_16334.txt
16334	16335	hsm/b042ac88_16335.txt
16335	16336	hsm/3921ad2c_16336.txt
16336	16337	hsm/40d064c2_16337.txt
16337	16338	hsm/15f2b913_16338.txt
16338	16339	hsm/54f52f42_16339.txt
16339	16340	hsm/0a4c46cd_16340.txt
16340	16341	hsm/9b7376de_16341.txt
16341	16342	hsm/8feec903_16342.txt
16342	16343	hsm/13895e62_16343.txt
16343	16344	hsm/c3c3bfea_16344.txt
16344	16345	hsm/cd414d7a_16345.txt
16345	16346	hsm/4520126a_16346.txt
16346	16347	hsm/4c8c1328_16347.txt
16347	16348	hsm/3a65132b_16348.txt
16348	16349	hsm/25771415_16349.txt
16349	16350	hsm/5da07610_16350.txt
16350	16351	hsm/03163a80_16351.txt
16351	16352	hsm/0eee5be6_16352.txt
16352	16353	hsm/57f915eb_16353.txt
16353	16354	hsm/d1854114_16354.txt
16354	16355	hsm/96424b92_16355.txt
16355	16356	hsm/dac26b81_16356.txt
16356	16357	hsm/415c0c52_16357.txt
16357	16358	hsm/86b627d3_16358.txt
16358	16359	hsm/d4f3d731_16359.txt
16359	16360	hsm/cd9a49cd_16360.txt
16360	16361	hsm/51b8b05c_16361.txt
16361	16362	hsm/924863aa_16362.txt
16362	16363	hsm/360405cd_16363.txt
16363	16364	hsm/e652e054_16364.txt
16364	16365	hsm/9bf408ba_16365.txt
16365	16366	hsm/4d6c6072_16366.txt
16366	16367	hsm/5cc4a946_16367.txt
16367	16368	hsm/469a550c_16368.txt
16368	16369	hsm/92330c7d_16369.txt
16369	16370	hsm/8cd44fd2_16370.txt
16370	16371	hsm/13ff9137_16371.txt
16371	16372	hsm/ed43c78a_16372.txt
16372	16373	hsm/67d63677_16373.txt
16373	16374	hsm/682606e4_16374.txt
16374	16375	hsm/95578120_16375.txt
16375	16376	hsm/b479fcf0_16376.txt
16376	16377	hsm/1d301aa5_16377.txt
16377	16378	hsm/f280707e_16378.txt
16378	16379	hsm/5939d66e_16379.txt
16379	16380	hsm/2e164eea_16380.txt
16380	16381	hsm/fbae23b0_16381.txt
16381	16382	hsm/9a0096a2_16382.txt
16382	16383	hsm/43ce2955_16383.txt
16383	16384	hsm/f03b700f_16384.txt
16384	16385	hsm/e684d52a_16385.txt
16385	16386	hsm/2ed26640_16386.txt
16386	16387	hsm/d0f3596e_16387.txt
16387	16388	hsm/d9986255_16388.txt
16388	16389	hsm/75a19c69_16389.txt
16389	16390	hsm/30dc5a31_16390.txt
16390	16391	hsm/57e2a564_16391.txt
16391	16392	hsm/54e3d852_16392.txt
16392	16393	hsm/5e3213f2_16393.txt
16393	16394	hsm/d6e678a0_16394.txt
16394	16395	hsm/effbfbb1_16395.txt
16395	16396	hsm/6fde8aa4_16396.txt
16396	16397	hsm/04084d65_16397.txt
16397	16398	hsm/8d5cc042_16398.txt
16398	16399	hsm/f93f17ab_16399.txt
16399	16400	hsm/6bcb0e38_16400.txt
16400	16401	hsm/ba414d4c_16401.txt
16401	16402	hsm/d51e86de_16402.txt
16402	16403	hsm/5594d297_16403.txt
16403	16404	hsm/fa9355a2_16404.txt
16404	16405	hsm/cec9a787_16405.txt
16405	16406	hsm/6ad22ef2_16406.txt
16406	16407	hsm/a63ed3f6_16407.txt
16407	16408	hsm/74dd7900_16408.txt
16408	16409	hsm/0de3b7eb_16409.txt
16409	16410	hsm/ed1090ca_16410.txt
16410	16411	hsm/f0919197_16411.txt
16411	16412	hsm/afd1017f_16412.txt
16412	16413	hsm/497f660d_16413.txt
16413	16414	hsm/a3225134_16414.txt
16414	16415	hsm/e25157df_16415.txt
16415	16416	hsm/4ea3fd76_16416.txt
16416	16417	hsm/f95c4c92_16417.txt
16417	16418	hsm/d44790ec_16418.txt
16418	16419	hsm/bdc79cca_16419.txt
16419	16420	hsm/99659d28_16420.txt
16420	16421	hsm/ede95e0f_16421.txt
16421	16422	hsm/5222e459_16422.txt
16422	16423	hsm/dc56ea3a_16423.txt
16423	16424	hsm/1669ea3a_16424.txt
16424	16425	hsm/a41d4b09_16425.txt
16425	16426	hsm/e49e00f1_16426.txt
16426	16427	hsm/63dc2572_16427.txt
16427	16428	hsm/d3604c20_16428.txt
16428	16429	hsm/9a447ad5_16429.txt
16429	16430	hsm/19d759fc_16430.txt
16430	16431	hsm/e8ddfdf9_16431.txt
16431	16432	hsm/8dd49559_16432.txt
16432	16433	hsm/733b8cd7_16433.txt
16433	16434	hsm/fda64930_16434.txt
16434	16435	hsm/029fb663_16435.txt
16435	16436	hsm/18be3882_16436.txt
16436	16437	hsm/0baed7b5_16437.txt
16437	16438	hsm/b437b500_16438.txt
16438	16439	hsm/e941191c_16439.txt
16439	16440	hsm/dd5814d0_16440.txt
16440	16441	hsm/198ed8f8_16441.txt
16441	16442	hsm/63609258_16442.txt
16442	16443	hsm/307ada9e_16443.txt
16443	16444	hsm/02542694_16444.txt
16444	16445	hsm/bd498959_16445.txt
16445	16446	hsm/5d6582ac_16446.txt
16446	16447	hsm/0e967773_16447.txt
16447	16448	hsm/51e8b69b_16448.txt
16448	16449	hsm/4ddedccc_16449.txt
16449	16450	hsm/ea19194d_16450.txt
16450	16451	hsm/48014a50_16451.txt
16451	16452	hsm/83d7dd6b_16452.txt
16452	16453	hsm/a5233385_16453.txt
16453	16454	hsm/6a41235d_16454.txt
16454	16455	hsm/122b0c7b_16455.txt
16455	16456	hsm/cfd7796b_16456.txt
16456	16457	hsm/1fb54bb5_16457.txt
16457	16458	hsm/2125c3e5_16458.txt
16458	16459	hsm/d63bf31e_16459.txt
16459	16460	hsm/c25e64d8_16460.txt
16460	16461	hsm/2c5bd2fe_16461.txt
16461	16462	hsm/4c9178ec_16462.txt
16462	16463	hsm/5f298566_16463.txt
16463	16464	hsm/ef6b4dcb_16464.txt
16464	16465	hsm/d451b3bb_16465.txt
16465	16466	hsm/60ef9701_16466.txt
16466	16467	hsm/98ff97de_16467.txt
16467	16468	hsm/7f179d42_16468.txt
16468	16469	hsm/38ee498b_16469.txt
16469	16470	hsm/42b040e9_16470.txt
16470	16471	hsm/4be428ed_16471.txt
16471	16472	hsm/d6f1514d_16472.txt
16472	16473	hsm/be0bd6aa_16473.txt
16473	16474	hsm/06afc6c6_16474.txt
16474	16475	hsm/46e8df0e_16475.txt
16475	16476	hsm/2f2f9019_16476.txt
16476	16477	hsm/e907fa6c_16477.txt
16477	16478	hsm/1f4edee7_16478.txt
16478	16479	hsm/536a7d82_16479.txt
16479	16480	hsm/9535b5da_16480.txt
16480	16481	hsm/cd7cc05d_16481.txt
16481	16482	hsm/d5d130a2_16482.txt
16482	16483	hsm/fbd78624_16483.txt
16483	16484	hsm/b985f1e9_16484.txt
16484	16485	hsm/c53e610c_16485.txt
16485	16486	hsm/9978fe70_16486.txt
16486	16487	hsm/584c2f3e_16487.txt
16487	16488	hsm/8de62547_16488.txt
16488	16489	hsm/7c8e6dbf_16489.txt
16489	16490	hsm/0dd0f702_16490.txt
16490	16491	hsm/0dbe03e6_16491.txt
16491	16492	hsm/b985f1e9_16492.txt
16492	16493	hsm/7625a428_16493.txt
16493	16494	hsm/ba4a870f_16494.txt
16494	16495	hsm/948b5be4_16495.txt
16495	16496	hsm/f9aba09d_16496.txt
16496	16497	hsm/5731b626_16497.txt
16497	16498	hsm/06b757ed_16498.txt
16498	16499	hsm/4403e0c5_16499.txt
16499	16500	hsm/d9b22278_16500.txt
16500	16501	hsm/955f411f_16501.txt
16501	16502	hsm/39b6342c_16502.txt
16502	16503	hsm/47f68386_16503.txt
16503	16504	hsm/829bdcfc_16504.txt
16504	16505	hsm/dc952656_16505.txt
16505	16506	hsm/3cb2ab6b_16506.txt
16506	16507	hsm/f8e21e09_16507.txt
16507	16508	hsm/7cb1e3dc_16508.txt
16508	16509	hsm/44275911_16509.txt
16509	16510	hsm/0672d9fc_16510.txt
16510	16511	hsm/5c54b10a_16511.txt
16511	16512	hsm/1d1108a8_16512.txt
16512	16513	hsm/f8a3abd9_16513.txt
16513	16514	hsm/622799da_16514.txt
16514	16515	hsm/3ababe65_16515.txt
16515	16516	hsm/da15c627_16516.txt
16516	16517	hsm/edf1a79c_16517.txt
16517	16518	hsm/ac85f2de_16518.txt
16518	16519	hsm/f80c301c_16519.txt
16519	16520	hsm/491a8537_16520.txt
16520	16521	hsm/91b10a8e_16521.txt
16521	16522	hsm/2f4a6321_16522.txt
16522	16523	hsm/6a29cbcf_16523.txt
16523	16524	hsm/02ed9362_16524.txt
16524	16525	hsm/aace0249_16525.txt
16525	16526	hsm/72acb1c5_16526.txt
16526	16527	hsm/39cf0954_16527.txt
16527	16528	hsm/c7c6c3ed_16528.txt
16528	16529	hsm/90ce33ee_16529.txt
16529	16530	hsm/eac4f366_16530.txt
16530	16531	hsm/67102d41_16531.txt
16531	16532	hsm/c906c40c_16532.txt
16532	16533	hsm/8d511881_16533.txt
16533	16534	hsm/cb3f0b4d_16534.txt
16534	16535	hsm/83889954_16535.txt
16535	16536	hsm/22d3c2f2_16536.txt
16536	16537	hsm/aeb44c4b_16537.txt
16537	16538	hsm/e2f27fab_16538.txt
16538	16539	hsm/5ffc6070_16539.txt
16539	16540	hsm/05b35dd3_16540.txt
16540	16541	hsm/8d389e7c_16541.txt
16541	16542	hsm/fcc64fd8_16542.txt
16542	16543	hsm/3504eecc_16543.txt
16543	16544	hsm/173c08e9_16544.txt
16544	16545	hsm/09e7f933_16545.txt
16545	16546	hsm/7064856c_16546.txt
16546	16547	hsm/1d4e9de9_16547.txt
16547	16548	hsm/dc06e328_16548.txt
16548	16549	hsm/7e65d6c0_16549.txt
16549	16550	hsm/7ae4d7ae_16550.txt
16550	16551	hsm/0d5e9c0e_16551.txt
16551	16552	hsm/e9ed0761_16552.txt
16552	16553	hsm/6227e155_16553.txt
16553	16554	hsm/2887c98a_16554.txt
16554	16555	hsm/4f931f2e_16555.txt
16555	16556	hsm/f4f3ecf3_16556.txt
16556	16557	hsm/58951e6c_16557.txt
16557	16558	hsm/2ef2879a_16558.txt
16558	16559	hsm/747d71e2_16559.txt
16559	16560	hsm/60e2a335_16560.txt
16560	16561	hsm/32a29fb4_16561.txt
16561	16562	hsm/6f49a805_16562.txt
16562	16563	hsm/b4f4c592_16563.txt
16563	16564	hsm/907a2852_16564.txt
16564	16565	hsm/0e5f32f5_16565.txt
16565	16566	hsm/0b3a9a7f_16566.txt
16566	16567	hsm/e6d6e7e0_16567.txt
16567	16568	hsm/d9f74dfa_16568.txt
16568	16569	hsm/77b9e11f_16569.txt
16569	16570	hsm/1ffcfbf9_16570.txt
16570	16571	hsm/e58b2987_16571.txt
16571	16572	hsm/8b1b671e_16572.txt
16572	16573	hsm/5da4a3a1_16573.txt
16573	16574	hsm/dd568c4c_16574.txt
16574	16575	hsm/67dffc6c_16575.txt
16575	16576	hsm/217a7436_16576.txt
16576	16577	hsm/5d5027b8_16577.txt
16577	16578	hsm/aaed0a9b_16578.txt
16578	16579	hsm/f8043181_16579.txt
16579	16580	hsm/7537bc9f_16580.txt
16580	16581	hsm/afca0bbd_16581.txt
16581	16582	hsm/92d25cad_16582.txt
16582	16583	hsm/fc77c3b4_16583.txt
16583	16584	hsm/41c071c7_16584.txt
16584	16585	hsm/8df81633_16585.txt
16585	16586	hsm/e7d390cf_16586.txt
16586	16587	hsm/28d634c9_16587.txt
16587	16588	hsm/90cf724d_16588.txt
16588	16589	hsm/01734aa3_16589.txt
16589	16590	hsm/2010f3a0_16590.txt
16590	16591	hsm/eeaa4870_16591.txt
16591	16592	hsm/6951f6a5_16592.txt
16592	16593	hsm/46964fb9_16593.txt
16593	16594	hsm/06b0004e_16594.txt
16594	16595	hsm/53f505ac_16595.txt
16595	16596	hsm/90d01eb7_16596.txt
16596	16597	hsm/14f3e3dd_16597.txt
16597	16598	hsm/9755ddc5_16598.txt
16598	16599	hsm/f0b6d035_16599.txt
16599	16600	hsm/57d179fe_16600.txt
16600	16601	hsm/75352e08_16601.txt
16601	16602	hsm/857055c2_16602.txt
16602	16603	hsm/cde393a5_16603.txt
16603	16604	hsm/4845d2a8_16604.txt
16604	16605	hsm/a9bb1193_16605.txt
16605	16606	hsm/c0171ad1_16606.txt
16606	16607	hsm/d6266db8_16607.txt
16607	16608	hsm/e993c370_16608.txt
16608	16609	hsm/8688301e_16609.txt
16609	16610	hsm/649aa3d9_16610.txt
16610	16611	hsm/78bc125a_16611.txt
16611	16612	hsm/5a4662c4_16612.txt
16612	16613	hsm/4b1622e3_16613.txt
16613	16614	hsm/53082cef_16614.txt
16614	16615	hsm/3fe58cad_16615.txt
16615	16616	hsm/0cb636d4_16616.txt
16616	16617	hsm/9d145935_16617.txt
16617	16618	hsm/11637cd7_16618.txt
16618	16619	hsm/192e7f2b_16619.txt
16619	16620	hsm/b0f5d772_16620.txt
16620	16621	hsm/9341aaf4_16621.txt
16621	16622	hsm/89357947_16622.txt
16622	16623	hsm/554b5762_16623.txt
16623	16624	hsm/cd6a0f03_16624.txt
16624	16625	hsm/5e134b58_16625.txt
16625	16626	hsm/33ae5e38_16626.txt
16626	16627	hsm/6ec8c267_16627.txt
16627	16628	hsm/60156f86_16628.txt
16628	16629	hsm/d35b01db_16629.txt
16629	16630	hsm/1eb3e13e_16630.txt
16630	16631	hsm/48b3ea2e_16631.txt
16631	16632	hsm/65194431_16632.txt
16632	16633	hsm/19560717_16633.txt
16633	16634	hsm/564b9eaf_16634.txt
16634	16635	hsm/c7831e60_16635.txt
16635	16636	hsm/7cf8e209_16636.txt
16636	16637	hsm/6bf31d8b_16637.txt
16637	16638	hsm/ca66bc28_16638.txt
16638	16639	hsm/19c00980_16639.txt
16639	16640	hsm/1cc6573d_16640.txt
16640	16641	hsm/b87dbc19_16641.txt
16641	16642	hsm/fcd88f64_16642.txt
16642	16643	hsm/69217ebb_16643.txt
16643	16644	hsm/d5da39bb_16644.txt
16644	16645	hsm/ef59820f_16645.txt
16645	16646	hsm/dd1e0b48_16646.txt
16646	16647	hsm/dd1e0b48_16647.txt
16647	16648	hsm/13e988e7_16648.txt
16648	16649	hsm/a4b69d08_16649.txt
16649	16650	hsm/41c02d26_16650.txt
16650	16651	hsm/d4e01088_16651.txt
16651	16652	hsm/cfc75697_16652.txt
16652	16653	hsm/94897346_16653.txt
16653	16654	hsm/8df1c433_16654.txt
16654	16655	hsm/1af5804d_16655.txt
16655	16656	hsm/c4ef6e17_16656.txt
16656	16657	hsm/a6a15205_16657.txt
16657	16658	hsm/f622f8f7_16658.txt
16658	16659	hsm/f9fa50f9_16659.txt
16659	16660	hsm/95827bb0_16660.txt
16660	16661	hsm/b01b251d_16661.txt
16661	16662	hsm/c80bb737_16662.txt
16662	16663	hsm/686bcd6b_16663.txt
16663	16664	hsm/0a85a0e5_16664.txt
16664	16665	hsm/e3b88eb3_16665.txt
16665	16666	hsm/dd8a4032_16666.txt
16666	16667	hsm/48886fde_16667.txt
16667	16668	hsm/23ad35a8_16668.txt
16668	16669	hsm/649d6fe1_16669.txt
16669	16670	hsm/90f0ac41_16670.txt
16670	16671	hsm/97399912_16671.txt
16671	16672	hsm/12593c3e_16672.txt
16672	16673	hsm/265e227e_16673.txt
16673	16674	hsm/df1d80f0_16674.txt
16674	16675	hsm/f3b8447f_16675.txt
16675	16676	hsm/2d3685e0_16676.txt
16676	16677	hsm/ee92d1bc_16677.txt
16677	16678	hsm/ab7a0172_16678.txt
16678	16679	hsm/543486a3_16679.txt
16679	16680	hsm/0c7ed641_16680.txt
16680	16681	hsm/3f0c2e4d_16681.txt
16681	16682	hsm/65d489fd_16682.txt
16682	16683	hsm/3a6cc489_16683.txt
16683	16684	hsm/a879e79c_16684.txt
16684	16685	hsm/30bc37dc_16685.txt
16685	16686	hsm/0b233e58_16686.txt
16686	16687	hsm/9d39838b_16687.txt
16687	16688	hsm/c85b1a63_16688.txt
16688	16689	hsm/3142857c_16689.txt
16689	16690	hsm/80cf6864_16690.txt
16690	16691	hsm/fb70c5b5_16691.txt
16691	16692	hsm/274d0f45_16692.txt
16692	16693	hsm/229e5187_16693.txt
16693	16694	hsm/f6956ed8_16694.txt
16694	16695	hsm/56572f8d_16695.txt
16695	16696	hsm/138814cc_16696.txt
16696	16697	hsm/3293d20e_16697.txt
16697	16698	hsm/ee795851_16698.txt
16698	16699	hsm/fab4c4ed_16699.txt
16699	16700	hsm/20cb1906_16700.txt
16700	16701	hsm/f7dffec7_16701.txt
16701	16702	hsm/2ff8c569_16702.txt
16702	16703	hsm/d25df0b5_16703.txt
16703	16704	hsm/5f1199df_16704.txt
16704	16705	hsm/d1a176c4_16705.txt
16705	16706	hsm/5af3bd0d_16706.txt
16706	16707	hsm/305f3015_16707.txt
16707	16708	hsm/d05780b4_16708.txt
16708	16709	hsm/ec96166b_16709.txt
16709	16710	hsm/9780b424_16710.txt
16710	16711	hsm/c07c6456_16711.txt
16711	16712	hsm/d6f07630_16712.txt
16712	16713	hsm/8628bb71_16713.txt
16713	16714	hsm/3a2ab09a_16714.txt
16714	16715	hsm/1d42b0b6_16715.txt
16715	16716	hsm/421904e6_16716.txt
16716	16717	hsm/bcedf7a8_16717.txt
16717	16718	hsm/c7155773_16718.txt
16718	16719	hsm/8c6c0a8a_16719.txt
16719	16720	hsm/3ad13ec3_16720.txt
16720	16721	hsm/ee94b534_16721.txt
16721	16722	hsm/4bbbcf51_16722.txt
16722	16723	hsm/b0658c7d_16723.txt
16723	16724	hsm/f25beb2f_16724.txt
16724	16725	hsm/ef51302c_16725.txt
16725	16726	hsm/9548df4b_16726.txt
16726	16727	hsm/9cc89fed_16727.txt
16727	16728	hsm/644f17f1_16728.txt
16728	16729	hsm/970b9503_16729.txt
16729	16730	hsm/948dfd50_16730.txt
16730	16731	hsm/ba88e026_16731.txt
16731	16732	hsm/55cb9002_16732.txt
16732	16733	hsm/2a983850_16733.txt
16733	16734	hsm/59518a4f_16734.txt
16734	16735	hsm/3f120727_16735.txt
16735	16736	hsm/94f24920_16736.txt
16736	16737	hsm/f37c04f6_16737.txt
16737	16738	hsm/50acd0d6_16738.txt
16738	16739	hsm/b5e2548a_16739.txt
16739	16740	hsm/c83bb3c8_16740.txt
16740	16741	hsm/f5b5b1bb_16741.txt
16741	16742	hsm/451bf5d2_16742.txt
16742	16743	hsm/72cf3bfc_16743.txt
16743	16744	hsm/af7c1df8_16744.txt
16744	16745	hsm/b140b308_16745.txt
16745	16746	hsm/e2c6066a_16746.txt
16746	16747	hsm/a4dfed63_16747.txt
16747	16748	hsm/09bc9324_16748.txt
16748	16749	hsm/b110a5cc_16749.txt
16749	16750	hsm/c9a87529_16750.txt
16750	16751	hsm/1d18f615_16751.txt
16751	16752	hsm/d8d91fe4_16752.txt
16752	16753	hsm/8fdf5d4b_16753.txt
16753	16754	hsm/daa7e174_16754.txt
16754	16755	hsm/530a1241_16755.txt
16755	16756	hsm/d66f3020_16756.txt
16756	16757	hsm/19f2fa33_16757.txt
16757	16758	hsm/b2e2b08f_16758.txt
16758	16759	hsm/49cf3356_16759.txt
16759	16760	hsm/345d21ee_16760.txt
16760	16761	hsm/5aa8e68f_16761.txt
16761	16762	hsm/918c5aad_16762.txt
16762	16763	hsm/00bf3759_16763.txt
16763	16764	hsm/ba4a20bf_16764.txt
16764	16765	hsm/fc8420cf_16765.txt
16765	16766	hsm/58d0908c_16766.txt
16766	16767	hsm/b8258a6f_16767.txt
16767	16768	hsm/31aefa9b_16768.txt
16768	16769	hsm/7c663ace_16769.txt
16769	16770	hsm/a87bb19a_16770.txt
16770	16771	hsm/f892b622_16771.txt
16771	16772	hsm/351c5c93_16772.txt
16772	16773	hsm/2e667fa1_16773.txt
16773	16774	hsm/fe4dc1c8_16774.txt
16774	16775	hsm/468132cb_16775.txt
16775	16776	hsm/d0943962_16776.txt
16776	16777	hsm/b27c4c11_16777.txt
16777	16778	hsm/55926e1c_16778.txt
16778	16779	hsm/df75f1eb_16779.txt
16779	16780	hsm/a313d8f8_16780.txt
16780	16781	hsm/aaf5b2c1_16781.txt
16781	16782	hsm/0ad7ffb2_16782.txt
16782	16783	hsm/42b97bb7_16783.txt
16783	16784	hsm/86511492_16784.txt
16784	16785	hsm/0d550a6c_16785.txt
16785	16786	hsm/df45005c_16786.txt
16786	16787	hsm/0d6a2690_16787.txt
16787	16788	hsm/291cf294_16788.txt
16788	16789	hsm/5beff0f8_16789.txt
16789	16790	hsm/cf74746e_16790.txt
16790	16791	hsm/571bcb24_16791.txt
16791	16792	hsm/f9e6b453_16792.txt
16792	16793	hsm/f2748816_16793.txt
16793	16794	hsm/ff03817a_16794.txt
16794	16795	hsm/54f59189_16795.txt
16795	16796	hsm/57aad6bb_16796.txt
16796	16797	hsm/389cb2b3_16797.txt
16797	16798	hsm/68aac5a4_16798.txt
16798	16799	hsm/303600e1_16799.txt
16799	16800	hsm/e057e03d_16800.txt
16800	16801	hsm/9e8084ec_16801.txt
16801	16802	hsm/4916a2f3_16802.txt
16802	16803	hsm/8c12830c_16803.txt
16803	16804	hsm/1c698690_16804.txt
16804	16805	hsm/1ca7e69f_16805.txt
16805	16806	hsm/1ebdb815_16806.txt
16806	16807	hsm/b145299c_16807.txt
16807	16808	hsm/6f6c0b48_16808.txt
16808	16809	hsm/084ec402_16809.txt
16809	16810	hsm/7b32e6ac_16810.txt
16810	16811	hsm/71722bf0_16811.txt
16811	16812	hsm/8bd6c05b_16812.txt
16812	16813	hsm/91ab513c_16813.txt
16813	16814	hsm/82520924_16814.txt
16814	16815	hsm/63db051e_16815.txt
16815	16816	hsm/7370f409_16816.txt
16816	16817	hsm/3ab3ba45_16817.txt
16817	16818	hsm/53e14291_16818.txt
16818	16819	hsm/654cf2b0_16819.txt
16819	16820	hsm/15dcfb8e_16820.txt
16820	16821	hsm/934f51ba_16821.txt
16821	16822	hsm/170036fc_16822.txt
16822	16823	hsm/17f4e978_16823.txt
16823	16824	hsm/f9d89612_16824.txt
16824	16825	hsm/3ea81a75_16825.txt
16825	16826	hsm/46a55547_16826.txt
16826	16827	hsm/522efd71_16827.txt
16827	16828	hsm/812a1bc2_16828.txt
16828	16829	hsm/ef0bab9c_16829.txt
16829	16830	hsm/f1d42130_16830.txt
16830	16831	hsm/31c70b11_16831.txt
16831	16832	hsm/07f507f9_16832.txt
16832	16833	hsm/cf723e0a_16833.txt
16833	16834	hsm/d283df33_16834.txt
16834	16835	hsm/716eaf83_16835.txt
16835	16836	hsm/5931b94b_16836.txt
16836	16837	hsm/3d45f912_16837.txt
16837	16838	hsm/0e47163d_16838.txt
16838	16839	hsm/1f789dac_16839.txt
16839	16840	hsm/c7e3787b_16840.txt
16840	16841	hsm/29c70ffd_16841.txt
16841	16842	hsm/d3404d0f_16842.txt
16842	16843	hsm/7a0a27c5_16843.txt
16843	16844	hsm/85340099_16844.txt
16844	16845	hsm/0ac38b40_16845.txt
16845	16846	hsm/7812dd25_16846.txt
16846	16847	hsm/59cbe496_16847.txt
16847	16848	hsm/82c5b8ff_16848.txt
16848	16849	hsm/208b1029_16849.txt
16849	16850	hsm/6fbd6204_16850.txt
16850	16851	hsm/ffedf249_16851.txt
16851	16852	hsm/b4151eb3_16852.txt
16852	16853	hsm/44a6d8e8_16853.txt
16853	16854	hsm/a526e4d2_16854.txt
16854	16855	hsm/647b5644_16855.txt
16855	16856	hsm/23652f41_16856.txt
16856	16857	hsm/34aa980d_16857.txt
16857	16858	hsm/bb97d4a3_16858.txt
16858	16859	hsm/9de44e83_16859.txt
16859	16860	hsm/193a311f_16860.txt
16860	16861	hsm/6aff9ada_16861.txt
16861	16862	hsm/18cdd2a2_16862.txt
16862	16863	hsm/850e3ffe_16863.txt
16863	16864	hsm/cb3421c3_16864.txt
16864	16865	hsm/e18ccb6d_16865.txt
16865	16866	hsm/0c252d8c_16866.txt
16866	16867	hsm/36c3e644_16867.txt
16867	16868	hsm/be4312c5_16868.txt
16868	16869	hsm/c9b799c4_16869.txt
16869	16870	hsm/3051369b_16870.txt
16870	16871	hsm/844343df_16871.txt
16871	16872	hsm/d04fef54_16872.txt
16872	16873	hsm/2a46d079_16873.txt
16873	16874	hsm/1d3ef063_16874.txt
16874	16875	hsm/04a6d496_16875.txt
16875	16876	hsm/d877a127_16876.txt
16876	16877	hsm/305c9823_16877.txt
16877	16878	hsm/81b628d1_16878.txt
16878	16879	hsm/38d6946a_16879.txt
16879	16880	hsm/a5ac2365_16880.txt
16880	16881	hsm/b9fc0f3e_16881.txt
16881	16882	hsm/1e09da94_16882.txt
16882	16883	hsm/d51d8028_16883.txt
16883	16884	hsm/53abcdd4_16884.txt
16884	16885	hsm/9f0e918b_16885.txt
16885	16886	hsm/5d16f710_16886.txt
16886	16887	hsm/8bfa20d2_16887.txt
16887	16888	hsm/6cccec69_16888.txt
16888	16889	hsm/14e1db3e_16889.txt
16889	16890	hsm/89e85ac2_16890.txt
16890	16891	hsm/d99cf953_16891.txt
16891	16892	hsm/d24a7324_16892.txt
16892	16893	hsm/10ecdf2b_16893.txt
16893	16894	hsm/1f6e1c26_16894.txt
16894	16895	hsm/58dcb5fe_16895.txt
16895	16896	hsm/71e4babf_16896.txt
16896	16897	hsm/ad08c920_16897.txt
16897	16898	hsm/a2bb6799_16898.txt
16898	16899	hsm/c0c4647c_16899.txt
16899	16900	hsm/5806f2a0_16900.txt
16900	16901	hsm/01d1f832_16901.txt
16901	16902	hsm/5a778bbe_16902.txt
16902	16903	hsm/cda9932a_16903.txt
16903	16904	hsm/209efc10_16904.txt
16904	16905	hsm/d12539db_16905.txt
16905	16906	hsm/26dfb048_16906.txt
16906	16907	hsm/b88acfa9_16907.txt
16907	16908	hsm/934a36c2_16908.txt
16908	16909	hsm/e638446f_16909.txt
16909	16910	hsm/57cc2b5b_16910.txt
16910	16911	hsm/173657a5_16911.txt
16911	16912	hsm/34dd6b0d_16912.txt
16912	16913	hsm/d3714576_16913.txt
16913	16914	hsm/e7066cb7_16914.txt
16914	16915	hsm/c62d337c_16915.txt
16915	16916	hsm/d1b3d306_16916.txt
16916	16917	hsm/a489edfe_16917.txt
16917	16918	hsm/b29584a8_16918.txt
16918	16919	hsm/6a7ca627_16919.txt
16919	16920	hsm/b0967013_16920.txt
16920	16921	hsm/54180ec9_16921.txt
16921	16922	hsm/d82f855c_16922.txt
16922	16923	hsm/3bb7cf78_16923.txt
16923	16924	hsm/85aab6da_16924.txt
16924	16925	hsm/c67ef4dc_16925.txt
16925	16926	hsm/de539cd2_16926.txt
16926	16927	hsm/d490298f_16927.txt
16927	16928	hsm/93b64bfb_16928.txt
16928	16929	hsm/5a17a379_16929.txt
16929	16930	hsm/5345baf3_16930.txt
16930	16931	hsm/e8f2c45c_16931.txt
16931	16932	hsm/56ef75cc_16932.txt
16932	16933	hsm/bea74860_16933.txt
16933	16934	hsm/61826bd3_16934.txt
16934	16935	hsm/1ac57d81_16935.txt
16935	16936	hsm/80640eac_16936.txt
16936	16937	hsm/0cac47cb_16937.txt
16937	16938	hsm/6945c545_16938.txt
16938	16939	hsm/229f98ce_16939.txt
16939	16940	hsm/5bf1942b_16940.txt
16940	16941	hsm/cd20cdcb_16941.txt
16941	16942	hsm/26e73647_16942.txt
16942	16943	hsm/c0b61e55_16943.txt
16943	16944	hsm/9e67fda3_16944.txt
16944	16945	hsm/acfbef80_16945.txt
16945	16946	hsm/311b7a12_16946.txt
16946	16947	hsm/653cb8f7_16947.txt
16947	16948	hsm/a405480f_16948.txt
16948	16949	hsm/2ad6dcda_16949.txt
16949	16950	hsm/aa26db4b_16950.txt
16950	16951	hsm/bb37c052_16951.txt
16951	16952	hsm/089ea547_16952.txt
16952	16953	hsm/a3377d30_16953.txt
16953	16954	hsm/57b0f500_16954.txt
16954	16955	hsm/a91ea1e7_16955.txt
16955	16956	hsm/acc5a894_16956.txt
16956	16957	hsm/9215f41a_16957.txt
16957	16958	hsm/a9ce80ec_16958.txt
16958	16959	hsm/a0cfaf11_16959.txt
16959	16960	hsm/64b80bc9_16960.txt
16960	16961	hsm/440fb273_16961.txt
16961	16962	hsm/499dec9d_16962.txt
16962	16963	hsm/0ef08871_16963.txt
16963	16964	hsm/5b7b159b_16964.txt
16964	16965	hsm/f14c5222_16965.txt
16965	16966	hsm/d2cb5e61_16966.txt
16966	16967	hsm/047a2157_16967.txt
16967	16968	hsm/de32b123_16968.txt
16968	16969	hsm/a0bd1c15_16969.txt
16969	16970	hsm/3dc8e48f_16970.txt
16970	16971	hsm/744c6b7d_16971.txt
16971	16972	hsm/202c9b7f_16972.txt
16972	16973	hsm/c83c5932_16973.txt
16973	16974	hsm/e242751d_16974.txt
16974	16975	hsm/1c659dd3_16975.txt
16975	16976	hsm/1d09bf6a_16976.txt
16976	16977	hsm/b2116906_16977.txt
16977	16978	hsm/f7ba53f1_16978.txt
16978	16979	hsm/e819ca60_16979.txt
16979	16980	hsm/302e7236_16980.txt
16980	16981	hsm/71c6b1df_16981.txt
16981	16982	hsm/51bc9c2f_16982.txt
16982	16983	hsm/72f5a182_16983.txt
16983	16984	hsm/7459cb9a_16984.txt
16984	16985	hsm/a4cc2ada_16985.txt
16985	16986	hsm/466471d6_16986.txt
16986	16987	hsm/9bf32cda_16987.txt
16987	16988	hsm/fa3597e5_16988.txt
16988	16989	hsm/9f90f142_16989.txt
16989	16990	hsm/7ccb9c07_16990.txt
16990	16991	hsm/104853b0_16991.txt
16991	16992	hsm/f733b0e1_16992.txt
16992	16993	hsm/585e5252_16993.txt
16993	16994	hsm/395a477b_16994.txt
16994	16995	hsm/6ea2a12a_16995.txt
16995	16996	hsm/063b7144_16996.txt
16996	16997	hsm/70b4ddbd_16997.txt
16997	16998	hsm/4edeef93_16998.txt
16998	16999	hsm/b1b657c5_16999.txt
16999	17000	hsm/5be1a981_17000.txt
17000	17001	hsm/3aac403f_17001.txt
17001	17002	hsm/4f74e05a_17002.txt
17002	17003	hsm/80eaa822_17003.txt
17003	17004	hsm/c7f7b666_17004.txt
17004	17005	hsm/b2ad7661_17005.txt
17005	17006	hsm/64dc5e3a_17006.txt
17006	17007	hsm/86f6c2e7_17007.txt
17007	17008	hsm/9e658448_17008.txt
17008	17009	hsm/c8081cfb_17009.txt
17009	17010	hsm/7b82d3c0_17010.txt
17010	17011	hsm/98434d1d_17011.txt
17011	17012	hsm/c2648a1f_17012.txt
17012	17013	hsm/7b566959_17013.txt
17013	17014	hsm/5e89765f_17014.txt
17014	17015	hsm/3597c513_17015.txt
17015	17016	hsm/b8299ab0_17016.txt
17016	17017	hsm/77700f45_17017.txt
17017	17018	hsm/0b843e8d_17018.txt
17018	17019	hsm/bc8771bc_17019.txt
17019	17020	hsm/b84c0588_17020.txt
17020	17021	hsm/ee4fedd1_17021.txt
17021	17022	hsm/c7e39b9e_17022.txt
17022	17023	hsm/2a8b6add_17023.txt
17023	17024	hsm/5af07102_17024.txt
17024	17025	hsm/a18f83c5_17025.txt
17025	17026	hsm/0eca4a6a_17026.txt
17026	17027	hsm/3f39cce8_17027.txt
17027	17028	hsm/67baf8ae_17028.txt
17028	17029	hsm/92d49f97_17029.txt
17029	17030	hsm/4da36929_17030.txt
17030	17031	hsm/455a5c29_17031.txt
17031	17032	hsm/61c6180a_17032.txt
17032	17033	hsm/63e98614_17033.txt
17033	17034	hsm/1422d080_17034.txt
17034	17035	hsm/5935bd13_17035.txt
17035	17036	hsm/039d26a9_17036.txt
17036	17037	hsm/9e0d3117_17037.txt
17037	17038	hsm/239af67b_17038.txt
17038	17039	hsm/3ace3ad2_17039.txt
17039	17040	hsm/2296220b_17040.txt
17040	17041	hsm/6fabca0e_17041.txt
17041	17042	hsm/8d7bb2d2_17042.txt
17042	17043	hsm/290e5a2c_17043.txt
17043	17044	hsm/19dd4ccf_17044.txt
17044	17045	hsm/4d5f6e81_17045.txt
17045	17046	hsm/c1024fab_17046.txt
17046	17047	hsm/5adc2302_17047.txt
17047	17048	hsm/3303815d_17048.txt
17048	17049	hsm/dc9f4868_17049.txt
17049	17050	hsm/9dcb668c_17050.txt
17050	17051	hsm/a69fa991_17051.txt
17051	17052	hsm/92b9f4c8_17052.txt
17052	17053	hsm/e285f502_17053.txt
17053	17054	hsm/8552a15e_17054.txt
17054	17055	hsm/54ee5580_17055.txt
17055	17056	hsm/c65e8e0b_17056.txt
17056	17057	hsm/f277769f_17057.txt
17057	17058	hsm/2d2992b7_17058.txt
17058	17059	hsm/72981796_17059.txt
17059	17060	hsm/46512d88_17060.txt
17060	17061	hsm/ceda67d1_17061.txt
17061	17062	hsm/844dd8c2_17062.txt
17062	17063	hsm/cddbe321_17063.txt
17063	17064	hsm/c4777dfa_17064.txt
17064	17065	hsm/8ce84533_17065.txt
17065	17066	hsm/a78baed8_17066.txt
17066	17067	hsm/8da59fe9_17067.txt
17067	17068	hsm/f3fd305b_17068.txt
17068	17069	hsm/911f0b4a_17069.txt
17069	17070	hsm/9b17fff9_17070.txt
17070	17071	hsm/23a470f5_17071.txt
17071	17072	hsm/30eb5a54_17072.txt
17072	17073	hsm/84f7d4f7_17073.txt
17073	17074	hsm/9e26466b_17074.txt
17074	17075	hsm/00c0b37c_17075.txt
17075	17076	hsm/f4ae36bb_17076.txt
17076	17077	hsm/eed35611_17077.txt
17077	17078	hsm/995266ec_17078.txt
17078	17079	hsm/4710369e_17079.txt
17079	17080	hsm/71f3b0b0_17080.txt
17080	17081	hsm/89cc24fe_17081.txt
17081	17082	hsm/e9e014b8_17082.txt
17082	17083	hsm/64e6e768_17083.txt
17083	17084	hsm/34bfb772_17084.txt
17084	17085	hsm/2fce8cf1_17085.txt
17085	17086	hsm/a3b2f165_17086.txt
17086	17087	hsm/03b91b62_17087.txt
17087	17088	hsm/92b3aa8d_17088.txt
17088	17089	hsm/a4e44a12_17089.txt
17089	17090	hsm/5d1245da_17090.txt
17090	17091	hsm/5151a7ff_17091.txt
17091	17092	hsm/5d33c3ba_17092.txt
17092	17093	hsm/5506baff_17093.txt
17093	17094	hsm/2ea6e366_17094.txt
17094	17095	hsm/7a8fd14b_17095.txt
17095	17096	hsm/3e23f451_17096.txt
17096	17097	hsm/7e524169_17097.txt
17097	17098	hsm/efdf1ca9_17098.txt
17098	17099	hsm/105df2a2_17099.txt
17099	17100	hsm/2ceacdd9_17100.txt
17100	17101	hsm/3ac7afa7_17101.txt
17101	17102	hsm/858fc6b2_17102.txt
17102	17103	hsm/8388b9d2_17103.txt
17103	17104	hsm/c2428ed2_17104.txt
17104	17105	hsm/b4ba8e43_17105.txt
17105	17106	hsm/e38d0591_17106.txt
17106	17107	hsm/9d329182_17107.txt
17107	17108	hsm/2ae8c645_17108.txt
17108	17109	hsm/b9823414_17109.txt
17109	17110	hsm/df3fd25c_17110.txt
17110	17111	hsm/803b4811_17111.txt
17111	17112	hsm/32db58c3_17112.txt
17112	17113	hsm/bfc2f3ba_17113.txt
17113	17114	hsm/53aa1c2a_17114.txt
17114	17115	hsm/a2a830a3_17115.txt
17115	17116	hsm/a4fd1dc2_17116.txt
17116	17117	hsm/d0131522_17117.txt
17117	17118	hsm/253741f6_17118.txt
17118	17119	hsm/7c59bfec_17119.txt
17119	17120	hsm/fb8d7b7d_17120.txt
17120	17121	hsm/532ed4ee_17121.txt
17121	17122	hsm/10500424_17122.txt
17122	17123	hsm/968ce415_17123.txt
17123	17124	hsm/6e424e25_17124.txt
17124	17125	hsm/4a321195_17125.txt
17125	17126	hsm/90c0e575_17126.txt
17126	17127	hsm/e667aef9_17127.txt
17127	17128	hsm/508de6ba_17128.txt
17128	17129	hsm/8bb2605a_17129.txt
17129	17130	hsm/d4b684ca_17130.txt
17130	17131	hsm/088cf2f6_17131.txt
17131	17132	hsm/9e89e82d_17132.txt
17132	17133	hsm/06fe6d2b_17133.txt
17133	17134	hsm/c5d48882_17134.txt
17134	17135	hsm/26676c11_17135.txt
17135	17136	hsm/2fce8cf1_17136.txt
17136	17137	hsm/a3b2f165_17137.txt
17137	17138	hsm/03b91b62_17138.txt
17138	17139	hsm/92b3aa8d_17139.txt
17139	17140	hsm/a4e44a12_17140.txt
17140	17141	hsm/5d1245da_17141.txt
17141	17142	hsm/5151a7ff_17142.txt
17142	17143	hsm/5d33c3ba_17143.txt
17143	17144	hsm/503a3576_17144.txt
17144	17145	hsm/2ea6e366_17145.txt
17145	17146	hsm/7a8fd14b_17146.txt
17146	17147	hsm/3e23f451_17147.txt
17147	17148	hsm/7e524169_17148.txt
17148	17149	hsm/efdf1ca9_17149.txt
17149	17150	hsm/105df2a2_17150.txt
17150	17151	hsm/2ceacdd9_17151.txt
17151	17152	hsm/3ac7afa7_17152.txt
17152	17153	hsm/858fc6b2_17153.txt
17153	17154	hsm/8388b9d2_17154.txt
17154	17155	hsm/c2428ed2_17155.txt
17155	17156	hsm/b4ba8e43_17156.txt
17156	17157	hsm/e38d0591_17157.txt
17157	17158	hsm/9d329182_17158.txt
17158	17159	hsm/2ae8c645_17159.txt
17159	17160	hsm/b9823414_17160.txt
17160	17161	hsm/df3fd25c_17161.txt
17161	17162	hsm/803b4811_17162.txt
17162	17163	hsm/32db58c3_17163.txt
17163	17164	hsm/bfc2f3ba_17164.txt
17164	17165	hsm/53aa1c2a_17165.txt
17165	17166	hsm/a2a830a3_17166.txt
17166	17167	hsm/a4fd1dc2_17167.txt
17167	17168	hsm/d0131522_17168.txt
17168	17169	hsm/253741f6_17169.txt
17169	17170	hsm/7c59bfec_17170.txt
17170	17171	hsm/fb8d7b7d_17171.txt
17171	17172	hsm/532ed4ee_17172.txt
17172	17173	hsm/10500424_17173.txt
17173	17174	hsm/968ce415_17174.txt
17174	17175	hsm/6e424e25_17175.txt
17175	17176	hsm/1ebdb815_17176.txt
17176	17177	hsm/b145299c_17177.txt
17177	17178	hsm/6f6c0b48_17178.txt
17178	17179	hsm/084ec402_17179.txt
17179	17180	hsm/7b32e6ac_17180.txt
17180	17181	hsm/71722bf0_17181.txt
17181	17182	hsm/8bd6c05b_17182.txt
17182	17183	hsm/91ab513c_17183.txt
17183	17184	hsm/82520924_17184.txt
17184	17185	hsm/63db051e_17185.txt
17185	17186	hsm/7370f409_17186.txt
17186	17187	hsm/3ab3ba45_17187.txt
17187	17188	hsm/53e14291_17188.txt
17188	17189	hsm/654cf2b0_17189.txt
17189	17190	hsm/15dcfb8e_17190.txt
17190	17191	hsm/934f51ba_17191.txt
17191	17192	hsm/170036fc_17192.txt
17192	17193	hsm/17f4e978_17193.txt
17193	17194	hsm/f9d89612_17194.txt
17194	17195	hsm/3ea81a75_17195.txt
17195	17196	hsm/46a55547_17196.txt
17196	17197	hsm/522efd71_17197.txt
17197	17198	hsm/812a1bc2_17198.txt
17198	17199	hsm/ef0bab9c_17199.txt
17199	17200	hsm/f1d42130_17200.txt
17200	17201	hsm/31c70b11_17201.txt
17201	17202	hsm/07f507f9_17202.txt
17202	17203	hsm/cf723e0a_17203.txt
17203	17204	hsm/d283df33_17204.txt
17204	17205	hsm/716eaf83_17205.txt
17205	17206	hsm/5931b94b_17206.txt
17206	17207	hsm/3d45f912_17207.txt
17207	17208	hsm/0e47163d_17208.txt
17208	17209	hsm/1f789dac_17209.txt
17209	17210	hsm/c7e3787b_17210.txt
17210	17211	hsm/29c70ffd_17211.txt
17211	17212	hsm/d3404d0f_17212.txt
17212	17213	hsm/7a0a27c5_17213.txt
17213	17214	hsm/85340099_17214.txt
17214	17215	hsm/0ac38b40_17215.txt
17215	17216	hsm/7812dd25_17216.txt
17216	17217	hsm/59cbe496_17217.txt
17217	17218	hsm/82c5b8ff_17218.txt
17218	17219	hsm/208b1029_17219.txt
17219	17220	hsm/6fbd6204_17220.txt
17220	17221	hsm/ffedf249_17221.txt
17221	17222	hsm/b4151eb3_17222.txt
17222	17223	hsm/44a6d8e8_17223.txt
17223	17224	hsm/a526e4d2_17224.txt
17224	17225	hsm/647b5644_17225.txt
17225	17226	hsm/23652f41_17226.txt
17226	17227	hsm/34aa980d_17227.txt
17227	17228	hsm/bb97d4a3_17228.txt
17228	17229	hsm/9de44e83_17229.txt
17229	17230	hsm/193a311f_17230.txt
17230	17231	hsm/6aff9ada_17231.txt
17231	17232	hsm/18cdd2a2_17232.txt
17232	17233	hsm/850e3ffe_17233.txt
17233	17234	hsm/cb3421c3_17234.txt
17234	17235	hsm/e18ccb6d_17235.txt
17235	17236	hsm/0c252d8c_17236.txt
17236	17237	hsm/36c3e644_17237.txt
17237	17238	hsm/be4312c5_17238.txt
17238	17239	hsm/c9b799c4_17239.txt
17239	17240	hsm/3051369b_17240.txt
17240	17241	hsm/844343df_17241.txt
17241	17242	hsm/d04fef54_17242.txt
17242	17243	hsm/2a46d079_17243.txt
17243	17244	hsm/1d3ef063_17244.txt
17244	17245	hsm/04a6d496_17245.txt
17245	17246	hsm/d877a127_17246.txt
17246	17247	hsm/305c9823_17247.txt
17247	17248	hsm/81b628d1_17248.txt
17248	17249	hsm/38d6946a_17249.txt
17249	17250	hsm/a5ac2365_17250.txt
17250	17251	hsm/b9fc0f3e_17251.txt
17251	17252	hsm/1e09da94_17252.txt
17252	17253	hsm/d51d8028_17253.txt
17253	17254	hsm/53abcdd4_17254.txt
17254	17255	hsm/9f0e918b_17255.txt
17255	17256	hsm/1a5b301a_17256.txt
17256	17257	hsm/b2d741fe_17257.txt
17257	17258	hsm/f3208abd_17258.txt
17258	17259	hsm/1f8cff70_17259.txt
17259	17260	hsm/bf0e0204_17260.txt
17260	17261	hsm/b6cbd683_17261.txt
17261	17262	hsm/f818c278_17262.txt
17262	17263	hsm/9fdae1f4_17263.txt
17263	17264	hsm/e9743704_17264.txt
17264	17265	hsm/1f00f694_17265.txt
17265	17266	hsm/71a134e4_17266.txt
17266	17267	hsm/14876611_17267.txt
17267	17268	hsm/40f88755_17268.txt
17268	17269	hsm/6fe16761_17269.txt
17269	17270	hsm/215f03aa_17270.txt
17270	17271	hsm/316ffcbe_17271.txt
17271	17272	hsm/a008a6d3_17272.txt
17272	17273	hsm/9fc254b1_17273.txt
17273	17274	hsm/48617055_17274.txt
17274	17275	hsm/14f412e6_17275.txt
17275	17276	hsm/f04cf728_17276.txt
17276	17277	hsm/e71c095d_17277.txt
17277	17278	hsm/2d5502cd_17278.txt
17278	17279	hsm/497b12c6_17279.txt
17279	17280	hsm/6d6d8c19_17280.txt
17280	17281	hsm/bd95433b_17281.txt
17281	17282	hsm/88af0f23_17282.txt
17282	17283	hsm/7c8ef9cc_17283.txt
17283	17284	hsm/b90c7fcd_17284.txt
17284	17285	hsm/8beea991_17285.txt
17285	17286	hsm/3d74c7c2_17286.txt
17286	17287	hsm/87b49206_17287.txt
17287	17288	hsm/b07b8329_17288.txt
17288	17289	hsm/c9e36c1f_17289.txt
17289	17290	hsm/5a52c500_17290.txt
17290	17291	hsm/21be27c9_17291.txt
17291	17292	hsm/968beff5_17292.txt
17292	17293	hsm/2982bc71_17293.txt
17293	17294	hsm/78a852a8_17294.txt
17294	17295	hsm/5e0e946d_17295.txt
17295	17296	hsm/341cdb89_17296.txt
17296	17297	hsm/aeaa1835_17297.txt
17297	17298	hsm/71a0b9af_17298.txt
17298	17299	hsm/72d809cf_17299.txt
17299	17300	hsm/f639a5c2_17300.txt
17300	17301	hsm/c61648ff_17301.txt
17301	17302	hsm/f8d39c0d_17302.txt
17302	17303	hsm/e68fac3c_17303.txt
17303	17304	hsm/46d23fb3_17304.txt
17304	17305	hsm/f94ac746_17305.txt
17305	17306	hsm/9433bc17_17306.txt
17306	17307	hsm/24c097ca_17307.txt
17307	17308	hsm/4ac5aa22_17308.txt
17308	17309	hsm/2f674f98_17309.txt
17309	17310	hsm/e38c7e20_17310.txt
17310	17311	hsm/0b483976_17311.txt
17311	17312	hsm/b3258c8d_17312.txt
17312	17313	hsm/7beb9b45_17313.txt
17313	17314	hsm/7b33c606_17314.txt
17314	17315	hsm/33e26cd5_17315.txt
17315	17316	hsm/d4704c9f_17316.txt
17316	17317	hsm/42a53323_17317.txt
17317	17318	hsm/e14a8169_17318.txt
17318	17319	hsm/0860a943_17319.txt
17319	17320	hsm/9bb975ff_17320.txt
17320	17321	hsm/eea9ae80_17321.txt
17321	17322	hsm/6e02d4a7_17322.txt
17322	17323	hsm/c0203e34_17323.txt
17323	17324	hsm/d6d6a157_17324.txt
17324	17325	hsm/ae49b910_17325.txt
17325	17326	hsm/ad87f0fd_17326.txt
17326	17327	hsm/451aa974_17327.txt
17327	17328	hsm/835c5ab6_17328.txt
17328	17329	hsm/512607b0_17329.txt
17329	17330	hsm/76ef2644_17330.txt
17330	17331	hsm/091f2629_17331.txt
17331	17332	hsm/e4b20970_17332.txt
17332	17333	hsm/bfe09e29_17333.txt
17333	17334	hsm/8b69b996_17334.txt
17334	17335	hsm/cc137933_17335.txt
17335	17336	hsm/fc5381f5_17336.txt
17336	17337	hsm/d5d5e441_17337.txt
17337	17338	hsm/7508448b_17338.txt
17338	17339	hsm/44a3d481_17339.txt
17339	17340	hsm/10920853_17340.txt
17340	17341	hsm/36fdd9f8_17341.txt
17341	17342	hsm/181330cf_17342.txt
17342	17343	hsm/a31bc01f_17343.txt
17343	17344	hsm/69439f56_17344.txt
17344	17345	hsm/b0f0ad3b_17345.txt
17345	17346	hsm/29e1754b_17346.txt
17346	17347	hsm/1a06106b_17347.txt
17347	17348	hsm/11108389_17348.txt
17348	17349	hsm/cc4871ef_17349.txt
17349	17350	hsm/f16d4c84_17350.txt
17350	17351	hsm/0a0bed24_17351.txt
17351	17352	hsm/e15e7d29_17352.txt
17352	17353	hsm/1721d646_17353.txt
17353	17354	hsm/6bf901f5_17354.txt
17354	17355	hsm/935465ae_17355.txt
17355	17356	hsm/f1ab9fd3_17356.txt
17356	17357	hsm/646fff3f_17357.txt
17357	17358	hsm/1152b3d6_17358.txt
17358	17359	hsm/cb11a537_17359.txt
17359	17360	hsm/c9a8fe73_17360.txt
17360	17361	hsm/ec901035_17361.txt
17361	17362	hsm/4d6bc7c0_17362.txt
17362	17363	hsm/f5e961a6_17363.txt
17363	17364	hsm/c3afd453_17364.txt
17364	17365	hsm/37586d10_17365.txt
17365	17366	hsm/7ff52d42_17366.txt
17366	17367	hsm/cc357d6a_17367.txt
17367	17368	hsm/82f43fd8_17368.txt
17368	17369	hsm/b959800b_17369.txt
17369	17370	hsm/34020cda_17370.txt
17370	17371	hsm/dfb3987c_17371.txt
17371	17372	hsm/fafb90d8_17372.txt
17372	17373	hsm/e40b7c20_17373.txt
17373	17374	hsm/489f2e35_17374.txt
17374	17375	hsm/b547f3f0_17375.txt
17375	17376	hsm/bffebcab_17376.txt
17376	17377	hsm/a5db6102_17377.txt
17377	17378	hsm/74e8fffc_17378.txt
17378	17379	hsm/f3a8302e_17379.txt
17379	17380	hsm/4e9da70b_17380.txt
17380	17381	hsm/b6f8d5e9_17381.txt
17381	17382	hsm/37f26ed6_17382.txt
17382	17383	hsm/c1045dd5_17383.txt
17383	17384	hsm/a200c1f5_17384.txt
17384	17385	hsm/ddb89843_17385.txt
17385	17386	hsm/8a246c8d_17386.txt
17386	17387	hsm/0eb1031d_17387.txt
17387	17388	hsm/a76de8ea_17388.txt
17388	17389	hsm/244db2ff_17389.txt
17389	17390	hsm/50b94d9f_17390.txt
17390	17391	hsm/78aeb664_17391.txt
17391	17392	hsm/d62a103c_17392.txt
17392	17393	hsm/bd20ce49_17393.txt
17393	17394	hsm/ae15a657_17394.txt
17394	17395	hsm/f18707c4_17395.txt
17395	17396	hsm/8bb3768b_17396.txt
17396	17397	hsm/63c92d29_17397.txt
17397	17398	hsm/7e1b9611_17398.txt
17398	17399	hsm/795387e5_17399.txt
17399	17400	hsm/503b34f8_17400.txt
17400	17401	hsm/53c7016d_17401.txt
17401	17402	hsm/3b093755_17402.txt
17402	17403	hsm/b91d797b_17403.txt
17403	17404	hsm/a5ba6a55_17404.txt
17404	17405	hsm/6a482124_17405.txt
17405	17406	hsm/ed2d38e1_17406.txt
17406	17407	hsm/b10b60cb_17407.txt
17407	17408	hsm/bf051864_17408.txt
17408	17409	hsm/83c0c999_17409.txt
17409	17410	hsm/94044995_17410.txt
17410	17411	hsm/baedc2a3_17411.txt
17411	17412	hsm/01976215_17412.txt
17412	17413	hsm/a27dfc7f_17413.txt
17413	17414	hsm/244acc17_17414.txt
17414	17415	hsm/15a76e42_17415.txt
17415	17416	hsm/6470c95a_17416.txt
17416	17417	hsm/977dec85_17417.txt
17417	17418	hsm/2a628e79_17418.txt
17418	17419	hsm/159ff0a1_17419.txt
17419	17420	hsm/b5acfd30_17420.txt
17420	17421	hsm/6fee0891_17421.txt
17421	17422	hsm/e684d52a_17422.txt
17422	17423	hsm/9db4d807_17423.txt
17423	17424	hsm/905914cc_17424.txt
17424	17425	hsm/407f19e8_17425.txt
17425	17426	hsm/a105cc3b_17426.txt
17426	17427	hsm/f740a5df_17427.txt
17427	17428	hsm/63b540d1_17428.txt
17428	17429	hsm/f9d4ce11_17429.txt
17429	17430	hsm/689aee02_17430.txt
17430	17431	hsm/4bb7cfdd_17431.txt
17431	17432	hsm/e24fd037_17432.txt
17432	17433	hsm/39808cff_17433.txt
17433	17434	hsm/7cbd1da6_17434.txt
17434	17435	hsm/46c84371_17435.txt
17435	17436	hsm/e89e8ad8_17436.txt
17436	17437	hsm/3eb340af_17437.txt
17437	17438	hsm/58287ed5_17438.txt
17438	17439	hsm/63f0cc45_17439.txt
17439	17440	hsm/b2ee8b9e_17440.txt
17440	17441	hsm/c861a658_17441.txt
17441	17442	hsm/6195f100_17442.txt
17442	17443	hsm/aee87eff_17443.txt
17443	17444	hsm/acc693c4_17444.txt
17444	17445	hsm/cff6053b_17445.txt
17445	17446	hsm/8f8cfcf3_17446.txt
17446	17447	hsm/7c784d95_17447.txt
17447	17448	hsm/3eed8ee8_17448.txt
17448	17449	hsm/7ab32897_17449.txt
17449	17450	hsm/2c1f2298_17450.txt
17450	17451	hsm/3825a928_17451.txt
17451	17452	hsm/dae3951e_17452.txt
17452	17453	hsm/6651ac46_17453.txt
17453	17454	hsm/41542d47_17454.txt
17454	17455	hsm/7080f17b_17455.txt
17455	17456	hsm/b37848c5_17456.txt
17456	17457	hsm/f837688d_17457.txt
17457	17458	hsm/34ae771e_17458.txt
17458	17459	hsm/95f08f23_17459.txt
17459	17460	hsm/8cf3ce91_17460.txt
17460	17461	hsm/9d3d7632_17461.txt
17461	17462	hsm/49e0dc94_17462.txt
17462	17463	hsm/79e59995_17463.txt
17463	17464	hsm/e007bfae_17464.txt
17464	17465	hsm/17c5a224_17465.txt
17465	17466	hsm/89cdb13f_17466.txt
17466	17467	hsm/f64f9de0_17467.txt
17467	17468	hsm/b2ca9f4a_17468.txt
17468	17469	hsm/408cf370_17469.txt
17469	17470	hsm/71d0e60e_17470.txt
17470	17471	hsm/1ad81119_17471.txt
17471	17472	hsm/42289687_17472.txt
17472	17473	hsm/9ddc9324_17473.txt
17473	17474	hsm/81b62877_17474.txt
17474	17475	hsm/1666b574_17475.txt
17475	17476	hsm/3eb2d889_17476.txt
17476	17477	hsm/2fed4979_17477.txt
17477	17478	hsm/6a5a5397_17478.txt
17478	17479	hsm/df3bec06_17479.txt
17479	17480	hsm/990bcbd6_17480.txt
17480	17481	hsm/2d2523f4_17481.txt
17481	17482	hsm/85dd84a4_17482.txt
17482	17483	hsm/ec1270ec_17483.txt
17483	17484	hsm/8b1a92e3_17484.txt
17484	17485	hsm/e66e72da_17485.txt
17485	17486	hsm/1dd951d9_17486.txt
17486	17487	hsm/7a762eda_17487.txt
17487	17488	hsm/3a0c3de9_17488.txt
17488	17489	hsm/307f8c36_17489.txt
17489	17490	hsm/7bb0db8e_17490.txt
17490	17491	hsm/afb6f4af_17491.txt
17491	17492	hsm/0110ad80_17492.txt
17492	17493	hsm/c06ef7e7_17493.txt
17493	17494	hsm/dbcde97f_17494.txt
17494	17495	hsm/7d5085af_17495.txt
17495	17496	hsm/171ed842_17496.txt
17496	17497	hsm/b683eb8b_17497.txt
17497	17498	hsm/733f6129_17498.txt
17498	17499	hsm/75b2975a_17499.txt
17499	17500	hsm/e401980f_17500.txt
17500	17501	hsm/846dbb01_17501.txt
17501	17502	hsm/086a004e_17502.txt
17502	17503	hsm/cfcc0a90_17503.txt
17503	17504	hsm/c8f07180_17504.txt
17504	17505	hsm/264e3a56_17505.txt
17505	17506	hsm/796405e5_17506.txt
17506	17507	hsm/09498cc5_17507.txt
17507	17508	hsm/a4830721_17508.txt
17508	17509	hsm/b48508de_17509.txt
17509	17510	hsm/17907f97_17510.txt
17510	17511	hsm/6bfdd551_17511.txt
17511	17512	hsm/f42ef9a1_17512.txt
17512	17513	hsm/71dcfd3d_17513.txt
17513	17514	hsm/008defc0_17514.txt
17514	17515	hsm/e291ac26_17515.txt
17515	17516	hsm/45fa7791_17516.txt
17516	17517	hsm/54ddd403_17517.txt
17517	17518	hsm/9c56c0e4_17518.txt
17518	17519	hsm/d0ebd3f5_17519.txt
17519	17520	hsm/2ebb61ea_17520.txt
17520	17521	hsm/2981dc88_17521.txt
17521	17522	hsm/72e9abd2_17522.txt
17522	17523	hsm/a415da32_17523.txt
17523	17524	hsm/9a120458_17524.txt
17524	17525	hsm/78c5ad56_17525.txt
17525	17526	hsm/ff267f0c_17526.txt
17526	17527	hsm/8158bf90_17527.txt
17527	17528	hsm/24922b83_17528.txt
17528	17529	hsm/d78e6be4_17529.txt
17529	17530	hsm/2ba3dc60_17530.txt
17530	17531	hsm/b3914829_17531.txt
17531	17532	hsm/2a5adc55_17532.txt
17532	17533	hsm/1716dcce_17533.txt
17533	17534	hsm/74e6c837_17534.txt
17534	17535	hsm/7c5de9bd_17535.txt
17535	17536	hsm/c3a2d7a4_17536.txt
17536	17537	hsm/0985007c_17537.txt
17537	17538	hsm/d18f8f33_17538.txt
17538	17539	hsm/95e58743_17539.txt
17539	17540	hsm/eb76293d_17540.txt
17540	17541	hsm/d4f300a1_17541.txt
17541	17542	hsm/2bb1c8c9_17542.txt
17542	17543	hsm/2bb3baea_17543.txt
17543	17544	hsm/8dd71774_17544.txt
17544	17545	hsm/88744761_17545.txt
17545	17546	hsm/1643b3f3_17546.txt
17546	17547	hsm/0598db15_17547.txt
17547	17548	hsm/e5789cb9_17548.txt
17548	17549	hsm/983db3f0_17549.txt
17549	17550	hsm/a16f32bc_17550.txt
17550	17551	hsm/b4e4a9f8_17551.txt
17551	17552	hsm/01ccb43a_17552.txt
17552	17553	hsm/4cdaf562_17553.txt
17553	17554	hsm/bbab89eb_17554.txt
17554	17555	hsm/1b0e9bea_17555.txt
17555	17556	hsm/7187c831_17556.txt
17556	17557	hsm/2f30a50c_17557.txt
17557	17558	hsm/d7ab1a29_17558.txt
17558	17559	hsm/3f4b2095_17559.txt
17559	17560	hsm/ad3de081_17560.txt
17560	17561	hsm/198b3a39_17561.txt
17561	17562	hsm/252ee754_17562.txt
17562	17563	hsm/fb2936be_17563.txt
17563	17564	hsm/e0ffc4ce_17564.txt
17564	17565	hsm/3e51b9b3_17565.txt
17565	17566	hsm/8d695845_17566.txt
17566	17567	hsm/914042c9_17567.txt
17567	17568	hsm/076c5d33_17568.txt
17568	17569	hsm/13fd1dac_17569.txt
17569	17570	hsm/c2c26fbb_17570.txt
17570	17571	hsm/aa27bcc5_17571.txt
17571	17572	hsm/df47b7ca_17572.txt
17572	17573	hsm/6675f83f_17573.txt
17573	17574	hsm/76fe63bd_17574.txt
17574	17575	hsm/fe607796_17575.txt
17575	17576	hsm/0e6c33be_17576.txt
17576	17577	hsm/e8262b69_17577.txt
17577	17578	hsm/5de5c125_17578.txt
17578	17579	hsm/e31b45c0_17579.txt
17579	17580	hsm/a81ced31_17580.txt
17580	17581	hsm/dde17d42_17581.txt
17581	17582	hsm/b8b30afb_17582.txt
17582	17583	hsm/89b9cb4b_17583.txt
17583	17584	hsm/c23179ec_17584.txt
17584	17585	hsm/20ebe560_17585.txt
17585	17586	hsm/b1a7d202_17586.txt
17586	17587	hsm/7e1783b2_17587.txt
17587	17588	hsm/c7d723e9_17588.txt
17588	17589	hsm/1957156b_17589.txt
17589	17590	hsm/a809945a_17590.txt
17590	17591	hsm/fb3972aa_17591.txt
17591	17592	hsm/9d3fa9d8_17592.txt
17592	17593	hsm/0b1d7148_17593.txt
17593	17594	hsm/df457690_17594.txt
17594	17595	hsm/07c52d26_17595.txt
17595	17596	hsm/1482ff79_17596.txt
17596	17597	hsm/33096245_17597.txt
17597	17598	hsm/c48824f0_17598.txt
17598	17599	hsm/8158932a_17599.txt
17599	17600	hsm/8edcb9d7_17600.txt
17600	17601	hsm/ad7f529c_17601.txt
17601	17602	hsm/53187a9a_17602.txt
17602	17603	hsm/f719debe_17603.txt
17603	17604	hsm/5f06bf10_17604.txt
17604	17605	hsm/90fa3105_17605.txt
17605	17606	hsm/7cf3f0fd_17606.txt
17606	17607	hsm/06648357_17607.txt
17607	17608	hsm/864b55da_17608.txt
17608	17609	hsm/bdce0a60_17609.txt
17609	17610	hsm/c071f381_17610.txt
17610	17611	hsm/9437b522_17611.txt
17611	17612	hsm/d40b0e1e_17612.txt
17612	17613	hsm/137d4448_17613.txt
17613	17614	hsm/d7d46243_17614.txt
17614	17615	hsm/9a4c75f6_17615.txt
17615	17616	hsm/00f2f5bc_17616.txt
17616	17617	hsm/d4c3f77f_17617.txt
17617	17618	hsm/e96bb15f_17618.txt
17618	17619	hsm/ec20408a_17619.txt
17619	17620	hsm/51df8015_17620.txt
17620	17621	hsm/b394b789_17621.txt
17621	17622	hsm/a6c2e8a1_17622.txt
17622	17623	hsm/128032c3_17623.txt
17623	17624	hsm/5723dd08_17624.txt
17624	17625	hsm/0d042927_17625.txt
17625	17626	hsm/24278432_17626.txt
17626	17627	hsm/5e5a8473_17627.txt
17627	17628	hsm/6f2c2bab_17628.txt
17628	17629	hsm/f7e3e387_17629.txt
17629	17630	hsm/8e557f77_17630.txt
17630	17631	hsm/2e7e0600_17631.txt
17631	17632	hsm/a5574968_17632.txt
17632	17633	hsm/13d79cae_17633.txt
17633	17634	hsm/07d8d956_17634.txt
17634	17635	hsm/3329eb2b_17635.txt
17635	17636	hsm/f167b6aa_17636.txt
17636	17637	hsm/600dd62b_17637.txt
17637	17638	hsm/8da08c31_17638.txt
17638	17639	hsm/4ff9c5d1_17639.txt
17639	17640	hsm/f59b68e6_17640.txt
17640	17641	hsm/e08e9a94_17641.txt
17641	17642	hsm/a9217ee6_17642.txt
17642	17643	hsm/18ba3322_17643.txt
17643	17644	hsm/165933b0_17644.txt
17644	17645	hsm/c666d0c6_17645.txt
17645	17646	hsm/35d47bd9_17646.txt
17646	17647	hsm/ce56a491_17647.txt
17647	17648	hsm/5dbb748d_17648.txt
17648	17649	hsm/43ed9718_17649.txt
17649	17650	hsm/085f38f5_17650.txt
17650	17651	hsm/7777559a_17651.txt
17651	17652	hsm/b2dac721_17652.txt
17652	17653	hsm/5b9362ac_17653.txt
17653	17654	hsm/915e7a30_17654.txt
17654	17655	hsm/5f3a2a39_17655.txt
17655	17656	hsm/c093e44e_17656.txt
17656	17657	hsm/81a377cc_17657.txt
17657	17658	hsm/355b5fff_17658.txt
17658	17659	hsm/96c51d7d_17659.txt
17659	17660	hsm/03d9baaf_17660.txt
17660	17661	hsm/ab26f7c4_17661.txt
17661	17662	hsm/9ccd45c9_17662.txt
17662	17663	hsm/dcd735fb_17663.txt
17663	17664	hsm/69942d1a_17664.txt
17664	17665	hsm/5b96304a_17665.txt
17665	17666	hsm/282d1d72_17666.txt
17666	17667	hsm/fa18d3ed_17667.txt
17667	17668	hsm/9d4cc305_17668.txt
17668	17669	hsm/5ebcbe6c_17669.txt
17669	17670	hsm/1c037553_17670.txt
17670	17671	hsm/fe8b89c2_17671.txt
17671	17672	hsm/bafc212c_17672.txt
17672	17673	hsm/da9483f9_17673.txt
17673	17674	hsm/5bb29fbe_17674.txt
17674	17675	hsm/6c20fb10_17675.txt
17675	17676	hsm/1c1753db_17676.txt
17676	17677	hsm/321111c1_17677.txt
17677	17678	hsm/e14d6220_17678.txt
17678	17679	hsm/b9392b8d_17679.txt
17679	17680	hsm/b9392b8d_17680.txt
17680	17681	hsm/b9392b8d_17681.txt
17681	17682	hsm/b9392b8d_17682.txt
17682	17683	hsm/fc36e6b8_17683.txt
17683	17684	hsm/f7a0c194_17684.txt
17684	17685	hsm/a8484a45_17685.txt
17685	17686	hsm/e275ee0a_17686.txt
17686	17687	hsm/e427350c_17687.txt
17687	17688	hsm/ebd4a2c2_17688.txt
17688	17689	hsm/4fb132b7_17689.txt
17689	17690	hsm/1ed0507b_17690.txt
17690	17691	hsm/2cc2269f_17691.txt
17691	17692	hsm/9be4b365_17692.txt
17692	17693	hsm/beb72841_17693.txt
17693	17694	hsm/c514db1d_17694.txt
17694	17695	hsm/9c1bcf23_17695.txt
17695	17696	hsm/b4ccfdc6_17696.txt
17696	17697	hsm/27b8178e_17697.txt
17697	17698	hsm/883412ba_17698.txt
17698	17699	hsm/fe3656a9_17699.txt
17699	17700	hsm/c0da19e9_17700.txt
17700	17701	hsm/bd14a6d5_17701.txt
17701	17702	hsm/55eb4215_17702.txt
17702	17703	hsm/0af42d4f_17703.txt
17703	17704	hsm/afc28ce1_17704.txt
17704	17705	hsm/1a626b90_17705.txt
17705	17706	hsm/679b4b15_17706.txt
17706	17707	hsm/5fd09a11_17707.txt
17707	17708	hsm/987b95d5_17708.txt
17708	17709	hsm/8f649c6e_17709.txt
17709	17710	hsm/efd82936_17710.txt
17710	17711	hsm/4c759159_17711.txt
17711	17712	hsm/ed454ea0_17712.txt
17712	17713	hsm/8627b997_17713.txt
17713	17714	hsm/ebe3df3b_17714.txt
17714	17715	hsm/29b84b8b_17715.txt
17715	17716	hsm/7d5700f2_17716.txt
17716	17717	hsm/e4f4a119_17717.txt
17717	17718	hsm/0c7705a7_17718.txt
17718	17719	hsm/984de4c5_17719.txt
17719	17720	hsm/090a7029_17720.txt
17720	17721	hsm/a05c5bd9_17721.txt
17721	17722	hsm/c88ff559_17722.txt
17722	17723	hsm/96d6d0fd_17723.txt
17723	17724	hsm/fe6dbb9a_17724.txt
17724	17725	hsm/70aed171_17725.txt
17725	17726	hsm/7ed5836b_17726.txt
17726	17727	hsm/10fed088_17727.txt
17727	17728	hsm/936d7c15_17728.txt
17728	17729	hsm/97f41e6b_17729.txt
17729	17730	hsm/e61effbe_17730.txt
17730	17731	hsm/d997b85d_17731.txt
17731	17732	hsm/0e452971_17732.txt
17732	17733	hsm/46826077_17733.txt
17733	17734	hsm/a9e3f54d_17734.txt
17734	17735	hsm/8397b322_17735.txt
17735	17736	hsm/b7f51adc_17736.txt
17736	17737	hsm/2a1c4b7e_17737.txt
17737	17738	hsm/707b1000_17738.txt
17738	17739	hsm/f66b3ddf_17739.txt
17739	17740	hsm/6edf9b2d_17740.txt
17740	17741	hsm/c0436795_17741.txt
17741	17742	hsm/56faf02f_17742.txt
17742	17743	hsm/2188e51c_17743.txt
17743	17744	hsm/d8d8c7e9_17744.txt
17744	17745	hsm/a7f9f06a_17745.txt
17745	17746	hsm/73c9147f_17746.txt
17746	17747	hsm/9bea8dcb_17747.txt
17747	17748	hsm/23166bae_17748.txt
17748	17749	hsm/f8e0b896_17749.txt
17749	17750	hsm/36339366_17750.txt
17750	17751	hsm/2fe006a1_17751.txt
17751	17752	hsm/b43523ca_17752.txt
17752	17753	hsm/851cf0ea_17753.txt
17753	17754	hsm/293b98fb_17754.txt
17754	17755	hsm/8dfef194_17755.txt
17755	17756	hsm/c5e090f5_17756.txt
17756	17757	hsm/d1fa044f_17757.txt
17757	17758	hsm/c065daa1_17758.txt
17758	17759	hsm/385e4f7a_17759.txt
17759	17760	hsm/af99a150_17760.txt
17760	17761	hsm/323d1f57_17761.txt
17761	17762	hsm/26c69666_17762.txt
17762	17763	hsm/51b400a7_17763.txt
17763	17764	hsm/061a718b_17764.txt
17764	17765	hsm/c415e144_17765.txt
17765	17766	hsm/c5b520de_17766.txt
17766	17767	hsm/de802fc6_17767.txt
17767	17768	hsm/3ad8a2f2_17768.txt
17768	17769	hsm/3eb567e4_17769.txt
17769	17770	hsm/4f267805_17770.txt
17770	17771	hsm/284b3318_17771.txt
17771	17772	hsm/d35ab98e_17772.txt
17772	17773	hsm/2506d4bd_17773.txt
17773	17774	hsm/5459b9b2_17774.txt
17774	17775	hsm/c39e388f_17775.txt
17775	17776	hsm/508e0375_17776.txt
17776	17777	hsm/4836d932_17777.txt
17777	17778	hsm/f503e1f1_17778.txt
17778	17779	hsm/909cd3e6_17779.txt
17779	17780	hsm/b04b0877_17780.txt
17780	17781	hsm/60bc36a2_17781.txt
17781	17782	hsm/891f50cf_17782.txt
17782	17783	hsm/c26a924a_17783.txt
17783	17784	hsm/65cebb86_17784.txt
17784	17785	hsm/e063d3c7_17785.txt
17785	17786	hsm/003c0589_17786.txt
17786	17787	hsm/6a5ec79a_17787.txt
17787	17788	hsm/7a35c003_17788.txt
17788	17789	hsm/4120e93e_17789.txt
17789	17790	hsm/b3238ae4_17790.txt
17790	17791	hsm/a46e0d90_17791.txt
17791	17792	hsm/d9d74950_17792.txt
17792	17793	hsm/1c8a9a21_17793.txt
17793	17794	hsm/20831c8c_17794.txt
17794	17795	hsm/e229afde_17795.txt
17795	17796	hsm/ebe7d7b1_17796.txt
17796	17797	hsm/25993c10_17797.txt
17797	17798	hsm/78bc125a_17798.txt
17798	17799	hsm/5a4662c4_17799.txt
17799	17800	hsm/4b1622e3_17800.txt
17800	17801	hsm/53082cef_17801.txt
17801	17802	hsm/3fe58cad_17802.txt
17802	17803	hsm/0cb636d4_17803.txt
17803	17804	hsm/9d145935_17804.txt
17804	17805	hsm/11637cd7_17805.txt
17805	17806	hsm/5660a710_17806.txt
17806	17807	hsm/9d3d01d9_17807.txt
17807	17808	hsm/d5659095_17808.txt
17808	17809	hsm/4465a0b3_17809.txt
17809	17810	hsm/4d62e2b8_17810.txt
17810	17811	hsm/d5c529da_17811.txt
17811	17812	hsm/0ef8e78d_17812.txt
17812	17813	hsm/f92ba0d3_17813.txt
17813	17814	hsm/504062ac_17814.txt
17814	17815	hsm/1df16c04_17815.txt
17815	17816	hsm/73a14893_17816.txt
17816	17817	hsm/8c93d135_17817.txt
17817	17818	hsm/c1dec0bb_17818.txt
17818	17819	hsm/b17e66d0_17819.txt
17819	17820	hsm/c4c37c69_17820.txt
17820	17821	hsm/eec0e591_17821.txt
17821	17822	hsm/7463c164_17822.txt
17822	17823	hsm/408d93ba_17823.txt
17823	17824	hsm/63ff5cad_17824.txt
17824	17825	hsm/e95a5fce_17825.txt
17825	17826	hsm/02063a7d_17826.txt
17826	17827	hsm/78c6aa55_17827.txt
17827	17828	hsm/e3cf9feb_17828.txt
17828	17829	hsm/b29e9fb2_17829.txt
17829	17830	hsm/a0d5f9cb_17830.txt
17830	17831	hsm/0f0482c4_17831.txt
17831	17832	hsm/e5f30406_17832.txt
17832	17833	hsm/497cf421_17833.txt
17833	17834	hsm/ef62f57a_17834.txt
17834	17835	hsm/9b4c6959_17835.txt
17835	17836	hsm/fb9f7d69_17836.txt
17836	17837	hsm/4c6aef1e_17837.txt
17837	17838	hsm/f5aa2855_17838.txt
17838	17839	hsm/be04211d_17839.txt
17839	17840	hsm/f22bcaf7_17840.txt
17840	17841	hsm/1d34b107_17841.txt
17841	17842	hsm/e41583a2_17842.txt
17842	17843	hsm/70550982_17843.txt
17843	17844	hsm/5a644fa4_17844.txt
17844	17845	hsm/cb069d82_17845.txt
17845	17846	hsm/29288a28_17846.txt
17846	17847	hsm/698f3abd_17847.txt
17847	17848	hsm/54764c75_17848.txt
17848	17849	hsm/04710ccd_17849.txt
17849	17850	hsm/5cce0a60_17850.txt
17850	17851	hsm/417fc520_17851.txt
17851	17852	hsm/2b7a3936_17852.txt
17852	17853	hsm/87b71a96_17853.txt
17853	17854	hsm/879a392b_17854.txt
17854	17855	hsm/e609d634_17855.txt
17855	17856	hsm/bff0f678_17856.txt
17856	17857	hsm/8f6c6023_17857.txt
17857	17858	hsm/00044044_17858.txt
17858	17859	hsm/51a9641b_17859.txt
17859	17860	hsm/f9ca109d_17860.txt
17860	17861	hsm/4448caba_17861.txt
17861	17862	hsm/565eabe4_17862.txt
17862	17863	hsm/bc9d3759_17863.txt
17863	17864	hsm/68bcc039_17864.txt
17864	17865	hsm/3d8bf92e_17865.txt
17865	17866	hsm/c501d2e8_17866.txt
17866	17867	hsm/08b78392_17867.txt
17867	17868	hsm/b5e4c7dc_17868.txt
17868	17869	hsm/3ca4f69d_17869.txt
17869	17870	hsm/599541b0_17870.txt
17870	17871	hsm/b4b0aa86_17871.txt
17871	17872	hsm/d915b7cf_17872.txt
17872	17873	hsm/5217442a_17873.txt
17873	17874	hsm/d2f74f8a_17874.txt
17874	17875	hsm/d13e8caa_17875.txt
17875	17876	hsm/001f3884_17876.txt
17876	17877	hsm/99406ee4_17877.txt
17877	17878	hsm/a5b76078_17878.txt
17878	17879	hsm/7c2e16db_17879.txt
17879	17880	hsm/42251527_17880.txt
17880	17881	hsm/8007a5d8_17881.txt
17881	17882	hsm/b8c02998_17882.txt
17882	17883	hsm/632807e5_17883.txt
17883	17884	hsm/83e58d10_17884.txt
17884	17885	hsm/4b1a4401_17885.txt
17885	17886	hsm/10faeb28_17886.txt
17886	17887	hsm/8117e766_17887.txt
17887	17888	hsm/b617715a_17888.txt
17888	17889	hsm/3dd0e691_17889.txt
17889	17890	hsm/897c597b_17890.txt
17890	17891	hsm/d723fd8b_17891.txt
17891	17892	hsm/2b792d4c_17892.txt
17892	17893	hsm/fb95d8fc_17893.txt
17893	17894	hsm/99c926be_17894.txt
17894	17895	hsm/61e89a2f_17895.txt
17895	17896	hsm/f606e58b_17896.txt
17896	17897	hsm/5b179920_17897.txt
17897	17898	hsm/47e28bfa_17898.txt
17898	17899	hsm/1f39608c_17899.txt
17899	17900	hsm/1b5eab2e_17900.txt
17900	17901	hsm/f0d8820c_17901.txt
17901	17902	hsm/c19c4752_17902.txt
17902	17903	hsm/140830fb_17903.txt
17903	17904	hsm/bfb50a44_17904.txt
17904	17905	hsm/2d5dad0b_17905.txt
17905	17906	hsm/324e46de_17906.txt
17906	17907	hsm/c047250e_17907.txt
17907	17908	hsm/e50a6e3f_17908.txt
17908	17909	hsm/e50a6e3f_17909.txt
17909	17910	hsm/5bfbd422_17910.txt
17910	17911	hsm/3546d927_17911.txt
17911	17912	hsm/d9c2db93_17912.txt
17912	17913	hsm/7614ee02_17913.txt
17913	17914	hsm/f78a3433_17914.txt
17914	17915	hsm/1865ec1b_17915.txt
17915	17916	hsm/f0e300b9_17916.txt
17916	17917	hsm/414e0014_17917.txt
17917	17918	hsm/3ad065fc_17918.txt
17918	17919	hsm/b21fea5c_17919.txt
17919	17920	hsm/318240a7_17920.txt
17920	17921	hsm/dba90825_17921.txt
17921	17922	hsm/5b257707_17922.txt
17922	17923	hsm/795c6ead_17923.txt
17923	17924	hsm/99f440a3_17924.txt
17924	17925	hsm/abe1aa74_17925.txt
17925	17926	hsm/11bba575_17926.txt
17926	17927	hsm/fab286a1_17927.txt
17927	17928	hsm/59e733b5_17928.txt
17928	17929	hsm/8501cee5_17929.txt
17929	17930	hsm/6b298f96_17930.txt
17930	17931	hsm/2b19bfe0_17931.txt
17931	17932	hsm/6dfdcf91_17932.txt
17932	17933	hsm/d88ef31e_17933.txt
17933	17934	hsm/f95b1cc9_17934.txt
17934	17935	hsm/3aee675d_17935.txt
17935	17936	hsm/f924647c_17936.txt
17936	17937	hsm/6ce0a38b_17937.txt
17937	17938	hsm/71e5e1ce_17938.txt
17938	17939	hsm/3152757a_17939.txt
17939	17940	hsm/1f9990af_17940.txt
17940	17941	hsm/e692bf77_17941.txt
17941	17942	hsm/4cb7346e_17942.txt
17942	17943	hsm/c6ed1f4c_17943.txt
17943	17944	hsm/3e293981_17944.txt
17944	17945	hsm/97ca9b0c_17945.txt
17945	17946	hsm/de66bd00_17946.txt
17946	17947	hsm/d618cc37_17947.txt
17947	17948	hsm/ef001e9a_17948.txt
17948	17949	hsm/af65ffa2_17949.txt
17949	17950	hsm/77599339_17950.txt
17950	17951	hsm/0c847665_17951.txt
17951	17952	hsm/f62e2341_17952.txt
17952	17953	hsm/350d5a54_17953.txt
17953	17954	hsm/dd7732bc_17954.txt
17954	17955	hsm/769430d6_17955.txt
17955	17956	hsm/27f5ad8f_17956.txt
17956	17957	hsm/965739a8_17957.txt
17957	17958	hsm/31e895a8_17958.txt
17958	17959	hsm/4846b8b4_17959.txt
17959	17960	hsm/f085950c_17960.txt
17960	17961	hsm/e6c64e53_17961.txt
17961	17962	hsm/c1981d66_17962.txt
17962	17963	hsm/fa1f7ad2_17963.txt
17963	17964	hsm/1c687f39_17964.txt
17964	17965	hsm/da9d2a54_17965.txt
17965	17966	hsm/f60f69d0_17966.txt
17966	17967	hsm/a02da04a_17967.txt
17967	17968	hsm/e577a5f5_17968.txt
17968	17969	hsm/6d80e3cc_17969.txt
17969	17970	hsm/726248f6_17970.txt
17970	17971	hsm/57c4a0a9_17971.txt
17971	17972	hsm/14a57fc3_17972.txt
17972	17973	hsm/a7a4fe15_17973.txt
17973	17974	hsm/756343d1_17974.txt
17974	17975	hsm/44e05d4f_17975.txt
17975	17976	hsm/ce9aa9c5_17976.txt
17976	17977	hsm/66496142_17977.txt
17977	17978	hsm/a3c1bf85_17978.txt
17978	17979	hsm/72eab751_17979.txt
17979	17980	hsm/60b9241f_17980.txt
17980	17981	hsm/f6a857f6_17981.txt
17981	17982	hsm/275c0aa7_17982.txt
17982	17983	hsm/67e9c267_17983.txt
17983	17984	hsm/12194ee5_17984.txt
17984	17985	hsm/d37ce6f3_17985.txt
17985	17986	hsm/67af9678_17986.txt
17986	17987	hsm/7feaef27_17987.txt
17987	17988	hsm/a6872743_17988.txt
17988	17989	hsm/b52fe13f_17989.txt
17989	17990	hsm/c0cf6df3_17990.txt
17990	17991	hsm/58b581d9_17991.txt
17991	17992	hsm/859baa53_17992.txt
17992	17993	hsm/97a8c6a2_17993.txt
17993	17994	hsm/a7545bd4_17994.txt
17994	17995	hsm/93d66a2f_17995.txt
17995	17996	hsm/09515076_17996.txt
17996	17997	hsm/0ef9bfdf_17997.txt
17997	17998	hsm/34c1d53e_17998.txt
17998	17999	hsm/bfaac3c5_17999.txt
17999	18000	hsm/7880edbd_18000.txt
18000	18001	hsm/0755dd72_18001.txt
18001	18002	hsm/b536d0ca_18002.txt
18002	18003	hsm/05ce5ae6_18003.txt
18003	18004	hsm/04d0d459_18004.txt
18004	18005	hsm/f8e97fc5_18005.txt
18005	18006	hsm/ea6c34d6_18006.txt
18006	18007	hsm/cd7118dd_18007.txt
18007	18008	hsm/95404612_18008.txt
18008	18009	hsm/022be171_18009.txt
18009	18010	hsm/182c7cc2_18010.txt
18010	18011	hsm/faab94f4_18011.txt
18011	18012	hsm/d31baab2_18012.txt
18012	18013	hsm/9b45f2fe_18013.txt
18013	18014	hsm/5688db92_18014.txt
18014	18015	hsm/0bb69c7e_18015.txt
18015	18016	hsm/7c98699e_18016.txt
18016	18017	hsm/cdcda15f_18017.txt
18017	18018	hsm/ecb16f7c_18018.txt
18018	18019	hsm/4d5f3724_18019.txt
18019	18020	hsm/1d283823_18020.txt
18020	18021	hsm/47eee784_18021.txt
18021	18022	hsm/1b074837_18022.txt
18022	18023	hsm/8bce436e_18023.txt
18023	18024	hsm/81c5baed_18024.txt
18024	18025	hsm/6c30fbfb_18025.txt
18025	18026	hsm/bb080f29_18026.txt
18026	18027	hsm/7d255386_18027.txt
18027	18028	hsm/bee45b99_18028.txt
18028	18029	hsm/eecc0bb8_18029.txt
18029	18030	hsm/ccc67e92_18030.txt
18030	18031	hsm/04811c12_18031.txt
18031	18032	hsm/330d0c56_18032.txt
18032	18033	hsm/f6dbe31e_18033.txt
18033	18034	hsm/e7fa395a_18034.txt
18034	18035	hsm/23a6fdc0_18035.txt
18035	18036	hsm/2809eb0d_18036.txt
18036	18037	hsm/88f362e7_18037.txt
18037	18038	hsm/da789a78_18038.txt
18038	18039	hsm/9bfd6f60_18039.txt
18039	18040	hsm/b290e4b6_18040.txt
18040	18041	hsm/718d4cf6_18041.txt
18041	18042	hsm/d42b6014_18042.txt
18042	18043	hsm/3a5e1f3e_18043.txt
18043	18044	hsm/0fd1624d_18044.txt
18044	18045	hsm/774cdf37_18045.txt
18045	18046	hsm/5b7b6bfd_18046.txt
18046	18047	hsm/a3fa48eb_18047.txt
18047	18048	hsm/30144eca_18048.txt
18048	18049	hsm/6841f30c_18049.txt
18049	18050	hsm/0f6bac5a_18050.txt
18050	18051	hsm/02aca229_18051.txt
18051	18052	hsm/8aa19d1b_18052.txt
18052	18053	hsm/97213f1d_18053.txt
18053	18054	hsm/b729e701_18054.txt
18054	18055	hsm/c6d16475_18055.txt
18055	18056	hsm/2eabc0ca_18056.txt
18056	18057	hsm/8e58a4dc_18057.txt
18057	18058	hsm/d448f3fb_18058.txt
18058	18059	hsm/d5de22da_18059.txt
18059	18060	hsm/2f5fe9d1_18060.txt
18060	18061	hsm/94da8c06_18061.txt
18061	18062	hsm/042e2ea2_18062.txt
18062	18063	hsm/37523b93_18063.txt
18063	18064	hsm/5b851c07_18064.txt
18064	18065	hsm/e118e25b_18065.txt
18065	18066	hsm/3e2f7ded_18066.txt
18066	18067	hsm/8613450e_18067.txt
18067	18068	hsm/6ca200cb_18068.txt
18068	18069	hsm/117a8683_18069.txt
18069	18070	hsm/04b71795_18070.txt
18070	18071	hsm/d624ff81_18071.txt
18071	18072	hsm/bac67b80_18072.txt
18072	18073	hsm/c770e21d_18073.txt
18073	18074	hsm/c9c262c2_18074.txt
18074	18075	hsm/a4051018_18075.txt
18075	18076	hsm/9b8a3907_18076.txt
18076	18077	hsm/f31476de_18077.txt
18077	18078	hsm/5c4a4531_18078.txt
18078	18079	hsm/570e6853_18079.txt
18079	18080	hsm/820d2194_18080.txt
18080	18081	hsm/c89f5f90_18081.txt
18081	18082	hsm/420305a6_18082.txt
18082	18083	hsm/6b82b01d_18083.txt
18083	18084	hsm/03dca122_18084.txt
18084	18085	hsm/5a7ef26e_18085.txt
18085	18086	hsm/48045a00_18086.txt
18086	18087	hsm/44dd087b_18087.txt
18087	18088	hsm/8cd27b81_18088.txt
18088	18089	hsm/d3dcd4ef_18089.txt
18089	18090	hsm/1c291209_18090.txt
18090	18091	hsm/443a7f53_18091.txt
18091	18092	hsm/134b1320_18092.txt
18092	18093	hsm/820a906f_18093.txt
18093	18094	hsm/483c858b_18094.txt
18094	18095	hsm/f4f3915b_18095.txt
18095	18096	hsm/1df76433_18096.txt
18096	18097	hsm/be1d8dd9_18097.txt
18097	18098	hsm/65a145c7_18098.txt
18098	18099	hsm/52278118_18099.txt
18099	18100	hsm/2eb66beb_18100.txt
18100	18101	hsm/7fd30a68_18101.txt
18101	18102	hsm/b6bb141e_18102.txt
18102	18103	hsm/e3decac1_18103.txt
18103	18104	hsm/57da19ed_18104.txt
18104	18105	hsm/7a1632aa_18105.txt
18105	18106	hsm/eac0657c_18106.txt
18106	18107	hsm/566a7b2f_18107.txt
18107	18108	hsm/39b6c1c2_18108.txt
18108	18109	hsm/75c09c86_18109.txt
18109	18110	hsm/7186b072_18110.txt
18110	18111	hsm/b5dff67a_18111.txt
18111	18112	hsm/d45e2415_18112.txt
18112	18113	hsm/3dbfe256_18113.txt
18113	18114	hsm/1945844a_18114.txt
18114	18115	hsm/9a499434_18115.txt
18115	18116	hsm/7a9e1201_18116.txt
18116	18117	hsm/c894fab6_18117.txt
18117	18118	hsm/8012f4ff_18118.txt
18118	18119	hsm/5454caaf_18119.txt
18119	18120	hsm/546b727a_18120.txt
18120	18121	hsm/7e2e8080_18121.txt
18121	18122	hsm/e1e0e0d2_18122.txt
18122	18123	hsm/3ebe909b_18123.txt
18123	18124	hsm/5036fec6_18124.txt
18124	18125	hsm/5ed9f2cd_18125.txt
18125	18126	hsm/cb4f31b3_18126.txt
18126	18127	hsm/0931eb11_18127.txt
18127	18128	hsm/f419b178_18128.txt
18128	18129	hsm/2bc39b3a_18129.txt
18129	18130	hsm/64ffc1e2_18130.txt
18130	18131	hsm/2191732a_18131.txt
18131	18132	hsm/3a63bf6e_18132.txt
18132	18133	hsm/21f14fa3_18133.txt
18133	18134	hsm/060c9f08_18134.txt
18134	18135	hsm/45a4a58b_18135.txt
18135	18136	hsm/dcb0bf38_18136.txt
18136	18137	hsm/333a278d_18137.txt
18137	18138	hsm/9855736a_18138.txt
18138	18139	hsm/5b750a0a_18139.txt
18139	18140	hsm/8a0a4df6_18140.txt
18140	18141	hsm/8c06b05f_18141.txt
18141	18142	hsm/87be2276_18142.txt
18142	18143	hsm/0a206435_18143.txt
18143	18144	hsm/f0b693b2_18144.txt
18144	18145	hsm/5b4bf72e_18145.txt
18145	18146	hsm/96bcbbe1_18146.txt
18146	18147	hsm/1389fabe_18147.txt
18147	18148	hsm/8b95374e_18148.txt
18148	18149	hsm/8d19519a_18149.txt
18149	18150	hsm/33074e10_18150.txt
18150	18151	hsm/229b9082_18151.txt
18151	18152	hsm/2f8dab1c_18152.txt
18152	18153	hsm/27969978_18153.txt
18153	18154	hsm/71ee4ffe_18154.txt
18154	18155	hsm/07fa9425_18155.txt
18155	18156	hsm/455ac0fc_18156.txt
18156	18157	hsm/bb8f0e9f_18157.txt
18157	18158	hsm/5ff8efba_18158.txt
18158	18159	hsm/e0947494_18159.txt
18159	18160	hsm/99db2230_18160.txt
18160	18161	hsm/9575cea8_18161.txt
18161	18162	hsm/36724560_18162.txt
18162	18163	hsm/9c0ccbed_18163.txt
18163	18164	hsm/ff50cb01_18164.txt
18164	18165	hsm/4974bd1c_18165.txt
18165	18166	hsm/4f1f1244_18166.txt
18166	18167	hsm/3d8adff6_18167.txt
18167	18168	hsm/0388a075_18168.txt
18168	18169	hsm/5486d1aa_18169.txt
18169	18170	hsm/fd68c07c_18170.txt
18170	18171	hsm/c1b494ca_18171.txt
18171	18172	hsm/c722dddd_18172.txt
18172	18173	hsm/8eb2af75_18173.txt
18173	18174	hsm/062d99ba_18174.txt
18174	18175	hsm/3afc2579_18175.txt
18175	18176	hsm/c1429bd8_18176.txt
18176	18177	hsm/123c9d0a_18177.txt
18177	18178	hsm/f1332162_18178.txt
18178	18179	hsm/8ab45afd_18179.txt
18179	18180	hsm/9c0a2c49_18180.txt
18180	18181	hsm/a0e18da7_18181.txt
18181	18182	hsm/b2170c4b_18182.txt
18182	18183	hsm/20d772f7_18183.txt
18183	18184	hsm/6de9c05d_18184.txt
18184	18185	hsm/dc9c715a_18185.txt
18185	18186	hsm/4e5ee63a_18186.txt
18186	18187	hsm/55917e81_18187.txt
18187	18188	hsm/024ea229_18188.txt
18188	18189	hsm/04550b01_18189.txt
18189	18190	hsm/408dcf17_18190.txt
18190	18191	hsm/b8a83a3d_18191.txt
18191	18192	hsm/c17e7de3_18192.txt
18192	18193	hsm/5d62cca2_18193.txt
18193	18194	hsm/585fda47_18194.txt
18194	18195	hsm/e9d073cf_18195.txt
18195	18196	hsm/5cbd2ab6_18196.txt
18196	18197	hsm/7fdcef7a_18197.txt
18197	18198	hsm/d1a9ee92_18198.txt
18198	18199	hsm/0a44b31a_18199.txt
18199	18200	hsm/70c4dfd2_18200.txt
18200	18201	hsm/987b95d5_18201.txt
18201	18202	hsm/d93cb5a6_18202.txt
18202	18203	hsm/26c889c0_18203.txt
18203	18204	hsm/b1751e75_18204.txt
18204	18205	hsm/a3cca2af_18205.txt
18205	18206	hsm/1337a88f_18206.txt
18206	18207	hsm/10eae22c_18207.txt
18207	18208	hsm/6b432326_18208.txt
18208	18209	hsm/00074d2b_18209.txt
18209	18210	hsm/c4e37289_18210.txt
18210	18211	hsm/3037d4f9_18211.txt
18211	18212	hsm/1ca4c78e_18212.txt
18212	18213	hsm/535d1a26_18213.txt
18213	18214	hsm/d1b65b1e_18214.txt
18214	18215	hsm/1181d1ca_18215.txt
18215	18216	hsm/67f2e0fb_18216.txt
18216	18217	hsm/0c4c134e_18217.txt
18217	18218	hsm/807243be_18218.txt
18218	18219	hsm/34e5d52b_18219.txt
18219	18220	hsm/48b44149_18220.txt
18220	18221	hsm/21e142c1_18221.txt
18221	18222	hsm/b7df071f_18222.txt
18222	18223	hsm/897f2930_18223.txt
18223	18224	hsm/6b994953_18224.txt
18224	18225	hsm/c6d56e27_18225.txt
18225	18226	hsm/f9e73fe3_18226.txt
18226	18227	hsm/ea88498b_18227.txt
18227	18228	hsm/6e0b4874_18228.txt
18228	18229	hsm/72ae4534_18229.txt
18229	18230	hsm/8c58d5fc_18230.txt
18230	18231	hsm/455fc398_18231.txt
18231	18232	hsm/5b3152aa_18232.txt
18232	18233	hsm/e35087ad_18233.txt
18233	18234	hsm/a9942e10_18234.txt
18234	18235	hsm/127888f4_18235.txt
18235	18236	hsm/7d07d07c_18236.txt
18236	18237	hsm/9f7f270a_18237.txt
18237	18238	hsm/9926ca0f_18238.txt
18238	18239	hsm/2c5a9e46_18239.txt
18239	18240	hsm/899d6742_18240.txt
18240	18241	hsm/c2c9765a_18241.txt
18241	18242	hsm/fb6e8d1b_18242.txt
18242	18243	hsm/3da4b546_18243.txt
18243	18244	hsm/135ebf25_18244.txt
18244	18245	hsm/e8371db0_18245.txt
18245	18246	hsm/c3d45107_18246.txt
18246	18247	hsm/3c8f36fb_18247.txt
18247	18248	hsm/378d89ae_18248.txt
18248	18249	hsm/020974b6_18249.txt
18249	18250	hsm/c78f8a78_18250.txt
18250	18251	hsm/29d25454_18251.txt
18251	18252	hsm/a63b55e3_18252.txt
18252	18253	hsm/13f4ebdd_18253.txt
18253	18254	hsm/e7335127_18254.txt
18254	18255	hsm/36dcb303_18255.txt
18255	18256	hsm/d759aa47_18256.txt
18256	18257	hsm/21341799_18257.txt
18257	18258	hsm/b43f0dc8_18258.txt
18258	18259	hsm/0a9b0eb8_18259.txt
18259	18260	hsm/6ab10710_18260.txt
18260	18261	hsm/d69065d5_18261.txt
18261	18262	hsm/72ac4c6e_18262.txt
18262	18263	hsm/c802aab2_18263.txt
18263	18264	hsm/cfbf368c_18264.txt
18264	18265	hsm/203299bc_18265.txt
18265	18266	hsm/5fea791a_18266.txt
18266	18267	hsm/e6f4dd86_18267.txt
18267	18268	hsm/269f5dd1_18268.txt
18268	18269	hsm/a48ac001_18269.txt
18269	18270	hsm/76551854_18270.txt
18270	18271	hsm/407f220b_18271.txt
18271	18272	hsm/76571a13_18272.txt
18272	18273	hsm/15ff9f9e_18273.txt
18273	18274	hsm/cb34fc00_18274.txt
18274	18275	hsm/d02ab05b_18275.txt
18275	18276	hsm/f94d014c_18276.txt
18276	18277	hsm/0f96a821_18277.txt
18277	18278	hsm/4da28d05_18278.txt
18278	18279	hsm/3af0aad3_18279.txt
18279	18280	hsm/91897641_18280.txt
18280	18281	hsm/3609ffb3_18281.txt
18281	18282	hsm/58ee7b39_18282.txt
18282	18283	hsm/35ef221f_18283.txt
18283	18284	hsm/ed615146_18284.txt
18284	18285	hsm/755cbcf3_18285.txt
18285	18286	hsm/929d43fc_18286.txt
18286	18287	hsm/cf689167_18287.txt
18287	18288	hsm/19154919_18288.txt
18288	18289	hsm/4575c2a8_18289.txt
18289	18290	hsm/9b50abcd_18290.txt
18290	18291	hsm/160fc0ed_18291.txt
18291	18292	hsm/f4717152_18292.txt
18292	18293	hsm/706263d8_18293.txt
18293	18294	hsm/1dbe5a08_18294.txt
18294	18295	hsm/5d7bc908_18295.txt
18295	18296	hsm/de93371b_18296.txt
18296	18297	hsm/a584986b_18297.txt
18297	18298	hsm/80ec0b51_18298.txt
18298	18299	hsm/93f23dcd_18299.txt
18299	18300	hsm/f6fc39e8_18300.txt
18300	18301	hsm/59b2ba1a_18301.txt
18301	18302	hsm/d2fd8c99_18302.txt
18302	18303	hsm/7d4aa2bf_18303.txt
18303	18304	hsm/086c8feb_18304.txt
18304	18305	hsm/ec386a3e_18305.txt
18305	18306	hsm/1b169cbd_18306.txt
18306	18307	hsm/60250a46_18307.txt
18307	18308	hsm/a6419b2e_18308.txt
18308	18309	hsm/b2414170_18309.txt
18309	18310	hsm/e15e4355_18310.txt
18310	18311	hsm/9cc23aae_18311.txt
18311	18312	hsm/9a68e3f9_18312.txt
18312	18313	hsm/42687a51_18313.txt
18313	18314	hsm/f18151a6_18314.txt
18314	18315	hsm/e0a45496_18315.txt
18315	18316	hsm/98e2fbae_18316.txt
18316	18317	hsm/9c474c09_18317.txt
18317	18318	hsm/54c6e439_18318.txt
18318	18319	hsm/06742390_18319.txt
18319	18320	hsm/c4f6dd22_18320.txt
18320	18321	hsm/759813ea_18321.txt
18321	18322	hsm/66872706_18322.txt
18322	18323	hsm/354287b3_18323.txt
18323	18324	hsm/dc7d40fe_18324.txt
18324	18325	hsm/29d80b44_18325.txt
18325	18326	hsm/ebec6439_18326.txt
18326	18327	hsm/3102813b_18327.txt
18327	18328	hsm/5cbf8b18_18328.txt
18328	18329	hsm/0235efd5_18329.txt
18329	18330	hsm/5989abb4_18330.txt
18330	18331	hsm/231238c4_18331.txt
18331	18332	hsm/27932803_18332.txt
18332	18333	hsm/02d9e397_18333.txt
18333	18334	hsm/14b5b9bb_18334.txt
18334	18335	hsm/2fa302d1_18335.txt
18335	18336	hsm/848bbeb5_18336.txt
18336	18337	hsm/d163073e_18337.txt
18337	18338	hsm/cc63ed70_18338.txt
18338	18339	hsm/9fe51c1c_18339.txt
18339	18340	hsm/c44f73f8_18340.txt
18340	18341	hsm/0924e2ac_18341.txt
18341	18342	hsm/9c49874d_18342.txt
18342	18343	hsm/2a3b565f_18343.txt
18343	18344	hsm/80e73cf1_18344.txt
18344	18345	hsm/1d9ead94_18345.txt
18345	18346	hsm/76bea05f_18346.txt
18346	18347	hsm/77a206a1_18347.txt
18347	18348	hsm/2faacabe_18348.txt
18348	18349	hsm/254ba2e2_18349.txt
18349	18350	hsm/735d027e_18350.txt
18350	18351	hsm/157e5a11_18351.txt
18351	18352	hsm/dc23af25_18352.txt
18352	18353	hsm/459cc721_18353.txt
18353	18354	hsm/1a4d4d25_18354.txt
18354	18355	hsm/fe706b93_18355.txt
18355	18356	hsm/2f428008_18356.txt
18356	18357	hsm/405236b6_18357.txt
18357	18358	hsm/6b973d13_18358.txt
18358	18359	hsm/592728fa_18359.txt
18359	18360	hsm/a1e93423_18360.txt
18360	18361	hsm/e6d85821_18361.txt
18361	18362	hsm/8962d7f2_18362.txt
18362	18363	hsm/83a46686_18363.txt
18363	18364	hsm/f9e09a68_18364.txt
18364	18365	hsm/6b11ac7d_18365.txt
18365	18366	hsm/ad71da2c_18366.txt
18366	18367	hsm/a80f22a4_18367.txt
18367	18368	hsm/27f24db8_18368.txt
18368	18369	hsm/a58a1726_18369.txt
18369	18370	hsm/af72c044_18370.txt
18370	18371	hsm/9032dda5_18371.txt
18371	18372	hsm/c5269c87_18372.txt
18372	18373	hsm/db02631f_18373.txt
18373	18374	hsm/07eebf18_18374.txt
18374	18375	hsm/2a3d3ed9_18375.txt
18375	18376	hsm/0924cad8_18376.txt
18376	18377	hsm/404161c2_18377.txt
18377	18378	hsm/93ae042f_18378.txt
18378	18379	hsm/86aee5a9_18379.txt
18379	18380	hsm/89ab0e6c_18380.txt
18380	18381	hsm/4db030da_18381.txt
18381	18382	hsm/79294708_18382.txt
18382	18383	hsm/f324a1fb_18383.txt
18383	18384	hsm/6603a4fe_18384.txt
18384	18385	hsm/edf42e65_18385.txt
18385	18386	hsm/940f1818_18386.txt
18386	18387	hsm/37ba13d9_18387.txt
18387	18388	hsm/9e788356_18388.txt
18388	18389	hsm/2c0907a8_18389.txt
18389	18390	hsm/e71372c8_18390.txt
18390	18391	hsm/be30a0f4_18391.txt
18391	18392	hsm/836a7cad_18392.txt
18392	18393	hsm/4a750af5_18393.txt
18393	18394	hsm/b5d53288_18394.txt
18394	18395	hsm/99e14ced_18395.txt
18395	18396	hsm/339d132b_18396.txt
18396	18397	hsm/2720beb3_18397.txt
18397	18398	hsm/ee142571_18398.txt
18398	18399	hsm/6b4b2175_18399.txt
18399	18400	hsm/d3372d40_18400.txt
18400	18401	hsm/adb5f592_18401.txt
18401	18402	hsm/1149724f_18402.txt
18402	18403	hsm/3df1ef51_18403.txt
18403	18404	hsm/5e08fc76_18404.txt
18404	18405	hsm/53a14646_18405.txt
18405	18406	hsm/ec9a9b4e_18406.txt
18406	18407	hsm/3480f645_18407.txt
18407	18408	hsm/bf6f9d20_18408.txt
18408	18409	hsm/f75755c9_18409.txt
18409	18410	hsm/cf0642f3_18410.txt
18410	18411	hsm/c37a95bf_18411.txt
18411	18412	hsm/08a400b4_18412.txt
18412	18413	hsm/36297641_18413.txt
18413	18414	hsm/8cea2673_18414.txt
18414	18415	hsm/22b8a489_18415.txt
18415	18416	hsm/10a2b171_18416.txt
18416	18417	hsm/fe8c56db_18417.txt
18417	18418	hsm/2e5fc21a_18418.txt
18418	18419	hsm/64f36a17_18419.txt
18419	18420	hsm/49f49cbd_18420.txt
18420	18421	hsm/e14a6c8b_18421.txt
18421	18422	hsm/df6dc46c_18422.txt
18422	18423	hsm/d0dc0b7b_18423.txt
18423	18424	hsm/97c7ddee_18424.txt
18424	18425	hsm/9304d19f_18425.txt
18425	18426	hsm/2878e84c_18426.txt
18426	18427	hsm/2b85e0db_18427.txt
18427	18428	hsm/4426ceff_18428.txt
18428	18429	hsm/c75071d2_18429.txt
18429	18430	hsm/6836e9eb_18430.txt
18430	18431	hsm/8b93ba21_18431.txt
18431	18432	hsm/4fd0d84a_18432.txt
18432	18433	hsm/4e2ea9fd_18433.txt
18433	18434	hsm/818d3af9_18434.txt
18434	18435	hsm/4b846b11_18435.txt
18435	18436	hsm/3318697d_18436.txt
18436	18437	hsm/96d4d1c2_18437.txt
18437	18438	hsm/1a0ede39_18438.txt
18438	18439	hsm/5f273aec_18439.txt
18439	18440	hsm/7d0107c8_18440.txt
18440	18441	hsm/6f780166_18441.txt
18441	18442	hsm/b80600fb_18442.txt
18442	18443	hsm/569fa38c_18443.txt
18443	18444	hsm/085b333d_18444.txt
18444	18445	hsm/dcee44ce_18445.txt
18445	18446	hsm/d33eda44_18446.txt
18446	18447	hsm/c6f5acf5_18447.txt
18447	18448	hsm/f9b55b2a_18448.txt
18448	18449	hsm/467ee7a0_18449.txt
18449	18450	hsm/c7cc51b3_18450.txt
18450	18451	hsm/2471c0fa_18451.txt
18451	18452	hsm/a5d8fe35_18452.txt
18452	18453	hsm/f9711125_18453.txt
18453	18454	hsm/3fc8b19d_18454.txt
18454	18455	hsm/b9a564ec_18455.txt
18455	18456	hsm/aaca31e1_18456.txt
18456	18457	hsm/97cdd0f7_18457.txt
18457	18458	hsm/f7fabfd1_18458.txt
18458	18459	hsm/4dcfc2bd_18459.txt
18459	18460	hsm/b865d3a9_18460.txt
18460	18461	hsm/9ecdeb53_18461.txt
18461	18462	hsm/9e8351ca_18462.txt
18462	18463	hsm/8514940f_18463.txt
18463	18464	hsm/a13947c4_18464.txt
18464	18465	hsm/8d330ac7_18465.txt
18465	18466	hsm/ade24676_18466.txt
18466	18467	hsm/a73ab38e_18467.txt
18467	18468	hsm/4baad791_18468.txt
18468	18469	hsm/b1631da7_18469.txt
18469	18470	hsm/04e93f72_18470.txt
18470	18471	hsm/24c4084d_18471.txt
18471	18472	hsm/c9b022a8_18472.txt
18472	18473	hsm/0d659f53_18473.txt
18473	18474	hsm/2c107e87_18474.txt
18474	18475	hsm/0904dbce_18475.txt
18475	18476	hsm/3cb02a22_18476.txt
18476	18477	hsm/b090dbad_18477.txt
18477	18478	hsm/274ae95c_18478.txt
18478	18479	hsm/0df5a789_18479.txt
18479	18480	hsm/38ff2258_18480.txt
18480	18481	hsm/bcefbd4c_18481.txt
18481	18482	hsm/a000943c_18482.txt
18482	18483	hsm/3bf7ad12_18483.txt
18483	18484	hsm/6d5d5f1b_18484.txt
18484	18485	hsm/50b0d60f_18485.txt
18485	18486	hsm/a91714ec_18486.txt
18486	18487	hsm/5411de6b_18487.txt
18487	18488	hsm/f2af97e1_18488.txt
18488	18489	hsm/47c7e4b5_18489.txt
18489	18490	hsm/50f3afa6_18490.txt
18490	18491	hsm/4fa1e204_18491.txt
18491	18492	hsm/98ff17f8_18492.txt
18492	18493	hsm/456ca684_18493.txt
18493	18494	hsm/7a7ec2b2_18494.txt
18494	18495	hsm/105ad80c_18495.txt
18495	18496	hsm/78ba78b2_18496.txt
18496	18497	hsm/4db3071b_18497.txt
18497	18498	hsm/401d603e_18498.txt
18498	18499	hsm/60ac22ca_18499.txt
18499	18500	hsm/c444d808_18500.txt
18500	18501	hsm/8b0e204b_18501.txt
18501	18502	hsm/9e738c51_18502.txt
18502	18503	hsm/f07e944b_18503.txt
18503	18504	hsm/49bd446e_18504.txt
18504	18505	hsm/b39d329d_18505.txt
18505	18506	hsm/8fc5fc38_18506.txt
18506	18507	hsm/e26b2fe1_18507.txt
18507	18508	hsm/1bd70b8c_18508.txt
18508	18509	hsm/bde51322_18509.txt
18509	18510	hsm/c0d30171_18510.txt
18510	18511	hsm/a127002f_18511.txt
18511	18512	hsm/1faf51b2_18512.txt
18512	18513	hsm/c9a225bf_18513.txt
18513	18514	hsm/5b299665_18514.txt
18514	18515	hsm/3f50219d_18515.txt
18515	18516	hsm/b6f761f4_18516.txt
18516	18517	hsm/32394fa7_18517.txt
18517	18518	hsm/bea95629_18518.txt
18518	18519	hsm/69466cd7_18519.txt
18519	18520	hsm/f6ca77a5_18520.txt
18520	18521	hsm/46b0a7d6_18521.txt
18521	18522	hsm/baf293cc_18522.txt
18522	18523	hsm/487db11b_18523.txt
18523	18524	hsm/3f1bc5ba_18524.txt
18524	18525	hsm/87d3d95e_18525.txt
18525	18526	hsm/629d1b17_18526.txt
18526	18527	hsm/47e4af2e_18527.txt
18527	18528	hsm/5b85b401_18528.txt
18528	18529	hsm/d5a48cec_18529.txt
18529	18530	hsm/90e2b2f6_18530.txt
18530	18531	hsm/b2d29010_18531.txt
18531	18532	hsm/c17739f1_18532.txt
18532	18533	hsm/49570e8d_18533.txt
18533	18534	hsm/bc899736_18534.txt
18534	18535	hsm/3e8dff30_18535.txt
18535	18536	hsm/dd4aa4e5_18536.txt
18536	18537	hsm/f4fde26e_18537.txt
18537	18538	hsm/3acf2c0a_18538.txt
18538	18539	hsm/cbe3089e_18539.txt
18539	18540	hsm/202310e9_18540.txt
18540	18541	hsm/bfaba482_18541.txt
18541	18542	hsm/d1262d2f_18542.txt
18542	18543	hsm/6fe86220_18543.txt
18543	18544	hsm/714d163f_18544.txt
18544	18545	hsm/fc6c1077_18545.txt
18545	18546	hsm/b8e0fd41_18546.txt
18546	18547	hsm/d58ab6d7_18547.txt
18547	18548	hsm/1bff981e_18548.txt
18548	18549	hsm/896fa593_18549.txt
18549	18550	hsm/431a3a0d_18550.txt
18550	18551	hsm/25993c10_18551.txt
18551	18552	hsm/78bc125a_18552.txt
18552	18553	hsm/5a4662c4_18553.txt
18553	18554	hsm/4b1622e3_18554.txt
18554	18555	hsm/53082cef_18555.txt
18555	18556	hsm/3fe58cad_18556.txt
18556	18557	hsm/0cb636d4_18557.txt
18557	18558	hsm/9d145935_18558.txt
18558	18559	hsm/11637cd7_18559.txt
18559	18560	hsm/c4c6a64e_18560.txt
18560	18561	hsm/63e8c406_18561.txt
18561	18562	hsm/f36b7eb0_18562.txt
18562	18563	hsm/434a1410_18563.txt
18563	18564	hsm/5afc1b9e_18564.txt
18564	18565	hsm/330df09c_18565.txt
18565	18566	hsm/99cc7fe3_18566.txt
18566	18567	hsm/2634c38e_18567.txt
18567	18568	hsm/6405e62c_18568.txt
18568	18569	hsm/20a00195_18569.txt
18569	18570	hsm/ea57792f_18570.txt
18570	18571	hsm/2e39e89a_18571.txt
18571	18572	hsm/b20dc97a_18572.txt
18572	18573	hsm/edd0dfc8_18573.txt
18573	18574	hsm/e0e64552_18574.txt
18574	18575	hsm/7587edfa_18575.txt
18575	18576	hsm/d5b33046_18576.txt
18576	18577	hsm/d6be666d_18577.txt
18577	18578	hsm/07d89755_18578.txt
18578	18579	hsm/46ee9b07_18579.txt
18579	18580	hsm/621083c0_18580.txt
18580	18581	hsm/c59a4f52_18581.txt
18581	18582	hsm/536ab39e_18582.txt
18582	18583	hsm/447590a5_18583.txt
18583	18584	hsm/14795b73_18584.txt
18584	18585	hsm/edbd896b_18585.txt
18585	18586	hsm/4b74109d_18586.txt
18586	18587	hsm/4a0b3e82_18587.txt
18587	18588	hsm/36cd4688_18588.txt
18588	18589	hsm/0f492aad_18589.txt
18589	18590	hsm/140612a0_18590.txt
18590	18591	hsm/724a7c10_18591.txt
18591	18592	hsm/6884a945_18592.txt
18592	18593	hsm/329d09fb_18593.txt
18593	18594	hsm/8d954cdd_18594.txt
18594	18595	hsm/9319ac38_18595.txt
18595	18596	hsm/72bf5873_18596.txt
18596	18597	hsm/9d39bf88_18597.txt
18597	18598	hsm/f523990c_18598.txt
18598	18599	hsm/9b3d37c6_18599.txt
18599	18600	hsm/4831a183_18600.txt
18600	18601	hsm/cebd4c41_18601.txt
18601	18602	hsm/d8610eed_18602.txt
18602	18603	hsm/ce6f089e_18603.txt
18603	18604	hsm/c290e947_18604.txt
18604	18605	hsm/b2d6b49c_18605.txt
18605	18606	hsm/bdae646b_18606.txt
18606	18607	hsm/cb688cc9_18607.txt
18607	18608	hsm/66de8b5b_18608.txt
18608	18609	hsm/62998816_18609.txt
18609	18610	hsm/c66af333_18610.txt
18610	18611	hsm/600be504_18611.txt
18611	18612	hsm/0dd6366b_18612.txt
18612	18613	hsm/1b2fe700_18613.txt
18613	18614	hsm/5e4666dc_18614.txt
18614	18615	hsm/a5160612_18615.txt
18615	18616	hsm/a8fffe37_18616.txt
18616	18617	hsm/7a290b31_18617.txt
18617	18618	hsm/02450bd9_18618.txt
18618	18619	hsm/3ba7e73b_18619.txt
18619	18620	hsm/62ffaee4_18620.txt
18620	18621	hsm/8a0e90de_18621.txt
18621	18622	hsm/52807fd3_18622.txt
18622	18623	hsm/f81b561e_18623.txt
18623	18624	hsm/31fdb0a8_18624.txt
18624	18625	hsm/e08ac157_18625.txt
18625	18626	hsm/97275f14_18626.txt
18626	18627	hsm/f0e49a9e_18627.txt
18627	18628	hsm/b4c899cb_18628.txt
18628	18629	hsm/d32dcf34_18629.txt
18629	18630	hsm/93d0ee54_18630.txt
18630	18631	hsm/b4552ae4_18631.txt
18631	18632	hsm/150f7406_18632.txt
18632	18633	hsm/63633bee_18633.txt
18633	18634	hsm/cef7f3c1_18634.txt
18634	18635	hsm/3bf9e96c_18635.txt
18635	18636	hsm/19102e8a_18636.txt
18636	18637	hsm/00746f21_18637.txt
18637	18638	hsm/b64171df_18638.txt
18638	18639	hsm/e1839bf6_18639.txt
18639	18640	hsm/86352295_18640.txt
18640	18641	hsm/ce1b13a8_18641.txt
18641	18642	hsm/2d5dd776_18642.txt
18642	18643	hsm/f89ecd2f_18643.txt
18643	18644	hsm/5da4ef7e_18644.txt
18644	18645	hsm/ddfde3d7_18645.txt
18645	18646	hsm/c831aec5_18646.txt
18646	18647	hsm/efb3e304_18647.txt
18647	18648	hsm/0576dd2b_18648.txt
18648	18649	hsm/c503ebf3_18649.txt
18649	18650	hsm/b0e5a3b9_18650.txt
18650	18651	hsm/06fef924_18651.txt
18651	18652	hsm/06fb09c1_18652.txt
18652	18653	hsm/39b98a32_18653.txt
18653	18654	hsm/ec2515cc_18654.txt
18654	18655	hsm/58ff7cb3_18655.txt
18655	18656	hsm/c4d93410_18656.txt
18656	18657	hsm/c5137154_18657.txt
18657	18658	hsm/90a6a0de_18658.txt
18658	18659	hsm/b4585cfd_18659.txt
18659	18660	hsm/63cacbea_18660.txt
18660	18661	hsm/63cacbea_18661.txt
18661	18662	hsm/3d6589ed_18662.txt
18662	18663	hsm/ac5afd3a_18663.txt
18663	18664	hsm/64143b5e_18664.txt
18664	18665	hsm/0ec08878_18665.txt
18665	18666	hsm/82523158_18666.txt
18666	18667	hsm/d53c7fa8_18667.txt
18667	18668	hsm/62459d2a_18668.txt
18668	18669	hsm/66ad9cb5_18669.txt
18669	18670	hsm/3a18bcc6_18670.txt
18670	18671	hsm/496e975b_18671.txt
18671	18672	hsm/5abdc55a_18672.txt
18672	18673	hsm/d32d8def_18673.txt
18673	18674	hsm/7089dc74_18674.txt
18674	18675	hsm/a59b8180_18675.txt
18675	18676	hsm/9f59104c_18676.txt
18676	18677	hsm/70586273_18677.txt
18677	18678	hsm/5317c177_18678.txt
18678	18679	hsm/e948b0e5_18679.txt
18679	18680	hsm/8dfad987_18680.txt
18680	18681	hsm/76e0d314_18681.txt
18681	18682	hsm/883286a1_18682.txt
18682	18683	hsm/3144f4bc_18683.txt
18683	18684	hsm/e9348aa2_18684.txt
18684	18685	hsm/abfb513f_18685.txt
18685	18686	hsm/7d34b828_18686.txt
18686	18687	hsm/b78e4cef_18687.txt
18687	18688	hsm/913bd909_18688.txt
18688	18689	hsm/62a778f7_18689.txt
18689	18690	hsm/ae9739ed_18690.txt
18690	18691	hsm/b8dcccf9_18691.txt
18691	18692	hsm/efc6180d_18692.txt
18692	18693	hsm/a226c534_18693.txt
18693	18694	hsm/7a2c47aa_18694.txt
18694	18695	hsm/340fec76_18695.txt
18695	18696	hsm/3971eb57_18696.txt
18696	18697	hsm/fa8fe0e5_18697.txt
18697	18698	hsm/22895774_18698.txt
18698	18699	hsm/547d7173_18699.txt
18699	18700	hsm/f5d57b23_18700.txt
18700	18701	hsm/09f93784_18701.txt
18701	18702	hsm/267e9369_18702.txt
18702	18703	hsm/f9fad76e_18703.txt
18703	18704	hsm/c497ad93_18704.txt
18704	18705	hsm/949d6837_18705.txt
18705	18706	hsm/fe1250e4_18706.txt
18706	18707	hsm/0f2988e7_18707.txt
18707	18708	hsm/f96b0e31_18708.txt
18708	18709	hsm/7edc4276_18709.txt
18709	18710	hsm/f2bb7852_18710.txt
18710	18711	hsm/92f5b6e6_18711.txt
18711	18712	hsm/c1fdc68b_18712.txt
18712	18713	hsm/dd5bc15c_18713.txt
18713	18714	hsm/47a83815_18714.txt
18714	18715	hsm/edc3d420_18715.txt
18715	18716	hsm/ebd82e32_18716.txt
18716	18717	hsm/7470add2_18717.txt
18717	18718	hsm/4284b18d_18718.txt
18718	18719	hsm/bb5d09e3_18719.txt
18719	18720	hsm/97362d5a_18720.txt
18720	18721	hsm/965f170e_18721.txt
18721	18722	hsm/c40c9ee5_18722.txt
18722	18723	hsm/2b2cba69_18723.txt
18723	18724	hsm/3192c561_18724.txt
18724	18725	hsm/97b5f024_18725.txt
18725	18726	hsm/e6ed3500_18726.txt
18726	18727	hsm/35b0c5d2_18727.txt
18727	18728	hsm/fac4856d_18728.txt
18728	18729	hsm/1b1ebac9_18729.txt
18729	18730	hsm/53a2bbfe_18730.txt
18730	18731	hsm/b7e93778_18731.txt
18731	18732	hsm/26bc90b0_18732.txt
18732	18733	hsm/24b891f4_18733.txt
18733	18734	hsm/3c9ac99c_18734.txt
18734	18735	hsm/17baf659_18735.txt
18735	18736	hsm/35b66810_18736.txt
18736	18737	hsm/782a2fb7_18737.txt
18737	18738	hsm/cc00ae72_18738.txt
18738	18739	hsm/aaba2ec3_18739.txt
18739	18740	hsm/f598e16f_18740.txt
18740	18741	hsm/3efb90c2_18741.txt
18741	18742	hsm/2466ae4f_18742.txt
18742	18743	hsm/165bb747_18743.txt
18743	18744	hsm/75d6921c_18744.txt
18744	18745	hsm/33c1d337_18745.txt
18745	18746	hsm/a8fe25fe_18746.txt
18746	18747	hsm/856a04ca_18747.txt
18747	18748	hsm/4cecc290_18748.txt
18748	18749	hsm/a5513aa6_18749.txt
18749	18750	hsm/9877396f_18750.txt
18750	18751	hsm/5366a5b5_18751.txt
18751	18752	hsm/7a494aa4_18752.txt
18752	18753	hsm/51e1144f_18753.txt
18753	18754	hsm/071dda14_18754.txt
18754	18755	hsm/db8173c5_18755.txt
18755	18756	hsm/4d6ff9dd_18756.txt
18756	18757	hsm/e543a48d_18757.txt
18757	18758	hsm/d947dc60_18758.txt
18758	18759	hsm/219ac0dc_18759.txt
18759	18760	hsm/3bde2a24_18760.txt
18760	18761	hsm/53d50471_18761.txt
18761	18762	hsm/e5b88639_18762.txt
18762	18763	hsm/93b66fc0_18763.txt
18763	18764	hsm/bc690205_18764.txt
18764	18765	hsm/7be25e35_18765.txt
18765	18766	hsm/89248607_18766.txt
18766	18767	hsm/6f98eb91_18767.txt
18767	18768	hsm/783f6d05_18768.txt
18768	18769	hsm/8607ca4f_18769.txt
18769	18770	hsm/7162873e_18770.txt
18770	18771	hsm/fa9e0e8e_18771.txt
18771	18772	hsm/7d6be96c_18772.txt
18772	18773	hsm/457742c5_18773.txt
18773	18774	hsm/458adbd3_18774.txt
18774	18775	hsm/dd8688e0_18775.txt
18775	18776	hsm/0b0045cd_18776.txt
18776	18777	hsm/fe1e9c7b_18777.txt
18777	18778	hsm/b17486d1_18778.txt
18778	18779	hsm/4ec87625_18779.txt
18779	18780	hsm/b6a6e541_18780.txt
18780	18781	hsm/c60febe7_18781.txt
18781	18782	hsm/211c59a9_18782.txt
18782	18783	hsm/1aa396c2_18783.txt
18783	18784	hsm/f6814aa8_18784.txt
18784	18785	hsm/effc055f_18785.txt
18785	18786	hsm/2d9a48fa_18786.txt
18786	18787	hsm/9fb8d0c5_18787.txt
18787	18788	hsm/1c2178c5_18788.txt
18788	18789	hsm/db61b781_18789.txt
18789	18790	hsm/caa4e873_18790.txt
18790	18791	hsm/4b217ce4_18791.txt
18791	18792	hsm/2aaad0c7_18792.txt
18792	18793	hsm/bd379132_18793.txt
18793	18794	hsm/32930db6_18794.txt
18794	18795	hsm/b4b9b20a_18795.txt
18795	18796	hsm/ddfc5f0d_18796.txt
18796	18797	hsm/4b06a955_18797.txt
18797	18798	hsm/8840460f_18798.txt
18798	18799	hsm/76484969_18799.txt
18799	18800	hsm/15031d0f_18800.txt
18800	18801	hsm/5259b0f1_18801.txt
18801	18802	hsm/0aff109b_18802.txt
18802	18803	hsm/11fbe8bf_18803.txt
18803	18804	hsm/c7a8f564_18804.txt
18804	18805	hsm/36b3927e_18805.txt
18805	18806	hsm/652a0e2a_18806.txt
18806	18807	hsm/5388eb83_18807.txt
18807	18808	hsm/d6a9b4d8_18808.txt
18808	18809	hsm/b734182c_18809.txt
18809	18810	hsm/1d06e58e_18810.txt
18810	18811	hsm/76571a13_18811.txt
18811	18812	hsm/1bde0286_18812.txt
18812	18813	hsm/3c65ffb0_18813.txt
18813	18814	hsm/633fd519_18814.txt
18814	18815	hsm/ab496075_18815.txt
18815	18816	hsm/d786325a_18816.txt
18816	18817	hsm/d7fbf781_18817.txt
18817	18818	hsm/fbe3e4f9_18818.txt
18818	18819	hsm/7c89144d_18819.txt
18819	18820	hsm/b7bee7f1_18820.txt
18820	18821	hsm/6a70b59d_18821.txt
18821	18822	hsm/bd5df4a7_18822.txt
18822	18823	hsm/39169f64_18823.txt
18823	18824	hsm/8adc20aa_18824.txt
18824	18825	hsm/9818511b_18825.txt
18825	18826	hsm/28fc9a56_18826.txt
18826	18827	hsm/3af72790_18827.txt
18827	18828	hsm/7378e1f1_18828.txt
18828	18829	hsm/ce69d78e_18829.txt
18829	18830	hsm/0846d354_18830.txt
18830	18831	hsm/87d84eb3_18831.txt
18831	18832	hsm/f67cad36_18832.txt
18832	18833	hsm/71c3f3ff_18833.txt
18833	18834	hsm/6b1c1246_18834.txt
18834	18835	hsm/d570c19d_18835.txt
18835	18836	hsm/f61bb679_18836.txt
18836	18837	hsm/6aefa6c1_18837.txt
18837	18838	hsm/dd42794c_18838.txt
18838	18839	hsm/b4963042_18839.txt
18839	18840	hsm/0ade93b6_18840.txt
18840	18841	hsm/4ec43ac0_18841.txt
18841	18842	hsm/4d2821e9_18842.txt
18842	18843	hsm/d536dfd9_18843.txt
18843	18844	hsm/d2930163_18844.txt
18844	18845	hsm/681b04e9_18845.txt
18845	18846	hsm/e832b338_18846.txt
18846	18847	hsm/2bcd7aca_18847.txt
18847	18848	hsm/8446d012_18848.txt
18848	18849	hsm/7fcac5c3_18849.txt
18849	18850	hsm/b7cb500b_18850.txt
18850	18851	hsm/33af16bc_18851.txt
18851	18852	hsm/458cc971_18852.txt
18852	18853	hsm/62ef48b6_18853.txt
18853	18854	hsm/7054a13e_18854.txt
18854	18855	hsm/6a94fcb9_18855.txt
18855	18856	hsm/75c292a2_18856.txt
18856	18857	hsm/7f21c6c7_18857.txt
18857	18858	hsm/66c55f74_18858.txt
18858	18859	hsm/b198bbe0_18859.txt
18859	18860	hsm/2ecf6074_18860.txt
18860	18861	hsm/f467bf40_18861.txt
18861	18862	hsm/9de2d2ce_18862.txt
18862	18863	hsm/0d2d2d5f_18863.txt
18863	18864	hsm/dbe08c64_18864.txt
18864	18865	hsm/51dd3229_18865.txt
18865	18866	hsm/9da693dc_18866.txt
18866	18867	hsm/830b379f_18867.txt
18867	18868	hsm/3ca872ab_18868.txt
18868	18869	hsm/b925be20_18869.txt
18869	18870	hsm/3648d673_18870.txt
18870	18871	hsm/4dd5a0e4_18871.txt
18871	18872	hsm/12a7d1e1_18872.txt
18872	18873	hsm/fe8ab58e_18873.txt
18873	18874	hsm/e5529470_18874.txt
18874	18875	hsm/e702b65f_18875.txt
18875	18876	hsm/ebbbbdcc_18876.txt
18876	18877	hsm/e7511d74_18877.txt
18877	18878	hsm/9c6784e9_18878.txt
18878	18879	hsm/ea8d83be_18879.txt
18879	18880	hsm/96ac022b_18880.txt
18880	18881	hsm/4e05947a_18881.txt
18881	18882	hsm/127050d7_18882.txt
18882	18883	hsm/0bbc5280_18883.txt
18883	18884	hsm/1c566b63_18884.txt
18884	18885	hsm/98de47b2_18885.txt
18885	18886	hsm/2b3216ed_18886.txt
18886	18887	hsm/a9346840_18887.txt
18887	18888	hsm/bf0d8a25_18888.txt
18888	18889	hsm/bc7e51fb_18889.txt
18889	18890	hsm/cf780da2_18890.txt
18890	18891	hsm/340bb19e_18891.txt
18891	18892	hsm/1b9b0049_18892.txt
18892	18893	hsm/90fc49fd_18893.txt
18893	18894	hsm/e9954cf9_18894.txt
18894	18895	hsm/cc463b54_18895.txt
18895	18896	hsm/2140d9ac_18896.txt
18896	18897	hsm/68882026_18897.txt
18897	18898	hsm/95b22ac4_18898.txt
18898	18899	hsm/f385e235_18899.txt
18899	18900	hsm/68a49c65_18900.txt
18900	18901	hsm/982755ad_18901.txt
18901	18902	hsm/65e2a073_18902.txt
18902	18903	hsm/6dca0310_18903.txt
18903	18904	hsm/cc2b4720_18904.txt
18904	18905	hsm/91859143_18905.txt
18905	18906	hsm/e811f062_18906.txt
18906	18907	hsm/04cb4f5b_18907.txt
18907	18908	hsm/de1870d4_18908.txt
18908	18909	hsm/b504a41e_18909.txt
18909	18910	hsm/8b8b4b9f_18910.txt
18910	18911	hsm/0ec205f7_18911.txt
18911	18912	hsm/3c71f3e2_18912.txt
18912	18913	hsm/e63c789e_18913.txt
18913	18914	hsm/90f53a08_18914.txt
18914	18915	hsm/b957dfd9_18915.txt
18915	18916	hsm/d73497b0_18916.txt
18916	18917	hsm/9ed3a005_18917.txt
18917	18918	hsm/844e9ad6_18918.txt
18918	18919	hsm/8b70e37b_18919.txt
18919	18920	hsm/c84ef81a_18920.txt
18920	18921	hsm/ac57e6a7_18921.txt
18921	18922	hsm/e0205425_18922.txt
18922	18923	hsm/53639fe0_18923.txt
18923	18924	hsm/e2281518_18924.txt
18924	18925	hsm/adb57099_18925.txt
18925	18926	hsm/d6b4ddf8_18926.txt
18926	18927	hsm/d6b4ddf8_18927.txt
18927	18928	hsm/3c3d9c5f_18928.txt
18928	18929	hsm/bcb2f57f_18929.txt
18929	18930	hsm/bf45f491_18930.txt
18930	18931	hsm/f06898bf_18931.txt
18931	18932	hsm/71120c14_18932.txt
18932	18933	hsm/58bdb580_18933.txt
18933	18934	hsm/58bdb580_18934.txt
18934	18935	hsm/791cbbd4_18935.txt
18935	18936	hsm/db9f94bc_18936.txt
18936	18937	hsm/c5ba339f_18937.txt
18937	18938	hsm/f9fe0fb4_18938.txt
18938	18939	hsm/f9fe0fb4_18939.txt
18939	18940	hsm/87fef291_18940.txt
18940	18941	hsm/87fef291_18941.txt
18941	18942	hsm/e7842498_18942.txt
18942	18943	hsm/e0e64552_18943.txt
18943	18944	hsm/7587edfa_18944.txt
18944	18945	hsm/d5b33046_18945.txt
18945	18946	hsm/d6be666d_18946.txt
18946	18947	hsm/07d89755_18947.txt
18947	18948	hsm/46ee9b07_18948.txt
18948	18949	hsm/621083c0_18949.txt
18949	18950	hsm/c59a4f52_18950.txt
18950	18951	hsm/536ab39e_18951.txt
18951	18952	hsm/447590a5_18952.txt
18952	18953	hsm/14795b73_18953.txt
18953	18954	hsm/edbd896b_18954.txt
18954	18955	hsm/4b74109d_18955.txt
18955	18956	hsm/4a0b3e82_18956.txt
18956	18957	hsm/36cd4688_18957.txt
18957	18958	hsm/0f492aad_18958.txt
18958	18959	hsm/140612a0_18959.txt
18959	18960	hsm/724a7c10_18960.txt
18960	18961	hsm/6884a945_18961.txt
18961	18962	hsm/329d09fb_18962.txt
18962	18963	hsm/8d954cdd_18963.txt
18963	18964	hsm/9319ac38_18964.txt
18964	18965	hsm/72bf5873_18965.txt
18965	18966	hsm/9d39bf88_18966.txt
18966	18967	hsm/f523990c_18967.txt
18967	18968	hsm/9b3d37c6_18968.txt
18968	18969	hsm/4831a183_18969.txt
18969	18970	hsm/cebd4c41_18970.txt
18970	18971	hsm/d8610eed_18971.txt
18971	18972	hsm/ce6f089e_18972.txt
18972	18973	hsm/c290e947_18973.txt
18973	18974	hsm/b2d6b49c_18974.txt
18974	18975	hsm/bdae646b_18975.txt
18975	18976	hsm/cb688cc9_18976.txt
18976	18977	hsm/66de8b5b_18977.txt
18977	18978	hsm/62998816_18978.txt
18978	18979	hsm/c66af333_18979.txt
18979	18980	hsm/600be504_18980.txt
18980	18981	hsm/0dd6366b_18981.txt
18981	18982	hsm/1b2fe700_18982.txt
18982	18983	hsm/5e4666dc_18983.txt
18983	18984	hsm/a5160612_18984.txt
18984	18985	hsm/a8fffe37_18985.txt
18985	18986	hsm/7a290b31_18986.txt
18986	18987	hsm/02450bd9_18987.txt
18987	18988	hsm/3ba7e73b_18988.txt
18988	18989	hsm/62ffaee4_18989.txt
18989	18990	hsm/8a0e90de_18990.txt
18990	18991	hsm/52807fd3_18991.txt
18991	18992	hsm/f81b561e_18992.txt
18992	18993	hsm/31fdb0a8_18993.txt
18993	18994	hsm/e08ac157_18994.txt
18994	18995	hsm/97275f14_18995.txt
18995	18996	hsm/f0e49a9e_18996.txt
18996	18997	hsm/b4c899cb_18997.txt
18997	18998	hsm/d32dcf34_18998.txt
18998	18999	hsm/93d0ee54_18999.txt
18999	19000	hsm/b4552ae4_19000.txt
19000	19001	hsm/150f7406_19001.txt
19001	19002	hsm/63633bee_19002.txt
19002	19003	hsm/cef7f3c1_19003.txt
19003	19004	hsm/3bf9e96c_19004.txt
19004	19005	hsm/19102e8a_19005.txt
19005	19006	hsm/00746f21_19006.txt
19006	19007	hsm/b64171df_19007.txt
19007	19008	hsm/e1839bf6_19008.txt
19008	19009	hsm/43d992d5_19009.txt
19009	19010	hsm/6b804806_19010.txt
19010	19011	hsm/ac8c06f4_19011.txt
19011	19012	hsm/7feee72a_19012.txt
19012	19013	hsm/c0bc92e3_19013.txt
19013	19014	hsm/5a379d34_19014.txt
19014	19015	hsm/0cfa231f_19015.txt
19015	19016	hsm/af4e23de_19016.txt
19016	19017	hsm/7081c249_19017.txt
19017	19018	hsm/e3d86149_19018.txt
19018	19019	hsm/2a48537c_19019.txt
19019	19020	hsm/f309c4a5_19020.txt
19020	19021	hsm/0f3c0d2c_19021.txt
19021	19022	hsm/eddc8acd_19022.txt
19022	19023	hsm/7df894b7_19023.txt
19023	19024	hsm/bb079c65_19024.txt
19024	19025	hsm/b5469b82_19025.txt
19025	19026	hsm/b4de214f_19026.txt
19026	19027	hsm/fba4470b_19027.txt
19027	19028	hsm/2c3d738c_19028.txt
19028	19029	hsm/447a355b_19029.txt
19029	19030	hsm/8c8c7ff8_19030.txt
19030	19031	hsm/0c1877b4_19031.txt
19031	19032	hsm/e701a958_19032.txt
19032	19033	hsm/d53539c2_19033.txt
19033	19034	hsm/31a7705a_19034.txt
19034	19035	hsm/b7c6fa06_19035.txt
19035	19036	hsm/f68172c1_19036.txt
19036	19037	hsm/63c2f3c7_19037.txt
19037	19038	hsm/61801604_19038.txt
19038	19039	hsm/0045d95d_19039.txt
19039	19040	hsm/980d85aa_19040.txt
19040	19041	hsm/3ff54824_19041.txt
19041	19042	hsm/36aa119f_19042.txt
19042	19043	hsm/9f6d208e_19043.txt
19043	19044	hsm/0bcae453_19044.txt
19044	19045	hsm/5c42fce0_19045.txt
19045	19046	hsm/25f240a5_19046.txt
19046	19047	hsm/89166424_19047.txt
19047	19048	hsm/41796f8c_19048.txt
19048	19049	hsm/32b9f34f_19049.txt
19049	19050	hsm/ca90f9d3_19050.txt
19050	19051	hsm/da23cf57_19051.txt
19051	19052	hsm/8a43b4ab_19052.txt
19052	19053	hsm/e8e38e59_19053.txt
19053	19054	hsm/b22c0cf2_19054.txt
19054	19055	hsm/9740dcb8_19055.txt
19055	19056	hsm/8101da96_19056.txt
19056	19057	hsm/d01b528e_19057.txt
19057	19058	hsm/af197eac_19058.txt
19058	19059	hsm/2c9025c5_19059.txt
19059	19060	hsm/2257517f_19060.txt
19060	19061	hsm/e021e798_19061.txt
19061	19062	hsm/24b1d431_19062.txt
19062	19063	hsm/a567b5a0_19063.txt
19063	19064	hsm/400e1e40_19064.txt
19064	19065	hsm/01ede978_19065.txt
19065	19066	hsm/e77b00e6_19066.txt
19066	19067	hsm/2533d3ec_19067.txt
19067	19068	hsm/2c6bd060_19068.txt
19068	19069	hsm/887cdf7c_19069.txt
19069	19070	hsm/6d6ec77f_19070.txt
19070	19071	hsm/ff3bcd7e_19071.txt
19071	19072	hsm/601014a4_19072.txt
19072	19073	hsm/70ad30f9_19073.txt
19073	19074	hsm/c79cc26f_19074.txt
19074	19075	hsm/b860e35b_19075.txt
19075	19076	hsm/27d4335e_19076.txt
19076	19077	hsm/bd47ecf3_19077.txt
19077	19078	hsm/9b6eec47_19078.txt
19078	19079	hsm/ef83e992_19079.txt
19079	19080	hsm/0fbca853_19080.txt
19080	19081	hsm/e3eaee2b_19081.txt
19081	19082	hsm/0007a5bd_19082.txt
19082	19083	hsm/123f9422_19083.txt
19083	19084	hsm/f39fe8ce_19084.txt
19084	19085	hsm/84ee8442_19085.txt
19085	19086	hsm/913fca67_19086.txt
19086	19087	hsm/d241bbd8_19087.txt
19087	19088	hsm/ebd578bc_19088.txt
19088	19089	hsm/39476a89_19089.txt
19089	19090	hsm/57f9599f_19090.txt
19090	19091	hsm/4e44b37a_19091.txt
19091	19092	hsm/b113c6bf_19092.txt
19092	19093	hsm/1702db05_19093.txt
19093	19094	hsm/07b9bf5a_19094.txt
19094	19095	hsm/deb0e052_19095.txt
19095	19096	hsm/9c7657a4_19096.txt
19096	19097	hsm/6281adc8_19097.txt
19097	19098	hsm/dc06ebfe_19098.txt
19098	19099	hsm/36d8f814_19099.txt
19099	19100	hsm/eb27a4df_19100.txt
19100	19101	hsm/def522ee_19101.txt
19101	19102	hsm/f61c1813_19102.txt
19102	19103	hsm/5ac38abd_19103.txt
19103	19104	hsm/d4ce06b9_19104.txt
19104	19105	hsm/bb677c4f_19105.txt
19105	19106	hsm/55b5f8e7_19106.txt
19106	19107	hsm/3851d152_19107.txt
19107	19108	hsm/67939e76_19108.txt
19108	19109	hsm/346a3f62_19109.txt
19109	19110	hsm/d738b47f_19110.txt
19110	19111	hsm/8cd7ea21_19111.txt
19111	19112	hsm/eb2b29fc_19112.txt
19112	19113	hsm/fd98ce55_19113.txt
19113	19114	hsm/5557cf39_19114.txt
19114	19115	hsm/a07a42da_19115.txt
19115	19116	hsm/eb2b29fc_19116.txt
19116	19117	hsm/5c72a688_19117.txt
19117	19118	hsm/ae57a808_19118.txt
19118	19119	hsm/c07f9f37_19119.txt
19119	19120	hsm/bd77e87b_19120.txt
19120	19121	hsm/26494bfe_19121.txt
19121	19122	hsm/eb2b29fc_19122.txt
19122	19123	hsm/1b158843_19123.txt
19123	19124	hsm/88b305de_19124.txt
19124	19125	hsm/b93bfb9c_19125.txt
19125	19126	hsm/eb2b29fc_19126.txt
19126	19127	hsm/92589aff_19127.txt
19127	19128	hsm/1546c094_19128.txt
19128	19129	hsm/d8e41b19_19129.txt
19129	19130	hsm/c89c0a36_19130.txt
19130	19131	hsm/6f708b1a_19131.txt
19131	19132	hsm/6d3551f3_19132.txt
19132	19133	hsm/f254fc1f_19133.txt
19133	19134	hsm/ef7c1e59_19134.txt
19134	19135	hsm/94e077a9_19135.txt
19135	19136	hsm/d8c3b917_19136.txt
19136	19137	hsm/31e27232_19137.txt
19137	19138	hsm/ae235253_19138.txt
19138	19139	hsm/4840370e_19139.txt
19139	19140	hsm/a364736a_19140.txt
19140	19141	hsm/31017e9d_19141.txt
19141	19142	hsm/de4d13d8_19142.txt
19142	19143	hsm/2939643d_19143.txt
19143	19144	hsm/34294024_19144.txt
19144	19145	hsm/8ea22d2a_19145.txt
19145	19146	hsm/c52c1f13_19146.txt
19146	19147	hsm/8d99c986_19147.txt
19147	19148	hsm/2743988a_19148.txt
19148	19149	hsm/e0d40296_19149.txt
19149	19150	hsm/2852c07b_19150.txt
19150	19151	hsm/0e5f186e_19151.txt
19151	19152	hsm/7c32684e_19152.txt
19152	19153	hsm/f24caebc_19153.txt
19153	19154	hsm/61e222ab_19154.txt
19154	19155	hsm/c2f97217_19155.txt
19155	19156	hsm/1db666ca_19156.txt
19156	19157	hsm/e9c1e598_19157.txt
19157	19158	hsm/68b40847_19158.txt
19158	19159	hsm/fb62d2df_19159.txt
19159	19160	hsm/1fad4bd0_19160.txt
19160	19161	hsm/890cf458_19161.txt
19161	19162	hsm/b25146f4_19162.txt
19162	19163	hsm/96c2a327_19163.txt
19163	19164	hsm/56f43b5c_19164.txt
19164	19165	hsm/04205e12_19165.txt
19165	19166	hsm/26092e2a_19166.txt
19166	19167	hsm/cecaf5b2_19167.txt
19167	19168	hsm/a9391298_19168.txt
19168	19169	hsm/7cede7bf_19169.txt
19169	19170	hsm/dbcf101a_19170.txt
19170	19171	hsm/6b0059d7_19171.txt
19171	19172	hsm/843a39a4_19172.txt
19172	19173	hsm/3aa26036_19173.txt
19173	19174	hsm/5bd5cfa0_19174.txt
19174	19175	hsm/d2128cfe_19175.txt
19175	19176	hsm/7b8aa61e_19176.txt
19176	19177	hsm/415bae8a_19177.txt
19177	19178	hsm/2436cb6c_19178.txt
19178	19179	hsm/e1c61d70_19179.txt
19179	19180	hsm/7dd40bbf_19180.txt
19180	19181	hsm/bd9385f7_19181.txt
19181	19182	hsm/5f05bac9_19182.txt
19182	19183	hsm/42b64441_19183.txt
19183	19184	hsm/f5f22c19_19184.txt
19184	19185	hsm/72612274_19185.txt
19185	19186	hsm/40e86670_19186.txt
19186	19187	hsm/9123c84f_19187.txt
19187	19188	hsm/f1472656_19188.txt
19188	19189	hsm/d29fbaa6_19189.txt
19189	19190	hsm/9cca7210_19190.txt
19190	19191	hsm/79ef2d60_19191.txt
19191	19192	hsm/3df09fe6_19192.txt
19192	19193	hsm/d2ef7786_19193.txt
19193	19194	hsm/311441bf_19194.txt
19194	19195	hsm/4ea77f39_19195.txt
19195	19196	hsm/a32bedbc_19196.txt
19196	19197	hsm/c90741d5_19197.txt
19197	19198	hsm/2daddb2f_19198.txt
19198	19199	hsm/7d475335_19199.txt
19199	19200	hsm/9f614e47_19200.txt
19200	19201	hsm/d0e7a836_19201.txt
19201	19202	hsm/30b4f9c2_19202.txt
19202	19203	hsm/17f4aaf6_19203.txt
19203	19204	hsm/1557a57e_19204.txt
19204	19205	hsm/eb21a1fd_19205.txt
19205	19206	hsm/926d901b_19206.txt
19206	19207	hsm/a4e26d47_19207.txt
19207	19208	hsm/3e40118e_19208.txt
19208	19209	hsm/a4c9a14c_19209.txt
19209	19210	hsm/2c0d32a7_19210.txt
19210	19211	hsm/b6a72e63_19211.txt
19211	19212	hsm/5ea5c930_19212.txt
19212	19213	hsm/faf6ba68_19213.txt
19213	19214	hsm/27e0cfc2_19214.txt
19214	19215	hsm/38db8f1e_19215.txt
19215	19216	hsm/d464d02a_19216.txt
19216	19217	hsm/1f6810df_19217.txt
19217	19218	hsm/2eae9490_19218.txt
19218	19219	hsm/3e4df88a_19219.txt
19219	19220	hsm/f771ca30_19220.txt
19220	19221	hsm/32649603_19221.txt
19221	19222	hsm/647edcbc_19222.txt
19222	19223	hsm/92714c7f_19223.txt
19223	19224	hsm/7a29dccf_19224.txt
19224	19225	hsm/25a07301_19225.txt
19225	19226	hsm/b8103070_19226.txt
19226	19227	hsm/8fec2a37_19227.txt
19227	19228	hsm/6fb0689e_19228.txt
19228	19229	hsm/b92de7be_19229.txt
19229	19230	hsm/b15711a2_19230.txt
19230	19231	hsm/3c615421_19231.txt
19231	19232	hsm/61958689_19232.txt
19232	19233	hsm/f87e852e_19233.txt
19233	19234	hsm/8f889b86_19234.txt
19234	19235	hsm/acbd7d9a_19235.txt
19235	19236	hsm/d361484b_19236.txt
19236	19237	hsm/ab5a2d50_19237.txt
19237	19238	hsm/ec330b38_19238.txt
19238	19239	hsm/ae6dd21f_19239.txt
19239	19240	hsm/f76d01ce_19240.txt
19240	19241	hsm/56d7e626_19241.txt
19241	19242	hsm/badef172_19242.txt
19242	19243	hsm/ef00f8ba_19243.txt
19243	19244	hsm/54b35d2a_19244.txt
19244	19245	hsm/76571a13_19245.txt
19245	19246	hsm/76554be7_19246.txt
19246	19247	hsm/0afa3224_19247.txt
19247	19248	hsm/55e59303_19248.txt
19248	19249	hsm/dd0ad1b4_19249.txt
19249	19250	hsm/79d3dcd7_19250.txt
19250	19251	hsm/ec9eb536_19251.txt
19251	19252	hsm/a2afe2ba_19252.txt
19252	19253	hsm/4542593b_19253.txt
19253	19254	hsm/a6faf2fd_19254.txt
19254	19255	hsm/7fb43f0a_19255.txt
19255	19256	hsm/1183eb70_19256.txt
19256	19257	hsm/b849b962_19257.txt
19257	19258	hsm/c09d9436_19258.txt
19258	19259	hsm/75193b12_19259.txt
19259	19260	hsm/80418091_19260.txt
19260	19261	hsm/e37d8662_19261.txt
19261	19262	hsm/7874b852_19262.txt
19262	19263	hsm/257a1a4b_19263.txt
19263	19264	hsm/539107f3_19264.txt
19264	19265	hsm/aaa6fe6f_19265.txt
19265	19266	hsm/19544bb1_19266.txt
19266	19267	hsm/5644faae_19267.txt
19267	19268	hsm/63e38bac_19268.txt
19268	19269	hsm/2767c5d1_19269.txt
19269	19270	hsm/9bdf8d1c_19270.txt
19270	19271	hsm/bf2529ed_19271.txt
19271	19272	hsm/e6beb096_19272.txt
19272	19273	hsm/a01c880e_19273.txt
19273	19274	hsm/d02ab05b_19274.txt
19274	19275	hsm/f94d014c_19275.txt
19275	19276	hsm/0f96a821_19276.txt
19276	19277	hsm/4da28d05_19277.txt
19277	19278	hsm/8a917dad_19278.txt
19278	19279	hsm/9e6bfdc5_19279.txt
19279	19280	hsm/091f2629_19280.txt
19280	19281	hsm/e4b20970_19281.txt
19281	19282	hsm/bfe09e29_19282.txt
19282	19283	hsm/8b69b996_19283.txt
19283	19284	hsm/cc137933_19284.txt
19284	19285	hsm/fc5381f5_19285.txt
19285	19286	hsm/d5d5e441_19286.txt
19286	19287	hsm/7508448b_19287.txt
19287	19288	hsm/44a3d481_19288.txt
19288	19289	hsm/10920853_19289.txt
19289	19290	hsm/36fdd9f8_19290.txt
19290	19291	hsm/181330cf_19291.txt
19291	19292	hsm/a31bc01f_19292.txt
19292	19293	hsm/69439f56_19293.txt
19293	19294	hsm/b0f0ad3b_19294.txt
19294	19295	hsm/29e1754b_19295.txt
19295	19296	hsm/1a06106b_19296.txt
19296	19297	hsm/11108389_19297.txt
19297	19298	hsm/cc4871ef_19298.txt
19298	19299	hsm/f16d4c84_19299.txt
19299	19300	hsm/0a0bed24_19300.txt
19300	19301	hsm/e15e7d29_19301.txt
19301	19302	hsm/1721d646_19302.txt
19302	19303	hsm/6bf901f5_19303.txt
19303	19304	hsm/935465ae_19304.txt
19304	19305	hsm/f1ab9fd3_19305.txt
19305	19306	hsm/646fff3f_19306.txt
19306	19307	hsm/1152b3d6_19307.txt
19307	19308	hsm/cb11a537_19308.txt
19308	19309	hsm/c9a8fe73_19309.txt
19309	19310	hsm/ec901035_19310.txt
19310	19311	hsm/4d6bc7c0_19311.txt
19311	19312	hsm/f5e961a6_19312.txt
19312	19313	hsm/c3afd453_19313.txt
19313	19314	hsm/37586d10_19314.txt
19314	19315	hsm/7ff52d42_19315.txt
19315	19316	hsm/cc357d6a_19316.txt
19316	19317	hsm/82f43fd8_19317.txt
19317	19318	hsm/b959800b_19318.txt
19318	19319	hsm/34020cda_19319.txt
19319	19320	hsm/dfb3987c_19320.txt
19320	19321	hsm/fafb90d8_19321.txt
19321	19322	hsm/e40b7c20_19322.txt
19322	19323	hsm/489f2e35_19323.txt
19323	19324	hsm/b547f3f0_19324.txt
19324	19325	hsm/bffebcab_19325.txt
19325	19326	hsm/a5db6102_19326.txt
19326	19327	hsm/74e8fffc_19327.txt
19327	19328	hsm/f3a8302e_19328.txt
19328	19329	hsm/4e9da70b_19329.txt
19329	19330	hsm/b6f8d5e9_19330.txt
19330	19331	hsm/37f26ed6_19331.txt
19331	19332	hsm/c1045dd5_19332.txt
19332	19333	hsm/a200c1f5_19333.txt
19333	19334	hsm/ddb89843_19334.txt
19334	19335	hsm/8a246c8d_19335.txt
19335	19336	hsm/0eb1031d_19336.txt
19336	19337	hsm/a76de8ea_19337.txt
19337	19338	hsm/244db2ff_19338.txt
19338	19339	hsm/50b94d9f_19339.txt
19339	19340	hsm/78aeb664_19340.txt
19340	19341	hsm/d62a103c_19341.txt
19341	19342	hsm/bd20ce49_19342.txt
19342	19343	hsm/ae15a657_19343.txt
19343	19344	hsm/f18707c4_19344.txt
19344	19345	hsm/8bb3768b_19345.txt
19345	19346	hsm/63c92d29_19346.txt
19346	19347	hsm/7e1b9611_19347.txt
19347	19348	hsm/795387e5_19348.txt
19348	19349	hsm/503b34f8_19349.txt
19349	19350	hsm/53c7016d_19350.txt
19350	19351	hsm/3b093755_19351.txt
19351	19352	hsm/b91d797b_19352.txt
19352	19353	hsm/a5ba6a55_19353.txt
19353	19354	hsm/6a482124_19354.txt
19354	19355	hsm/ed2d38e1_19355.txt
19355	19356	hsm/b10b60cb_19356.txt
19356	19357	hsm/bf051864_19357.txt
19357	19358	hsm/83c0c999_19358.txt
19358	19359	hsm/94044995_19359.txt
19359	19360	hsm/baedc2a3_19360.txt
19360	19361	hsm/01976215_19361.txt
19361	19362	hsm/a27dfc7f_19362.txt
19362	19363	hsm/244acc17_19363.txt
19363	19364	hsm/15a76e42_19364.txt
19364	19365	hsm/6470c95a_19365.txt
19365	19366	hsm/977dec85_19366.txt
19366	19367	hsm/2a628e79_19367.txt
19367	19368	hsm/159ff0a1_19368.txt
19368	19369	hsm/b5acfd30_19369.txt
19369	19370	hsm/6fee0891_19370.txt
19370	19371	hsm/e684d52a_19371.txt
19371	19372	hsm/9db4d807_19372.txt
19372	19373	hsm/3fcf3691_19373.txt
19373	19374	hsm/b6de0885_19374.txt
19374	19375	hsm/1b7aecde_19375.txt
19375	19376	hsm/d06bd91b_19376.txt
19376	19377	hsm/1bee9303_19377.txt
19377	19378	hsm/417b0f1b_19378.txt
19378	19379	hsm/13b7ff39_19379.txt
19379	19380	hsm/f7791d57_19380.txt
19380	19381	hsm/500cf45e_19381.txt
19381	19382	hsm/f94b1c3a_19382.txt
19382	19383	hsm/3018c1c7_19383.txt
19383	19384	hsm/2cf1db1d_19384.txt
19384	19385	hsm/e6241a5f_19385.txt
19385	19386	hsm/89a926c5_19386.txt
19386	19387	hsm/6576c428_19387.txt
19387	19388	hsm/5bcbdd5c_19388.txt
19388	19389	hsm/819a9951_19389.txt
19389	19390	hsm/7c79e70b_19390.txt
19390	19391	hsm/107fbdb6_19391.txt
19391	19392	hsm/b63c7028_19392.txt
19392	19393	hsm/9b8c8ae5_19393.txt
19393	19394	hsm/0c8566d1_19394.txt
19394	19395	hsm/d7f4cf7c_19395.txt
19395	19396	hsm/0ea4b508_19396.txt
19396	19397	hsm/488f667a_19397.txt
19397	19398	hsm/97caee5c_19398.txt
19398	19399	hsm/9384952f_19399.txt
19399	19400	hsm/de7d27f9_19400.txt
19400	19401	hsm/e6395aaa_19401.txt
19401	19402	hsm/35cdf599_19402.txt
19402	19403	hsm/431123c6_19403.txt
19403	19404	hsm/de650779_19404.txt
19404	19405	hsm/0e35495e_19405.txt
19405	19406	hsm/409752e7_19406.txt
19406	19407	hsm/302aa7b6_19407.txt
19407	19408	hsm/1cbe398b_19408.txt
19408	19409	hsm/d0786711_19409.txt
19409	19410	hsm/92330c7d_19410.txt
19410	19411	hsm/8cd44fd2_19411.txt
19411	19412	hsm/13ff9137_19412.txt
19412	19413	hsm/ed43c78a_19413.txt
19413	19414	hsm/67d63677_19414.txt
19414	19415	hsm/682606e4_19415.txt
19415	19416	hsm/95578120_19416.txt
19416	19417	hsm/b479fcf0_19417.txt
19417	19418	hsm/1d301aa5_19418.txt
19418	19419	hsm/f280707e_19419.txt
19419	19420	hsm/5939d66e_19420.txt
19420	19421	hsm/2e164eea_19421.txt
19421	19422	hsm/fbae23b0_19422.txt
19422	19423	hsm/9a0096a2_19423.txt
19423	19424	hsm/43ce2955_19424.txt
19424	19425	hsm/f03b700f_19425.txt
19425	19426	hsm/e684d52a_19426.txt
19426	19427	hsm/d0f544fd_19427.txt
19427	19428	hsm/345a9049_19428.txt
19428	19429	hsm/f3261d98_19429.txt
19429	19430	hsm/7d6070fd_19430.txt
19430	19431	hsm/c1732ac9_19431.txt
19431	19432	hsm/0c9d3091_19432.txt
19432	19433	hsm/5b1cf012_19433.txt
19433	19434	hsm/a8f26270_19434.txt
19434	19435	hsm/6d8bba48_19435.txt
19435	19436	hsm/50e57706_19436.txt
19436	19437	hsm/874abe71_19437.txt
19437	19438	hsm/13b86f3d_19438.txt
19438	19439	hsm/0a095536_19439.txt
19439	19440	hsm/895ac8af_19440.txt
19440	19441	hsm/3c7649dd_19441.txt
19441	19442	hsm/c48c4d74_19442.txt
19442	19443	hsm/744f0c69_19443.txt
19443	19444	hsm/cac2c6fa_19444.txt
19444	19445	hsm/8446a289_19445.txt
19445	19446	hsm/8308d8e1_19446.txt
19446	19447	hsm/6b553c04_19447.txt
19447	19448	hsm/3393f14f_19448.txt
19448	19449	hsm/35760b73_19449.txt
19449	19450	hsm/a6576f1e_19450.txt
19450	19451	hsm/f30709c1_19451.txt
19451	19452	hsm/a02aaf7f_19452.txt
19452	19453	hsm/56c5614b_19453.txt
19453	19454	hsm/2ff78a17_19454.txt
19454	19455	hsm/1ef4b396_19455.txt
19455	19456	hsm/014da65c_19456.txt
19456	19457	hsm/eeeb593f_19457.txt
19457	19458	hsm/716e34e4_19458.txt
19458	19459	hsm/9d47e1e9_19459.txt
19459	19460	hsm/10c1b79c_19460.txt
19460	19461	hsm/891d8406_19461.txt
19461	19462	hsm/a16c2a6b_19462.txt
19462	19463	hsm/187150c0_19463.txt
19463	19464	hsm/12ba990e_19464.txt
19464	19465	hsm/9993921c_19465.txt
19465	19466	hsm/fa7cfe90_19466.txt
19466	19467	hsm/bfc70ee9_19467.txt
19467	19468	hsm/13ffb571_19468.txt
19468	19469	hsm/18dc6ca2_19469.txt
19469	19470	hsm/c7f1ca0e_19470.txt
19470	19471	hsm/9ab81d0f_19471.txt
19471	19472	hsm/01df4fa0_19472.txt
19472	19473	hsm/176d51db_19473.txt
19473	19474	hsm/8422ce9c_19474.txt
19474	19475	hsm/2f02198d_19475.txt
19475	19476	hsm/618bbc1e_19476.txt
19476	19477	hsm/28817a8c_19477.txt
19477	19478	hsm/652f78f2_19478.txt
19478	19479	hsm/9e6aa913_19479.txt
19479	19480	hsm/256dc24d_19480.txt
19480	19481	hsm/3f59e41d_19481.txt
19481	19482	hsm/ef3992d6_19482.txt
19482	19483	hsm/48bc5de0_19483.txt
19483	19484	hsm/414b1f6c_19484.txt
19484	19485	hsm/3a529aa2_19485.txt
19485	19486	hsm/d1d31665_19486.txt
19486	19487	hsm/569df115_19487.txt
19487	19488	hsm/7612e43c_19488.txt
19488	19489	hsm/f9e43bd3_19489.txt
19489	19490	hsm/e63b0108_19490.txt
19490	19491	hsm/ab74a227_19491.txt
19491	19492	hsm/050b378e_19492.txt
19492	19493	hsm/4306168f_19493.txt
19493	19494	hsm/c29170f6_19494.txt
19494	19495	hsm/51e20c5c_19495.txt
19495	19496	hsm/16035c6a_19496.txt
19496	19497	hsm/9a832b0a_19497.txt
19497	19498	hsm/2544c351_19498.txt
19498	19499	hsm/91d99269_19499.txt
19499	19500	hsm/381df52f_19500.txt
19500	19501	hsm/ce268263_19501.txt
19501	19502	hsm/3b83d3e3_19502.txt
19502	19503	hsm/ebfe6362_19503.txt
19503	19504	hsm/5366d8bb_19504.txt
19504	19505	hsm/49e1dec4_19505.txt
19505	19506	hsm/6793611e_19506.txt
19506	19507	hsm/c3f6438e_19507.txt
19507	19508	hsm/fefa4224_19508.txt
19508	19509	hsm/fe9a7677_19509.txt
19509	19510	hsm/1609d1bb_19510.txt
19510	19511	hsm/06cd699c_19511.txt
19511	19512	hsm/393c8415_19512.txt
19512	19513	hsm/81bbc95c_19513.txt
19513	19514	hsm/357c7e21_19514.txt
19514	19515	hsm/7e9f7244_19515.txt
19515	19516	hsm/6c9eed12_19516.txt
19516	19517	hsm/f3944b37_19517.txt
19517	19518	hsm/da47e044_19518.txt
19518	19519	hsm/9557de5e_19519.txt
19519	19520	hsm/b0c46f94_19520.txt
19520	19521	hsm/09b01605_19521.txt
19521	19522	hsm/62e827d1_19522.txt
19522	19523	hsm/2108bbcb_19523.txt
19523	19524	hsm/af47bf5b_19524.txt
19524	19525	hsm/b980e546_19525.txt
19525	19526	hsm/1f815187_19526.txt
19526	19527	hsm/bac30bda_19527.txt
19527	19528	hsm/3c3e135c_19528.txt
19528	19529	hsm/0649e924_19529.txt
19529	19530	hsm/c00991be_19530.txt
19530	19531	hsm/188b15dc_19531.txt
19531	19532	hsm/25dfdba7_19532.txt
19532	19533	hsm/62b2e68e_19533.txt
19533	19534	hsm/130a4875_19534.txt
19534	19535	hsm/2b081efa_19535.txt
19535	19536	hsm/439b1d3a_19536.txt
19536	19537	hsm/9b753bbb_19537.txt
19537	19538	hsm/870ac279_19538.txt
19538	19539	hsm/eafb4028_19539.txt
19539	19540	hsm/49096866_19540.txt
19540	19541	hsm/fa9b37ea_19541.txt
19541	19542	hsm/a12383b6_19542.txt
19542	19543	hsm/c05dae16_19543.txt
19543	19544	hsm/d8fade0c_19544.txt
19544	19545	hsm/ba16927f_19545.txt
19545	19546	hsm/87346508_19546.txt
19546	19547	hsm/c3d18963_19547.txt
19547	19548	hsm/b49c8e93_19548.txt
19548	19549	hsm/c063d6c7_19549.txt
19549	19550	hsm/ad94b0ef_19550.txt
19550	19551	hsm/0924f463_19551.txt
19551	19552	hsm/94122dbc_19552.txt
19552	19553	hsm/eea5d2a2_19553.txt
19553	19554	hsm/d93d09c1_19554.txt
19554	19555	hsm/6f422876_19555.txt
19555	19556	hsm/8a3fc38c_19556.txt
19556	19557	hsm/6ecdcae1_19557.txt
19557	19558	hsm/687dc6bd_19558.txt
19558	19559	hsm/e978657c_19559.txt
19559	19560	hsm/50f89c78_19560.txt
19560	19561	hsm/5867b84c_19561.txt
19561	19562	hsm/b9f62210_19562.txt
19562	19563	hsm/96fad8a8_19563.txt
19563	19564	hsm/16714dd4_19564.txt
19564	19565	hsm/303fd202_19565.txt
19565	19566	hsm/6a0a939c_19566.txt
19566	19567	hsm/27b6bf83_19567.txt
19567	19568	hsm/9c69bce7_19568.txt
19568	19569	hsm/41e05fd6_19569.txt
19569	19570	hsm/b0886156_19570.txt
19570	19571	hsm/1c4e5375_19571.txt
19571	19572	hsm/9f9ba97b_19572.txt
19572	19573	hsm/b5aae8df_19573.txt
19573	19574	hsm/07aa79fe_19574.txt
19574	19575	hsm/4c016992_19575.txt
19575	19576	hsm/4b9f8b5f_19576.txt
19576	19577	hsm/8b1d38f1_19577.txt
19577	19578	hsm/54cf3c31_19578.txt
19578	19579	hsm/58171908_19579.txt
19579	19580	hsm/1eed1a04_19580.txt
19580	19581	hsm/40672a07_19581.txt
19581	19582	hsm/a0f27469_19582.txt
19582	19583	hsm/14cb1a2b_19583.txt
19583	19584	hsm/c57d3464_19584.txt
19584	19585	hsm/e32a9630_19585.txt
19585	19586	hsm/37e63a76_19586.txt
19586	19587	hsm/3656174b_19587.txt
19587	19588	hsm/19390c49_19588.txt
19588	19589	hsm/e8602281_19589.txt
19589	19590	hsm/b5b7e379_19590.txt
19590	19591	hsm/e8ba9e05_19591.txt
19591	19592	hsm/e0dd9043_19592.txt
19592	19593	hsm/45819522_19593.txt
19593	19594	hsm/c974715a_19594.txt
19594	19595	hsm/d9aea63b_19595.txt
19595	19596	hsm/618e8d11_19596.txt
19596	19597	hsm/562d5641_19597.txt
19597	19598	hsm/c18093a3_19598.txt
19598	19599	hsm/431a6b98_19599.txt
19599	19600	hsm/6b07c369_19600.txt
19600	19601	hsm/c41dedd1_19601.txt
19601	19602	hsm/0582b9ee_19602.txt
19602	19603	hsm/5ef3bb17_19603.txt
19603	19604	hsm/6588c47a_19604.txt
19604	19605	hsm/01db5e80_19605.txt
19605	19606	hsm/2a127a4e_19606.txt
19606	19607	hsm/e365e5bd_19607.txt
19607	19608	hsm/e2787734_19608.txt
19608	19609	hsm/eed012f6_19609.txt
19609	19610	hsm/196d1a5d_19610.txt
19610	19611	hsm/b309e327_19611.txt
19611	19612	hsm/8c933a56_19612.txt
19612	19613	hsm/034e8441_19613.txt
19613	19614	hsm/d41d90d3_19614.txt
19614	19615	hsm/b8e875bd_19615.txt
19615	19616	hsm/c7f96825_19616.txt
19616	19617	hsm/1964f369_19617.txt
19617	19618	hsm/419947e4_19618.txt
19618	19619	hsm/0871f71a_19619.txt
19619	19620	hsm/35f714a3_19620.txt
19620	19621	hsm/616d0f7b_19621.txt
19621	19622	hsm/c79733b1_19622.txt
19622	19623	hsm/3bf59c04_19623.txt
19623	19624	hsm/1a4706df_19624.txt
19624	19625	hsm/7dcad66c_19625.txt
19625	19626	hsm/7436d926_19626.txt
19626	19627	hsm/9a69eee5_19627.txt
19627	19628	hsm/d57f1a62_19628.txt
19628	19629	hsm/7bdf3d0a_19629.txt
19629	19630	hsm/b96e565e_19630.txt
19630	19631	hsm/0ac4a1b4_19631.txt
19631	19632	hsm/85a032ae_19632.txt
19632	19633	hsm/8905f162_19633.txt
19633	19634	hsm/be64df7d_19634.txt
19634	19635	hsm/a8a96cbd_19635.txt
19635	19636	hsm/6505d13e_19636.txt
19636	19637	hsm/c49d75e9_19637.txt
19637	19638	hsm/7d1aa4f1_19638.txt
19638	19639	hsm/a946ba7e_19639.txt
19639	19640	hsm/e53e948c_19640.txt
19640	19641	hsm/72202c48_19641.txt
19641	19642	hsm/e2c445b3_19642.txt
19642	19643	hsm/f5d57b23_19643.txt
19643	19644	hsm/0ce0aa52_19644.txt
19644	19645	hsm/349be775_19645.txt
19645	19646	hsm/02ae5f79_19646.txt
19646	19647	hsm/2243b9cf_19647.txt
19647	19648	hsm/73ed717c_19648.txt
19648	19649	hsm/117a53c2_19649.txt
19649	19650	hsm/74b01453_19650.txt
19650	19651	hsm/b6e43477_19651.txt
19651	19652	hsm/c216805a_19652.txt
19652	19653	hsm/ea412d99_19653.txt
19653	19654	hsm/4bb883a0_19654.txt
19654	19655	hsm/959670f1_19655.txt
19655	19656	hsm/bcfaa4de_19656.txt
19656	19657	hsm/09250cbe_19657.txt
19657	19658	hsm/7d7fc263_19658.txt
19658	19659	hsm/3209a332_19659.txt
19659	19660	hsm/905742c9_19660.txt
19660	19661	hsm/62f60a31_19661.txt
19661	19662	hsm/46bab93a_19662.txt
19662	19663	hsm/f0e832c1_19663.txt
19663	19664	hsm/df47b0dc_19664.txt
19664	19665	hsm/d3c27abd_19665.txt
19665	19666	hsm/c2ece5c8_19666.txt
19666	19667	hsm/b457b053_19667.txt
19667	19668	hsm/47dbd082_19668.txt
19668	19669	hsm/e09e15a9_19669.txt
19669	19670	hsm/a62cc143_19670.txt
19670	19671	hsm/c8ae8438_19671.txt
19671	19672	hsm/08c86e82_19672.txt
19672	19673	hsm/1ea0e17d_19673.txt
19673	19674	hsm/79d0b443_19674.txt
19674	19675	hsm/c0eeae8e_19675.txt
19675	19676	hsm/d822d1af_19676.txt
19676	19677	hsm/463bae6d_19677.txt
19677	19678	hsm/dead30a5_19678.txt
19678	19679	hsm/df075e08_19679.txt
19679	19680	hsm/2e0ec55e_19680.txt
19680	19681	hsm/5dc34733_19681.txt
19681	19682	hsm/26c607a6_19682.txt
19682	19683	hsm/29507c79_19683.txt
19683	19684	hsm/32bf0962_19684.txt
19684	19685	hsm/3155df2f_19685.txt
19685	19686	hsm/ff2df494_19686.txt
19686	19687	hsm/c3ead78d_19687.txt
19687	19688	hsm/70057a79_19688.txt
19688	19689	hsm/0626f678_19689.txt
19689	19690	hsm/0f7d1a78_19690.txt
19690	19691	hsm/3216c62a_19691.txt
19691	19692	hsm/19ce2626_19692.txt
19692	19693	hsm/c90a86f2_19693.txt
19693	19694	hsm/775df521_19694.txt
19694	19695	hsm/124a493e_19695.txt
19695	19696	hsm/9fb9a1a2_19696.txt
19696	19697	hsm/78c9d6a8_19697.txt
19697	19698	hsm/41caa2cb_19698.txt
19698	19699	hsm/0da05418_19699.txt
19699	19700	hsm/edc787a5_19700.txt
19700	19701	hsm/2ea11643_19701.txt
19701	19702	hsm/04b3d149_19702.txt
19702	19703	hsm/dd54c3a2_19703.txt
19703	19704	hsm/44b1f648_19704.txt
19704	19705	hsm/050f1df8_19705.txt
19705	19706	hsm/4421179e_19706.txt
19706	19707	hsm/e0584e04_19707.txt
19707	19708	hsm/812698f5_19708.txt
19708	19709	hsm/19a39dba_19709.txt
19709	19710	hsm/639bf09f_19710.txt
19710	19711	hsm/67dfb222_19711.txt
19711	19712	hsm/23a6fdc0_19712.txt
19712	19713	hsm/66584676_19713.txt
19713	19714	hsm/81cd9322_19714.txt
19714	19715	hsm/524c4470_19715.txt
19715	19716	hsm/095869ba_19716.txt
19716	19717	hsm/d0d6a171_19717.txt
19717	19718	hsm/6830184c_19718.txt
19718	19719	hsm/07a60a81_19719.txt
19719	19720	hsm/07b117ca_19720.txt
19720	19721	hsm/b699414b_19721.txt
19721	19722	hsm/50fb4651_19722.txt
19722	19723	hsm/85fc6e61_19723.txt
19723	19724	hsm/ad968442_19724.txt
19724	19725	hsm/db984562_19725.txt
19725	19726	hsm/ef6992ea_19726.txt
19726	19727	hsm/23b334ba_19727.txt
19727	19728	hsm/d31f4f1f_19728.txt
19728	19729	hsm/9c2890fb_19729.txt
19729	19730	hsm/97cb6f90_19730.txt
19730	19731	hsm/bb246b04_19731.txt
19731	19732	hsm/074d3307_19732.txt
19732	19733	hsm/1699fb4a_19733.txt
19733	19734	hsm/16856f25_19734.txt
19734	19735	hsm/4daac86a_19735.txt
19735	19736	hsm/6918b3db_19736.txt
19736	19737	hsm/43c6ba3d_19737.txt
19737	19738	hsm/5f27837f_19738.txt
19738	19739	hsm/f3e60f65_19739.txt
19739	19740	hsm/41c2e57a_19740.txt
19740	19741	hsm/2c1d00c9_19741.txt
19741	19742	hsm/6e3a445d_19742.txt
19742	19743	hsm/73589ccb_19743.txt
19743	19744	hsm/168651b3_19744.txt
19744	19745	hsm/e276e0a9_19745.txt
19745	19746	hsm/8782d19e_19746.txt
19746	19747	hsm/7464df5d_19747.txt
19747	19748	hsm/f8d0fb17_19748.txt
19748	19749	hsm/7248e3c2_19749.txt
19749	19750	hsm/4992b70d_19750.txt
19750	19751	hsm/49ffd5bb_19751.txt
19751	19752	hsm/b4f8996c_19752.txt
19752	19753	hsm/3181d1d7_19753.txt
19753	19754	hsm/56909e7a_19754.txt
19754	19755	hsm/b4e3f70f_19755.txt
19755	19756	hsm/936102cd_19756.txt
19756	19757	hsm/11cedc22_19757.txt
19757	19758	hsm/e996094a_19758.txt
19758	19759	hsm/518af24e_19759.txt
19759	19760	hsm/893f97dc_19760.txt
19760	19761	hsm/4b7b739d_19761.txt
19761	19762	hsm/5394c25b_19762.txt
19762	19763	hsm/79f8cb6f_19763.txt
19763	19764	hsm/34c772e0_19764.txt
19764	19765	hsm/bea58791_19765.txt
19765	19766	hsm/bc5de3d0_19766.txt
19766	19767	hsm/4b588da0_19767.txt
19767	19768	hsm/856a9272_19768.txt
19768	19769	hsm/db2a3b76_19769.txt
19769	19770	hsm/c00c3ce4_19770.txt
19770	19771	hsm/1d6ce8f6_19771.txt
19771	19772	hsm/da55fa74_19772.txt
19772	19773	hsm/29259c23_19773.txt
19773	19774	hsm/8e742e4f_19774.txt
19774	19775	hsm/cc699680_19775.txt
19775	19776	hsm/006b8398_19776.txt
19776	19777	hsm/4b71a0b7_19777.txt
19777	19778	hsm/fb6f4cfc_19778.txt
19778	19779	hsm/b29c7d75_19779.txt
19779	19780	hsm/b8d25bfa_19780.txt
19780	19781	hsm/266cceb1_19781.txt
19781	19782	hsm/8fe807c3_19782.txt
19782	19783	hsm/41a09e81_19783.txt
19783	19784	hsm/7accb0ac_19784.txt
19784	19785	hsm/0d85c918_19785.txt
19785	19786	hsm/0f8c3d4d_19786.txt
19786	19787	hsm/adc81aea_19787.txt
19787	19788	hsm/03698e7c_19788.txt
19788	19789	hsm/5b52e952_19789.txt
19789	19790	hsm/f49d45a8_19790.txt
19790	19791	hsm/9f921add_19791.txt
19791	19792	hsm/8976a385_19792.txt
19792	19793	hsm/8a9a875c_19793.txt
19793	19794	hsm/7eec5993_19794.txt
19794	19795	hsm/c038226a_19795.txt
19795	19796	hsm/5f06f50a_19796.txt
19796	19797	hsm/6869d52f_19797.txt
19797	19798	hsm/2c3f3cb5_19798.txt
19798	19799	hsm/75c59420_19799.txt
19799	19800	hsm/fd9fc0f8_19800.txt
19800	19801	hsm/71af7827_19801.txt
19801	19802	hsm/9a842984_19802.txt
19802	19803	hsm/ede52445_19803.txt
19803	19804	hsm/da0b761c_19804.txt
19804	19805	hsm/eb2266d1_19805.txt
19805	19806	hsm/bfcdf69f_19806.txt
19806	19807	hsm/5d978340_19807.txt
19807	19808	hsm/806236ad_19808.txt
19808	19809	hsm/3de91136_19809.txt
19809	19810	hsm/e9bfb648_19810.txt
19810	19811	hsm/842ecd51_19811.txt
19811	19812	hsm/8d1d6c27_19812.txt
19812	19813	hsm/86cdaaed_19813.txt
19813	19814	hsm/c85525e2_19814.txt
19814	19815	hsm/b580a078_19815.txt
19815	19816	hsm/6c3cb768_19816.txt
19816	19817	hsm/d5eadb11_19817.txt
19817	19818	hsm/7f23ca47_19818.txt
19818	19819	hsm/16a7daaa_19819.txt
19819	19820	hsm/bd4189cf_19820.txt
19820	19821	hsm/d74b86ed_19821.txt
19821	19822	hsm/adafc3a5_19822.txt
19822	19823	hsm/1d491e91_19823.txt
19823	19824	hsm/2912a20a_19824.txt
19824	19825	hsm/fe3289c1_19825.txt
19825	19826	hsm/bc96501a_19826.txt
19826	19827	hsm/0c92f4eb_19827.txt
19827	19828	hsm/97b0ef32_19828.txt
19828	19829	hsm/1f1912e8_19829.txt
19829	19830	hsm/03ba4663_19830.txt
19830	19831	hsm/b2571493_19831.txt
19831	19832	hsm/2c7c6c98_19832.txt
19832	19833	hsm/f2710870_19833.txt
19833	19834	hsm/4896ec4c_19834.txt
19834	19835	hsm/1e120b3f_19835.txt
19835	19836	hsm/63b9f4ce_19836.txt
19836	19837	hsm/7feee163_19837.txt
19837	19838	hsm/f1de5871_19838.txt
19838	19839	hsm/576449ee_19839.txt
19839	19840	hsm/59c53166_19840.txt
19840	19841	hsm/1e5268ec_19841.txt
19841	19842	hsm/535afcbb_19842.txt
19842	19843	hsm/1e370158_19843.txt
19843	19844	hsm/2e5cde01_19844.txt
19844	19845	hsm/766279a4_19845.txt
19845	19846	hsm/98036a9d_19846.txt
19846	19847	hsm/538f913f_19847.txt
19847	19848	hsm/5a9e12fb_19848.txt
19848	19849	hsm/c7f35f04_19849.txt
19849	19850	hsm/83acf0ce_19850.txt
19850	19851	hsm/4d4f5e11_19851.txt
19851	19852	hsm/b67fccd9_19852.txt
19852	19853	hsm/e76acc49_19853.txt
19853	19854	hsm/21bb5c59_19854.txt
19854	19855	hsm/9d433111_19855.txt
19855	19856	hsm/54c02007_19856.txt
19856	19857	hsm/4adc0149_19857.txt
19857	19858	hsm/62612dcc_19858.txt
19858	19859	hsm/e04f2ec5_19859.txt
19859	19860	hsm/d4bcb825_19860.txt
19860	19861	hsm/e4ed3adb_19861.txt
19861	19862	hsm/820bcfca_19862.txt
19862	19863	hsm/a781edc4_19863.txt
19863	19864	hsm/0c12f2c1_19864.txt
19864	19865	hsm/9b398929_19865.txt
19865	19866	hsm/16ca7675_19866.txt
19866	19867	hsm/3ca2b6ff_19867.txt
19867	19868	hsm/c9814056_19868.txt
19868	19869	hsm/bccab0f9_19869.txt
19869	19870	hsm/55f5f1c0_19870.txt
19870	19871	hsm/80ea84a4_19871.txt
19871	19872	hsm/c3548e21_19872.txt
19872	19873	hsm/13a8ef86_19873.txt
19873	19874	hsm/df5defd4_19874.txt
19874	19875	hsm/7e69e19b_19875.txt
19875	19876	hsm/219a18ec_19876.txt
19876	19877	hsm/2182216f_19877.txt
19877	19878	hsm/077338c3_19878.txt
19878	19879	hsm/2d7ef2d2_19879.txt
19879	19880	hsm/b45e4815_19880.txt
19880	19881	hsm/ff162666_19881.txt
19881	19882	hsm/2f4f9776_19882.txt
19882	19883	hsm/a0b577e8_19883.txt
19883	19884	hsm/0804c2d5_19884.txt
19884	19885	hsm/82675c95_19885.txt
19885	19886	hsm/93cff481_19886.txt
19886	19887	hsm/20ecb00b_19887.txt
19887	19888	hsm/204a1b03_19888.txt
19888	19889	hsm/e7015b1b_19889.txt
19889	19890	hsm/3c68420a_19890.txt
19890	19891	hsm/4b629749_19891.txt
19891	19892	hsm/813f4aac_19892.txt
19892	19893	hsm/5a1d9284_19893.txt
19893	19894	hsm/19c20727_19894.txt
19894	19895	hsm/4f06264e_19895.txt
19895	19896	hsm/70b43e16_19896.txt
19896	19897	hsm/72152767_19897.txt
19897	19898	hsm/c452896d_19898.txt
19898	19899	hsm/ee1da254_19899.txt
19899	19900	hsm/03f338c6_19900.txt
19900	19901	hsm/cfb9a826_19901.txt
19901	19902	hsm/db406ee5_19902.txt
19902	19903	hsm/14b5c836_19903.txt
19903	19904	hsm/bf3f184f_19904.txt
19904	19905	hsm/197f2fcf_19905.txt
19905	19906	hsm/7edbb754_19906.txt
19906	19907	hsm/253f580a_19907.txt
19907	19908	hsm/49012fc8_19908.txt
19908	19909	hsm/b55f46c9_19909.txt
19909	19910	hsm/8653003e_19910.txt
19910	19911	hsm/ea287b5c_19911.txt
19911	19912	hsm/b6143c1b_19912.txt
19912	19913	hsm/e2ac77a0_19913.txt
19913	19914	hsm/c4fcf10a_19914.txt
19914	19915	hsm/96a6b894_19915.txt
19915	19916	hsm/8a5d6401_19916.txt
19916	19917	hsm/b0e3b1c6_19917.txt
19917	19918	hsm/abf7c18d_19918.txt
19918	19919	hsm/ff14cc56_19919.txt
19919	19920	hsm/16bb0928_19920.txt
19920	19921	hsm/060c38a9_19921.txt
19921	19922	hsm/c4d7b0ea_19922.txt
19922	19923	hsm/ba021e52_19923.txt
19923	19924	hsm/19c0039d_19924.txt
19924	19925	hsm/c9f18fa2_19925.txt
19925	19926	hsm/baafa46a_19926.txt
19926	19927	hsm/836a691a_19927.txt
19927	19928	hsm/6357c6a6_19928.txt
19928	19929	hsm/6dffde58_19929.txt
19929	19930	hsm/06644935_19930.txt
19930	19931	hsm/599ae58f_19931.txt
19931	19932	hsm/6f98e641_19932.txt
19932	19933	hsm/99dfa9a7_19933.txt
19933	19934	hsm/3a96850e_19934.txt
19934	19935	hsm/e6549c0c_19935.txt
19935	19936	hsm/b8dbc1aa_19936.txt
19936	19937	hsm/b2099a8f_19937.txt
19937	19938	hsm/cad49499_19938.txt
19938	19939	hsm/131a6d99_19939.txt
19939	19940	hsm/84fcd660_19940.txt
19940	19941	hsm/a27e0af5_19941.txt
19941	19942	hsm/40142c95_19942.txt
19942	19943	hsm/bc2588f4_19943.txt
19943	19944	hsm/5e0f7d56_19944.txt
19944	19945	hsm/256d45f9_19945.txt
19945	19946	hsm/3dbc058f_19946.txt
19946	19947	hsm/673d0a93_19947.txt
19947	19948	hsm/fd7f354f_19948.txt
19948	19949	hsm/397ecbc1_19949.txt
19949	19950	hsm/d44da20e_19950.txt
19950	19951	hsm/9360e7f3_19951.txt
19951	19952	hsm/083c516a_19952.txt
19952	19953	hsm/74b86593_19953.txt
19953	19954	hsm/8ad17db7_19954.txt
19954	19955	hsm/b7995568_19955.txt
19955	19956	hsm/500d21ff_19956.txt
19956	19957	hsm/d62bcd82_19957.txt
19957	19958	hsm/20c4fff1_19958.txt
19958	19959	hsm/5f1abf54_19959.txt
19959	19960	hsm/482d60a1_19960.txt
19960	19961	hsm/2c2a435f_19961.txt
19961	19962	hsm/ac36fc38_19962.txt
19962	19963	hsm/0dad123e_19963.txt
19963	19964	hsm/3bdacf48_19964.txt
19964	19965	hsm/2c32c779_19965.txt
19965	19966	hsm/625dd985_19966.txt
19966	19967	hsm/334f65bc_19967.txt
19967	19968	hsm/f5a33df9_19968.txt
19968	19969	hsm/95eee9ab_19969.txt
19969	19970	hsm/245a0f59_19970.txt
19970	19971	hsm/3e66b5c5_19971.txt
19971	19972	hsm/abbaea33_19972.txt
19972	19973	hsm/a5b86a8d_19973.txt
19973	19974	hsm/20b1a400_19974.txt
19974	19975	hsm/f75e13be_19975.txt
19975	19976	hsm/d3d774bf_19976.txt
19976	19977	hsm/994f511e_19977.txt
19977	19978	hsm/275e4607_19978.txt
19978	19979	hsm/b87ece51_19979.txt
19979	19980	hsm/72ca5f02_19980.txt
19980	19981	hsm/31fd23e0_19981.txt
19981	19982	hsm/50eff16c_19982.txt
19982	19983	hsm/ea660bae_19983.txt
19983	19984	hsm/cfc1f9f3_19984.txt
19984	19985	hsm/78671f8a_19985.txt
19985	19986	hsm/f7755636_19986.txt
19986	19987	hsm/4da383af_19987.txt
19987	19988	hsm/f3d5a41c_19988.txt
19988	19989	hsm/35b6d459_19989.txt
19989	19990	hsm/abbb8210_19990.txt
19990	19991	hsm/b7c65206_19991.txt
19991	19992	hsm/1cfd0aa7_19992.txt
19992	19993	hsm/f0f7dfce_19993.txt
19993	19994	hsm/ea15e881_19994.txt
19994	19995	hsm/74f50c01_19995.txt
19995	19996	hsm/2bdb520a_19996.txt
19996	19997	hsm/47959efd_19997.txt
19997	19998	hsm/da439231_19998.txt
19998	19999	hsm/51fa2397_19999.txt
19999	20000	hsm/1b69ba1f_20000.txt
20000	20001	hsm/5e80cfe2_20001.txt
20001	20002	hsm/6a572a6f_20002.txt
20002	20003	hsm/290b8ff7_20003.txt
20003	20004	hsm/b408c56a_20004.txt
20004	20005	hsm/5e8d7176_20005.txt
20005	20006	hsm/449fa14d_20006.txt
20006	20007	hsm/0369fd4d_20007.txt
20007	20008	hsm/dfbd2404_20008.txt
20008	20009	hsm/935c7726_20009.txt
20009	20010	hsm/8fe1daa6_20010.txt
20010	20011	hsm/bad34d76_20011.txt
20011	20012	hsm/99ec507d_20012.txt
20012	20013	hsm/ba72d91c_20013.txt
20013	20014	hsm/ca49d481_20014.txt
20014	20015	hsm/a0c0e02f_20015.txt
20015	20016	hsm/2cdf593c_20016.txt
20016	20017	hsm/2201c4df_20017.txt
20017	20018	hsm/5c78b252_20018.txt
20018	20019	hsm/434e28bb_20019.txt
20019	20020	hsm/5a863ddc_20020.txt
20020	20021	hsm/95a6e693_20021.txt
20021	20022	hsm/0a18d62f_20022.txt
20022	20023	hsm/8e7c7535_20023.txt
20023	20024	hsm/ca06dd67_20024.txt
20024	20025	hsm/3846904f_20025.txt
20025	20026	hsm/e01aeb46_20026.txt
20026	20027	hsm/3c57bb42_20027.txt
20027	20028	hsm/33fa54f4_20028.txt
20028	20029	hsm/98948e70_20029.txt
20029	20030	hsm/16741696_20030.txt
20030	20031	hsm/b76bc9e6_20031.txt
20031	20032	hsm/4a966741_20032.txt
20032	20033	hsm/bdcd4562_20033.txt
20033	20034	hsm/c16694c2_20034.txt
20034	20035	hsm/04a28bd6_20035.txt
20035	20036	hsm/a493b4e1_20036.txt
20036	20037	hsm/f74d415c_20037.txt
20037	20038	hsm/ed6bc7e5_20038.txt
20038	20039	hsm/afd2b04d_20039.txt
20039	20040	hsm/fa92f2b1_20040.txt
20040	20041	hsm/2d9ea237_20041.txt
20041	20042	hsm/ee3a4b91_20042.txt
20042	20043	hsm/a6fdfcb1_20043.txt
20043	20044	hsm/089db13c_20044.txt
20044	20045	hsm/a797a218_20045.txt
20045	20046	hsm/034719f8_20046.txt
20046	20047	hsm/2ff5ecc2_20047.txt
20047	20048	hsm/01250960_20048.txt
20048	20049	hsm/9fd937b5_20049.txt
20049	20050	hsm/76123585_20050.txt
20050	20051	hsm/022193d4_20051.txt
20051	20052	hsm/8023ce75_20052.txt
20052	20053	hsm/e432cc4a_20053.txt
20053	20054	hsm/a3fa37eb_20054.txt
20054	20055	hsm/e4ca3348_20055.txt
20055	20056	hsm/940ad6c2_20056.txt
20056	20057	hsm/13c36540_20057.txt
20057	20058	hsm/5e9a8924_20058.txt
20058	20059	hsm/69d1a46e_20059.txt
20059	20060	hsm/2c5bebd5_20060.txt
20060	20061	hsm/aec106dd_20061.txt
20061	20062	hsm/b22615b9_20062.txt
20062	20063	hsm/5ff4f9b5_20063.txt
20063	20064	hsm/10376422_20064.txt
20064	20065	hsm/029d4f26_20065.txt
20065	20066	hsm/c1372adc_20066.txt
20066	20067	hsm/8f1232b9_20067.txt
20067	20068	hsm/cebd202f_20068.txt
20068	20069	hsm/d5463ce2_20069.txt
20069	20070	hsm/f0e97fb3_20070.txt
20070	20071	hsm/84c3a8ab_20071.txt
20071	20072	hsm/bc694f01_20072.txt
20072	20073	hsm/c361ccfa_20073.txt
20073	20074	hsm/ca030a58_20074.txt
20074	20075	hsm/bd152ed4_20075.txt
20075	20076	hsm/fb309455_20076.txt
20076	20077	hsm/5c328a45_20077.txt
20077	20078	hsm/1295ba61_20078.txt
20078	20079	hsm/1021bc39_20079.txt
20079	20080	hsm/ec0d8802_20080.txt
20080	20081	hsm/dfe7129a_20081.txt
20081	20082	hsm/0a82a387_20082.txt
20082	20083	hsm/c9ec2132_20083.txt
20083	20084	hsm/c459e2ff_20084.txt
20084	20085	hsm/a9efb58d_20085.txt
20085	20086	hsm/8e6627ff_20086.txt
20086	20087	hsm/588439c8_20087.txt
20087	20088	hsm/10807ee2_20088.txt
20088	20089	hsm/41a57c68_20089.txt
20089	20090	hsm/f536d303_20090.txt
20090	20091	hsm/fcf253b1_20091.txt
20091	20092	hsm/137c81fa_20092.txt
20092	20093	hsm/5852de26_20093.txt
20093	20094	hsm/d5d6a747_20094.txt
20094	20095	hsm/1f5e8645_20095.txt
20095	20096	hsm/b1deb642_20096.txt
20096	20097	hsm/88391bc6_20097.txt
20097	20098	hsm/9056eef5_20098.txt
20098	20099	hsm/e8e51640_20099.txt
20099	20100	hsm/6fc86962_20100.txt
20100	20101	hsm/465dd145_20101.txt
20101	20102	hsm/da37b5c0_20102.txt
20102	20103	hsm/289c7af0_20103.txt
20103	20104	hsm/1fc6707b_20104.txt
20104	20105	hsm/b3f5eb19_20105.txt
20105	20106	hsm/eaa6d34e_20106.txt
20106	20107	hsm/84aba69b_20107.txt
20107	20108	hsm/0376bd9d_20108.txt
20108	20109	hsm/2ad83cbd_20109.txt
20109	20110	hsm/091f89aa_20110.txt
20110	20111	hsm/91b7286b_20111.txt
20111	20112	hsm/bd7adcb9_20112.txt
20112	20113	hsm/068a7119_20113.txt
20113	20114	hsm/985a0b38_20114.txt
20114	20115	hsm/985a0b38_20115.txt
20115	20116	hsm/985a0b38_20116.txt
20116	20117	hsm/985a0b38_20117.txt
20117	20118	hsm/985a0b38_20118.txt
20118	20119	hsm/985a0b38_20119.txt
20119	20120	hsm/985a0b38_20120.txt
20120	20121	hsm/985a0b38_20121.txt
20121	20122	hsm/985a0b38_20122.txt
20122	20123	hsm/985a0b38_20123.txt
20123	20124	hsm/985a0b38_20124.txt
20124	20125	hsm/985a0b38_20125.txt
20125	20126	hsm/985a0b38_20126.txt
20126	20127	hsm/985a0b38_20127.txt
20127	20128	hsm/985a0b38_20128.txt
20128	20129	hsm/7b19569d_20129.txt
20129	20130	hsm/4b302404_20130.txt
20130	20131	hsm/dfbd2404_20131.txt
20131	20132	hsm/935c7726_20132.txt
20132	20133	hsm/8dacad62_20133.txt
20133	20134	hsm/20e64711_20134.txt
20134	20135	hsm/fbe6519f_20135.txt
20135	20136	hsm/b9e3f7d1_20136.txt
20136	20137	hsm/7c608ebc_20137.txt
20137	20138	hsm/5d642bb5_20138.txt
20138	20139	hsm/50157b64_20139.txt
20139	20140	hsm/7bd3e4e3_20140.txt
20140	20141	hsm/106df896_20141.txt
20141	20142	hsm/7bc05125_20142.txt
20142	20143	hsm/322bab9e_20143.txt
20143	20144	hsm/3ff202f5_20144.txt
20144	20145	hsm/f336c482_20145.txt
20145	20146	hsm/8963024b_20146.txt
20146	20147	hsm/aad031b8_20147.txt
20147	20148	hsm/e0f98909_20148.txt
20148	20149	hsm/4fcc3a19_20149.txt
20149	20150	hsm/bb30a43b_20150.txt
20150	20151	hsm/320da607_20151.txt
20151	20152	hsm/94ef453f_20152.txt
20152	20153	hsm/55885a2a_20153.txt
20153	20154	hsm/01615aa1_20154.txt
20154	20155	hsm/d9cfa3c4_20155.txt
20155	20156	hsm/c152c5b9_20156.txt
20156	20157	hsm/c25c6ed1_20157.txt
20157	20158	hsm/3fce5f7e_20158.txt
20158	20159	hsm/2b48619e_20159.txt
20159	20160	hsm/83353cd7_20160.txt
20160	20161	hsm/e4eaeef1_20161.txt
20161	20162	hsm/e98f9841_20162.txt
20162	20163	hsm/527fc6a9_20163.txt
20163	20164	hsm/efdd5f97_20164.txt
20164	20165	hsm/f30709c1_20165.txt
20165	20166	hsm/1c8150c9_20166.txt
20166	20167	hsm/1ef4b396_20167.txt
20167	20168	hsm/7bc05125_20168.txt
20168	20169	hsm/322bab9e_20169.txt
20169	20170	hsm/3ff202f5_20170.txt
20170	20171	hsm/f336c482_20171.txt
20171	20172	hsm/8963024b_20172.txt
20172	20173	hsm/aad031b8_20173.txt
20173	20174	hsm/e0f98909_20174.txt
20174	20175	hsm/4fcc3a19_20175.txt
20175	20176	hsm/bb30a43b_20176.txt
20176	20177	hsm/320da607_20177.txt
20177	20178	hsm/94ef453f_20178.txt
20178	20179	hsm/f5c78921_20179.txt
20179	20180	hsm/57671310_20180.txt
20180	20181	hsm/2a9230e3_20181.txt
20181	20182	hsm/57671310_20182.txt
20182	20183	hsm/ce8bc371_20183.txt
20183	20184	hsm/ab26bf9b_20184.txt
20184	20185	hsm/e81dc4c6_20185.txt
20185	20186	hsm/ab26bf9b_20186.txt
20186	20187	hsm/6c7faa43_20187.txt
20187	20188	hsm/ab26bf9b_20188.txt
20188	20189	hsm/3e7f1bdc_20189.txt
20189	20190	hsm/ab26bf9b_20190.txt
20190	20191	hsm/3e7f1bdc_20191.txt
20191	20192	hsm/ab26bf9b_20192.txt
20192	20193	hsm/3e7f1bdc_20193.txt
20193	20194	hsm/ab26bf9b_20194.txt
20194	20195	hsm/3e7f1bdc_20195.txt
20195	20196	hsm/ab26bf9b_20196.txt
20196	20197	hsm/3e7f1bdc_20197.txt
20197	20198	hsm/ab26bf9b_20198.txt
20198	20199	hsm/3e7f1bdc_20199.txt
20199	20200	hsm/ab26bf9b_20200.txt
20200	20201	hsm/3e7f1bdc_20201.txt
20201	20202	hsm/ab26bf9b_20202.txt
20202	20203	hsm/fbf8a8d3_20203.txt
20203	20204	hsm/ab26bf9b_20204.txt
20204	20205	hsm/1ab9381e_20205.txt
20205	20206	hsm/ab26bf9b_20206.txt
20206	20207	hsm/e81dc4c6_20207.txt
20207	20208	hsm/ab26bf9b_20208.txt
20208	20209	hsm/e81dc4c6_20209.txt
20209	20210	hsm/ab26bf9b_20210.txt
20210	20211	hsm/e81dc4c6_20211.txt
20211	20212	hsm/ab26bf9b_20212.txt
20212	20213	hsm/6c7faa43_20213.txt
20213	20214	hsm/ab26bf9b_20214.txt
20214	20215	hsm/c70aa66f_20215.txt
20215	20216	hsm/ab26bf9b_20216.txt
20216	20217	hsm/248959d1_20217.txt
20217	20218	hsm/ab26bf9b_20218.txt
20218	20219	hsm/248959d1_20219.txt
20219	20220	hsm/ab26bf9b_20220.txt
20220	20221	hsm/9c2464ce_20221.txt
20221	20222	hsm/ab26bf9b_20222.txt
20222	20223	hsm/e81dc4c6_20223.txt
20223	20224	hsm/ab26bf9b_20224.txt
20224	20225	hsm/e81dc4c6_20225.txt
20225	20226	hsm/ab26bf9b_20226.txt
20226	20227	hsm/fef7c385_20227.txt
20227	20228	hsm/ab26bf9b_20228.txt
20228	20229	hsm/ccd82992_20229.txt
20229	20230	hsm/ab26bf9b_20230.txt
20230	20231	hsm/b12fbbfd_20231.txt
20231	20232	hsm/ab26bf9b_20232.txt
20232	20233	hsm/ccd82992_20233.txt
20233	20234	hsm/ab26bf9b_20234.txt
20234	20235	hsm/77044ee1_20235.txt
20235	20236	hsm/ab26bf9b_20236.txt
20236	20237	hsm/d44414da_20237.txt
20237	20238	hsm/ab26bf9b_20238.txt
20238	20239	hsm/255ef87d_20239.txt
20239	20240	hsm/ab26bf9b_20240.txt
20240	20241	hsm/6c7faa43_20241.txt
20241	20242	hsm/ab26bf9b_20242.txt
20242	20243	hsm/f2f3629e_20243.txt
20243	20244	hsm/76571a13_20244.txt
20244	20245	hsm/c47779e3_20245.txt
20245	20246	hsm/45ff351a_20246.txt
20246	20247	hsm/28e147f4_20247.txt
20247	20248	hsm/1e6517b1_20248.txt
20248	20249	hsm/a3a4a303_20249.txt
20249	20250	hsm/28eb6163_20250.txt
20250	20251	hsm/66825306_20251.txt
20251	20252	hsm/581a557e_20252.txt
20252	20253	hsm/57a1c0f9_20253.txt
20253	20254	hsm/a64bb1ad_20254.txt
20254	20255	hsm/36c4fbec_20255.txt
20255	20256	hsm/69d67096_20256.txt
20256	20257	hsm/87bde52b_20257.txt
20257	20258	hsm/89b69a2f_20258.txt
20258	20259	hsm/3e408918_20259.txt
20259	20260	hsm/b91b48b4_20260.txt
20260	20261	hsm/3f7622d8_20261.txt
20261	20262	hsm/3a70a234_20262.txt
20262	20263	hsm/55fe0590_20263.txt
20263	20264	hsm/a8155090_20264.txt
20264	20265	hsm/69b9d83a_20265.txt
20265	20266	hsm/a9aa19b3_20266.txt
20266	20267	hsm/bb0b7e3d_20267.txt
20267	20268	hsm/8af0cee9_20268.txt
20268	20269	hsm/22a5aa76_20269.txt
20269	20270	hsm/459a2991_20270.txt
20270	20271	hsm/32877873_20271.txt
20271	20272	hsm/6ad4e9b4_20272.txt
20272	20273	hsm/3a4a7333_20273.txt
20273	20274	hsm/08d71a17_20274.txt
20274	20275	hsm/bd315bf5_20275.txt
20275	20276	hsm/85300024_20276.txt
20276	20277	hsm/f0fd8e24_20277.txt
20277	20278	hsm/ab2ce333_20278.txt
20278	20279	hsm/987b95d5_20279.txt
20279	20280	hsm/e27b33d2_20280.txt
20280	20281	hsm/5777c258_20281.txt
20281	20282	hsm/f8453402_20282.txt
20282	20283	hsm/a4a63939_20283.txt
20283	20284	hsm/da0206e2_20284.txt
20284	20285	hsm/6ad4e9b4_20285.txt
20285	20286	hsm/0d7d87e3_20286.txt
20286	20287	hsm/45512a46_20287.txt
20287	20288	hsm/4abba728_20288.txt
20288	20289	hsm/981b39a7_20289.txt
20289	20290	hsm/c00f45a0_20290.txt
20290	20291	hsm/c67903b7_20291.txt
20291	20292	hsm/fbe668df_20292.txt
20292	20293	hsm/da30e4b2_20293.txt
20293	20294	hsm/051be4b4_20294.txt
20294	20295	hsm/40b40b24_20295.txt
20295	20296	hsm/0ad418ea_20296.txt
20296	20297	hsm/6209baa5_20297.txt
20297	20298	hsm/e8505ac1_20298.txt
20298	20299	hsm/61c609f7_20299.txt
20299	20300	hsm/4ecd813b_20300.txt
20300	20301	hsm/01c7a9c4_20301.txt
20301	20302	hsm/a0c5c69b_20302.txt
20302	20303	hsm/6e245307_20303.txt
20303	20304	hsm/308d167a_20304.txt
20304	20305	hsm/f8b55f4f_20305.txt
20305	20306	hsm/53d63cf8_20306.txt
20306	20307	hsm/e3de034f_20307.txt
20307	20308	hsm/9a14408e_20308.txt
20308	20309	hsm/78ba434c_20309.txt
20309	20310	hsm/30bf28af_20310.txt
20310	20311	hsm/1f112c23_20311.txt
20311	20312	hsm/6601c109_20312.txt
20312	20313	hsm/953f785c_20313.txt
20313	20314	hsm/69a7568a_20314.txt
20314	20315	hsm/06945a62_20315.txt
20315	20316	hsm/66c36d46_20316.txt
20316	20317	hsm/c98bbfc1_20317.txt
20317	20318	hsm/d5292c91_20318.txt
20318	20319	hsm/2c613696_20319.txt
20319	20320	hsm/6be37eca_20320.txt
20320	20321	hsm/4f9716a4_20321.txt
20321	20322	hsm/9de815bf_20322.txt
20322	20323	hsm/1781eee5_20323.txt
20323	20324	hsm/950d2f16_20324.txt
20324	20325	hsm/3dfad8a8_20325.txt
20325	20326	hsm/7b56d355_20326.txt
20326	20327	hsm/939721e3_20327.txt
20327	20328	hsm/24f0bf62_20328.txt
20328	20329	hsm/32b02a1c_20329.txt
20329	20330	hsm/43f012d3_20330.txt
20330	20331	hsm/262a74ce_20331.txt
20331	20332	hsm/65f9228a_20332.txt
20332	20333	hsm/ea123c37_20333.txt
20333	20334	hsm/fc317af6_20334.txt
20334	20335	hsm/fd0d463f_20335.txt
20335	20336	hsm/661f746e_20336.txt
20336	20337	hsm/8ad287ec_20337.txt
20337	20338	hsm/afc70f03_20338.txt
20338	20339	hsm/e426457d_20339.txt
20339	20340	hsm/cae1e037_20340.txt
20340	20341	hsm/2840c204_20341.txt
20341	20342	hsm/ca821a3d_20342.txt
20342	20343	hsm/d258d88c_20343.txt
20343	20344	hsm/5e35f0c0_20344.txt
20344	20345	hsm/22934a12_20345.txt
20345	20346	hsm/deae5689_20346.txt
20346	20347	hsm/650461be_20347.txt
20347	20348	hsm/29aeca0d_20348.txt
20348	20349	hsm/fc1ccc65_20349.txt
20349	20350	hsm/d47d5621_20350.txt
20350	20351	hsm/43ce2955_20351.txt
20351	20352	hsm/daeb0a1a_20352.txt
20352	20353	hsm/e684d52a_20353.txt
20353	20354	hsm/34cf50a8_20354.txt
20354	20355	hsm/45c12d96_20355.txt
20355	20356	hsm/938b80cf_20356.txt
20356	20357	hsm/63c38fb9_20357.txt
20357	20358	hsm/3e1a71d8_20358.txt
20358	20359	hsm/55930d8e_20359.txt
20359	20360	hsm/37850b5c_20360.txt
20360	20361	hsm/8a8f4774_20361.txt
20361	20362	hsm/4ea29a0a_20362.txt
20362	20363	hsm/a26906f1_20363.txt
20363	20364	hsm/bacf1223_20364.txt
20364	20365	hsm/dcf7407b_20365.txt
20365	20366	hsm/cad7f5e1_20366.txt
20366	20367	hsm/0ab8b8a4_20367.txt
20367	20368	hsm/57814e48_20368.txt
20368	20369	hsm/22ea8afd_20369.txt
20369	20370	hsm/2d8ffb53_20370.txt
20370	20371	hsm/2e83c448_20371.txt
20371	20372	hsm/0eceba86_20372.txt
20372	20373	hsm/441acc69_20373.txt
20373	20374	hsm/7a1cdb83_20374.txt
20374	20375	hsm/2919a44a_20375.txt
20375	20376	hsm/ac35c2dd_20376.txt
20376	20377	hsm/eed6fce0_20377.txt
20377	20378	hsm/4b0b78e7_20378.txt
20378	20379	hsm/9761209e_20379.txt
20379	20380	hsm/6f62c59a_20380.txt
20380	20381	hsm/2ebeeb81_20381.txt
20381	20382	hsm/4307eb9b_20382.txt
20382	20383	hsm/0589bb7b_20383.txt
20383	20384	hsm/cecc9f4e_20384.txt
20384	20385	hsm/3e0c58bf_20385.txt
20385	20386	hsm/a62a6901_20386.txt
20386	20387	hsm/bc8c3b51_20387.txt
20387	20388	hsm/6d92f89f_20388.txt
20388	20389	hsm/1315f0ad_20389.txt
20389	20390	hsm/152769b7_20390.txt
20390	20391	hsm/b285d2ac_20391.txt
20391	20392	hsm/f76cfebe_20392.txt
20392	20393	hsm/8a28d26d_20393.txt
20393	20394	hsm/c7af2751_20394.txt
20394	20395	hsm/a6fca0ae_20395.txt
20395	20396	hsm/2253033d_20396.txt
20396	20397	hsm/572b1f9f_20397.txt
20397	20398	hsm/41016995_20398.txt
20398	20399	hsm/99833d70_20399.txt
20399	20400	hsm/3a3274e3_20400.txt
20400	20401	hsm/c4ecc8da_20401.txt
20401	20402	hsm/ad83db76_20402.txt
20402	20403	hsm/e26cd081_20403.txt
20403	20404	hsm/5678ef6c_20404.txt
20404	20405	hsm/9bff1dd7_20405.txt
20405	20406	hsm/118e88cb_20406.txt
20406	20407	hsm/9ad41a39_20407.txt
20407	20408	hsm/cb91780b_20408.txt
20408	20409	hsm/5c396ced_20409.txt
20409	20410	hsm/7d948f3b_20410.txt
20410	20411	hsm/f6c683ef_20411.txt
20411	20412	hsm/62966d32_20412.txt
20412	20413	hsm/3b173bce_20413.txt
20413	20414	hsm/0297463d_20414.txt
20414	20415	hsm/0b801523_20415.txt
20415	20416	hsm/2d1f48a8_20416.txt
20416	20417	hsm/79fe403f_20417.txt
20417	20418	hsm/7b22c3b2_20418.txt
20418	20419	hsm/6276feb5_20419.txt
20419	20420	hsm/b4d48a20_20420.txt
20420	20421	hsm/46e1081a_20421.txt
20421	20422	hsm/debb044a_20422.txt
20422	20423	hsm/c799a36c_20423.txt
20423	20424	hsm/1a69146a_20424.txt
20424	20425	hsm/9549d91e_20425.txt
20425	20426	hsm/450369f5_20426.txt
20426	20427	hsm/4909f777_20427.txt
20427	20428	hsm/550c2ecd_20428.txt
20428	20429	hsm/1526a7ec_20429.txt
20429	20430	hsm/91b5f2c0_20430.txt
20430	20431	hsm/64ccc456_20431.txt
20431	20432	hsm/0040a146_20432.txt
20432	20433	hsm/7ea64475_20433.txt
20433	20434	hsm/efedf146_20434.txt
20434	20435	hsm/ef63b3b5_20435.txt
20435	20436	hsm/568adea7_20436.txt
20436	20437	hsm/ace95dc6_20437.txt
20437	20438	hsm/50955640_20438.txt
20438	20439	hsm/1d61229d_20439.txt
20439	20440	hsm/b7439b39_20440.txt
20440	20441	hsm/201f7935_20441.txt
20441	20442	hsm/659cd359_20442.txt
20442	20443	hsm/a93befe0_20443.txt
20443	20444	hsm/a219fe27_20444.txt
20444	20445	hsm/d7cd9427_20445.txt
20445	20446	hsm/37f8431b_20446.txt
20446	20447	hsm/fa4acabf_20447.txt
20447	20448	hsm/7aeb48c2_20448.txt
20448	20449	hsm/a2592e71_20449.txt
20449	20450	hsm/2e22db99_20450.txt
20450	20451	hsm/f12f4d9c_20451.txt
20451	20452	hsm/9722010f_20452.txt
20452	20453	hsm/22b49835_20453.txt
20453	20454	hsm/4bdd3737_20454.txt
20454	20455	hsm/fd50a64a_20455.txt
20455	20456	hsm/8593fb34_20456.txt
20456	20457	hsm/411b421e_20457.txt
20457	20458	hsm/b762e561_20458.txt
20458	20459	hsm/907cae99_20459.txt
20459	20460	hsm/e91850b2_20460.txt
20460	20461	hsm/59a26852_20461.txt
20461	20462	hsm/bae65bf6_20462.txt
20462	20463	hsm/f12fcb51_20463.txt
20463	20464	hsm/dfba69fc_20464.txt
20464	20465	hsm/9b11c06a_20465.txt
20465	20466	hsm/331016d9_20466.txt
20466	20467	hsm/9b730bc8_20467.txt
20467	20468	hsm/3bb8f3b3_20468.txt
20468	20469	hsm/57d521fd_20469.txt
20469	20470	hsm/d7aba71c_20470.txt
20470	20471	hsm/618f59c8_20471.txt
20471	20472	hsm/1ab5f186_20472.txt
20472	20473	hsm/e2137e91_20473.txt
20473	20474	hsm/e7b62cb7_20474.txt
20474	20475	hsm/e522ae17_20475.txt
20475	20476	hsm/6134d985_20476.txt
20476	20477	hsm/bec20a7f_20477.txt
20477	20478	hsm/a8d1ae2e_20478.txt
20478	20479	hsm/26a1f048_20479.txt
20479	20480	hsm/1a8eb397_20480.txt
20480	20481	hsm/8d79e3e6_20481.txt
20481	20482	hsm/11b79d38_20482.txt
20482	20483	hsm/d51f2c3b_20483.txt
20483	20484	hsm/18b6132a_20484.txt
20484	20485	hsm/c615331e_20485.txt
20485	20486	hsm/b67c969a_20486.txt
20486	20487	hsm/b3aff858_20487.txt
20487	20488	hsm/f6f49edd_20488.txt
20488	20489	hsm/279f4eb6_20489.txt
20489	20490	hsm/0f4ad9f2_20490.txt
20490	20491	hsm/9bc839ca_20491.txt
20491	20492	hsm/8d80cf5e_20492.txt
20492	20493	hsm/9c069f68_20493.txt
20493	20494	hsm/16e14da6_20494.txt
20494	20495	hsm/d4af7c0f_20495.txt
20495	20496	hsm/68be4d9f_20496.txt
20496	20497	hsm/e116d390_20497.txt
20497	20498	hsm/57504cb9_20498.txt
20498	20499	hsm/018c0436_20499.txt
20499	20500	hsm/2f66dc3d_20500.txt
20500	20501	hsm/c96dc118_20501.txt
20501	20502	hsm/6a473526_20502.txt
20502	20503	hsm/5457ef5f_20503.txt
20503	20504	hsm/011c19d5_20504.txt
20504	20505	hsm/4e521c75_20505.txt
20505	20506	hsm/b108318b_20506.txt
20506	20507	hsm/e0c325b9_20507.txt
20507	20508	hsm/b28b3cf9_20508.txt
20508	20509	hsm/23328fb6_20509.txt
20509	20510	hsm/84826f0b_20510.txt
20510	20511	hsm/4b9e6006_20511.txt
20511	20512	hsm/67a282ab_20512.txt
20512	20513	hsm/7d1fd89e_20513.txt
20513	20514	hsm/c860b75d_20514.txt
20514	20515	hsm/57d1140b_20515.txt
20515	20516	hsm/a5d55a48_20516.txt
20516	20517	hsm/436e137c_20517.txt
20517	20518	hsm/ffc31755_20518.txt
20518	20519	hsm/ffc31755_20519.txt
20519	20520	hsm/569f6a93_20520.txt
20520	20521	hsm/2e08b04f_20521.txt
20521	20522	hsm/69e510dc_20522.txt
20522	20523	hsm/99185598_20523.txt
20523	20524	hsm/58777e31_20524.txt
20524	20525	hsm/55e43671_20525.txt
20525	20526	hsm/9f7bac58_20526.txt
20526	20527	hsm/d9393212_20527.txt
20527	20528	hsm/c5a6e479_20528.txt
20528	20529	hsm/7e016df0_20529.txt
20529	20530	hsm/8de79930_20530.txt
20530	20531	hsm/50502dcb_20531.txt
20531	20532	hsm/078ab62a_20532.txt
20532	20533	hsm/a654e009_20533.txt
20533	20534	hsm/8061d999_20534.txt
20534	20535	hsm/3eea257c_20535.txt
20535	20536	hsm/fc85bb55_20536.txt
20536	20537	hsm/295d290b_20537.txt
20537	20538	hsm/a1c9f834_20538.txt
20538	20539	hsm/d11090fe_20539.txt
20539	20540	hsm/4ce1d943_20540.txt
20540	20541	hsm/1218aff2_20541.txt
20541	20542	hsm/5e5092d8_20542.txt
20542	20543	hsm/6c74b4e7_20543.txt
20543	20544	hsm/2d487416_20544.txt
20544	20545	hsm/44db85d3_20545.txt
20545	20546	hsm/2cc8aa6b_20546.txt
20546	20547	hsm/7059952c_20547.txt
20547	20548	hsm/7059952c_20548.txt
20548	20549	hsm/6ba284d8_20549.txt
20549	20550	hsm/ad47fea4_20550.txt
20550	20551	hsm/4fc5efe8_20551.txt
20551	20552	hsm/8e2cf00b_20552.txt
20552	20553	hsm/e9b16b88_20553.txt
20553	20554	hsm/7db0b78c_20554.txt
20554	20555	hsm/e3187a9c_20555.txt
20555	20556	hsm/8670b4fa_20556.txt
20556	20557	hsm/3ca188cd_20557.txt
20557	20558	hsm/4deb073d_20558.txt
20558	20559	hsm/78d2d407_20559.txt
20559	20560	hsm/bef564e7_20560.txt
20560	20561	hsm/fd41ce42_20561.txt
20561	20562	hsm/3e21a01d_20562.txt
20562	20563	hsm/98cecaab_20563.txt
20563	20564	hsm/11b42b00_20564.txt
20564	20565	hsm/deb33957_20565.txt
20565	20566	hsm/0d028eb0_20566.txt
20566	20567	hsm/b3b66646_20567.txt
20567	20568	hsm/1981e9ce_20568.txt
20568	20569	hsm/369ac0bb_20569.txt
20569	20570	hsm/b183bb76_20570.txt
20570	20571	hsm/69896036_20571.txt
20571	20572	hsm/00630ff8_20572.txt
20572	20573	hsm/8ea8e7f2_20573.txt
20573	20574	hsm/f552f1ae_20574.txt
20574	20575	hsm/d38bf538_20575.txt
20575	20576	hsm/9981ab9c_20576.txt
20576	20577	hsm/8b7f5c12_20577.txt
20577	20578	hsm/ac342d58_20578.txt
20578	20579	hsm/6553449b_20579.txt
20579	20580	hsm/d891b926_20580.txt
20580	20581	hsm/94f76a1c_20581.txt
20581	20582	hsm/cf9abec0_20582.txt
20582	20583	hsm/763c501e_20583.txt
20583	20584	hsm/a6a30565_20584.txt
20584	20585	hsm/6fd5d877_20585.txt
20585	20586	hsm/a2b56562_20586.txt
20586	20587	hsm/1b3a45d6_20587.txt
20587	20588	hsm/70cd8dee_20588.txt
20588	20589	hsm/d7e1489e_20589.txt
20589	20590	hsm/5fb15d47_20590.txt
20590	20591	hsm/a5e72a14_20591.txt
20591	20592	hsm/dd96ee26_20592.txt
20592	20593	hsm/6808d9a5_20593.txt
20593	20594	hsm/c0c3c6f5_20594.txt
20594	20595	hsm/bb91670d_20595.txt
20595	20596	hsm/5f5e6a9f_20596.txt
20596	20597	hsm/26d5b285_20597.txt
20597	20598	hsm/3f67b8cd_20598.txt
20598	20599	hsm/0086ac97_20599.txt
20599	20600	hsm/db0855c8_20600.txt
20600	20601	hsm/5f9bc431_20601.txt
20601	20602	hsm/7b5af7c6_20602.txt
20602	20603	hsm/55a71082_20603.txt
20603	20604	hsm/e684d52a_20604.txt
20604	20605	hsm/691b074e_20605.txt
20605	20606	hsm/83f8d4e9_20606.txt
20606	20607	hsm/d4e82851_20607.txt
20607	20608	hsm/8737d2e7_20608.txt
20608	20609	hsm/7d8ceefc_20609.txt
20609	20610	hsm/cb9b619e_20610.txt
20610	20611	hsm/14400299_20611.txt
20611	20612	hsm/3b11209b_20612.txt
20612	20613	hsm/9f79296b_20613.txt
20613	20614	hsm/f9caae6e_20614.txt
20614	20615	hsm/6168dd2b_20615.txt
20615	20616	hsm/4fa6dd59_20616.txt
20616	20617	hsm/fba1faab_20617.txt
20617	20618	hsm/85217b3f_20618.txt
20618	20619	hsm/a9ed46a7_20619.txt
20619	20620	hsm/44c17437_20620.txt
20620	20621	hsm/f8ee3a23_20621.txt
20621	20622	hsm/1af233dc_20622.txt
20622	20623	hsm/63c3084b_20623.txt
20623	20624	hsm/e7dc0d15_20624.txt
20624	20625	hsm/c6fd3e85_20625.txt
20625	20626	hsm/fd53c467_20626.txt
20626	20627	hsm/ecda891c_20627.txt
20627	20628	hsm/f32942a7_20628.txt
20628	20629	hsm/39b9b28b_20629.txt
20629	20630	hsm/6297eece_20630.txt
20630	20631	hsm/f6fd8b65_20631.txt
20631	20632	hsm/d2fcbfad_20632.txt
20632	20633	hsm/2f7d56dc_20633.txt
20633	20634	hsm/89a8bd83_20634.txt
20634	20635	hsm/7256c932_20635.txt
20635	20636	hsm/19b55f10_20636.txt
20636	20637	hsm/564b68b2_20637.txt
20637	20638	hsm/151a2f7a_20638.txt
20638	20639	hsm/13126fd3_20639.txt
20639	20640	hsm/ea50d4a1_20640.txt
20640	20641	hsm/5b1c1181_20641.txt
20641	20642	hsm/35cfc61a_20642.txt
20642	20643	hsm/13d99e30_20643.txt
20643	20644	hsm/bf3df8f2_20644.txt
20644	20645	hsm/53d12e81_20645.txt
20645	20646	hsm/5f507f49_20646.txt
20646	20647	hsm/863984ad_20647.txt
20647	20648	hsm/bd2ee148_20648.txt
20648	20649	hsm/096b2ce8_20649.txt
20649	20650	hsm/7820596e_20650.txt
20650	20651	hsm/32b9883b_20651.txt
20651	20652	hsm/c31b2d0d_20652.txt
20652	20653	hsm/7aea06a8_20653.txt
20653	20654	hsm/a98d8741_20654.txt
20654	20655	hsm/6a11767f_20655.txt
20655	20656	hsm/550580af_20656.txt
20656	20657	hsm/fe968053_20657.txt
20657	20658	hsm/bdb9bcbe_20658.txt
20658	20659	hsm/353b1fc1_20659.txt
20659	20660	hsm/95c47fe0_20660.txt
20660	20661	hsm/c807146a_20661.txt
20661	20662	hsm/021baff7_20662.txt
20662	20663	hsm/c61342c9_20663.txt
20663	20664	hsm/6b6dcadb_20664.txt
20664	20665	hsm/4b51f815_20665.txt
20665	20666	hsm/ffd2d5ca_20666.txt
20666	20667	hsm/f9439de8_20667.txt
20667	20668	hsm/a7debb19_20668.txt
20668	20669	hsm/2dde5a80_20669.txt
20669	20670	hsm/7d8fc7bf_20670.txt
20670	20671	hsm/a2219c5f_20671.txt
20671	20672	hsm/9ee19636_20672.txt
20672	20673	hsm/e2f415d8_20673.txt
20673	20674	hsm/815addd9_20674.txt
20674	20675	hsm/eaf785a3_20675.txt
20675	20676	hsm/16f03a8f_20676.txt
20676	20677	hsm/66ff0ae5_20677.txt
20677	20678	hsm/d8e79f0d_20678.txt
20678	20679	hsm/ad369f79_20679.txt
20679	20680	hsm/ed20007d_20680.txt
20680	20681	hsm/1fc93038_20681.txt
20681	20682	hsm/d56350b7_20682.txt
20682	20683	hsm/6822c42c_20683.txt
20683	20684	hsm/aafe27b3_20684.txt
20684	20685	hsm/a2bc9ca1_20685.txt
20685	20686	hsm/69cdd82b_20686.txt
20686	20687	hsm/2b9ada91_20687.txt
20687	20688	hsm/9c616172_20688.txt
20688	20689	hsm/0c9838fd_20689.txt
20689	20690	hsm/074bd583_20690.txt
20690	20691	hsm/e274d05a_20691.txt
20691	20692	hsm/8a562891_20692.txt
20692	20693	hsm/4a20164a_20693.txt
20693	20694	hsm/da76abf5_20694.txt
20694	20695	hsm/473a8f3e_20695.txt
20695	20696	hsm/4b980722_20696.txt
20696	20697	hsm/56276f27_20697.txt
20697	20698	hsm/bdbfa0a5_20698.txt
20698	20699	hsm/9c0c0c13_20699.txt
20699	20700	hsm/7feac6b2_20700.txt
20700	20701	hsm/634879fe_20701.txt
20701	20702	hsm/7810211b_20702.txt
20702	20703	hsm/c66a6f3c_20703.txt
20703	20704	hsm/e16b39eb_20704.txt
20704	20705	hsm/941e7285_20705.txt
20705	20706	hsm/27183d0e_20706.txt
20706	20707	hsm/e82d84c2_20707.txt
20707	20708	hsm/400ba29d_20708.txt
20708	20709	hsm/e26d0c15_20709.txt
20709	20710	hsm/869f9967_20710.txt
20710	20711	hsm/6157adbf_20711.txt
20711	20712	hsm/504c5561_20712.txt
20712	20713	hsm/090b86a8_20713.txt
20713	20714	hsm/e9964d3c_20714.txt
20714	20715	hsm/5d6c9b05_20715.txt
20715	20716	hsm/f653d2fb_20716.txt
20716	20717	hsm/4894be4c_20717.txt
20717	20718	hsm/fec9739b_20718.txt
20718	20719	hsm/03385158_20719.txt
20719	20720	hsm/2ead74f8_20720.txt
20720	20721	hsm/505c786c_20721.txt
20721	20722	hsm/240b9ec4_20722.txt
20722	20723	hsm/e1a6196a_20723.txt
20723	20724	hsm/f75ff0f3_20724.txt
20724	20725	hsm/c56c51f9_20725.txt
20725	20726	hsm/55eba49c_20726.txt
20726	20727	hsm/b764339c_20727.txt
20727	20728	hsm/abe68cf5_20728.txt
20728	20729	hsm/4df95df9_20729.txt
20729	20730	hsm/1bf97d8e_20730.txt
20730	20731	hsm/e50ac155_20731.txt
20731	20732	hsm/b9ad7a93_20732.txt
20732	20733	hsm/72386592_20733.txt
20733	20734	hsm/1ec8c66a_20734.txt
20734	20735	hsm/b91b2f2e_20735.txt
20735	20736	hsm/f019a3d1_20736.txt
20736	20737	hsm/484cd9e7_20737.txt
20737	20738	hsm/b46f7a71_20738.txt
20738	20739	hsm/0ad311ea_20739.txt
20739	20740	hsm/e4eaeef1_20740.txt
20740	20741	hsm/e98f9841_20741.txt
20741	20742	hsm/c0f8c23e_20742.txt
20742	20743	hsm/adae2cda_20743.txt
20743	20744	hsm/f9d56ccc_20744.txt
20744	20745	hsm/fcffe71c_20745.txt
20745	20746	hsm/a4070030_20746.txt
20746	20747	hsm/3f0485fd_20747.txt
20747	20748	hsm/f30709c1_20748.txt
20748	20749	hsm/92a64ed4_20749.txt
20749	20750	hsm/1ef4b396_20750.txt
20750	20751	hsm/9b9031db_20751.txt
20751	20752	hsm/a15895f2_20752.txt
20752	20753	hsm/88b16294_20753.txt
20753	20754	hsm/e3ad2a17_20754.txt
20754	20755	hsm/292d7eca_20755.txt
20755	20756	hsm/b07dfd14_20756.txt
20756	20757	hsm/f12d3ac7_20757.txt
20757	20758	hsm/6d9c3f06_20758.txt
20758	20759	hsm/d6a56269_20759.txt
20759	20760	hsm/6024888c_20760.txt
20760	20761	hsm/9986b33d_20761.txt
20761	20762	hsm/ebcce4a9_20762.txt
20762	20763	hsm/75074c05_20763.txt
20763	20764	hsm/5203c833_20764.txt
20764	20765	hsm/8d7c252e_20765.txt
20765	20766	hsm/8d3c6812_20766.txt
20766	20767	hsm/f940c2c6_20767.txt
20767	20768	hsm/5df9af5b_20768.txt
20768	20769	hsm/b3d3661f_20769.txt
20769	20770	hsm/52354f74_20770.txt
20770	20771	hsm/b2d4140e_20771.txt
20771	20772	hsm/6b3fa833_20772.txt
20772	20773	hsm/0942fb9d_20773.txt
20773	20774	hsm/c698c283_20774.txt
20774	20775	hsm/3a404e13_20775.txt
20775	20776	hsm/58023a11_20776.txt
20776	20777	hsm/54a46e30_20777.txt
20777	20778	hsm/28e1b256_20778.txt
20778	20779	hsm/fae69126_20779.txt
20779	20780	hsm/8d141cb0_20780.txt
20780	20781	hsm/ed2bc2cd_20781.txt
20781	20782	hsm/6d3f18d3_20782.txt
20782	20783	hsm/87857b26_20783.txt
20783	20784	hsm/9c675db2_20784.txt
20784	20785	hsm/4928d4e9_20785.txt
20785	20786	hsm/30b4aa10_20786.txt
20786	20787	hsm/18e5452c_20787.txt
20787	20788	hsm/0741c978_20788.txt
20788	20789	hsm/1cc1ec2a_20789.txt
20789	20790	hsm/6e2d5876_20790.txt
20790	20791	hsm/2c71a6ef_20791.txt
20791	20792	hsm/fe7bea83_20792.txt
20792	20793	hsm/f5f82f06_20793.txt
20793	20794	hsm/2b64bcd2_20794.txt
20794	20795	hsm/b189a7d5_20795.txt
20795	20796	hsm/4e37bf00_20796.txt
20796	20797	hsm/81a84408_20797.txt
20797	20798	hsm/33ed7fd4_20798.txt
20798	20799	hsm/f769ad17_20799.txt
20799	20800	hsm/d3ece63d_20800.txt
20800	20801	hsm/7357015c_20801.txt
20801	20802	hsm/64b40a30_20802.txt
20802	20803	hsm/1ffa158f_20803.txt
20803	20804	hsm/df88d676_20804.txt
20804	20805	hsm/f9bd3df6_20805.txt
20805	20806	hsm/b7ace67f_20806.txt
20806	20807	hsm/ce60400b_20807.txt
20807	20808	hsm/7f7ca566_20808.txt
20808	20809	hsm/655eae4f_20809.txt
20809	20810	hsm/736b9c0d_20810.txt
20810	20811	hsm/5c4e7dd1_20811.txt
20811	20812	hsm/65707d8e_20812.txt
20812	20813	hsm/ac7938e1_20813.txt
20813	20814	hsm/dbec90d9_20814.txt
20814	20815	hsm/77b5c7ee_20815.txt
20815	20816	hsm/2d3d591e_20816.txt
20816	20817	hsm/0ffc14e1_20817.txt
20817	20818	hsm/78a8e100_20818.txt
20818	20819	hsm/cce304aa_20819.txt
20819	20820	hsm/c05457df_20820.txt
20820	20821	hsm/6e1a6731_20821.txt
20821	20822	hsm/fba003ac_20822.txt
20822	20823	hsm/b4c545a5_20823.txt
20823	20824	hsm/d5a5c042_20824.txt
20824	20825	hsm/e5c05ffd_20825.txt
20825	20826	hsm/cf9bf8b6_20826.txt
20826	20827	hsm/5fefb75f_20827.txt
20827	20828	hsm/5daff3ca_20828.txt
20828	20829	hsm/c9581a32_20829.txt
20829	20830	hsm/af1683be_20830.txt
20830	20831	hsm/902c64c7_20831.txt
20831	20832	hsm/66408dab_20832.txt
20832	20833	hsm/4b0b7dfa_20833.txt
20833	20834	hsm/ab316f77_20834.txt
20834	20835	hsm/c5b831fc_20835.txt
20835	20836	hsm/cd325899_20836.txt
20836	20837	hsm/3f9674d7_20837.txt
20837	20838	hsm/1f358ed7_20838.txt
20838	20839	hsm/48245d19_20839.txt
20839	20840	hsm/382d2ab0_20840.txt
20840	20841	hsm/f1eea07a_20841.txt
20841	20842	hsm/1dd71dfd_20842.txt
20842	20843	hsm/1dd6f106_20843.txt
20843	20844	hsm/f1dc4d7c_20844.txt
20844	20845	hsm/a73170ec_20845.txt
20845	20846	hsm/a586452a_20846.txt
20846	20847	hsm/52b7c08f_20847.txt
20847	20848	hsm/152fe6eb_20848.txt
20848	20849	hsm/b7c72cd9_20849.txt
20849	20850	hsm/2a69c6f0_20850.txt
20850	20851	hsm/9199ed2f_20851.txt
20851	20852	hsm/775c533c_20852.txt
20852	20853	hsm/54ebdad6_20853.txt
20853	20854	hsm/e34e9cee_20854.txt
20854	20855	hsm/3919df14_20855.txt
20855	20856	hsm/628ba6e2_20856.txt
20856	20857	hsm/023b3f55_20857.txt
20857	20858	hsm/1d2103c2_20858.txt
20858	20859	hsm/e9d239fb_20859.txt
20859	20860	hsm/6c5700c5_20860.txt
20860	20861	hsm/8338a5d4_20861.txt
20861	20862	hsm/2cfe81da_20862.txt
20862	20863	hsm/db9546c6_20863.txt
20863	20864	hsm/9cd8f07b_20864.txt
20864	20865	hsm/d08874cd_20865.txt
20865	20866	hsm/b93d74d8_20866.txt
20866	20867	hsm/4de4bcac_20867.txt
20867	20868	hsm/b5aa09c1_20868.txt
20868	20869	hsm/c01d3f57_20869.txt
20869	20870	hsm/561d4798_20870.txt
20870	20871	hsm/d576a608_20871.txt
20871	20872	hsm/3d4a68a8_20872.txt
20872	20873	hsm/637dcf51_20873.txt
20873	20874	hsm/214ecf06_20874.txt
20874	20875	hsm/20df19ae_20875.txt
20875	20876	hsm/9e598d24_20876.txt
20876	20877	hsm/aefdc66a_20877.txt
20877	20878	hsm/c2e36696_20878.txt
20878	20879	hsm/38d3699e_20879.txt
20879	20880	hsm/ee250c5b_20880.txt
20880	20881	hsm/550f26b5_20881.txt
20881	20882	hsm/a7a3f00f_20882.txt
20882	20883	hsm/66b61079_20883.txt
20883	20884	hsm/0fce01ac_20884.txt
20884	20885	hsm/e2ed2baf_20885.txt
20885	20886	hsm/4562ecc5_20886.txt
20886	20887	hsm/29d79679_20887.txt
20887	20888	hsm/630e6cf4_20888.txt
20888	20889	hsm/b886b4cf_20889.txt
20889	20890	hsm/67dcf737_20890.txt
20890	20891	hsm/07b47cb4_20891.txt
20891	20892	hsm/5a145978_20892.txt
20892	20893	hsm/c3956093_20893.txt
20893	20894	hsm/7f7879c7_20894.txt
20894	20895	hsm/d0f86f4d_20895.txt
20895	20896	hsm/a1c07934_20896.txt
20896	20897	hsm/9384eef7_20897.txt
20897	20898	hsm/87593d50_20898.txt
20898	20899	hsm/3664145f_20899.txt
20899	20900	hsm/137a0d34_20900.txt
20900	20901	hsm/5d68aeb4_20901.txt
20901	20902	hsm/2be40ff8_20902.txt
20902	20903	hsm/a563ffd3_20903.txt
20903	20904	hsm/80a786e8_20904.txt
20904	20905	hsm/5b45f002_20905.txt
20905	20906	hsm/1ad80da1_20906.txt
20906	20907	hsm/b9cc243b_20907.txt
20907	20908	hsm/867a2f34_20908.txt
20908	20909	hsm/26515f69_20909.txt
20909	20910	hsm/e4b1ae82_20910.txt
20910	20911	hsm/4cbc5502_20911.txt
20911	20912	hsm/222b0a59_20912.txt
20912	20913	hsm/447497d9_20913.txt
20913	20914	hsm/3f523d93_20914.txt
20914	20915	hsm/89ed250c_20915.txt
20915	20916	hsm/536120a5_20916.txt
20916	20917	hsm/a6e84ba9_20917.txt
20917	20918	hsm/45013ee7_20918.txt
20918	20919	hsm/620e1181_20919.txt
20919	20920	hsm/2700efb7_20920.txt
20920	20921	hsm/00b93b10_20921.txt
20921	20922	hsm/8705a175_20922.txt
20922	20923	hsm/51f5d101_20923.txt
20923	20924	hsm/01fa1a30_20924.txt
20924	20925	hsm/76571a13_20925.txt
20925	20926	hsm/511d3311_20926.txt
20926	20927	hsm/830e5dc4_20927.txt
20927	20928	hsm/17ac4d66_20928.txt
20928	20929	hsm/f425f7f9_20929.txt
20929	20930	hsm/93c212b9_20930.txt
20930	20931	hsm/f8a678b2_20931.txt
20931	20932	hsm/0ec34678_20932.txt
20932	20933	hsm/17e2048b_20933.txt
20933	20934	hsm/01aab1da_20934.txt
20934	20935	hsm/5ead2910_20935.txt
20935	20936	hsm/276b52f1_20936.txt
20936	20937	hsm/2eda57e7_20937.txt
20937	20938	hsm/b4213e61_20938.txt
20938	20939	hsm/11adb46f_20939.txt
20939	20940	hsm/d416bee1_20940.txt
20940	20941	hsm/2621cea2_20941.txt
20941	20942	hsm/101c6f80_20942.txt
20942	20943	hsm/17d764d6_20943.txt
20943	20944	hsm/62d292b6_20944.txt
20944	20945	hsm/c25fdd32_20945.txt
20945	20946	hsm/70fd22a6_20946.txt
20946	20947	hsm/fc061669_20947.txt
20947	20948	hsm/01fc5a6b_20948.txt
20948	20949	hsm/4c0fdf54_20949.txt
20949	20950	hsm/7248553d_20950.txt
20950	20951	hsm/0a584174_20951.txt
20951	20952	hsm/f33bc6cc_20952.txt
20952	20953	hsm/41994de9_20953.txt
20953	20954	hsm/15b2e7ae_20954.txt
20954	20955	hsm/8673facc_20955.txt
20955	20956	hsm/89c97fa6_20956.txt
20956	20957	hsm/1ebc64bd_20957.txt
20957	20958	hsm/da552553_20958.txt
20958	20959	hsm/79fc60bd_20959.txt
20959	20960	hsm/c966149f_20960.txt
20960	20961	hsm/cf11ef66_20961.txt
20961	20962	hsm/116ea019_20962.txt
20962	20963	hsm/e3bdb645_20963.txt
20963	20964	hsm/79370e9f_20964.txt
20964	20965	hsm/50845f7b_20965.txt
20965	20966	hsm/0b2eae1e_20966.txt
20966	20967	hsm/5dbdedd2_20967.txt
20967	20968	hsm/bbd73000_20968.txt
20968	20969	hsm/fc5d21cd_20969.txt
20969	20970	hsm/2d4b2e04_20970.txt
20970	20971	hsm/43d414ec_20971.txt
20971	20972	hsm/61f70b89_20972.txt
20972	20973	hsm/48b4a611_20973.txt
20973	20974	hsm/0e99d46e_20974.txt
20974	20975	hsm/266aa4b1_20975.txt
20975	20976	hsm/99c1006f_20976.txt
20976	20977	hsm/300e0046_20977.txt
20977	20978	hsm/7e8d7f6b_20978.txt
20978	20979	hsm/8e47e293_20979.txt
20979	20980	hsm/cecdf669_20980.txt
20980	20981	hsm/685e8ef7_20981.txt
20981	20982	hsm/8dec3a47_20982.txt
20982	20983	hsm/f1a279b4_20983.txt
20983	20984	hsm/134c6529_20984.txt
20984	20985	hsm/40bc1a2d_20985.txt
20985	20986	hsm/e8f570ac_20986.txt
20986	20987	hsm/a123c492_20987.txt
20987	20988	hsm/8dc6e080_20988.txt
20988	20989	hsm/b4a01ae6_20989.txt
20989	20990	hsm/52a87dee_20990.txt
20990	20991	hsm/76762ec8_20991.txt
20991	20992	hsm/ff315cc9_20992.txt
20992	20993	hsm/736d5dd8_20993.txt
20993	20994	hsm/686bcd6b_20994.txt
20994	20995	hsm/0a85a0e5_20995.txt
20995	20996	hsm/e3b88eb3_20996.txt
20996	20997	hsm/dd8a4032_20997.txt
20997	20998	hsm/48886fde_20998.txt
20998	20999	hsm/23ad35a8_20999.txt
20999	21000	hsm/649d6fe1_21000.txt
21000	21001	hsm/90f0ac41_21001.txt
21001	21002	hsm/97399912_21002.txt
21002	21003	hsm/12593c3e_21003.txt
21003	21004	hsm/265e227e_21004.txt
21004	21005	hsm/df1d80f0_21005.txt
21005	21006	hsm/f3b8447f_21006.txt
21006	21007	hsm/2d3685e0_21007.txt
21007	21008	hsm/ee92d1bc_21008.txt
21008	21009	hsm/ab7a0172_21009.txt
21009	21010	hsm/543486a3_21010.txt
21010	21011	hsm/0c7ed641_21011.txt
21011	21012	hsm/3f0c2e4d_21012.txt
21012	21013	hsm/65d489fd_21013.txt
21013	21014	hsm/3a6cc489_21014.txt
21014	21015	hsm/a879e79c_21015.txt
21015	21016	hsm/30bc37dc_21016.txt
21016	21017	hsm/0b233e58_21017.txt
21017	21018	hsm/9d39838b_21018.txt
21018	21019	hsm/c85b1a63_21019.txt
21019	21020	hsm/3142857c_21020.txt
21020	21021	hsm/80cf6864_21021.txt
21021	21022	hsm/fb70c5b5_21022.txt
21022	21023	hsm/274d0f45_21023.txt
21023	21024	hsm/229e5187_21024.txt
21024	21025	hsm/f6956ed8_21025.txt
21025	21026	hsm/56572f8d_21026.txt
21026	21027	hsm/138814cc_21027.txt
21027	21028	hsm/3293d20e_21028.txt
21028	21029	hsm/ee795851_21029.txt
21029	21030	hsm/fab4c4ed_21030.txt
21030	21031	hsm/20cb1906_21031.txt
21031	21032	hsm/f7dffec7_21032.txt
21032	21033	hsm/2ff8c569_21033.txt
21033	21034	hsm/d25df0b5_21034.txt
21034	21035	hsm/5f1199df_21035.txt
21035	21036	hsm/d1a176c4_21036.txt
21036	21037	hsm/5af3bd0d_21037.txt
21037	21038	hsm/305f3015_21038.txt
21038	21039	hsm/d05780b4_21039.txt
21039	21040	hsm/ec96166b_21040.txt
21040	21041	hsm/9780b424_21041.txt
21041	21042	hsm/c07c6456_21042.txt
21042	21043	hsm/d6f07630_21043.txt
21043	21044	hsm/8628bb71_21044.txt
21044	21045	hsm/3a2ab09a_21045.txt
21045	21046	hsm/1d42b0b6_21046.txt
21046	21047	hsm/421904e6_21047.txt
21047	21048	hsm/bcedf7a8_21048.txt
21048	21049	hsm/c7155773_21049.txt
21049	21050	hsm/8c6c0a8a_21050.txt
21050	21051	hsm/3ad13ec3_21051.txt
21051	21052	hsm/ee94b534_21052.txt
21052	21053	hsm/4bbbcf51_21053.txt
21053	21054	hsm/b0658c7d_21054.txt
21054	21055	hsm/f25beb2f_21055.txt
21055	21056	hsm/ef51302c_21056.txt
21056	21057	hsm/9548df4b_21057.txt
21057	21058	hsm/9cc89fed_21058.txt
21058	21059	hsm/644f17f1_21059.txt
21059	21060	hsm/970b9503_21060.txt
21060	21061	hsm/948dfd50_21061.txt
21061	21062	hsm/ba88e026_21062.txt
21062	21063	hsm/55cb9002_21063.txt
21063	21064	hsm/2a983850_21064.txt
21064	21065	hsm/ef036139_21065.txt
21065	21066	hsm/b4bea43f_21066.txt
21066	21067	hsm/2829d28d_21067.txt
21067	21068	hsm/2a13faf1_21068.txt
21068	21069	hsm/57f823c4_21069.txt
21069	21070	hsm/6b255e15_21070.txt
21070	21071	hsm/83522266_21071.txt
21071	21072	hsm/99ffc59f_21072.txt
21072	21073	hsm/6168e188_21073.txt
21073	21074	hsm/f9c7db21_21074.txt
21074	21075	hsm/0381a143_21075.txt
21075	21076	hsm/400c86dc_21076.txt
21076	21077	hsm/ae63e5ca_21077.txt
21077	21078	hsm/448745c8_21078.txt
21078	21079	hsm/6e845c15_21079.txt
21079	21080	hsm/8551d47e_21080.txt
21080	21081	hsm/6ea755d1_21081.txt
21081	21082	hsm/49e47333_21082.txt
21082	21083	hsm/bdb0a11b_21083.txt
21083	21084	hsm/993c0a21_21084.txt
21084	21085	hsm/c3bbeeb0_21085.txt
21085	21086	hsm/5a3664aa_21086.txt
21086	21087	hsm/a0538ea2_21087.txt
21087	21088	hsm/cf5b7234_21088.txt
21088	21089	hsm/7f0bcf18_21089.txt
21089	21090	hsm/4efe3982_21090.txt
21090	21091	hsm/b8d139d0_21091.txt
21091	21092	hsm/4e721b49_21092.txt
21092	21093	hsm/2d98de93_21093.txt
21093	21094	hsm/66682f4a_21094.txt
21094	21095	hsm/8a21ba5a_21095.txt
21095	21096	hsm/e6e53737_21096.txt
21096	21097	hsm/15d763ad_21097.txt
21097	21098	hsm/2f43b099_21098.txt
21098	21099	hsm/8f1b49d2_21099.txt
21099	21100	hsm/37cc1532_21100.txt
21100	21101	hsm/885ca37f_21101.txt
21101	21102	hsm/bccd149e_21102.txt
21102	21103	hsm/634b7271_21103.txt
21103	21104	hsm/83cda419_21104.txt
21104	21105	hsm/156ce098_21105.txt
21105	21106	hsm/08561cb2_21106.txt
21106	21107	hsm/71ff05bf_21107.txt
21107	21108	hsm/1be1994e_21108.txt
21108	21109	hsm/f726bd67_21109.txt
21109	21110	hsm/ef9c986d_21110.txt
21110	21111	hsm/ad26161b_21111.txt
21111	21112	hsm/1036cf4c_21112.txt
21112	21113	hsm/7bd24850_21113.txt
21113	21114	hsm/13284f68_21114.txt
21114	21115	hsm/ac23f13d_21115.txt
21115	21116	hsm/7dcadf9e_21116.txt
21116	21117	hsm/d71ca63d_21117.txt
21117	21118	hsm/eb8b9497_21118.txt
21118	21119	hsm/7fe28ba4_21119.txt
21119	21120	hsm/c25ca2b8_21120.txt
21120	21121	hsm/e684d52a_21121.txt
21121	21122	hsm/ef1993fe_21122.txt
21122	21123	hsm/1af98c9d_21123.txt
21123	21124	hsm/77fa5a64_21124.txt
21124	21125	hsm/f37c1357_21125.txt
21125	21126	hsm/56a79274_21126.txt
21126	21127	hsm/bc370b71_21127.txt
21127	21128	hsm/20d6d03b_21128.txt
21128	21129	hsm/9ddbd0d8_21129.txt
21129	21130	hsm/d98b9863_21130.txt
21130	21131	hsm/dc158cb4_21131.txt
21131	21132	hsm/1b6d843b_21132.txt
21132	21133	hsm/64c5e336_21133.txt
21133	21134	hsm/8483a317_21134.txt
21134	21135	hsm/e11ea86d_21135.txt
21135	21136	hsm/e6f56bcc_21136.txt
21136	21137	hsm/de3c30ec_21137.txt
21137	21138	hsm/b1e462a8_21138.txt
21138	21139	hsm/cc9e6ca3_21139.txt
21139	21140	hsm/85c6a489_21140.txt
21140	21141	hsm/d8300ca6_21141.txt
21141	21142	hsm/bc3d2d1d_21142.txt
21142	21143	hsm/5a06d6b2_21143.txt
21143	21144	hsm/fa88d266_21144.txt
21144	21145	hsm/ca6a87cf_21145.txt
21145	21146	hsm/fbc8664e_21146.txt
21146	21147	hsm/3c9b5c38_21147.txt
21147	21148	hsm/c3264195_21148.txt
21148	21149	hsm/2a822d37_21149.txt
21149	21150	hsm/632a2ce7_21150.txt
21150	21151	hsm/fd499cce_21151.txt
21151	21152	hsm/e2ad1f2f_21152.txt
21152	21153	hsm/0244df36_21153.txt
21153	21154	hsm/8fafc46e_21154.txt
21154	21155	hsm/4afaa6ff_21155.txt
21155	21156	hsm/9b7a1cae_21156.txt
21156	21157	hsm/c0c4bbfe_21157.txt
21157	21158	hsm/fe4de586_21158.txt
21158	21159	hsm/9a625a1d_21159.txt
21159	21160	hsm/ee6a17f9_21160.txt
21160	21161	hsm/0dde38a8_21161.txt
21161	21162	hsm/9bc9262b_21162.txt
21162	21163	hsm/4b68db70_21163.txt
21163	21164	hsm/2c620ac4_21164.txt
21164	21165	hsm/3fb9f950_21165.txt
21165	21166	hsm/373a7f47_21166.txt
21166	21167	hsm/9a63d078_21167.txt
21167	21168	hsm/7d7618eb_21168.txt
21168	21169	hsm/3f2b3492_21169.txt
21169	21170	hsm/88fd552b_21170.txt
21170	21171	hsm/c7341976_21171.txt
21171	21172	hsm/49ae7b75_21172.txt
21172	21173	hsm/25696f11_21173.txt
21173	21174	hsm/fce74afa_21174.txt
21174	21175	hsm/5264d360_21175.txt
21175	21176	hsm/e684d52a_21176.txt
21176	21177	hsm/4c1e1095_21177.txt
21177	21178	hsm/6a0fd999_21178.txt
21178	21179	hsm/104c9d04_21179.txt
21179	21180	hsm/e434c411_21180.txt
21180	21181	hsm/1708d5a4_21181.txt
21181	21182	hsm/4aa11bbb_21182.txt
21182	21183	hsm/17c7cece_21183.txt
21183	21184	hsm/a7400826_21184.txt
21184	21185	hsm/2a2ba7b2_21185.txt
21185	21186	hsm/5fa6ab59_21186.txt
21186	21187	hsm/dbb759b7_21187.txt
21187	21188	hsm/0b0c7f21_21188.txt
21188	21189	hsm/eda5abde_21189.txt
21189	21190	hsm/48cfe204_21190.txt
21190	21191	hsm/7d49cb30_21191.txt
21191	21192	hsm/f028d838_21192.txt
21192	21193	hsm/df2d0487_21193.txt
21193	21194	hsm/38a4503f_21194.txt
21194	21195	hsm/f96aabd6_21195.txt
21195	21196	hsm/aef1d998_21196.txt
21196	21197	hsm/85d01f12_21197.txt
21197	21198	hsm/f332921d_21198.txt
21198	21199	hsm/9595201b_21199.txt
21199	21200	hsm/caca7b12_21200.txt
21200	21201	hsm/d56be20e_21201.txt
21201	21202	hsm/84d76fef_21202.txt
21202	21203	hsm/b56fa9c4_21203.txt
21203	21204	hsm/46f2a8c8_21204.txt
21204	21205	hsm/6c4a581d_21205.txt
21205	21206	hsm/f687700c_21206.txt
21206	21207	hsm/ece8599a_21207.txt
21207	21208	hsm/a83b3a83_21208.txt
21208	21209	hsm/78c04b37_21209.txt
21209	21210	hsm/192622e2_21210.txt
21210	21211	hsm/49a52866_21211.txt
21211	21212	hsm/ff0c25dc_21212.txt
21212	21213	hsm/44baf408_21213.txt
21213	21214	hsm/fed501cd_21214.txt
21214	21215	hsm/8dcfff51_21215.txt
21215	21216	hsm/8642cb11_21216.txt
21216	21217	hsm/75fe80ce_21217.txt
21217	21218	hsm/9ae16c29_21218.txt
21218	21219	hsm/d7b07a41_21219.txt
21219	21220	hsm/51e86446_21220.txt
21220	21221	hsm/60c09618_21221.txt
21221	21222	hsm/359e589c_21222.txt
21222	21223	hsm/6660c9b3_21223.txt
21223	21224	hsm/f66f21ba_21224.txt
21224	21225	hsm/8190a63c_21225.txt
21225	21226	hsm/84637bed_21226.txt
21226	21227	hsm/9222718f_21227.txt
21227	21228	hsm/0b90c2c2_21228.txt
21228	21229	hsm/a40d06d2_21229.txt
21229	21230	hsm/d54bf266_21230.txt
21230	21231	hsm/5a8e7a8d_21231.txt
21231	21232	hsm/5d0f5d4d_21232.txt
21232	21233	hsm/dcb8597f_21233.txt
21233	21234	hsm/0085e344_21234.txt
21234	21235	hsm/d156a93f_21235.txt
21235	21236	hsm/4c23f26a_21236.txt
21236	21237	hsm/7c6b270a_21237.txt
21237	21238	hsm/b5f43935_21238.txt
21238	21239	hsm/81b196d4_21239.txt
21239	21240	hsm/10c5d693_21240.txt
21240	21241	hsm/43b1bfa1_21241.txt
21241	21242	hsm/2ce23dcf_21242.txt
21242	21243	hsm/77d40c25_21243.txt
21243	21244	hsm/2aec3eec_21244.txt
21244	21245	hsm/941a60e6_21245.txt
21245	21246	hsm/39bc6964_21246.txt
21246	21247	hsm/f2b6ffc5_21247.txt
21247	21248	hsm/e57ff089_21248.txt
21248	21249	hsm/46f3070a_21249.txt
21249	21250	hsm/a6176ba7_21250.txt
21250	21251	hsm/a0bac841_21251.txt
21251	21252	hsm/89b6805b_21252.txt
21252	21253	hsm/b7d08a77_21253.txt
21253	21254	hsm/17c65b70_21254.txt
21254	21255	hsm/90fea425_21255.txt
21255	21256	hsm/e3ef8288_21256.txt
21256	21257	hsm/c0f03810_21257.txt
21257	21258	hsm/c837a5bc_21258.txt
21258	21259	hsm/1b48a3c9_21259.txt
21259	21260	hsm/bdcfe86b_21260.txt
21260	21261	hsm/f8efe1b8_21261.txt
21261	21262	hsm/9e635b94_21262.txt
21262	21263	hsm/2cc6315a_21263.txt
21263	21264	hsm/b2f2bbfa_21264.txt
21264	21265	hsm/64b8a9cb_21265.txt
21265	21266	hsm/0494a31c_21266.txt
21266	21267	hsm/983aac5e_21267.txt
21267	21268	hsm/e53d88c5_21268.txt
21268	21269	hsm/f6865963_21269.txt
21269	21270	hsm/757a2a36_21270.txt
21270	21271	hsm/6cb1543a_21271.txt
21271	21272	hsm/68fcaf15_21272.txt
21272	21273	hsm/cf670c5d_21273.txt
21273	21274	hsm/be735ef0_21274.txt
21274	21275	hsm/6ae782c5_21275.txt
21275	21276	hsm/e83b96b9_21276.txt
21276	21277	hsm/1d5a45ca_21277.txt
21277	21278	hsm/2dcbc337_21278.txt
21278	21279	hsm/661717dc_21279.txt
21279	21280	hsm/5bf96e90_21280.txt
21280	21281	hsm/c76ea979_21281.txt
21281	21282	hsm/8a8b10fc_21282.txt
21282	21283	hsm/25993c10_21283.txt
21283	21284	hsm/78bc125a_21284.txt
21284	21285	hsm/5a4662c4_21285.txt
21285	21286	hsm/4b1622e3_21286.txt
21286	21287	hsm/53082cef_21287.txt
21287	21288	hsm/3fe58cad_21288.txt
21288	21289	hsm/0cb636d4_21289.txt
21289	21290	hsm/9d145935_21290.txt
21290	21291	hsm/11637cd7_21291.txt
21291	21292	hsm/bc77f420_21292.txt
21292	21293	hsm/d276df43_21293.txt
21293	21294	hsm/1c4f11b6_21294.txt
21294	21295	hsm/c8173fb6_21295.txt
21295	21296	hsm/d3552ff7_21296.txt
21296	21297	hsm/7ca16b35_21297.txt
21297	21298	hsm/799fecaf_21298.txt
21298	21299	hsm/4657b9f9_21299.txt
21299	21300	hsm/44da6c45_21300.txt
21300	21301	hsm/02b7c8d5_21301.txt
21301	21302	hsm/e228898b_21302.txt
21302	21303	hsm/fe5cce9e_21303.txt
21303	21304	hsm/f189de3b_21304.txt
21304	21305	hsm/c48a8717_21305.txt
21305	21306	hsm/63a6c1b9_21306.txt
21306	21307	hsm/ea9914f4_21307.txt
21307	21308	hsm/bacd8848_21308.txt
21308	21309	hsm/191c0cc3_21309.txt
21309	21310	hsm/606ba3cb_21310.txt
21310	21311	hsm/fa75b293_21311.txt
21311	21312	hsm/ba46f95a_21312.txt
21312	21313	hsm/bead72fa_21313.txt
21313	21314	hsm/9664b6ce_21314.txt
21314	21315	hsm/45d7bef3_21315.txt
21315	21316	hsm/bf52b409_21316.txt
21316	21317	hsm/eeb45c24_21317.txt
21317	21318	hsm/d325ffde_21318.txt
21318	21319	hsm/9feb74e5_21319.txt
21319	21320	hsm/251d4f01_21320.txt
21320	21321	hsm/8ae64514_21321.txt
21321	21322	hsm/ac471c1c_21322.txt
21322	21323	hsm/415672fb_21323.txt
21323	21324	hsm/8495962c_21324.txt
21324	21325	hsm/3cbe6d3d_21325.txt
21325	21326	hsm/dca98909_21326.txt
21326	21327	hsm/f3e25737_21327.txt
21327	21328	hsm/f70126d7_21328.txt
21328	21329	hsm/3c44d416_21329.txt
21329	21330	hsm/d47d5621_21330.txt
21330	21331	hsm/43ce2955_21331.txt
21331	21332	hsm/b0f02f4a_21332.txt
21332	21333	hsm/e684d52a_21333.txt
21333	21334	hsm/8e3eeb92_21334.txt
21334	21335	hsm/2da9f6f8_21335.txt
21335	21336	hsm/d50318ee_21336.txt
21336	21337	hsm/d2bf8e1a_21337.txt
21337	21338	hsm/11233897_21338.txt
21338	21339	hsm/c8ee3111_21339.txt
21339	21340	hsm/c6a355a4_21340.txt
21340	21341	hsm/7a0cc9ab_21341.txt
21341	21342	hsm/7a9005ed_21342.txt
21342	21343	hsm/5b8d3b6d_21343.txt
21343	21344	hsm/dbe09bc5_21344.txt
21344	21345	hsm/6509dab0_21345.txt
21345	21346	hsm/7272cf31_21346.txt
21346	21347	hsm/e60322aa_21347.txt
21347	21348	hsm/892b63b5_21348.txt
21348	21349	hsm/511b7a90_21349.txt
21349	21350	hsm/3a28746d_21350.txt
21350	21351	hsm/2308bcc8_21351.txt
21351	21352	hsm/11768a2a_21352.txt
21352	21353	hsm/d2ad0f13_21353.txt
21353	21354	hsm/2d9f85f4_21354.txt
21354	21355	hsm/1f6bbb1e_21355.txt
21355	21356	hsm/99395a0d_21356.txt
21356	21357	hsm/72cf9b36_21357.txt
21357	21358	hsm/a9689cab_21358.txt
21358	21359	hsm/1c010ad4_21359.txt
21359	21360	hsm/3c087ef3_21360.txt
21360	21361	hsm/d21c2482_21361.txt
21361	21362	hsm/4b831660_21362.txt
21362	21363	hsm/e4896097_21363.txt
21363	21364	hsm/8145382e_21364.txt
21364	21365	hsm/49290935_21365.txt
21365	21366	hsm/f739f444_21366.txt
21366	21367	hsm/745a431b_21367.txt
21367	21368	hsm/e6925faf_21368.txt
21368	21369	hsm/c458bc05_21369.txt
21369	21370	hsm/5c76e8b2_21370.txt
21370	21371	hsm/9fa2095e_21371.txt
21371	21372	hsm/2a736b14_21372.txt
21372	21373	hsm/1351e34c_21373.txt
21373	21374	hsm/a61b7fe3_21374.txt
21374	21375	hsm/1fa664c8_21375.txt
21375	21376	hsm/3bf73905_21376.txt
21376	21377	hsm/ea72df05_21377.txt
21377	21378	hsm/fb4e63d8_21378.txt
21378	21379	hsm/b3e628a9_21379.txt
21379	21380	hsm/5d9ed09c_21380.txt
21380	21381	hsm/2eb46ba2_21381.txt
21381	21382	hsm/dfed14e7_21382.txt
21382	21383	hsm/1b01571f_21383.txt
21383	21384	hsm/86169553_21384.txt
21384	21385	hsm/4f3ecc19_21385.txt
21385	21386	hsm/15415d56_21386.txt
21386	21387	hsm/250a58d4_21387.txt
21387	21388	hsm/dcd40dcc_21388.txt
21388	21389	hsm/c825f225_21389.txt
21389	21390	hsm/fb770a7e_21390.txt
21390	21391	hsm/e684d52a_21391.txt
21391	21392	hsm/1793c9e5_21392.txt
21392	21393	hsm/8afc393b_21393.txt
21393	21394	hsm/f0c9e69b_21394.txt
21394	21395	hsm/d91d21e6_21395.txt
21395	21396	hsm/7edbf267_21396.txt
21396	21397	hsm/1b94e362_21397.txt
21397	21398	hsm/c3262362_21398.txt
21398	21399	hsm/d51a5538_21399.txt
21399	21400	hsm/4e389e80_21400.txt
21400	21401	hsm/498b74a5_21401.txt
21401	21402	hsm/93e3589e_21402.txt
21402	21403	hsm/23489fb6_21403.txt
21403	21404	hsm/1f50ceb4_21404.txt
21404	21405	hsm/bed28b14_21405.txt
21405	21406	hsm/cae88fe7_21406.txt
21406	21407	hsm/52064948_21407.txt
21407	21408	hsm/96bb5dfa_21408.txt
21408	21409	hsm/f45fae4e_21409.txt
21409	21410	hsm/02c99cef_21410.txt
21410	21411	hsm/b5b936d5_21411.txt
21411	21412	hsm/ee26b6e2_21412.txt
21412	21413	hsm/3000693b_21413.txt
21413	21414	hsm/76e15133_21414.txt
21414	21415	hsm/d3cf8840_21415.txt
21415	21416	hsm/dc602685_21416.txt
21416	21417	hsm/31c44cbf_21417.txt
21417	21418	hsm/007fb79b_21418.txt
21418	21419	hsm/3a4eb208_21419.txt
21419	21420	hsm/d286e9a6_21420.txt
21420	21421	hsm/8d346585_21421.txt
21421	21422	hsm/da7b5d2d_21422.txt
21422	21423	hsm/17cc4c4e_21423.txt
21423	21424	hsm/6a89f937_21424.txt
21424	21425	hsm/236e1ebc_21425.txt
21425	21426	hsm/2f86ac87_21426.txt
21426	21427	hsm/dba86eb3_21427.txt
21427	21428	hsm/404660b7_21428.txt
21428	21429	hsm/9f413c7e_21429.txt
21429	21430	hsm/fb2ff218_21430.txt
21430	21431	hsm/e9489765_21431.txt
21431	21432	hsm/2eb564e4_21432.txt
21432	21433	hsm/5b0bdcc6_21433.txt
21433	21434	hsm/3fe836ac_21434.txt
21434	21435	hsm/1d64c870_21435.txt
21435	21436	hsm/9c41399a_21436.txt
21436	21437	hsm/6e72d12c_21437.txt
21437	21438	hsm/7c39b931_21438.txt
21438	21439	hsm/7f28c4ee_21439.txt
21439	21440	hsm/38787773_21440.txt
21440	21441	hsm/88e620bf_21441.txt
21441	21442	hsm/d50b1e8f_21442.txt
21442	21443	hsm/acdf5b1e_21443.txt
21443	21444	hsm/4c30eae3_21444.txt
21444	21445	hsm/4a3c9e0e_21445.txt
21445	21446	hsm/d556bf46_21446.txt
21446	21447	hsm/0eabc715_21447.txt
21447	21448	hsm/2c93252d_21448.txt
21448	21449	hsm/acee27dc_21449.txt
21449	21450	hsm/989352a5_21450.txt
21450	21451	hsm/133b4faa_21451.txt
21451	21452	hsm/211555db_21452.txt
21452	21453	hsm/71f84db1_21453.txt
21453	21454	hsm/12a3f710_21454.txt
21454	21455	hsm/1da80ac3_21455.txt
21455	21456	hsm/b37c6036_21456.txt
21456	21457	hsm/a855b5ef_21457.txt
21457	21458	hsm/c6e89336_21458.txt
21458	21459	hsm/811f3e1a_21459.txt
21459	21460	hsm/4ba5e58c_21460.txt
21460	21461	hsm/e9b6d2a2_21461.txt
21461	21462	hsm/916c3db6_21462.txt
21462	21463	hsm/0c82f078_21463.txt
21463	21464	hsm/25309161_21464.txt
21464	21465	hsm/0610bf94_21465.txt
21465	21466	hsm/3b0cca16_21466.txt
21466	21467	hsm/aa2417ae_21467.txt
21467	21468	hsm/65cb441d_21468.txt
21468	21469	hsm/975892f0_21469.txt
21469	21470	hsm/42bd86eb_21470.txt
21470	21471	hsm/f55241f7_21471.txt
21471	21472	hsm/dcfca61c_21472.txt
21472	21473	hsm/ee3a17bd_21473.txt
21473	21474	hsm/d1b5fd37_21474.txt
21474	21475	hsm/863f60f8_21475.txt
21475	21476	hsm/8d41f852_21476.txt
21476	21477	hsm/d83ea3af_21477.txt
21477	21478	hsm/65b5836f_21478.txt
21478	21479	hsm/d47d5621_21479.txt
21479	21480	hsm/43ce2955_21480.txt
21480	21481	hsm/28349dfa_21481.txt
21481	21482	hsm/e684d52a_21482.txt
21482	21483	hsm/20cbb711_21483.txt
21483	21484	hsm/f468267a_21484.txt
21484	21485	hsm/28d39da6_21485.txt
21485	21486	hsm/84c037c7_21486.txt
21486	21487	hsm/78dfd85f_21487.txt
21487	21488	hsm/e8c1e6a7_21488.txt
21488	21489	hsm/9cc66921_21489.txt
21489	21490	hsm/c1f50b7d_21490.txt
21490	21491	hsm/99332a86_21491.txt
21491	21492	hsm/496c9e27_21492.txt
21492	21493	hsm/99fa9963_21493.txt
21493	21494	hsm/29641960_21494.txt
21494	21495	hsm/7f76881b_21495.txt
21495	21496	hsm/78ad4bde_21496.txt
21496	21497	hsm/39e897cb_21497.txt
21497	21498	hsm/431fde68_21498.txt
21498	21499	hsm/f72a9d70_21499.txt
21499	21500	hsm/1eb29c6d_21500.txt
21500	21501	hsm/19facea6_21501.txt
21501	21502	hsm/ecf4594c_21502.txt
21502	21503	hsm/f8f42540_21503.txt
21503	21504	hsm/95280ceb_21504.txt
21504	21505	hsm/70d2540e_21505.txt
21505	21506	hsm/94459056_21506.txt
21506	21507	hsm/662226da_21507.txt
21507	21508	hsm/5b5f2c22_21508.txt
21508	21509	hsm/a6aa59c8_21509.txt
21509	21510	hsm/78bc125a_21510.txt
21510	21511	hsm/5a4662c4_21511.txt
21511	21512	hsm/4b1622e3_21512.txt
21512	21513	hsm/53082cef_21513.txt
21513	21514	hsm/3fe58cad_21514.txt
21514	21515	hsm/0cb636d4_21515.txt
21515	21516	hsm/9d145935_21516.txt
21516	21517	hsm/11637cd7_21517.txt
21517	21518	hsm/560ee681_21518.txt
21518	21519	hsm/f55bbb60_21519.txt
21519	21520	hsm/8a29c5d6_21520.txt
21520	21521	hsm/3df1019e_21521.txt
21521	21522	hsm/f9bd0fa0_21522.txt
21522	21523	hsm/31d1f212_21523.txt
21523	21524	hsm/c7b1675f_21524.txt
21524	21525	hsm/33f0f328_21525.txt
21525	21526	hsm/c44c9e95_21526.txt
21526	21527	hsm/279fc87b_21527.txt
21527	21528	hsm/fa57395d_21528.txt
21528	21529	hsm/a2770001_21529.txt
21529	21530	hsm/53361b45_21530.txt
21530	21531	hsm/988077e3_21531.txt
21531	21532	hsm/6370a572_21532.txt
21532	21533	hsm/ceed3e38_21533.txt
21533	21534	hsm/5a9ce868_21534.txt
21534	21535	hsm/56cb63ad_21535.txt
21535	21536	hsm/3187229e_21536.txt
21536	21537	hsm/7dab0760_21537.txt
21537	21538	hsm/56ffaa67_21538.txt
21538	21539	hsm/ad083977_21539.txt
21539	21540	hsm/f52bd42c_21540.txt
21540	21541	hsm/e872e13f_21541.txt
21541	21542	hsm/4e6f4be6_21542.txt
21542	21543	hsm/be5b27bb_21543.txt
21543	21544	hsm/b97704c2_21544.txt
21544	21545	hsm/5503926a_21545.txt
21545	21546	hsm/12709027_21546.txt
21546	21547	hsm/76d72ba0_21547.txt
21547	21548	hsm/0fd54d1c_21548.txt
21548	21549	hsm/1a83e35a_21549.txt
21549	21550	hsm/d4bf303d_21550.txt
21550	21551	hsm/d645c29a_21551.txt
21551	21552	hsm/44072ab0_21552.txt
21552	21553	hsm/fd64cb20_21553.txt
21553	21554	hsm/7493c393_21554.txt
21554	21555	hsm/f4d65cf9_21555.txt
21555	21556	hsm/3d2d3623_21556.txt
21556	21557	hsm/fdd0be3e_21557.txt
21557	21558	hsm/9c75a3fc_21558.txt
21558	21559	hsm/4141c227_21559.txt
21559	21560	hsm/b817ab41_21560.txt
21560	21561	hsm/bc97f432_21561.txt
21561	21562	hsm/d0fe6f9f_21562.txt
21562	21563	hsm/f7981f0d_21563.txt
21563	21564	hsm/3e1bc98c_21564.txt
21564	21565	hsm/54e9da4b_21565.txt
21565	21566	hsm/f6d91039_21566.txt
21566	21567	hsm/dc77ab48_21567.txt
21567	21568	hsm/45d61574_21568.txt
21568	21569	hsm/73ff278f_21569.txt
21569	21570	hsm/73219526_21570.txt
21570	21571	hsm/79446e08_21571.txt
21571	21572	hsm/561bcd6d_21572.txt
21572	21573	hsm/1393a38e_21573.txt
21573	21574	hsm/c2881c8e_21574.txt
21574	21575	hsm/dda5edd3_21575.txt
21575	21576	hsm/c2c99a82_21576.txt
21576	21577	hsm/26ead427_21577.txt
21577	21578	hsm/805c5baa_21578.txt
21578	21579	hsm/49bb3deb_21579.txt
21579	21580	hsm/19e5abfe_21580.txt
21580	21581	hsm/777bcbee_21581.txt
21581	21582	hsm/09504651_21582.txt
21582	21583	hsm/e838a026_21583.txt
21583	21584	hsm/94a9526b_21584.txt
21584	21585	hsm/154b782c_21585.txt
21585	21586	hsm/eb6f14a7_21586.txt
21586	21587	hsm/53c23789_21587.txt
21587	21588	hsm/becc17f7_21588.txt
21588	21589	hsm/849b5345_21589.txt
21589	21590	hsm/5cadc471_21590.txt
21590	21591	hsm/f1e87c83_21591.txt
21591	21592	hsm/a9f33b7a_21592.txt
21592	21593	hsm/d93e930a_21593.txt
21593	21594	hsm/29245787_21594.txt
21594	21595	hsm/2e558fae_21595.txt
21595	21596	hsm/8fb7d453_21596.txt
21596	21597	hsm/3010b334_21597.txt
21597	21598	hsm/6b783ae1_21598.txt
21598	21599	hsm/12ce3ff5_21599.txt
21599	21600	hsm/5082eed6_21600.txt
21600	21601	hsm/4b31d621_21601.txt
21601	21602	hsm/cdfab558_21602.txt
21602	21603	hsm/1cb157b4_21603.txt
21603	21604	hsm/eb2ab938_21604.txt
21604	21605	hsm/e5d71fae_21605.txt
21605	21606	hsm/5242a1e5_21606.txt
21606	21607	hsm/7af87336_21607.txt
21607	21608	hsm/d9760359_21608.txt
21608	21609	hsm/76571a13_21609.txt
21609	21610	hsm/d44790ec_21610.txt
21610	21611	hsm/bdc79cca_21611.txt
21611	21612	hsm/99659d28_21612.txt
21612	21613	hsm/ede95e0f_21613.txt
21613	21614	hsm/5222e459_21614.txt
21614	21615	hsm/dc56ea3a_21615.txt
21615	21616	hsm/1669ea3a_21616.txt
21616	21617	hsm/a41d4b09_21617.txt
21617	21618	hsm/e49e00f1_21618.txt
21618	21619	hsm/63dc2572_21619.txt
21619	21620	hsm/d3604c20_21620.txt
21620	21621	hsm/9a447ad5_21621.txt
21621	21622	hsm/19d759fc_21622.txt
21622	21623	hsm/e8ddfdf9_21623.txt
21623	21624	hsm/8dd49559_21624.txt
21624	21625	hsm/733b8cd7_21625.txt
21625	21626	hsm/fda64930_21626.txt
21626	21627	hsm/029fb663_21627.txt
21627	21628	hsm/18be3882_21628.txt
21628	21629	hsm/0baed7b5_21629.txt
21629	21630	hsm/b437b500_21630.txt
21630	21631	hsm/baf967d0_21631.txt
21631	21632	hsm/0ce4b8db_21632.txt
21632	21633	hsm/ead5563e_21633.txt
21633	21634	hsm/d2a93e71_21634.txt
21634	21635	hsm/b05818bd_21635.txt
21635	21636	hsm/0e94946a_21636.txt
21636	21637	hsm/1809daa5_21637.txt
21637	21638	hsm/93e8d44e_21638.txt
21638	21639	hsm/5bfead33_21639.txt
21639	21640	hsm/ef0ab9bb_21640.txt
21640	21641	hsm/f54444e6_21641.txt
21641	21642	hsm/e9bd29d2_21642.txt
21642	21643	hsm/487dc220_21643.txt
21643	21644	hsm/4fc16d6d_21644.txt
21644	21645	hsm/700608c8_21645.txt
21645	21646	hsm/d6a4019d_21646.txt
21646	21647	hsm/61b371af_21647.txt
21647	21648	hsm/0a1fd15a_21648.txt
21648	21649	hsm/6ca8cf48_21649.txt
21649	21650	hsm/ab4ffab9_21650.txt
21650	21651	hsm/c5249158_21651.txt
21651	21652	hsm/db4d03a6_21652.txt
21652	21653	hsm/2ae8d5d5_21653.txt
21653	21654	hsm/1b1e261d_21654.txt
21654	21655	hsm/52750d87_21655.txt
21655	21656	hsm/da7ceba9_21656.txt
21656	21657	hsm/d47d5621_21657.txt
21657	21658	hsm/5261b467_21658.txt
21658	21659	hsm/5bb96f74_21659.txt
21659	21660	hsm/e684d52a_21660.txt
21660	21661	hsm/7536c9cc_21661.txt
21661	21662	hsm/972e73cf_21662.txt
21662	21663	hsm/ea8eb781_21663.txt
21663	21664	hsm/65172743_21664.txt
21664	21665	hsm/6cc7a0d8_21665.txt
21665	21666	hsm/ea79f661_21666.txt
21666	21667	hsm/67ce8c88_21667.txt
21667	21668	hsm/fbecf3ef_21668.txt
21668	21669	hsm/ead048aa_21669.txt
21669	21670	hsm/75b45e59_21670.txt
21670	21671	hsm/81c89bb3_21671.txt
21671	21672	hsm/b77c9d05_21672.txt
21672	21673	hsm/595cf15d_21673.txt
21673	21674	hsm/b7b2a992_21674.txt
21674	21675	hsm/e49563f2_21675.txt
21675	21676	hsm/cd186e24_21676.txt
21676	21677	hsm/c38117f3_21677.txt
21677	21678	hsm/73bc54fa_21678.txt
21678	21679	hsm/4ae9df47_21679.txt
21679	21680	hsm/293eb14c_21680.txt
21680	21681	hsm/e82d3281_21681.txt
21681	21682	hsm/dd9c6797_21682.txt
21682	21683	hsm/bf8b1cc3_21683.txt
21683	21684	hsm/38f41d0f_21684.txt
21684	21685	hsm/4ae0b0c8_21685.txt
21685	21686	hsm/8ce07bca_21686.txt
21686	21687	hsm/1f000d7a_21687.txt
21687	21688	hsm/daf0eb8c_21688.txt
21688	21689	hsm/ba4794dd_21689.txt
21689	21690	hsm/0dab5937_21690.txt
21690	21691	hsm/36841302_21691.txt
21691	21692	hsm/cb9a6027_21692.txt
21692	21693	hsm/33b25d7d_21693.txt
21693	21694	hsm/0d2541d1_21694.txt
21694	21695	hsm/18dc0c25_21695.txt
21695	21696	hsm/c8bf7dd4_21696.txt
21696	21697	hsm/eacc5243_21697.txt
21697	21698	hsm/9b50f484_21698.txt
21698	21699	hsm/d7424e8f_21699.txt
21699	21700	hsm/60f8cff2_21700.txt
21700	21701	hsm/ab587c35_21701.txt
21701	21702	hsm/c0e9c0ac_21702.txt
21702	21703	hsm/d7cf023a_21703.txt
21703	21704	hsm/d4a53cc7_21704.txt
21704	21705	hsm/401ab912_21705.txt
21705	21706	hsm/e7b8a65b_21706.txt
21706	21707	hsm/201ad1a5_21707.txt
21707	21708	hsm/4d2821e9_21708.txt
21708	21709	hsm/50066110_21709.txt
21709	21710	hsm/09c74e93_21710.txt
21710	21711	hsm/2a39c5f3_21711.txt
21711	21712	hsm/c0fcba04_21712.txt
21712	21713	hsm/e6534ffc_21713.txt
21713	21714	hsm/f9920015_21714.txt
21714	21715	hsm/d3359fa5_21715.txt
21715	21716	hsm/729fe920_21716.txt
21716	21717	hsm/211127cd_21717.txt
21717	21718	hsm/b6b9771a_21718.txt
21718	21719	hsm/3e41fbed_21719.txt
21719	21720	hsm/cb2f3a2b_21720.txt
21720	21721	hsm/ecdba04c_21721.txt
21721	21722	hsm/ca79169b_21722.txt
21722	21723	hsm/cec63aca_21723.txt
21723	21724	hsm/b3f2c81c_21724.txt
21724	21725	hsm/97c63437_21725.txt
21725	21726	hsm/91abcae0_21726.txt
21726	21727	hsm/9c3adeac_21727.txt
21727	21728	hsm/9db52302_21728.txt
21728	21729	hsm/f7e7bdd6_21729.txt
21729	21730	hsm/d7d5173b_21730.txt
21730	21731	hsm/a6329735_21731.txt
21731	21732	hsm/07c847f2_21732.txt
21732	21733	hsm/12247948_21733.txt
21733	21734	hsm/bd7ea8df_21734.txt
21734	21735	hsm/ff15182f_21735.txt
21735	21736	hsm/2db91d9d_21736.txt
21736	21737	hsm/4bf0c7cf_21737.txt
21737	21738	hsm/b2e1b452_21738.txt
21738	21739	hsm/d45b526f_21739.txt
21739	21740	hsm/33f97980_21740.txt
21740	21741	hsm/fc819cd1_21741.txt
21741	21742	hsm/741edf1c_21742.txt
21742	21743	hsm/42f01694_21743.txt
21743	21744	hsm/fd2785fe_21744.txt
21744	21745	hsm/d7724a4d_21745.txt
21745	21746	hsm/9fe8ad89_21746.txt
21746	21747	hsm/4403ad26_21747.txt
21747	21748	hsm/50e79294_21748.txt
21748	21749	hsm/ce24e183_21749.txt
21749	21750	hsm/990d5138_21750.txt
21750	21751	hsm/a7bb0268_21751.txt
21751	21752	hsm/38880b0f_21752.txt
21752	21753	hsm/56833fb4_21753.txt
21753	21754	hsm/37769755_21754.txt
21754	21755	hsm/3de489c3_21755.txt
21755	21756	hsm/a74e8003_21756.txt
21756	21757	hsm/66873bd5_21757.txt
21757	21758	hsm/3c5e200d_21758.txt
21758	21759	hsm/f879f0d7_21759.txt
21759	21760	hsm/521cbf87_21760.txt
21760	21761	hsm/7311bcdc_21761.txt
21761	21762	hsm/ff999b3e_21762.txt
21762	21763	hsm/c01f70c2_21763.txt
21763	21764	hsm/a28f43e2_21764.txt
21764	21765	hsm/0de6afe5_21765.txt
21765	21766	hsm/13297bf3_21766.txt
21766	21767	hsm/37506aef_21767.txt
21767	21768	hsm/d9f19055_21768.txt
21768	21769	hsm/41b1da14_21769.txt
21769	21770	hsm/a563aa00_21770.txt
21770	21771	hsm/ac8e4b7a_21771.txt
21771	21772	hsm/d008c20f_21772.txt
21772	21773	hsm/78d25af3_21773.txt
21773	21774	hsm/1841152b_21774.txt
21774	21775	hsm/b039707c_21775.txt
21775	21776	hsm/f995290b_21776.txt
21776	21777	hsm/d93e1028_21777.txt
21777	21778	hsm/4894be4c_21778.txt
21778	21779	hsm/83154571_21779.txt
21779	21780	hsm/03385158_21780.txt
21780	21781	hsm/2ead74f8_21781.txt
21781	21782	hsm/505c786c_21782.txt
21782	21783	hsm/240b9ec4_21783.txt
21783	21784	hsm/e1a6196a_21784.txt
21784	21785	hsm/fd68c95a_21785.txt
21785	21786	hsm/1f532aa0_21786.txt
21786	21787	hsm/61ae4678_21787.txt
21787	21788	hsm/b764339c_21788.txt
21788	21789	hsm/abe68cf5_21789.txt
21789	21790	hsm/ed112e45_21790.txt
21790	21791	hsm/bd0aa319_21791.txt
21791	21792	hsm/e3298fb0_21792.txt
21792	21793	hsm/6060b3fc_21793.txt
21793	21794	hsm/c053f3f2_21794.txt
21794	21795	hsm/36850912_21795.txt
21795	21796	hsm/310d0bd9_21796.txt
21796	21797	hsm/9f8fac77_21797.txt
21797	21798	hsm/806014de_21798.txt
21798	21799	hsm/5bc42f46_21799.txt
21799	21800	hsm/c86fee7c_21800.txt
21800	21801	hsm/e80d0134_21801.txt
21801	21802	hsm/2527d1b7_21802.txt
21802	21803	hsm/29078196_21803.txt
21803	21804	hsm/4e456088_21804.txt
21804	21805	hsm/ce541cb8_21805.txt
21805	21806	hsm/61a68e97_21806.txt
21806	21807	hsm/d5571e25_21807.txt
21807	21808	hsm/d191c07f_21808.txt
21808	21809	hsm/4eba406d_21809.txt
21809	21810	hsm/14a2766e_21810.txt
21810	21811	hsm/9c7c93c4_21811.txt
21811	21812	hsm/c41cac64_21812.txt
21812	21813	hsm/5c6162c7_21813.txt
21813	21814	hsm/21a38170_21814.txt
21814	21815	hsm/74b84a72_21815.txt
21815	21816	hsm/03d8912e_21816.txt
21816	21817	hsm/8ab4d18c_21817.txt
21817	21818	hsm/cfdf7117_21818.txt
21818	21819	hsm/fd411b92_21819.txt
21819	21820	hsm/5bdf6397_21820.txt
21820	21821	hsm/90ad575f_21821.txt
21821	21822	hsm/f22a150b_21822.txt
21822	21823	hsm/f265cdca_21823.txt
21823	21824	hsm/91da785c_21824.txt
21824	21825	hsm/83c79fbc_21825.txt
21825	21826	hsm/b0f221c9_21826.txt
21826	21827	hsm/d8bf70af_21827.txt
21827	21828	hsm/5588cda7_21828.txt
21828	21829	hsm/c3f9ad3b_21829.txt
21829	21830	hsm/de7e9471_21830.txt
21830	21831	hsm/f672f08b_21831.txt
21831	21832	hsm/272ba27d_21832.txt
21832	21833	hsm/6e242704_21833.txt
21833	21834	hsm/b1b817c8_21834.txt
21834	21835	hsm/9608f132_21835.txt
21835	21836	hsm/61d94f32_21836.txt
21836	21837	hsm/45331763_21837.txt
21837	21838	hsm/d8843e94_21838.txt
21838	21839	hsm/cc3042d5_21839.txt
21839	21840	hsm/f625d4a4_21840.txt
21840	21841	hsm/104f20a8_21841.txt
21841	21842	hsm/d7f7bc3b_21842.txt
21842	21843	hsm/7b34d4b6_21843.txt
21843	21844	hsm/fff6be21_21844.txt
21844	21845	hsm/ea3d1f7d_21845.txt
21845	21846	hsm/351ff2b1_21846.txt
21846	21847	hsm/c4a27bd7_21847.txt
21847	21848	hsm/bcd3e446_21848.txt
21848	21849	hsm/c5d5ab4b_21849.txt
21849	21850	hsm/eacd7ec0_21850.txt
21850	21851	hsm/3c957ac7_21851.txt
21851	21852	hsm/0330c0b7_21852.txt
21852	21853	hsm/1f0ae9b7_21853.txt
21853	21854	hsm/68d3ae02_21854.txt
21854	21855	hsm/b61e200d_21855.txt
21855	21856	hsm/4bbceab9_21856.txt
21856	21857	hsm/41ab2b16_21857.txt
21857	21858	hsm/03b1434b_21858.txt
21858	21859	hsm/37aa0f2a_21859.txt
21859	21860	hsm/624168a7_21860.txt
21860	21861	hsm/8b2e14ce_21861.txt
21861	21862	hsm/29f336a1_21862.txt
21862	21863	hsm/59672819_21863.txt
21863	21864	hsm/5fda9cee_21864.txt
21864	21865	hsm/782e6a9f_21865.txt
21865	21866	hsm/cce9e8cb_21866.txt
21866	21867	hsm/51621262_21867.txt
21867	21868	hsm/4df0dec6_21868.txt
21868	21869	hsm/faf12e97_21869.txt
21869	21870	hsm/38b494f6_21870.txt
21870	21871	hsm/5916cb1e_21871.txt
21871	21872	hsm/c507c934_21872.txt
21872	21873	hsm/c884200d_21873.txt
21873	21874	hsm/232caa7c_21874.txt
21874	21875	hsm/15bf9f77_21875.txt
21875	21876	hsm/5d7384ef_21876.txt
21876	21877	hsm/2a6701ab_21877.txt
21877	21878	hsm/89cc9ed2_21878.txt
21878	21879	hsm/23e09958_21879.txt
21879	21880	hsm/f99cea50_21880.txt
21880	21881	hsm/19adf0a6_21881.txt
21881	21882	hsm/73a5a0a2_21882.txt
21882	21883	hsm/1aea3292_21883.txt
21883	21884	hsm/b3c2b1ba_21884.txt
21884	21885	hsm/59602054_21885.txt
21885	21886	hsm/72b107c3_21886.txt
21886	21887	hsm/dc943493_21887.txt
21887	21888	hsm/3958bec3_21888.txt
21888	21889	hsm/a1bd869e_21889.txt
21889	21890	hsm/74ea57cc_21890.txt
21890	21891	hsm/4c9489de_21891.txt
21891	21892	hsm/db98ff5a_21892.txt
21892	21893	hsm/ada674ab_21893.txt
21893	21894	hsm/db5f9dd5_21894.txt
21894	21895	hsm/d1d7d1b4_21895.txt
21895	21896	hsm/59364366_21896.txt
21896	21897	hsm/7863277e_21897.txt
21897	21898	hsm/c163af6c_21898.txt
21898	21899	hsm/b1831293_21899.txt
21899	21900	hsm/2d6b4261_21900.txt
21900	21901	hsm/d5e43b8d_21901.txt
21901	21902	hsm/b62c777a_21902.txt
21902	21903	hsm/2e066d88_21903.txt
21903	21904	hsm/63c2f2d8_21904.txt
21904	21905	hsm/8111ef5c_21905.txt
21905	21906	hsm/00ae0f76_21906.txt
21906	21907	hsm/059cc9f8_21907.txt
21907	21908	hsm/a5c67227_21908.txt
21908	21909	hsm/18a6db15_21909.txt
21909	21910	hsm/dd95cd2f_21910.txt
21910	21911	hsm/0b7647bd_21911.txt
21911	21912	hsm/f4790eb8_21912.txt
21912	21913	hsm/32546305_21913.txt
21913	21914	hsm/ee261fd7_21914.txt
21914	21915	hsm/ee689c3f_21915.txt
21915	21916	hsm/1605b91a_21916.txt
21916	21917	hsm/6acb1435_21917.txt
21917	21918	hsm/bd1782aa_21918.txt
21918	21919	hsm/c05bb52b_21919.txt
21919	21920	hsm/1449a9c7_21920.txt
21920	21921	hsm/1d06ab71_21921.txt
21921	21922	hsm/6c846444_21922.txt
21922	21923	hsm/ec0920c5_21923.txt
21923	21924	hsm/59bd6a05_21924.txt
21924	21925	hsm/ce80bad5_21925.txt
21925	21926	hsm/fc1a376f_21926.txt
21926	21927	hsm/232c0cf3_21927.txt
21927	21928	hsm/70de01b5_21928.txt
21928	21929	hsm/4ef7dc21_21929.txt
21929	21930	hsm/c8d6b273_21930.txt
21930	21931	hsm/b0283176_21931.txt
21931	21932	hsm/2001fb10_21932.txt
21932	21933	hsm/cdca7210_21933.txt
21933	21934	hsm/5ac4b45d_21934.txt
21934	21935	hsm/0b9bb1e6_21935.txt
21935	21936	hsm/9c563a21_21936.txt
21936	21937	hsm/8ca22a2c_21937.txt
21937	21938	hsm/7dca9f20_21938.txt
21938	21939	hsm/3d31007f_21939.txt
21939	21940	hsm/94c67a2a_21940.txt
21940	21941	hsm/441fa385_21941.txt
21941	21942	hsm/5fe4c7a2_21942.txt
21942	21943	hsm/ec81ccfd_21943.txt
21943	21944	hsm/4f2beb1d_21944.txt
21944	21945	hsm/02ff2267_21945.txt
21945	21946	hsm/f446ec23_21946.txt
21946	21947	hsm/59fa6656_21947.txt
21947	21948	hsm/464d3adc_21948.txt
21948	21949	hsm/5dd27a50_21949.txt
21949	21950	hsm/c99e87a0_21950.txt
21950	21951	hsm/20830262_21951.txt
21951	21952	hsm/042aa5c6_21952.txt
21952	21953	hsm/4f67d5df_21953.txt
21953	21954	hsm/85e84a93_21954.txt
21954	21955	hsm/80fad481_21955.txt
21955	21956	hsm/b83a9366_21956.txt
21956	21957	hsm/e366b984_21957.txt
21957	21958	hsm/0482f048_21958.txt
21958	21959	hsm/2befe037_21959.txt
21959	21960	hsm/f7faa934_21960.txt
21960	21961	hsm/be9a2641_21961.txt
21961	21962	hsm/28c91e7d_21962.txt
21962	21963	hsm/4659f17f_21963.txt
21963	21964	hsm/a73b738d_21964.txt
21964	21965	hsm/2077d7d1_21965.txt
21965	21966	hsm/b2ac02ae_21966.txt
21966	21967	hsm/de5cb9a5_21967.txt
21967	21968	hsm/77602916_21968.txt
21968	21969	hsm/23284fe1_21969.txt
21969	21970	hsm/1e94bcc7_21970.txt
21970	21971	hsm/1f8932f3_21971.txt
21971	21972	hsm/67787aa4_21972.txt
21972	21973	hsm/2a18d7c3_21973.txt
21973	21974	hsm/57732a2e_21974.txt
21974	21975	hsm/9f47db0f_21975.txt
21975	21976	hsm/be36d177_21976.txt
21976	21977	hsm/a5ee991b_21977.txt
21977	21978	hsm/b7430f16_21978.txt
21978	21979	hsm/e1e64bcc_21979.txt
21979	21980	hsm/b3e10b23_21980.txt
21980	21981	hsm/51490b36_21981.txt
21981	21982	hsm/a5739d29_21982.txt
21982	21983	hsm/5dc640d7_21983.txt
21983	21984	hsm/f3a72bce_21984.txt
21984	21985	hsm/d228c072_21985.txt
21985	21986	hsm/78ce7ca7_21986.txt
21986	21987	hsm/f1844d01_21987.txt
21987	21988	hsm/e9cbf99a_21988.txt
21988	21989	hsm/d9e3222e_21989.txt
21989	21990	hsm/be0d355a_21990.txt
21990	21991	hsm/dc716ffb_21991.txt
21991	21992	hsm/69c6c88e_21992.txt
21992	21993	hsm/37042726_21993.txt
21993	21994	hsm/3506eb8e_21994.txt
21994	21995	hsm/d6517b96_21995.txt
21995	21996	hsm/0cf0655a_21996.txt
21996	21997	hsm/848d22c4_21997.txt
21997	21998	hsm/27358f61_21998.txt
21998	21999	hsm/09826fea_21999.txt
21999	22000	hsm/7571ca4d_22000.txt
22000	22001	hsm/a1ece78c_22001.txt
22001	22002	hsm/39d4581f_22002.txt
22002	22003	hsm/76571a13_22003.txt
22003	22004	hsm/76738769_22004.txt
22004	22005	hsm/7c16d7eb_22005.txt
22005	22006	hsm/b90bf442_22006.txt
22006	22007	hsm/4efa388a_22007.txt
22007	22008	hsm/19812a9c_22008.txt
22008	22009	hsm/1e404fd6_22009.txt
22009	22010	hsm/63dd59e7_22010.txt
22010	22011	hsm/0f7b52fc_22011.txt
22011	22012	hsm/eff0593d_22012.txt
22012	22013	hsm/9f0bcee1_22013.txt
22013	22014	hsm/268e5fe0_22014.txt
22014	22015	hsm/f027359d_22015.txt
22015	22016	hsm/eb7d03e5_22016.txt
22016	22017	hsm/496245ae_22017.txt
22017	22018	hsm/d027c229_22018.txt
22018	22019	hsm/4a0536b9_22019.txt
22019	22020	hsm/5e1e8fee_22020.txt
22020	22021	hsm/bc84bacb_22021.txt
22021	22022	hsm/313da63d_22022.txt
22022	22023	hsm/9bd60643_22023.txt
22023	22024	hsm/83cd30f6_22024.txt
22024	22025	hsm/60697693_22025.txt
22025	22026	hsm/f3479155_22026.txt
22026	22027	hsm/c07a1cb4_22027.txt
22027	22028	hsm/78624ee7_22028.txt
22028	22029	hsm/e45ba7fb_22029.txt
22029	22030	hsm/cf2ee816_22030.txt
22030	22031	hsm/e8e483a3_22031.txt
22031	22032	hsm/1fd1d229_22032.txt
22032	22033	hsm/faf9f4ec_22033.txt
22033	22034	hsm/9fc2cb01_22034.txt
22034	22035	hsm/644dd950_22035.txt
22035	22036	hsm/df06207b_22036.txt
22036	22037	hsm/fb492233_22037.txt
22037	22038	hsm/f90aecbf_22038.txt
22038	22039	hsm/4e6b8aae_22039.txt
22039	22040	hsm/5b4bf72e_22040.txt
22040	22041	hsm/96bcbbe1_22041.txt
22041	22042	hsm/1389fabe_22042.txt
22042	22043	hsm/8b95374e_22043.txt
22043	22044	hsm/8d19519a_22044.txt
22044	22045	hsm/33074e10_22045.txt
22045	22046	hsm/229b9082_22046.txt
22046	22047	hsm/2f8dab1c_22047.txt
22047	22048	hsm/27969978_22048.txt
22048	22049	hsm/71ee4ffe_22049.txt
22049	22050	hsm/07fa9425_22050.txt
22050	22051	hsm/455ac0fc_22051.txt
22051	22052	hsm/bb8f0e9f_22052.txt
22052	22053	hsm/5ff8efba_22053.txt
22053	22054	hsm/e0947494_22054.txt
22054	22055	hsm/99db2230_22055.txt
22055	22056	hsm/9575cea8_22056.txt
22056	22057	hsm/36724560_22057.txt
22057	22058	hsm/9c0ccbed_22058.txt
22058	22059	hsm/ff50cb01_22059.txt
22059	22060	hsm/4974bd1c_22060.txt
22060	22061	hsm/4f1f1244_22061.txt
22061	22062	hsm/3d8adff6_22062.txt
22062	22063	hsm/0388a075_22063.txt
22063	22064	hsm/5486d1aa_22064.txt
22064	22065	hsm/fd68c07c_22065.txt
22065	22066	hsm/c1b494ca_22066.txt
22066	22067	hsm/f7a2cd78_22067.txt
22067	22068	hsm/1220ddf4_22068.txt
22068	22069	hsm/56398724_22069.txt
22069	22070	hsm/26c795bb_22070.txt
22070	22071	hsm/97259bf3_22071.txt
22071	22072	hsm/ce5ebdd0_22072.txt
22072	22073	hsm/0b0727aa_22073.txt
22073	22074	hsm/1f848b52_22074.txt
22074	22075	hsm/ccc3fb95_22075.txt
22075	22076	hsm/54b23e2e_22076.txt
22076	22077	hsm/014e4868_22077.txt
22077	22078	hsm/3b285e29_22078.txt
22078	22079	hsm/4339f88b_22079.txt
22079	22080	hsm/960617c2_22080.txt
22080	22081	hsm/9e75613c_22081.txt
22081	22082	hsm/597ef1bc_22082.txt
22082	22083	hsm/131aae3f_22083.txt
22083	22084	hsm/37743ee5_22084.txt
22084	22085	hsm/25993c10_22085.txt
22085	22086	hsm/78bc125a_22086.txt
22086	22087	hsm/5a4662c4_22087.txt
22087	22088	hsm/4b1622e3_22088.txt
22088	22089	hsm/53082cef_22089.txt
22089	22090	hsm/3fe58cad_22090.txt
22090	22091	hsm/0cb636d4_22091.txt
22091	22092	hsm/9d145935_22092.txt
22092	22093	hsm/11637cd7_22093.txt
22093	22094	hsm/c74ec4ee_22094.txt
22094	22095	hsm/1972ef60_22095.txt
22095	22096	hsm/9a2b8c28_22096.txt
22096	22097	hsm/1d49102d_22097.txt
22097	22098	hsm/a07b050c_22098.txt
22098	22099	hsm/2a882eab_22099.txt
22099	22100	hsm/274a6ecc_22100.txt
22100	207534	hsm/24330289_207534.txt
22101	207535	hsm/0a871e0a_207535.txt
22102	207536	hsm/c96ddd84_207536.txt
22103	207537	hsm/e2d85ed5_207537.txt
22104	207538	hsm/ea939c75_207538.txt
22105	207539	hsm/a0f0d13b_207539.txt
22106	207540	hsm/e074de54_207540.txt
22107	207541	hsm/a0962fe1_207541.txt
22108	207542	hsm/77d624c6_207542.txt
22109	207543	hsm/773fbed2_207543.txt
22110	207544	hsm/de1220e7_207544.txt
22111	207545	hsm/c37fd82d_207545.txt
22112	207546	hsm/45fbb1b1_207546.txt
22113	207547	hsm/eea20cb2_207547.txt
22114	207548	hsm/293c2e8c_207548.txt
22115	207549	hsm/95cdeab4_207549.txt
22116	207550	hsm/c08e20f7_207550.txt
22117	207551	hsm/75ab3d7d_207551.txt
22118	207552	hsm/5ac3fb6f_207552.txt
22119	207553	hsm/cbfd9e0f_207553.txt
22120	207554	hsm/4db14239_207554.txt
22121	207555	hsm/99e70bf7_207555.txt
22122	207556	hsm/e3266bc4_207556.txt
22123	207557	hsm/a4b4eac0_207557.txt
22124	207558	hsm/32f956f9_207558.txt
22125	207559	hsm/15fbbfa5_207559.txt
22126	207560	hsm/5806123a_207560.txt
22127	207561	hsm/2aebc9db_207561.txt
22128	207562	hsm/242c038e_207562.txt
22129	207563	hsm/1e144406_207563.txt
22130	207564	hsm/0d956327_207564.txt
22131	207565	hsm/ac800d38_207565.txt
22132	207566	hsm/163f41fb_207566.txt
22133	207567	hsm/4b464cbe_207567.txt
22134	207568	hsm/d057204d_207568.txt
22135	207569	hsm/3b501632_207569.txt
22136	207570	hsm/1eed0305_207570.txt
22137	207571	hsm/7638e493_207571.txt
22138	207572	hsm/7f349a9a_207572.txt
22139	207573	hsm/d08fa8bc_207573.txt
22140	207574	hsm/7bfbc2e4_207574.txt
22141	207575	hsm/7ff159e3_207575.txt
22142	207576	hsm/f0747412_207576.txt
22143	207577	hsm/821a62d9_207577.txt
22144	207578	hsm/cbb29ce8_207578.txt
22145	207579	hsm/3f64326f_207579.txt
22146	207580	hsm/b6b813fd_207580.txt
22147	207581	hsm/242baeac_207581.txt
22148	207582	hsm/126a31d0_207582.txt
22149	207583	hsm/9718b7cd_207583.txt
22150	207584	hsm/e59cf8e8_207584.txt
22151	207585	hsm/b66253f0_207585.txt
22152	207586	hsm/9cf3e8b3_207586.txt
22153	207587	hsm/9fa33930_207587.txt
22154	207588	hsm/604bbbd4_207588.txt
22155	207589	hsm/b7293a8c_207589.txt
22156	207590	hsm/a9a19fc7_207590.txt
22157	207591	hsm/e1cc01eb_207591.txt
22158	207592	hsm/578bf089_207592.txt
22159	207593	hsm/5a0b210c_207593.txt
22160	207594	hsm/8f678759_207594.txt
22161	207595	hsm/473762b5_207595.txt
22162	207596	hsm/e939fadd_207596.txt
22163	207597	hsm/b6bafe4f_207597.txt
22164	207598	hsm/a50e06e7_207598.txt
22165	207599	hsm/326f94fc_207599.txt
22166	207600	hsm/0c26587c_207600.txt
22167	207601	hsm/0c74c2e4_207601.txt
22168	207602	hsm/1036be6b_207602.txt
22169	207603	hsm/66d22593_207603.txt
22170	207604	hsm/f24238ff_207604.txt
22171	207605	hsm/bf5b830c_207605.txt
22172	207606	hsm/9806de09_207606.txt
22173	207607	hsm/5e4dd14f_207607.txt
22174	207608	hsm/abef3899_207608.txt
22175	207609	hsm/cb8a35b3_207609.txt
22176	207610	hsm/632cd034_207610.txt
22177	207611	hsm/07cb2026_207611.txt
22178	207612	hsm/21353f1e_207612.txt
22179	207613	hsm/92d6b9ed_207613.txt
22180	207614	hsm/f419d4f1_207614.txt
22181	207615	hsm/c6d34f1e_207615.txt
22182	207616	hsm/8230be05_207616.txt
22183	207617	hsm/c8583c4b_207617.txt
22184	207618	hsm/65ef9755_207618.txt
22185	207619	hsm/a8c2398b_207619.txt
22186	207620	hsm/972d4921_207620.txt
22187	207621	hsm/60b8aa5d_207621.txt
22188	207622	hsm/64acd139_207622.txt
22189	207623	hsm/67697037_207623.txt
22190	207624	hsm/831ab312_207624.txt
22191	207625	hsm/93a48d53_207625.txt
22192	207626	hsm/dbd89d2b_207626.txt
22193	207627	hsm/983ed7a1_207627.txt
22194	207628	hsm/63dd9da6_207628.txt
22195	207629	hsm/62369d7b_207629.txt
22196	207630	hsm/a154e7cf_207630.txt
22197	207631	hsm/cfeae79a_207631.txt
22198	207632	hsm/292a9c16_207632.txt
22199	207633	hsm/ae75539e_207633.txt
22200	207634	hsm/fd5bc02b_207634.txt
22201	207635	hsm/c5944fe0_207635.txt
22202	207636	hsm/412ad82c_207636.txt
22203	207637	hsm/404f5dac_207637.txt
22204	207638	hsm/33466612_207638.txt
22205	207639	hsm/b1e6a1f7_207639.txt
22206	207640	hsm/8ab339c5_207640.txt
22207	207641	hsm/b34024ba_207641.txt
22208	207642	hsm/ec5ddc66_207642.txt
22209	207643	hsm/ada2d2b1_207643.txt
22210	207644	hsm/f0ed97ce_207644.txt
22211	207645	hsm/d0522c7d_207645.txt
22212	207646	hsm/533fee33_207646.txt
22213	207647	hsm/18e8b203_207647.txt
22214	207648	hsm/9e6e9080_207648.txt
22215	207649	hsm/72a51d42_207649.txt
22216	207650	hsm/508fd5c4_207650.txt
22217	207651	hsm/f63d1ae8_207651.txt
22218	207652	hsm/204eb6ed_207652.txt
22219	207653	hsm/f5b384a7_207653.txt
22220	207654	hsm/175f41ba_207654.txt
22221	207655	hsm/7d4b7938_207655.txt
22222	207656	hsm/87a91b38_207656.txt
22223	207657	hsm/f9a2b8be_207657.txt
22224	207658	hsm/ab60900c_207658.txt
22225	207659	hsm/d59ae7a3_207659.txt
22226	207660	hsm/820c8ff0_207660.txt
22227	207661	hsm/67cd6aa1_207661.txt
22228	207662	hsm/3e7e1496_207662.txt
22229	207663	hsm/03eeaacc_207663.txt
22230	207664	hsm/c3ef9731_207664.txt
22231	207665	hsm/154a1476_207665.txt
22232	207666	hsm/40943fba_207666.txt
22233	207667	hsm/8be54092_207667.txt
22234	207668	hsm/d07e428e_207668.txt
22235	207669	hsm/07046545_207669.txt
22236	207670	hsm/7618d85b_207670.txt
22237	207671	hsm/381e933a_207671.txt
22238	207672	hsm/e7862d59_207672.txt
22239	207673	hsm/5746ccef_207673.txt
22240	207674	hsm/a3bde53f_207674.txt
22241	207675	hsm/9e52f45a_207675.txt
22242	207676	hsm/87240182_207676.txt
22243	207677	hsm/4dfb3477_207677.txt
22244	207678	hsm/b63598ef_207678.txt
22245	207679	hsm/1338e9de_207679.txt
22246	207680	hsm/572d07bc_207680.txt
22247	207681	hsm/331ba6f6_207681.txt
22248	207682	hsm/e83a8691_207682.txt
22249	207683	hsm/13bb33cb_207683.txt
22250	207684	hsm/caa6e86d_207684.txt
22251	207685	hsm/6e4be614_207685.txt
22252	207686	hsm/826b1926_207686.txt
22253	207687	hsm/afde60fd_207687.txt
22254	207688	hsm/43954f30_207688.txt
22255	207689	hsm/e1ec6a33_207689.txt
22256	207690	hsm/019cf8f7_207690.txt
22257	207691	hsm/f6d6f76a_207691.txt
22258	207692	hsm/cdd22a73_207692.txt
22259	207693	hsm/70ade1a4_207693.txt
22260	207694	hsm/cb40442a_207694.txt
22261	207695	hsm/60389537_207695.txt
22262	207696	hsm/bfd0ea7d_207696.txt
22263	207697	hsm/98d04aa9_207697.txt
22264	207698	hsm/289f5f1e_207698.txt
22265	207699	hsm/3719427d_207699.txt
22266	207700	hsm/ee363ef9_207700.txt
22267	207701	hsm/193b6a9c_207701.txt
22268	207702	hsm/8518a666_207702.txt
22269	207703	hsm/2ea7207c_207703.txt
22270	207704	hsm/13b13c07_207704.txt
22271	207705	hsm/1c6e3411_207705.txt
22272	207706	hsm/8cfd11e1_207706.txt
22273	207707	hsm/19304eb8_207707.txt
22274	207708	hsm/153d9bb5_207708.txt
22275	207709	hsm/35511013_207709.txt
22276	207710	hsm/b8b45a67_207710.txt
22277	207711	hsm/a589b875_207711.txt
22278	207712	hsm/429ca4fd_207712.txt
22279	207713	hsm/a8bd75ac_207713.txt
22280	207714	hsm/4a6b1714_207714.txt
22281	207715	hsm/13256e68_207715.txt
22282	207716	hsm/6591a18d_207716.txt
22283	207717	hsm/7e32025b_207717.txt
22284	207718	hsm/e1dcc6af_207718.txt
22285	207719	hsm/ac2ed7fb_207719.txt
22286	207720	hsm/efdc6c2d_207720.txt
22287	207721	hsm/0a9eb36a_207721.txt
22288	207722	hsm/33375ca5_207722.txt
22289	207723	hsm/d4e861b6_207723.txt
22290	207724	hsm/ddddc177_207724.txt
22291	207725	hsm/b8beb785_207725.txt
22292	207726	hsm/8dcc058c_207726.txt
22293	207727	hsm/262a2967_207727.txt
22294	207728	hsm/83f5c541_207728.txt
22295	207729	hsm/75cf192e_207729.txt
22296	207730	hsm/b7d5623b_207730.txt
22297	207731	hsm/1efdadca_207731.txt
22298	207732	hsm/69d03c83_207732.txt
22299	207733	hsm/dfb67799_207733.txt
22300	207734	hsm/6259494e_207734.txt
22301	207735	hsm/5251f123_207735.txt
22302	207736	hsm/b6391c32_207736.txt
22303	207737	hsm/3fa7451a_207737.txt
22304	207738	hsm/e1c56422_207738.txt
22305	207739	hsm/5023ea31_207739.txt
22306	207740	hsm/7fe4b26c_207740.txt
22307	207741	hsm/886c09ee_207741.txt
22308	207742	hsm/5b860778_207742.txt
22309	207743	hsm/a6dfebf2_207743.txt
22310	207744	hsm/39c04c6d_207744.txt
22311	207745	hsm/257fbe62_207745.txt
22312	207746	hsm/1f8fe7ea_207746.txt
22313	207747	hsm/faaf08a6_207747.txt
22314	207748	hsm/6ba5967f_207748.txt
22315	207749	hsm/82935653_207749.txt
22316	207750	hsm/c472befd_207750.txt
22317	207751	hsm/1888a349_207751.txt
22318	207752	hsm/1d2916de_207752.txt
22319	207753	hsm/d9fd31c9_207753.txt
22320	207754	hsm/d18418c8_207754.txt
22321	207755	hsm/598a7040_207755.txt
22322	207756	hsm/b9a7f0bf_207756.txt
22323	207757	hsm/34fcdfc9_207757.txt
22324	207758	hsm/3360b758_207758.txt
22325	207759	hsm/5277b270_207759.txt
22326	207760	hsm/46a7f442_207760.txt
22327	207761	hsm/0142ddee_207761.txt
22328	207762	hsm/d5f7af87_207762.txt
22329	207763	hsm/953289f1_207763.txt
22330	207764	hsm/975abd1a_207764.txt
22331	207765	hsm/2ebc27ef_207765.txt
22332	207766	hsm/fa97f30b_207766.txt
22333	207767	hsm/4c45c60a_207767.txt
22334	207768	hsm/9278199d_207768.txt
22335	207769	hsm/fec47d38_207769.txt
22336	207770	hsm/412dc3c7_207770.txt
22337	207771	hsm/2862d802_207771.txt
22338	207772	hsm/2a8c654d_207772.txt
22339	207773	hsm/ec5e122f_207773.txt
22340	207774	hsm/e25f68d1_207774.txt
22341	207775	hsm/f3c19646_207775.txt
22342	207776	hsm/57a50848_207776.txt
22343	207777	hsm/f0dcbb88_207777.txt
22344	207778	hsm/9b1db57a_207778.txt
22345	207779	hsm/d0ac3097_207779.txt
22346	207780	hsm/c310c748_207780.txt
22347	207781	hsm/eaad2e35_207781.txt
22348	207782	hsm/d7abe63c_207782.txt
22349	207783	hsm/e6caf016_207783.txt
22350	207784	hsm/f2f177d0_207784.txt
22351	207785	hsm/51b573ab_207785.txt
22352	207786	hsm/0ff0a452_207786.txt
22353	207787	hsm/a8a8b121_207787.txt
22354	207788	hsm/59311f54_207788.txt
22355	207789	hsm/0531e1c5_207789.txt
22356	207790	hsm/927ac249_207790.txt
22357	207791	hsm/5cee2d19_207791.txt
22358	207792	hsm/c4e699d7_207792.txt
22359	207793	hsm/ad8af9fe_207793.txt
22360	207794	hsm/7a075419_207794.txt
22361	207795	hsm/3d2c9d37_207795.txt
22362	207796	hsm/1070aa14_207796.txt
22363	207797	hsm/066c6731_207797.txt
22364	207798	hsm/64164873_207798.txt
22365	207799	hsm/52c99d09_207799.txt
22366	207800	hsm/78724812_207800.txt
22367	207801	hsm/38db4744_207801.txt
22368	207802	hsm/2d9dc2f5_207802.txt
22369	207803	hsm/08986085_207803.txt
22370	207804	hsm/51d94553_207804.txt
22371	207805	hsm/6c4a870a_207805.txt
22372	207806	hsm/cb259ba5_207806.txt
22373	207807	hsm/bb90eabf_207807.txt
22374	207808	hsm/d1d735a8_207808.txt
22375	207809	hsm/e5210646_207809.txt
22376	207810	hsm/1130f99b_207810.txt
22377	207811	hsm/ca639e73_207811.txt
22378	207812	hsm/da399895_207812.txt
22379	207813	hsm/44d30dd3_207813.txt
22380	207814	hsm/bc8d552f_207814.txt
22381	207815	hsm/4d7d0774_207815.txt
22382	207816	hsm/c57df47d_207816.txt
22383	207817	hsm/2c4a284c_207817.txt
22384	207818	hsm/931d2b62_207818.txt
22385	207819	hsm/364ea24d_207819.txt
22386	207820	hsm/e1d714a7_207820.txt
22387	207821	hsm/ac5466cb_207821.txt
22388	207822	hsm/1b6787c1_207822.txt
22389	207823	hsm/1c1c8e87_207823.txt
22390	207824	hsm/64343249_207824.txt
22391	207825	hsm/42e435be_207825.txt
22392	207826	hsm/15fe5594_207826.txt
22393	207827	hsm/25cabb69_207827.txt
22394	207828	hsm/c7370c63_207828.txt
22395	207829	hsm/0c2ed2d6_207829.txt
22396	207830	hsm/c9a3038b_207830.txt
22397	207831	hsm/7f945db6_207831.txt
22398	207832	hsm/20846106_207832.txt
22399	207833	hsm/39dca9b5_207833.txt
22400	207834	hsm/d124de29_207834.txt
22401	207835	hsm/8ec8140d_207835.txt
22402	207836	hsm/dae6367d_207836.txt
22403	207837	hsm/1d65021c_207837.txt
22404	207838	hsm/55ea65cc_207838.txt
22405	207839	hsm/3bf59f6c_207839.txt
22406	207840	hsm/12b3a388_207840.txt
22407	207841	hsm/78281b81_207841.txt
22408	207842	hsm/fe5b6087_207842.txt
22409	207843	hsm/a6828e12_207843.txt
22410	207844	hsm/09326f00_207844.txt
22411	207845	hsm/8301bc22_207845.txt
22412	207846	hsm/5cb1c62e_207846.txt
22413	207847	hsm/d98a5386_207847.txt
22414	207848	hsm/f0730322_207848.txt
22415	207849	hsm/33f22654_207849.txt
22416	207850	hsm/ccb046c0_207850.txt
22417	207851	hsm/e2fbaf80_207851.txt
22418	207852	hsm/c6489b18_207852.txt
22419	207853	hsm/304d54fe_207853.txt
22420	207854	hsm/c643eaaf_207854.txt
22421	207855	hsm/a7c3d037_207855.txt
22422	207856	hsm/4c01a713_207856.txt
22423	207857	hsm/265b3eeb_207857.txt
22424	207858	hsm/3539bfe3_207858.txt
22425	207859	hsm/ffeea593_207859.txt
22426	207860	hsm/8f09c6eb_207860.txt
22427	207861	hsm/00136d80_207861.txt
22428	207862	hsm/6b6de428_207862.txt
22429	207863	hsm/f4355b3f_207863.txt
22430	207864	hsm/5e2f79f7_207864.txt
22431	207865	hsm/d74f1547_207865.txt
22432	207866	hsm/69ba289c_207866.txt
22433	207867	hsm/3db9fd73_207867.txt
22434	207868	hsm/0023db06_207868.txt
22435	207869	hsm/6439a2eb_207869.txt
22436	207870	hsm/b5ea72cb_207870.txt
22437	207871	hsm/c0131134_207871.txt
22438	207872	hsm/b1ffe7c5_207872.txt
22439	207873	hsm/da2db15c_207873.txt
22440	207874	hsm/5e73f20d_207874.txt
22441	207875	hsm/c8a2a978_207875.txt
22442	207876	hsm/7ed6020f_207876.txt
22443	207877	hsm/f8d64086_207877.txt
22444	207878	hsm/2751d6a0_207878.txt
22445	207879	hsm/b4ab5b0f_207879.txt
22446	207880	hsm/164ad3c8_207880.txt
22447	207881	hsm/e72de246_207881.txt
22448	207882	hsm/4af12e6f_207882.txt
22449	207883	hsm/316de4f3_207883.txt
22450	207884	hsm/75f6c1ee_207884.txt
22451	207885	hsm/e765e0ef_207885.txt
22452	207886	hsm/fd25a3ea_207886.txt
22453	207887	hsm/2863dad0_207887.txt
22454	207888	hsm/40c10675_207888.txt
22455	207889	hsm/e1b1b3b1_207889.txt
22456	207890	hsm/1b021339_207890.txt
22457	207891	hsm/11abbcfb_207891.txt
22458	207892	hsm/49247dee_207892.txt
22459	207893	hsm/d1e3bea1_207893.txt
22460	207894	hsm/a0ad8eab_207894.txt
22461	207895	hsm/7fadeec7_207895.txt
22462	207896	hsm/0fe2a2c2_207896.txt
22463	207897	hsm/89b2d5d0_207897.txt
22464	207898	hsm/3119cd1e_207898.txt
22465	207899	hsm/982be582_207899.txt
22466	207900	hsm/9063d6d3_207900.txt
22467	207901	hsm/816ace12_207901.txt
22468	207902	hsm/23e3f044_207902.txt
22469	207903	hsm/33ad3b34_207903.txt
22470	207904	hsm/df3a595b_207904.txt
22471	207905	hsm/37203fe2_207905.txt
22472	207906	hsm/656bedd8_207906.txt
22473	207907	hsm/5d85cddf_207907.txt
22474	207908	hsm/a19c7658_207908.txt
22475	207909	hsm/e6946786_207909.txt
22476	207910	hsm/89e71b7b_207910.txt
22477	207911	hsm/484311ef_207911.txt
22478	207912	hsm/d75e9ed0_207912.txt
22479	207913	hsm/6bf3cc02_207913.txt
22480	207914	hsm/7121e00a_207914.txt
22481	207915	hsm/cb24ecad_207915.txt
22482	207916	hsm/d811bef9_207916.txt
22483	207917	hsm/19be01bd_207917.txt
22484	207918	hsm/4dba9d66_207918.txt
22485	207919	hsm/4f25f544_207919.txt
22486	207920	hsm/7bac594c_207920.txt
22487	207921	hsm/22d85692_207921.txt
22488	207922	hsm/6cb693ca_207922.txt
22489	207923	hsm/9ce68c57_207923.txt
22490	207924	hsm/47f02d61_207924.txt
22491	207925	hsm/efc4763f_207925.txt
22492	207926	hsm/2d2ca9cc_207926.txt
22493	207927	hsm/00ef7237_207927.txt
22494	207928	hsm/3b4f89af_207928.txt
22495	207929	hsm/9365025d_207929.txt
22496	207930	hsm/5d1c800d_207930.txt
22497	207931	hsm/49623ea9_207931.txt
22498	207932	hsm/ca4d6cd0_207932.txt
22499	207933	hsm/5a4296c5_207933.txt
22500	207934	hsm/c2b4bf83_207934.txt
22501	207935	hsm/47f418b3_207935.txt
22502	207936	hsm/b71f27c0_207936.txt
22503	207937	hsm/d3b50e50_207937.txt
22504	207938	hsm/e009a4ce_207938.txt
22505	207939	hsm/9b2346c9_207939.txt
22506	207940	hsm/3412dbe8_207940.txt
22507	207941	hsm/2f573b68_207941.txt
22508	207942	hsm/c34b7ef5_207942.txt
22509	207943	hsm/206946a2_207943.txt
22510	207944	hsm/a30492b9_207944.txt
22511	207945	hsm/2449bcbb_207945.txt
22512	207946	hsm/55fd304a_207946.txt
22513	207947	hsm/8036f19b_207947.txt
22514	207948	hsm/414995e5_207948.txt
22515	207949	hsm/9a46dee4_207949.txt
22516	207950	hsm/72ba435a_207950.txt
22517	207951	hsm/9a2decab_207951.txt
22518	207952	hsm/41531467_207952.txt
22519	207953	hsm/1548b102_207953.txt
22520	207954	hsm/252a86f4_207954.txt
22521	207955	hsm/c28b4b76_207955.txt
22522	207956	hsm/d340ba21_207956.txt
22523	207957	hsm/cd51b788_207957.txt
22524	207958	hsm/ffd5cf25_207958.txt
22525	207959	hsm/b6aab32c_207959.txt
22526	207960	hsm/9dddd828_207960.txt
22527	207961	hsm/6ea51dd8_207961.txt
22528	207962	hsm/801a2c93_207962.txt
22529	207963	hsm/881dd836_207963.txt
22530	207964	hsm/f899cf3f_207964.txt
22531	207965	hsm/0e391581_207965.txt
22532	207966	hsm/b5692fa8_207966.txt
22533	207967	hsm/5d87c990_207967.txt
22534	207968	hsm/c0598785_207968.txt
22535	207969	hsm/e1bc85ab_207969.txt
22536	207970	hsm/8b0d1dbc_207970.txt
22537	207971	hsm/fbe45a42_207971.txt
22538	207972	hsm/3fa88057_207972.txt
22539	207973	hsm/2c543a94_207973.txt
22540	207974	hsm/53b680cf_207974.txt
22541	207975	hsm/20d9939a_207975.txt
22542	207976	hsm/71522169_207976.txt
22543	207977	hsm/ccb8501d_207977.txt
22544	207978	hsm/e5fe4e60_207978.txt
22545	207979	hsm/64cafb96_207979.txt
22546	207980	hsm/efb6ce75_207980.txt
22547	207981	hsm/5c2c124b_207981.txt
22548	207982	hsm/8a6c0343_207982.txt
22549	207983	hsm/73460dde_207983.txt
22550	207984	hsm/7d00846e_207984.txt
22551	207985	hsm/e0d1d042_207985.txt
22552	207986	hsm/a225bc67_207986.txt
22553	207987	hsm/2283a83c_207987.txt
22554	207988	hsm/8c2b7f9e_207988.txt
22555	207989	hsm/82e95c69_207989.txt
22556	207990	hsm/5282db97_207990.txt
22557	207991	hsm/ec50c8a9_207991.txt
22558	207992	hsm/b0df9fe1_207992.txt
22559	207993	hsm/d618f09b_207993.txt
22560	207994	hsm/cae5e473_207994.txt
22561	207995	hsm/31d55709_207995.txt
22562	207996	hsm/f26b15b0_207996.txt
22563	207997	hsm/f8075f37_207997.txt
22564	207998	hsm/42ca6a9c_207998.txt
22565	207999	hsm/3f2b1540_207999.txt
22566	208000	hsm/4b0c2917_208000.txt
22567	208001	hsm/a7ccd55a_208001.txt
22568	208002	hsm/1f840335_208002.txt
22569	208003	hsm/deec87f0_208003.txt
22570	208004	hsm/990be8c6_208004.txt
22571	208005	hsm/fe74f699_208005.txt
22572	208006	hsm/08d427dd_208006.txt
22573	208007	hsm/12e0ac39_208007.txt
22574	208008	hsm/85ab3059_208008.txt
22575	208009	hsm/66d4d5a8_208009.txt
22576	208010	hsm/06fa947a_208010.txt
22577	208011	hsm/08ee2d0a_208011.txt
22578	208012	hsm/dd5a15bf_208012.txt
22579	208013	hsm/9706b841_208013.txt
22580	208014	hsm/462c84f1_208014.txt
22581	208015	hsm/fcb92515_208015.txt
22582	208016	hsm/15ae37fe_208016.txt
22583	208017	hsm/d4732e73_208017.txt
22584	208018	hsm/8317c484_208018.txt
22585	208019	hsm/7a0f9f97_208019.txt
22586	208020	hsm/277f97c4_208020.txt
22587	208021	hsm/ea091119_208021.txt
22588	208022	hsm/9e3f3224_208022.txt
22589	208023	hsm/2cf2e0d9_208023.txt
22590	208024	hsm/a1f90b74_208024.txt
22591	208025	hsm/31a43ef2_208025.txt
22592	208026	hsm/d4960b34_208026.txt
22593	208027	hsm/346028eb_208027.txt
22594	208028	hsm/ee52208f_208028.txt
22595	208029	hsm/b8a4189d_208029.txt
22596	208030	hsm/8d82d0ac_208030.txt
22597	208031	hsm/3fd68f9f_208031.txt
22598	208032	hsm/0745e110_208032.txt
22599	208033	hsm/671a6a9e_208033.txt
22600	208034	hsm/42d45668_208034.txt
22601	208035	hsm/b95d592c_208035.txt
22602	208036	hsm/307af658_208036.txt
22603	208037	hsm/f97a0d9b_208037.txt
22604	208038	hsm/911287a5_208038.txt
22605	208039	hsm/1a55bbd2_208039.txt
22606	208040	hsm/9ec7f1e9_208040.txt
22607	208041	hsm/2540aa05_208041.txt
22608	208042	hsm/0ce4c24a_208042.txt
22609	208043	hsm/81157f12_208043.txt
22610	208044	hsm/d0a8a9d1_208044.txt
22611	208045	hsm/230c599b_208045.txt
22612	208046	hsm/48d23fff_208046.txt
22613	208047	hsm/29b17e84_208047.txt
22614	208048	hsm/5ceb2ad3_208048.txt
22615	208049	hsm/7cc9dc07_208049.txt
22616	208050	hsm/8cd775a2_208050.txt
22617	208051	hsm/6760e553_208051.txt
22618	208052	hsm/675746cd_208052.txt
22619	208053	hsm/b155d258_208053.txt
22620	208054	hsm/1b4cd42c_208054.txt
22621	208055	hsm/08336428_208055.txt
22622	208056	hsm/2dc273ca_208056.txt
22623	208057	hsm/e54b9774_208057.txt
22624	208058	hsm/d5df7e3b_208058.txt
22625	208059	hsm/808b7d5b_208059.txt
22626	208060	hsm/32ab0330_208060.txt
22627	208061	hsm/ae30159f_208061.txt
22628	208062	hsm/407ab40d_208062.txt
22629	208063	hsm/9e7ef136_208063.txt
22630	208064	hsm/98f5e863_208064.txt
22631	208065	hsm/3c8481a6_208065.txt
22632	208066	hsm/dea607c8_208066.txt
22633	208067	hsm/33cb9479_208067.txt
22634	208068	hsm/c3e702ad_208068.txt
22635	208069	hsm/147e1a47_208069.txt
22636	208070	hsm/f14fff31_208070.txt
22637	208071	hsm/a394d369_208071.txt
22638	208072	hsm/82cf7807_208072.txt
22639	208073	hsm/d7089f24_208073.txt
22640	208074	hsm/d8ad3df7_208074.txt
22641	208075	hsm/85b4bb03_208075.txt
22642	208076	hsm/aefec7b6_208076.txt
22643	208077	hsm/3ea72eaf_208077.txt
22644	208078	hsm/7ee2ecee_208078.txt
22645	208079	hsm/9f346449_208079.txt
22646	208080	hsm/34c6f58e_208080.txt
22647	208081	hsm/9f737114_208081.txt
22648	208082	hsm/072f8b8b_208082.txt
22649	208083	hsm/02196f01_208083.txt
22650	208084	hsm/4eab24ba_208084.txt
22651	208085	hsm/e7f763bc_208085.txt
22652	208086	hsm/73f728cf_208086.txt
22653	208087	hsm/2145e393_208087.txt
22654	208088	hsm/62879d2c_208088.txt
22655	208089	hsm/da93db45_208089.txt
22656	208090	hsm/aa02c7ba_208090.txt
22657	208091	hsm/f8202819_208091.txt
22658	208092	hsm/ea40a191_208092.txt
22659	208093	hsm/dd50a0f5_208093.txt
22660	208094	hsm/06a97f32_208094.txt
22661	208095	hsm/65d869a6_208095.txt
22662	208096	hsm/553d0ff5_208096.txt
22663	208097	hsm/91cf1c0b_208097.txt
22664	208098	hsm/b7d941c5_208098.txt
22665	208099	hsm/72693e5a_208099.txt
22666	208100	hsm/94c1cf1b_208100.txt
22667	208101	hsm/5e35dca0_208101.txt
22668	208102	hsm/592d0421_208102.txt
22669	208103	hsm/4bbb6420_208103.txt
22670	208104	hsm/313250bf_208104.txt
22671	208105	hsm/e5903bd8_208105.txt
22672	208106	hsm/a741980e_208106.txt
22673	208107	hsm/42a60680_208107.txt
22674	208108	hsm/3d997a15_208108.txt
22675	208109	hsm/1b74acd4_208109.txt
22676	208110	hsm/e3380d6b_208110.txt
22677	208111	hsm/852abed6_208111.txt
22678	208112	hsm/8ea1c726_208112.txt
22679	208113	hsm/6c7849cb_208113.txt
22680	208114	hsm/88cc1a1d_208114.txt
22681	208115	hsm/a6a157a6_208115.txt
22682	208116	hsm/d872f216_208116.txt
22683	208117	hsm/3864fec4_208117.txt
22684	208118	hsm/d54b5ff3_208118.txt
22685	208119	hsm/40d61226_208119.txt
22686	208120	hsm/2350812e_208120.txt
22687	208121	hsm/b06df17e_208121.txt
22688	208122	hsm/c7f56c05_208122.txt
22689	208123	hsm/0796946e_208123.txt
22690	208124	hsm/9943fc6e_208124.txt
22691	208125	hsm/7ea8fb9c_208125.txt
22692	208126	hsm/5461ab7d_208126.txt
22693	208127	hsm/48129a96_208127.txt
22694	208128	hsm/5e465b66_208128.txt
22695	208129	hsm/64e07ac7_208129.txt
22696	208130	hsm/35d32441_208130.txt
22697	208131	hsm/a5e22c09_208131.txt
22698	208132	hsm/6ae63997_208132.txt
22699	208133	hsm/b3bf2722_208133.txt
22700	208134	hsm/ee3cc967_208134.txt
22701	208135	hsm/c78a4c94_208135.txt
22702	208136	hsm/c5abea9b_208136.txt
22703	208137	hsm/c418c0e4_208137.txt
22704	208138	hsm/084a9b89_208138.txt
22705	208139	hsm/7cb8408e_208139.txt
22706	208140	hsm/f90a74dc_208140.txt
22707	208141	hsm/c6c8fa4d_208141.txt
22708	208142	hsm/0283e46f_208142.txt
22709	208143	hsm/606f23bb_208143.txt
22710	208144	hsm/99309b80_208144.txt
22711	208145	hsm/eb127fa2_208145.txt
22712	208146	hsm/7952a873_208146.txt
22713	208147	hsm/f2b9d874_208147.txt
22714	208148	hsm/ac56be45_208148.txt
22715	208149	hsm/2a6d60e2_208149.txt
22716	208150	hsm/28c15bfa_208150.txt
22717	208151	hsm/7acd4941_208151.txt
22718	208152	hsm/a7c5cba2_208152.txt
22719	208153	hsm/ecb846a2_208153.txt
22720	208154	hsm/4b16cda3_208154.txt
22721	208155	hsm/2293d221_208155.txt
22722	208156	hsm/ef67ff80_208156.txt
22723	208157	hsm/43bb1c96_208157.txt
22724	208158	hsm/36584529_208158.txt
22725	208159	hsm/1ac70075_208159.txt
22726	208160	hsm/c1acd805_208160.txt
22727	208161	hsm/2e94b131_208161.txt
22728	208162	hsm/16ae5b76_208162.txt
22729	208163	hsm/9410dabf_208163.txt
22730	208164	hsm/54ee0aff_208164.txt
22731	208165	hsm/3fd11d07_208165.txt
22732	208166	hsm/07710006_208166.txt
22733	208167	hsm/1a3c007c_208167.txt
22734	208168	hsm/fdccfd45_208168.txt
22735	208169	hsm/1dcf9023_208169.txt
22736	208170	hsm/1b72b8bb_208170.txt
22737	208171	hsm/a06a37d9_208171.txt
22738	208172	hsm/4543cafa_208172.txt
22739	208173	hsm/9d9b0f92_208173.txt
22740	208174	hsm/15a16cce_208174.txt
22741	208175	hsm/94c5ca54_208175.txt
22742	208176	hsm/047a0976_208176.txt
22743	208177	hsm/e7d03435_208177.txt
22744	208178	hsm/9ff39bd8_208178.txt
22745	208179	hsm/432bd441_208179.txt
22746	208180	hsm/fbc7b186_208180.txt
22747	208181	hsm/9439d8af_208181.txt
22748	208182	hsm/7e56f76a_208182.txt
22749	208183	hsm/04780417_208183.txt
22750	208184	hsm/7fe05051_208184.txt
22751	208185	hsm/2d7862f6_208185.txt
22752	208186	hsm/b6ab2bf8_208186.txt
22753	208187	hsm/1a1ebd03_208187.txt
22754	208188	hsm/2ea30b31_208188.txt
22755	208189	hsm/0d5d338b_208189.txt
22756	208190	hsm/8ae414a2_208190.txt
22757	208191	hsm/a4f62b34_208191.txt
22758	208192	hsm/b504e85d_208192.txt
22759	208193	hsm/2c5b2a65_208193.txt
22760	208194	hsm/d08bdab3_208194.txt
22761	208195	hsm/835ba2e8_208195.txt
22762	208196	hsm/cd267696_208196.txt
22763	208197	hsm/9c9acc90_208197.txt
22764	208198	hsm/681f6a4e_208198.txt
22765	208199	hsm/394cdb5f_208199.txt
22766	208200	hsm/90316bb4_208200.txt
22767	208201	hsm/40bccdfd_208201.txt
22768	208202	hsm/c1f3ee8b_208202.txt
22769	208203	hsm/6141b077_208203.txt
22770	208204	hsm/ce671691_208204.txt
22771	208205	hsm/3b32fb93_208205.txt
22772	208206	hsm/e3287705_208206.txt
22773	208207	hsm/a3539a79_208207.txt
22774	208208	hsm/21e685db_208208.txt
22775	208209	hsm/48cf5573_208209.txt
22776	208210	hsm/32275b74_208210.txt
22777	208211	hsm/f24ac36b_208211.txt
22778	208212	hsm/8caa9b2b_208212.txt
22779	208213	hsm/ee82548c_208213.txt
22780	208214	hsm/81b43a26_208214.txt
22781	208215	hsm/894c025f_208215.txt
22782	208216	hsm/c1d988ae_208216.txt
22783	208217	hsm/d2176908_208217.txt
22784	208218	hsm/fe45f7df_208218.txt
22785	208219	hsm/32dbcd70_208219.txt
22786	208220	hsm/16c8b5b9_208220.txt
22787	208221	hsm/7369de7c_208221.txt
22788	208222	hsm/c5949b7e_208222.txt
22789	208223	hsm/ca2fc7e8_208223.txt
22790	208224	hsm/9a326bfd_208224.txt
22791	208225	hsm/cc65d96c_208225.txt
22792	208226	hsm/f7adf433_208226.txt
22793	208227	hsm/634f3073_208227.txt
22794	208228	hsm/f860538c_208228.txt
22795	208229	hsm/326cd534_208229.txt
22796	208230	hsm/4f98499b_208230.txt
22797	208231	hsm/6f191fec_208231.txt
22798	208232	hsm/01638bd4_208232.txt
22799	208233	hsm/dfaaf79d_208233.txt
22800	208234	hsm/e3418213_208234.txt
22801	208235	hsm/3bee4bee_208235.txt
22802	208236	hsm/75bc33c1_208236.txt
22803	208237	hsm/4da5e2c4_208237.txt
22804	208238	hsm/536950e5_208238.txt
22805	208239	hsm/ff65c050_208239.txt
22806	208240	hsm/bbd63e7d_208240.txt
22807	208241	hsm/6b1c7132_208241.txt
22808	208242	hsm/8efce3f1_208242.txt
22809	208243	hsm/ba6ffc9f_208243.txt
22810	208244	hsm/f11c5b7b_208244.txt
22811	208245	hsm/84067059_208245.txt
22812	208246	hsm/df8ae3e1_208246.txt
22813	208247	hsm/0b2df056_208247.txt
22814	208248	hsm/7d14bba0_208248.txt
22815	208249	hsm/dd30038a_208249.txt
22816	208250	hsm/9d00dc3c_208250.txt
22817	208251	hsm/985a2cd7_208251.txt
22818	208252	hsm/60a6ec5b_208252.txt
22819	208253	hsm/1d0ab54f_208253.txt
22820	208254	hsm/cd53a815_208254.txt
22821	208255	hsm/72c71652_208255.txt
22822	208256	hsm/f9dcc6d9_208256.txt
22823	208257	hsm/47ad7194_208257.txt
22824	208258	hsm/6e2e1cfe_208258.txt
22825	208259	hsm/6aacf83b_208259.txt
22826	208260	hsm/d88b562c_208260.txt
22827	208261	hsm/ca6ba8c1_208261.txt
22828	208262	hsm/293b21d4_208262.txt
22829	208263	hsm/1cced9dc_208263.txt
22830	208264	hsm/0cab64d7_208264.txt
22831	208265	hsm/4e4c6a69_208265.txt
22832	208266	hsm/5d18a5b2_208266.txt
22833	208267	hsm/4577beeb_208267.txt
22834	208268	hsm/f7461b61_208268.txt
22835	208269	hsm/fe0f4f7e_208269.txt
22836	208270	hsm/927457ad_208270.txt
22837	208271	hsm/33a5ef00_208271.txt
22838	208272	hsm/451e05ef_208272.txt
22839	208273	hsm/4a2670be_208273.txt
22840	208274	hsm/b4341ca5_208274.txt
22841	208275	hsm/b93b53cd_208275.txt
22842	208276	hsm/65e29468_208276.txt
22843	208277	hsm/2e1cef3a_208277.txt
22844	208278	hsm/7c1e7e82_208278.txt
22845	208279	hsm/543900c3_208279.txt
22846	208280	hsm/7cb8a8d8_208280.txt
22847	208281	hsm/15691f5d_208281.txt
22848	208282	hsm/3207dd0f_208282.txt
22849	208283	hsm/47ac7994_208283.txt
22850	208284	hsm/5ea71fe9_208284.txt
22851	208285	hsm/dc139fa0_208285.txt
22852	208286	hsm/e6afc90c_208286.txt
22853	208287	hsm/78e22301_208287.txt
22854	208288	hsm/541622f6_208288.txt
22855	208289	hsm/47fcc5ae_208289.txt
22856	208290	hsm/db23a133_208290.txt
22857	208291	hsm/25dab273_208291.txt
22858	208292	hsm/449e8ad4_208292.txt
22859	208293	hsm/a02b9e01_208293.txt
22860	208294	hsm/3927f583_208294.txt
22861	208295	hsm/3ded4b04_208295.txt
22862	208296	hsm/ff9318c6_208296.txt
22863	208297	hsm/60f485d4_208297.txt
22864	208298	hsm/f5600d7e_208298.txt
22865	208299	hsm/071a3123_208299.txt
22866	208300	hsm/1a3d5d65_208300.txt
22867	208301	hsm/b3498c12_208301.txt
22868	208302	hsm/f396113d_208302.txt
22869	208303	hsm/0f8d957f_208303.txt
22870	208304	hsm/8ffdb9ec_208304.txt
22871	208305	hsm/f3ed1959_208305.txt
22872	208306	hsm/8bbb4678_208306.txt
22873	208307	hsm/08a3bf95_208307.txt
22874	208308	hsm/40e93f7f_208308.txt
22875	208309	hsm/4be15808_208309.txt
22876	208310	hsm/5ffed166_208310.txt
22877	208311	hsm/4eb6e5cb_208311.txt
22878	208312	hsm/29afa348_208312.txt
22879	208313	hsm/11e4d82f_208313.txt
22880	208314	hsm/9404469e_208314.txt
22881	208315	hsm/2f573b68_208315.txt
22882	208316	hsm/c2b4bf83_208316.txt
22883	208317	hsm/fc9b262f_208317.txt
22884	208318	hsm/04c8bbdc_208318.txt
22885	208319	hsm/b64f7e7e_208319.txt
22886	208320	hsm/55fd304a_208320.txt
22887	208321	hsm/8036f19b_208321.txt
22888	208322	hsm/b71f27c0_208322.txt
22889	208323	hsm/7341a94a_208323.txt
22890	208324	hsm/631688b1_208324.txt
22891	208325	hsm/2b949182_208325.txt
22892	208326	hsm/96e006d6_208326.txt
22893	208327	hsm/503ff984_208327.txt
22894	208328	hsm/0a789058_208328.txt
22895	208329	hsm/bb32b598_208329.txt
22896	208330	hsm/4578c4be_208330.txt
22897	208331	hsm/9aa95831_208331.txt
22898	208332	hsm/e2a13a76_208332.txt
22899	208333	hsm/c0797759_208333.txt
22900	208334	hsm/a3c93b9d_208334.txt
22901	208335	hsm/30e3c53d_208335.txt
22902	208336	hsm/f0d24be5_208336.txt
22903	208337	hsm/df38f5a8_208337.txt
22904	208338	hsm/754974a9_208338.txt
22905	208339	hsm/56ee9d9f_208339.txt
22906	208340	hsm/9159bfb4_208340.txt
22907	208341	hsm/5efeb558_208341.txt
22908	208342	hsm/b2f1c636_208342.txt
22909	208343	hsm/8871d01d_208343.txt
22910	208344	hsm/b7b4bb9a_208344.txt
22911	208345	hsm/deea5bec_208345.txt
22912	208346	hsm/e30d61ba_208346.txt
22913	208347	hsm/ae790152_208347.txt
22914	208348	hsm/736054af_208348.txt
22915	208349	hsm/913b104a_208349.txt
22916	208350	hsm/6f4d2c68_208350.txt
22917	208351	hsm/87aeb4a1_208351.txt
22918	208352	hsm/aa74bd7b_208352.txt
22919	208353	hsm/9804f695_208353.txt
22920	208354	hsm/4bd6765c_208354.txt
22921	208355	hsm/9408d928_208355.txt
22922	208356	hsm/0c019cf4_208356.txt
22923	208357	hsm/71111d1f_208357.txt
22924	208358	hsm/0357e396_208358.txt
22925	208359	hsm/67e63e47_208359.txt
22926	208360	hsm/f742834a_208360.txt
22927	208361	hsm/e4614c67_208361.txt
22928	208362	hsm/bc5ba8e4_208362.txt
22929	208363	hsm/50266fb5_208363.txt
22930	208364	hsm/255d84a1_208364.txt
22931	208365	hsm/75bc1852_208365.txt
22932	208366	hsm/4e5f65e7_208366.txt
22933	208367	hsm/d0309ed5_208367.txt
22934	208368	hsm/78a67dbd_208368.txt
22935	208369	hsm/7c46dcfa_208369.txt
22936	208370	hsm/a857e445_208370.txt
22937	208371	hsm/44d4759f_208371.txt
22938	208372	hsm/e93bdc07_208372.txt
22939	208373	hsm/fe5f4c32_208373.txt
22940	208374	hsm/a635d15f_208374.txt
22941	208375	hsm/7ea1aed7_208375.txt
22942	208376	hsm/4fb7c4e3_208376.txt
22943	208377	hsm/c162ebcb_208377.txt
22944	208378	hsm/fb95afaf_208378.txt
22945	208379	hsm/82b999c4_208379.txt
22946	208380	hsm/f8e0d4f4_208380.txt
22947	208381	hsm/0474ee8c_208381.txt
22948	208382	hsm/b16c7abf_208382.txt
22949	208383	hsm/d3b04c38_208383.txt
22950	208384	hsm/97e7d6f1_208384.txt
22951	208385	hsm/a8bc7fe4_208385.txt
22952	208386	hsm/452587ef_208386.txt
22953	208387	hsm/ef284ba3_208387.txt
22954	208388	hsm/d6befdb5_208388.txt
22955	208389	hsm/3233b34b_208389.txt
22956	208390	hsm/3805bcce_208390.txt
22957	208391	hsm/b381a7ac_208391.txt
22958	208392	hsm/3b7aa707_208392.txt
22959	208393	hsm/bec41414_208393.txt
22960	208394	hsm/1a6a6bbf_208394.txt
22961	208395	hsm/f496bca0_208395.txt
22962	208396	hsm/bcb78f80_208396.txt
22963	208397	hsm/cefb161f_208397.txt
22964	208398	hsm/3f84e412_208398.txt
22965	208399	hsm/35cbddf6_208399.txt
22966	208400	hsm/ad4ac707_208400.txt
22967	208401	hsm/2029ef49_208401.txt
22968	208402	hsm/515bc5c3_208402.txt
22969	208403	hsm/f1c3fe7e_208403.txt
22970	208404	hsm/86e7a4f3_208404.txt
22971	208405	hsm/c76e756c_208405.txt
22972	208406	hsm/0ad39da5_208406.txt
22973	208407	hsm/b74c39c5_208407.txt
22974	208408	hsm/60d9abb3_208408.txt
22975	208409	hsm/acdc3534_208409.txt
22976	208410	hsm/c169bde0_208410.txt
22977	208411	hsm/0e0fa384_208411.txt
22978	208412	hsm/150d5e4b_208412.txt
22979	208413	hsm/dc74ec16_208413.txt
22980	208414	hsm/cc05e9ee_208414.txt
22981	208415	hsm/06249ccd_208415.txt
22982	208416	hsm/9fb94575_208416.txt
22983	208417	hsm/a61b9633_208417.txt
22984	208418	hsm/15a13653_208418.txt
22985	208419	hsm/6c49eaf3_208419.txt
22986	208420	hsm/440c806d_208420.txt
22987	208421	hsm/d4842ae3_208421.txt
22988	208422	hsm/c86e384c_208422.txt
22989	208423	hsm/93cca190_208423.txt
22990	208424	hsm/5165ef04_208424.txt
22991	208425	hsm/54a86fe0_208425.txt
22992	208426	hsm/fbfa36e3_208426.txt
22993	208427	hsm/537bc1e3_208427.txt
22994	208428	hsm/0408ccdd_208428.txt
22995	208429	hsm/ab55a5e8_208429.txt
22996	208430	hsm/dcf88241_208430.txt
22997	208431	hsm/ebc81333_208431.txt
22998	208432	hsm/8141d111_208432.txt
22999	208433	hsm/7cadae3c_208433.txt
23000	208434	hsm/e2cdf3e0_208434.txt
23001	208435	hsm/1c011bd1_208435.txt
23002	208436	hsm/4a4ffbe3_208436.txt
23003	208437	hsm/41cc82fa_208437.txt
23004	208438	hsm/b0d418fd_208438.txt
23005	208439	hsm/ce738444_208439.txt
23006	208440	hsm/c3feabe6_208440.txt
23007	208441	hsm/1774796e_208441.txt
23008	208442	hsm/eb83e56d_208442.txt
23009	208443	hsm/84f4dddc_208443.txt
23010	208444	hsm/5922ec4f_208444.txt
23011	208445	hsm/ec214274_208445.txt
23012	208446	hsm/ae0eb3c0_208446.txt
23013	208447	hsm/5f2948ba_208447.txt
23014	208448	hsm/b8a07ee2_208448.txt
23015	208449	hsm/32f97960_208449.txt
23016	208450	hsm/ba0829d9_208450.txt
23017	208451	hsm/f9bef429_208451.txt
23018	208452	hsm/03493452_208452.txt
23019	208453	hsm/8b5072c6_208453.txt
23020	208454	hsm/a376f4d9_208454.txt
23021	208455	hsm/3a090497_208455.txt
23022	208456	hsm/ab1f28de_208456.txt
23023	208457	hsm/fb9aea7a_208457.txt
23024	208458	hsm/6dfd90ac_208458.txt
23025	208459	hsm/165ec890_208459.txt
23026	208460	hsm/e6997b18_208460.txt
23027	208461	hsm/0fbb3776_208461.txt
23028	208462	hsm/6225112f_208462.txt
23029	208463	hsm/ad4ac707_208463.txt
23030	208464	hsm/40b98866_208464.txt
23031	208465	hsm/fbdac9d9_208465.txt
23032	208466	hsm/c9962d24_208466.txt
23033	208467	hsm/103205c1_208467.txt
23034	208468	hsm/30629ade_208468.txt
23035	208469	hsm/8852055b_208469.txt
23036	208470	hsm/e9a39764_208470.txt
23037	208471	hsm/7de71bda_208471.txt
23038	208472	hsm/b6508cc6_208472.txt
23039	208473	hsm/e9853329_208473.txt
23040	208474	hsm/58c01591_208474.txt
23041	208475	hsm/dbf158ae_208475.txt
23042	208476	hsm/6bc0c0d6_208476.txt
23043	208477	hsm/c519065a_208477.txt
23044	208478	hsm/766d859d_208478.txt
23045	208479	hsm/4efc8f20_208479.txt
23046	208480	hsm/271737dc_208480.txt
23047	208481	hsm/f1c4a685_208481.txt
23048	208482	hsm/fd789204_208482.txt
23049	208483	hsm/c079e771_208483.txt
23050	208484	hsm/bcf9f4d3_208484.txt
23051	208485	hsm/9a9604ff_208485.txt
23052	208486	hsm/bd390380_208486.txt
23053	208487	hsm/66691c76_208487.txt
23054	208488	hsm/acce587c_208488.txt
23055	208489	hsm/61a7a0e0_208489.txt
23056	208490	hsm/3d91f4e2_208490.txt
23057	208491	hsm/dbb9660b_208491.txt
23058	208492	hsm/41bb2f99_208492.txt
23059	208493	hsm/a41b7d8f_208493.txt
23060	208494	hsm/9433ddd4_208494.txt
23061	208495	hsm/73e52904_208495.txt
23062	208496	hsm/ab1f911b_208496.txt
23063	208497	hsm/1f7ed263_208497.txt
23064	208498	hsm/2ac78dd0_208498.txt
23065	208499	hsm/b473ca44_208499.txt
23066	208500	hsm/128fec04_208500.txt
23067	208501	hsm/818fbcdd_208501.txt
23068	208502	hsm/a90d0273_208502.txt
23069	208503	hsm/c833ffd0_208503.txt
23070	208504	hsm/8ca0e283_208504.txt
23071	208505	hsm/38cdc281_208505.txt
23072	208506	hsm/bb9033e1_208506.txt
23073	208507	hsm/3371d9e2_208507.txt
23074	208508	hsm/7d990caf_208508.txt
23075	208509	hsm/c258b34b_208509.txt
23076	208510	hsm/efab7933_208510.txt
23077	208511	hsm/d4f27a9d_208511.txt
23078	208512	hsm/d8dd90ee_208512.txt
23079	208513	hsm/fcdb339f_208513.txt
23080	208514	hsm/f003b38e_208514.txt
23081	208515	hsm/cad2600b_208515.txt
23082	208516	hsm/a8b2afe9_208516.txt
23083	208517	hsm/66b82bee_208517.txt
23084	208518	hsm/4500984a_208518.txt
23085	208519	hsm/4e8c2ead_208519.txt
23086	208520	hsm/9c06b82e_208520.txt
23087	208521	hsm/32a329ef_208521.txt
23088	208522	hsm/14f019b5_208522.txt
23089	208523	hsm/a8e008df_208523.txt
23090	208524	hsm/2a08e82f_208524.txt
23091	208525	hsm/148d0338_208525.txt
23092	208526	hsm/2d9db4f2_208526.txt
23093	208527	hsm/191bd54d_208527.txt
23094	208528	hsm/2caacf99_208528.txt
23095	208529	hsm/274b9815_208529.txt
23096	208530	hsm/16d76af7_208530.txt
23097	208531	hsm/68ffedeb_208531.txt
23098	208532	hsm/6360c126_208532.txt
23099	208533	hsm/5cac3d1f_208533.txt
23100	208534	hsm/6480b0b6_208534.txt
23101	208535	hsm/3c43fcd1_208535.txt
23102	208536	hsm/55b4eaf9_208536.txt
23103	208537	hsm/77f69695_208537.txt
23104	208538	hsm/169ec984_208538.txt
23105	208539	hsm/dad2a695_208539.txt
23106	208540	hsm/c11bb6c6_208540.txt
23107	208541	hsm/d844e1db_208541.txt
23108	208542	hsm/c39bcfaf_208542.txt
23109	208543	hsm/f5b8eaca_208543.txt
23110	208544	hsm/809eb59a_208544.txt
23111	208545	hsm/593ef289_208545.txt
23112	208546	hsm/ca082c00_208546.txt
23113	208547	hsm/9fa08c6a_208547.txt
23114	208548	hsm/660add2d_208548.txt
23115	208549	hsm/56116d8b_208549.txt
23116	208550	hsm/c1c537b8_208550.txt
23117	208551	hsm/63bd1a30_208551.txt
23118	208552	hsm/ee3891c4_208552.txt
23119	208553	hsm/f1e65985_208553.txt
23120	208554	hsm/2707ad01_208554.txt
23121	208555	hsm/34dbd645_208555.txt
23122	208556	hsm/bb2b5368_208556.txt
23123	208557	hsm/29897b5c_208557.txt
23124	208558	hsm/18e2e7f5_208558.txt
23125	208559	hsm/c84d3b50_208559.txt
23126	208560	hsm/3eeaad5a_208560.txt
23127	208561	hsm/5cd0e1e0_208561.txt
23128	208562	hsm/fdd65218_208562.txt
23129	208563	hsm/fdd155bc_208563.txt
23130	208564	hsm/c9aaf908_208564.txt
23131	208565	hsm/5f9366f5_208565.txt
23132	208566	hsm/e7ca1a47_208566.txt
23133	208567	hsm/ab1c09ad_208567.txt
23134	208568	hsm/92cc2c6b_208568.txt
23135	208569	hsm/76096b7d_208569.txt
23136	208570	hsm/1657be93_208570.txt
23137	208571	hsm/e5c5e2b1_208571.txt
23138	208572	hsm/fdd155bc_208572.txt
23139	208573	hsm/36ef9eea_208573.txt
23140	208574	hsm/c9aaf908_208574.txt
23141	208575	hsm/6b4cda6c_208575.txt
23142	208576	hsm/b852daba_208576.txt
23143	208577	hsm/313cab20_208577.txt
23144	208578	hsm/1657be93_208578.txt
23145	208579	hsm/0a43ae4d_208579.txt
23146	208580	hsm/4ee86a09_208580.txt
23147	208581	hsm/2c700eb0_208581.txt
23148	208582	hsm/6bc7779d_208582.txt
23149	208583	hsm/2d9a124e_208583.txt
23150	208584	hsm/b82b6b48_208584.txt
23151	208585	hsm/98548461_208585.txt
23152	208586	hsm/fcce474a_208586.txt
23153	208587	hsm/abb271ad_208587.txt
23154	208588	hsm/845412a0_208588.txt
23155	208589	hsm/03ef7aa1_208589.txt
23156	208590	hsm/75101fad_208590.txt
23157	208591	hsm/3719b32d_208591.txt
23158	208592	hsm/09fe04c5_208592.txt
23159	208593	hsm/3bf74900_208593.txt
23160	208594	hsm/f27d5133_208594.txt
23161	208595	hsm/b36ee620_208595.txt
23162	208596	hsm/396643a4_208596.txt
23163	208597	hsm/754f444a_208597.txt
23164	208598	hsm/dd76c809_208598.txt
23165	208599	hsm/0cf6dd45_208599.txt
23166	208600	hsm/ee2e4915_208600.txt
23167	208601	hsm/c4bf934b_208601.txt
23168	208602	hsm/7740cf16_208602.txt
23169	208603	hsm/a6dd257b_208603.txt
23170	208604	hsm/48c33121_208604.txt
23171	208605	hsm/53129954_208605.txt
23172	208606	hsm/2a6128d4_208606.txt
23173	208607	hsm/76d3b90c_208607.txt
23174	208608	hsm/27096d2f_208608.txt
23175	208609	hsm/2f573b68_208609.txt
23176	208610	hsm/c2b4bf83_208610.txt
23177	208611	hsm/3a4ed1dc_208611.txt
23178	208612	hsm/7c7b4314_208612.txt
23179	208613	hsm/8f38ccd9_208613.txt
23180	208614	hsm/14cfbe6c_208614.txt
23181	208615	hsm/8036f19b_208615.txt
23182	208616	hsm/b71f27c0_208616.txt
23183	208617	hsm/cc0a4681_208617.txt
23184	208618	hsm/b81928dc_208618.txt
23185	208619	hsm/80f28039_208619.txt
23186	208620	hsm/b1a3e60c_208620.txt
23187	208621	hsm/5819b353_208621.txt
23188	208622	hsm/a45a052a_208622.txt
23189	208623	hsm/ef9781cf_208623.txt
23190	208624	hsm/fb5cc694_208624.txt
23191	208625	hsm/01a63913_208625.txt
23192	208626	hsm/ba69ce93_208626.txt
23193	208627	hsm/6f952aad_208627.txt
23194	208628	hsm/797cf318_208628.txt
23195	208629	hsm/74ab4875_208629.txt
23196	208630	hsm/ff12b2b5_208630.txt
23197	208631	hsm/2023e9bd_208631.txt
23198	208632	hsm/6d46473c_208632.txt
23199	208633	hsm/6add5b49_208633.txt
23200	208634	hsm/948c58d6_208634.txt
23201	208635	hsm/5213ee88_208635.txt
23202	208636	hsm/990e6d37_208636.txt
23203	208637	hsm/0ce43863_208637.txt
23204	208638	hsm/1e981540_208638.txt
23205	208639	hsm/51bf1c30_208639.txt
23206	208640	hsm/de3bf574_208640.txt
23207	208641	hsm/6a274f1b_208641.txt
23208	208642	hsm/59fedbce_208642.txt
23209	208643	hsm/8c3b6c29_208643.txt
23210	208644	hsm/2865d0a8_208644.txt
23211	208645	hsm/af678c37_208645.txt
23212	208646	hsm/be0a4ad6_208646.txt
23213	208647	hsm/3d86c6f2_208647.txt
23214	208648	hsm/f6560f67_208648.txt
23215	208649	hsm/9c87ce4d_208649.txt
23216	208650	hsm/ae7cb146_208650.txt
23217	208651	hsm/cc496985_208651.txt
23218	208652	hsm/f4dab7ce_208652.txt
23219	208653	hsm/53d3d56a_208653.txt
23220	208654	hsm/e741bb6f_208654.txt
23221	208655	hsm/5ef20102_208655.txt
23222	208656	hsm/299aac20_208656.txt
23223	208657	hsm/85f2d28f_208657.txt
23224	208658	hsm/b9c7d9e1_208658.txt
23225	208659	hsm/0bf8146b_208659.txt
23226	208660	hsm/e3386f33_208660.txt
23227	208661	hsm/0afb1bb0_208661.txt
23228	208662	hsm/442487b2_208662.txt
23229	208663	hsm/41b63808_208663.txt
23230	208664	hsm/ff2d05e9_208664.txt
23231	208665	hsm/a4713c3c_208665.txt
23232	208666	hsm/b248f97c_208666.txt
23233	208667	hsm/b5ff7895_208667.txt
23234	208668	hsm/685a5f70_208668.txt
23235	208669	hsm/33291be2_208669.txt
23236	208670	hsm/2d2ca9cc_208670.txt
23237	208671	hsm/00ef7237_208671.txt
23238	208672	hsm/7b247296_208672.txt
23239	208673	hsm/bbba100d_208673.txt
23240	208674	hsm/1413a209_208674.txt
23241	208675	hsm/c961fe4b_208675.txt
23242	208676	hsm/4e1fbe66_208676.txt
23243	208677	hsm/683f70f8_208677.txt
23244	208678	hsm/9ae01b68_208678.txt
23245	208679	hsm/ff121884_208679.txt
23246	208680	hsm/b1b12f81_208680.txt
23247	208681	hsm/5d50cbca_208681.txt
23248	208682	hsm/953b151b_208682.txt
23249	208683	hsm/9fb2a231_208683.txt
23250	208684	hsm/72adb51b_208684.txt
23251	208685	hsm/ec050774_208685.txt
23252	208686	hsm/c4b8e257_208686.txt
23253	208687	hsm/30d8cf9b_208687.txt
23254	208688	hsm/d18f9b2b_208688.txt
23255	208689	hsm/75f7b414_208689.txt
23256	208690	hsm/72ad41dc_208690.txt
23257	208691	hsm/302caf8b_208691.txt
23258	208692	hsm/cb532d4f_208692.txt
23259	208693	hsm/b0f8fe5d_208693.txt
23260	208694	hsm/77a43158_208694.txt
23261	208695	hsm/a784394b_208695.txt
23262	208696	hsm/482e3961_208696.txt
23263	208697	hsm/12f821e6_208697.txt
23264	208698	hsm/430201b1_208698.txt
23265	208699	hsm/4b7032cc_208699.txt
23266	208700	hsm/b878106e_208700.txt
23267	208701	hsm/3c732dc7_208701.txt
23268	208702	hsm/62ac774a_208702.txt
23269	208703	hsm/b7714d50_208703.txt
23270	208704	hsm/c8c1fb54_208704.txt
23271	208705	hsm/8d9d1491_208705.txt
23272	208706	hsm/5a1ed2cb_208706.txt
23273	208707	hsm/7247cefb_208707.txt
23274	208708	hsm/4e66e543_208708.txt
23275	208709	hsm/bc869036_208709.txt
23276	208710	hsm/5b2231f9_208710.txt
23277	208711	hsm/c19c730d_208711.txt
23278	208712	hsm/8445b0fc_208712.txt
23279	208713	hsm/cf0e6adf_208713.txt
23280	208714	hsm/0e406908_208714.txt
23281	208715	hsm/9c8bd04c_208715.txt
23282	208716	hsm/1abbe46c_208716.txt
23283	208717	hsm/15028c2b_208717.txt
23284	208718	hsm/c9de2ec8_208718.txt
23285	208719	hsm/b2653177_208719.txt
23286	208720	hsm/6b534c15_208720.txt
23287	208721	hsm/026ae8b3_208721.txt
23288	208722	hsm/f7de155b_208722.txt
23289	208723	hsm/8dcd4b48_208723.txt
23290	208724	hsm/959e6a62_208724.txt
23291	208725	hsm/decd6f8d_208725.txt
23292	208726	hsm/a91dfa31_208726.txt
23293	208727	hsm/58ac0466_208727.txt
23294	208728	hsm/f274da96_208728.txt
23295	208729	hsm/7ce1f49e_208729.txt
23296	208730	hsm/14d6de47_208730.txt
23297	208731	hsm/43ad4a06_208731.txt
23298	208732	hsm/ee04d9c3_208732.txt
23299	208733	hsm/6c43ed96_208733.txt
23300	208734	hsm/b9d19e04_208734.txt
23301	208735	hsm/ead651dc_208735.txt
23302	208736	hsm/169139ae_208736.txt
23303	208737	hsm/cc4c7513_208737.txt
23304	208738	hsm/6bb9acd3_208738.txt
23305	208739	hsm/2c17769e_208739.txt
23306	208740	hsm/b64b8fa0_208740.txt
23307	208741	hsm/062654b5_208741.txt
23308	208742	hsm/79315b97_208742.txt
23309	208743	hsm/0d640aaf_208743.txt
23310	208744	hsm/aebfbbd7_208744.txt
23311	208745	hsm/98e15582_208745.txt
23312	208746	hsm/155442e4_208746.txt
23313	208747	hsm/7cbc7044_208747.txt
23314	208748	hsm/6df3426f_208748.txt
23315	208749	hsm/2a848f62_208749.txt
23316	208750	hsm/8c917a19_208750.txt
23317	208751	hsm/a548b18c_208751.txt
23318	208752	hsm/95456ba7_208752.txt
23319	208753	hsm/2fa54a5f_208753.txt
23320	208754	hsm/bf2fde5f_208754.txt
23321	208755	hsm/6fc5dc42_208755.txt
23322	208756	hsm/642984cd_208756.txt
23323	208757	hsm/05cc1e98_208757.txt
23324	208758	hsm/86cccfe2_208758.txt
23325	208759	hsm/8f1f063a_208759.txt
23326	208760	hsm/630d5c1d_208760.txt
23327	208761	hsm/b3a26ad8_208761.txt
23328	208762	hsm/3a8e9249_208762.txt
23329	208763	hsm/92b0b503_208763.txt
23330	208764	hsm/ad4e7198_208764.txt
23331	208765	hsm/2f61e899_208765.txt
23332	208766	hsm/4d80cbb5_208766.txt
23333	208767	hsm/40520b9c_208767.txt
23334	208768	hsm/71bdf153_208768.txt
23335	208769	hsm/98fdf2b9_208769.txt
23336	208770	hsm/c7169595_208770.txt
23337	208771	hsm/a59c1b0e_208771.txt
23338	208772	hsm/e475437d_208772.txt
23339	208773	hsm/03e3c438_208773.txt
23340	208774	hsm/aed7d608_208774.txt
23341	208775	hsm/3ec56359_208775.txt
23342	208776	hsm/1cde24fe_208776.txt
23343	208777	hsm/428b79f3_208777.txt
23344	208778	hsm/bc776fbb_208778.txt
23345	208779	hsm/453e4bf0_208779.txt
23346	208780	hsm/fba57fe2_208780.txt
23347	208781	hsm/1369ab0e_208781.txt
23348	208782	hsm/65995529_208782.txt
23349	208783	hsm/6eaff308_208783.txt
23350	208784	hsm/6c1a20c2_208784.txt
23351	208785	hsm/17da4fc9_208785.txt
23352	208786	hsm/731dc3c2_208786.txt
23353	208787	hsm/7c69ff37_208787.txt
23354	208788	hsm/042c64d7_208788.txt
23355	208789	hsm/301b768e_208789.txt
23356	208790	hsm/299bc89d_208790.txt
23357	208791	hsm/71b87346_208791.txt
23358	208792	hsm/7289dc1d_208792.txt
23359	208793	hsm/befd4413_208793.txt
23360	208794	hsm/859d6fad_208794.txt
23361	208795	hsm/d5850fb5_208795.txt
23362	208796	hsm/5d52909f_208796.txt
23363	208797	hsm/76cf7c08_208797.txt
23364	208798	hsm/37c89d12_208798.txt
23365	208799	hsm/205a0bd4_208799.txt
23366	208800	hsm/96a6dd92_208800.txt
23367	208801	hsm/81d20504_208801.txt
23368	208802	hsm/bffd7606_208802.txt
23369	208803	hsm/7e500cca_208803.txt
23370	208804	hsm/18597f60_208804.txt
23371	208805	hsm/3eef7aca_208805.txt
23372	208806	hsm/914e29a2_208806.txt
23373	208807	hsm/c2b4bf83_208807.txt
23374	208808	hsm/47807ba9_208808.txt
23375	208809	hsm/60c38e74_208809.txt
23376	208810	hsm/2f573b68_208810.txt
23377	208811	hsm/0fd22e61_208811.txt
23378	208812	hsm/38d948d2_208812.txt
23379	208813	hsm/14cfbe6c_208813.txt
23380	208814	hsm/8036f19b_208814.txt
23381	208815	hsm/b71f27c0_208815.txt
23382	208816	hsm/3df74130_208816.txt
23383	208817	hsm/2674885f_208817.txt
23384	208818	hsm/23f606ce_208818.txt
23385	208819	hsm/f18c40f3_208819.txt
23386	208820	hsm/063074b8_208820.txt
23387	208821	hsm/0914dccc_208821.txt
23388	208822	hsm/9d463fec_208822.txt
23389	208823	hsm/214d08d9_208823.txt
23390	208824	hsm/1d442319_208824.txt
23391	208825	hsm/8bcb9b71_208825.txt
23392	208826	hsm/b200c580_208826.txt
23393	208827	hsm/e093c01d_208827.txt
23394	208828	hsm/56ad6c94_208828.txt
23395	208829	hsm/03d5f9d9_208829.txt
23396	208830	hsm/6c8228ee_208830.txt
23397	208831	hsm/6bc63e26_208831.txt
23398	208832	hsm/84f03d12_208832.txt
23399	208833	hsm/2e7b62b4_208833.txt
23400	208834	hsm/6ed418fd_208834.txt
23401	208835	hsm/86eea407_208835.txt
23402	208836	hsm/7072164d_208836.txt
23403	208837	hsm/fbe9f5cf_208837.txt
23404	208838	hsm/bdb445d4_208838.txt
23405	208839	hsm/ae382d81_208839.txt
23406	208840	hsm/b011e6e9_208840.txt
23407	208841	hsm/09d734a0_208841.txt
23408	208842	hsm/5311503b_208842.txt
23409	208843	hsm/f5f4bef3_208843.txt
23410	208844	hsm/fed862e4_208844.txt
23411	208845	hsm/848365a2_208845.txt
23412	208846	hsm/efc96b69_208846.txt
23413	208847	hsm/f40a4163_208847.txt
23414	208848	hsm/c78621c7_208848.txt
23415	208849	hsm/2c894b83_208849.txt
23416	208850	hsm/10efd90d_208850.txt
23417	208851	hsm/02c345b7_208851.txt
23418	208852	hsm/2e96b8e2_208852.txt
23419	208853	hsm/093d9502_208853.txt
23420	208854	hsm/421b7bf2_208854.txt
23421	208855	hsm/b81858a0_208855.txt
23422	208856	hsm/5265d97d_208856.txt
23423	208857	hsm/7ebc3c74_208857.txt
23424	208858	hsm/3ab00b39_208858.txt
23425	208859	hsm/1bcb0ed4_208859.txt
23426	208860	hsm/29e989bc_208860.txt
23427	208861	hsm/ea00f3e9_208861.txt
23428	208862	hsm/79391961_208862.txt
23429	208863	hsm/5bc6b8b8_208863.txt
23430	208864	hsm/0476cf76_208864.txt
23431	208865	hsm/147613d9_208865.txt
23432	208866	hsm/9e8c3076_208866.txt
23433	208867	hsm/0004b527_208867.txt
23434	208868	hsm/68a1ef92_208868.txt
23435	208869	hsm/416a3aaf_208869.txt
23436	208870	hsm/318b806a_208870.txt
23437	208871	hsm/161ef3c8_208871.txt
23438	208872	hsm/96738740_208872.txt
23439	208873	hsm/4f5cbed8_208873.txt
23440	208874	hsm/f0562119_208874.txt
23441	208875	hsm/1145eb7a_208875.txt
23442	208876	hsm/075e38e2_208876.txt
23443	208877	hsm/0ce0ca62_208877.txt
23444	208878	hsm/2233e7e4_208878.txt
23445	208879	hsm/2b59b689_208879.txt
23446	208880	hsm/78e60537_208880.txt
23447	208881	hsm/1ec0a780_208881.txt
23448	208882	hsm/1665847b_208882.txt
23449	208883	hsm/e84bb8c9_208883.txt
23450	208884	hsm/e23e1a7e_208884.txt
23451	208885	hsm/d264d91b_208885.txt
23452	208886	hsm/2f573b68_208886.txt
23453	208887	hsm/c2b4bf83_208887.txt
23454	208888	hsm/262d148f_208888.txt
23455	208889	hsm/aa3643b0_208889.txt
23456	208890	hsm/5e4d34a7_208890.txt
23457	208891	hsm/14cfbe6c_208891.txt
23458	208892	hsm/8036f19b_208892.txt
23459	208893	hsm/b71f27c0_208893.txt
23460	208894	hsm/b0cd4b50_208894.txt
23461	208895	hsm/561d477d_208895.txt
23462	208896	hsm/6005e93b_208896.txt
23463	208897	hsm/7e2f8a68_208897.txt
23464	208898	hsm/dd070800_208898.txt
23465	208899	hsm/87fea11b_208899.txt
23466	208900	hsm/cf1010e8_208900.txt
23467	208901	hsm/611cbbcf_208901.txt
23468	208902	hsm/e84c1ba0_208902.txt
23469	208903	hsm/e01a70ee_208903.txt
23470	208904	hsm/36a1c4c0_208904.txt
23471	208905	hsm/51df9f46_208905.txt
23472	208906	hsm/bac120fb_208906.txt
23473	208907	hsm/12bd3457_208907.txt
23474	208908	hsm/fd9883f1_208908.txt
23475	208909	hsm/870af2ea_208909.txt
23476	208910	hsm/209c7cdc_208910.txt
23477	208911	hsm/4b4c190a_208911.txt
23478	208912	hsm/d9e5b966_208912.txt
23479	208913	hsm/38ac4d50_208913.txt
23480	208914	hsm/686c80ab_208914.txt
23481	208915	hsm/98f42373_208915.txt
23482	208916	hsm/a5d0ed94_208916.txt
23483	208917	hsm/5371e163_208917.txt
23484	208918	hsm/37196781_208918.txt
23485	208919	hsm/d5eedcc2_208919.txt
23486	208920	hsm/81505b2f_208920.txt
23487	208921	hsm/fc038d3f_208921.txt
23488	208922	hsm/ea89778f_208922.txt
23489	208923	hsm/7cb03cbd_208923.txt
23490	208924	hsm/9431a2b7_208924.txt
23491	208925	hsm/ace4e282_208925.txt
23492	208926	hsm/7289dc1d_208926.txt
23493	208927	hsm/cad68760_208927.txt
23494	208928	hsm/a56b7f66_208928.txt
23495	208929	hsm/4128fcd0_208929.txt
23496	208930	hsm/042c64d7_208930.txt
23497	208931	hsm/301b768e_208931.txt
23498	208932	hsm/299bc89d_208932.txt
23499	208933	hsm/71b87346_208933.txt
23500	208934	hsm/4ad78ab6_208934.txt
23501	208935	hsm/4001addb_208935.txt
23502	208936	hsm/96a6dd92_208936.txt
23503	208937	hsm/71165f60_208937.txt
23504	208938	hsm/c8916ada_208938.txt
23505	208939	hsm/4652822c_208939.txt
23506	208940	hsm/821af794_208940.txt
23507	208941	hsm/fbe45a42_208941.txt
23508	208942	hsm/2c543a94_208942.txt
23509	208943	hsm/9e22757e_208943.txt
23510	208944	hsm/12ebddf2_208944.txt
23511	208945	hsm/48966ea0_208945.txt
23512	208946	hsm/0a37a98a_208946.txt
23513	208947	hsm/f273ea63_208947.txt
23514	208948	hsm/7ca19e41_208948.txt
23515	208949	hsm/59c30732_208949.txt
23516	208950	hsm/07cadd18_208950.txt
23517	208951	hsm/dbd48f7a_208951.txt
23518	208952	hsm/7c529921_208952.txt
23519	208953	hsm/8b0d1dbc_208953.txt
23520	208954	hsm/3fa88057_208954.txt
23521	208955	hsm/64cafb96_208955.txt
23522	208956	hsm/efb6ce75_208956.txt
23523	208957	hsm/53b680cf_208957.txt
23524	208958	hsm/96bf0351_208958.txt
23525	208959	hsm/a7e8899e_208959.txt
23526	208960	hsm/e5fe4e60_208960.txt
23527	208961	hsm/a720bf03_208961.txt
23528	208962	hsm/afbcf20d_208962.txt
23529	208963	hsm/a9ec6b11_208963.txt
23530	208964	hsm/8036f19b_208964.txt
23531	208965	hsm/b71f27c0_208965.txt
23532	208966	hsm/a1fda3d4_208966.txt
23533	208967	hsm/c5e8a7a8_208967.txt
23534	208968	hsm/7a1607af_208968.txt
23535	208969	hsm/179bd8dd_208969.txt
23536	208970	hsm/c3cdfe4d_208970.txt
23537	208971	hsm/64757b6c_208971.txt
23538	208972	hsm/bcf2a0ed_208972.txt
23539	208973	hsm/0f27ba62_208973.txt
23540	208974	hsm/0e3a9af1_208974.txt
23541	208975	hsm/25cd7b24_208975.txt
23542	208976	hsm/f097952a_208976.txt
23543	208977	hsm/bbba94c1_208977.txt
23544	208978	hsm/7314bcf4_208978.txt
23545	208979	hsm/367b8077_208979.txt
23546	208980	hsm/c7b63cb3_208980.txt
23547	208981	hsm/48911ea8_208981.txt
23548	208982	hsm/0b7fd85c_208982.txt
23549	208983	hsm/e1ced19f_208983.txt
23550	208984	hsm/bb7a56e7_208984.txt
23551	208985	hsm/849953ab_208985.txt
23552	208986	hsm/dfed4b0f_208986.txt
23553	208987	hsm/0651a874_208987.txt
23554	208988	hsm/5f8e0647_208988.txt
23555	208989	hsm/338a78eb_208989.txt
23556	208990	hsm/b6efe5b9_208990.txt
23557	208991	hsm/7cb68ef3_208991.txt
23558	208992	hsm/bc9d5654_208992.txt
23559	208993	hsm/9404469e_208993.txt
23560	208994	hsm/2f573b68_208994.txt
23561	208995	hsm/c2b4bf83_208995.txt
23562	208996	hsm/81c0e4f1_208996.txt
23563	208997	hsm/eb127ab5_208997.txt
23564	208998	hsm/a6ef41f2_208998.txt
23565	208999	hsm/3705983d_208999.txt
23566	209000	hsm/55fd304a_209000.txt
23567	209001	hsm/0e2d65d7_209001.txt
23568	209002	hsm/04b0812a_209002.txt
23569	209003	hsm/1da69750_209003.txt
23570	209004	hsm/6cc17242_209004.txt
23571	209005	hsm/1b7bd8e3_209005.txt
23572	209006	hsm/36767011_209006.txt
23573	209007	hsm/9e3dea07_209007.txt
23574	209008	hsm/4cdde0c8_209008.txt
23575	209009	hsm/6ccdea87_209009.txt
23576	209010	hsm/02ce145a_209010.txt
23577	209011	hsm/749abfc2_209011.txt
23578	209012	hsm/cbe399a5_209012.txt
23579	209013	hsm/4da4db18_209013.txt
23580	209014	hsm/c8c6db52_209014.txt
23581	209015	hsm/075eb61f_209015.txt
23582	209016	hsm/fe7c535c_209016.txt
23583	209017	hsm/f18cfdc9_209017.txt
23584	209018	hsm/15c5bd9d_209018.txt
23585	209019	hsm/d3ef5e0c_209019.txt
23586	209020	hsm/87ec46fe_209020.txt
23587	209021	hsm/24bd98ef_209021.txt
23588	209022	hsm/805fbdb9_209022.txt
23589	209023	hsm/b0f3f966_209023.txt
23590	209024	hsm/c4fd020d_209024.txt
23591	209025	hsm/7c07f622_209025.txt
23592	209026	hsm/f05e94d9_209026.txt
23593	209027	hsm/6835997c_209027.txt
23594	209028	hsm/2d8f326e_209028.txt
23595	209029	hsm/6dfc82c2_209029.txt
23596	209030	hsm/27ec0dd7_209030.txt
23597	209031	hsm/8f91b35f_209031.txt
23598	209032	hsm/c05c15e4_209032.txt
23599	209033	hsm/5387ac9c_209033.txt
23600	209034	hsm/1ee2c9bf_209034.txt
23601	209035	hsm/59a4ed6d_209035.txt
23602	209036	hsm/12ce3ff5_209036.txt
23603	209037	hsm/7fa1424f_209037.txt
23604	209038	hsm/94c50387_209038.txt
23605	209039	hsm/9c2d7447_209039.txt
23606	209040	hsm/4b31d621_209040.txt
23607	209041	hsm/370fdfd9_209041.txt
23608	209042	hsm/2c2f912b_209042.txt
23609	209043	hsm/f41aaac5_209043.txt
23610	209044	hsm/7c6659e4_209044.txt
23611	209045	hsm/2ede2394_209045.txt
23612	209046	hsm/8cb3c0d8_209046.txt
23613	209047	hsm/b753afad_209047.txt
23614	209048	hsm/fdc9a516_209048.txt
23615	209049	hsm/e1670947_209049.txt
23616	209050	hsm/ddd454f8_209050.txt
23617	209051	hsm/8a085e15_209051.txt
23618	209052	hsm/ebb9f54d_209052.txt
23619	209053	hsm/d19cc8fe_209053.txt
23620	209054	hsm/eb3bdcfc_209054.txt
23621	209055	hsm/9c462d30_209055.txt
23622	209056	hsm/0a68b86c_209056.txt
23623	209057	hsm/1880b2d0_209057.txt
23624	209058	hsm/b995a17f_209058.txt
23625	209059	hsm/6dea8d33_209059.txt
23626	209060	hsm/e1126c7e_209060.txt
23627	209061	hsm/386f7a34_209061.txt
23628	209062	hsm/3297b01e_209062.txt
23629	209063	hsm/828122cd_209063.txt
23630	209064	hsm/94e4097d_209064.txt
23631	209065	hsm/e4b62f8b_209065.txt
23632	209066	hsm/f4ec87ca_209066.txt
23633	209067	hsm/8fde7038_209067.txt
23634	209068	hsm/871d585e_209068.txt
23635	209069	hsm/6d8dd23b_209069.txt
23636	209070	hsm/1d48d7d9_209070.txt
23637	209071	hsm/7ca65fa8_209071.txt
23638	209072	hsm/ddfd36fa_209072.txt
23639	209073	hsm/63acf495_209073.txt
23640	209074	hsm/f0786e99_209074.txt
23641	209075	hsm/b5cff505_209075.txt
23642	209076	hsm/efe5ca74_209076.txt
23643	209077	hsm/0e122314_209077.txt
23644	209078	hsm/ab4bf639_209078.txt
23645	209079	hsm/6fb4cb30_209079.txt
23646	209080	hsm/cd049afd_209080.txt
23647	209081	hsm/7def6805_209081.txt
23648	209082	hsm/9f152774_209082.txt
23649	209083	hsm/245ed13e_209083.txt
23650	209084	hsm/dcffb2b4_209084.txt
23651	209085	hsm/cb5e2d56_209085.txt
23652	209086	hsm/f3fa9ce8_209086.txt
23653	209087	hsm/46b6b911_209087.txt
23654	209088	hsm/1f1b029f_209088.txt
23655	209089	hsm/72520ded_209089.txt
23656	209090	hsm/3a9985be_209090.txt
23657	209091	hsm/533328e6_209091.txt
23658	209092	hsm/ab2333e5_209092.txt
23659	209093	hsm/fa8899f8_209093.txt
23660	209094	hsm/a91d90c2_209094.txt
23661	209095	hsm/53bc96df_209095.txt
23662	209096	hsm/687b33cf_209096.txt
23663	209097	hsm/bb92cf8e_209097.txt
23664	209098	hsm/02fb8d9f_209098.txt
23665	209099	hsm/7719d778_209099.txt
23666	209100	hsm/0d4a9447_209100.txt
23667	209101	hsm/2ed981bf_209101.txt
23668	209102	hsm/35147251_209102.txt
23669	209103	hsm/41c1636c_209103.txt
23670	209104	hsm/da09a7a0_209104.txt
23671	209105	hsm/3131d3c8_209105.txt
23672	209106	hsm/78cc4030_209106.txt
23673	209107	hsm/811fe87c_209107.txt
23674	209108	hsm/8a0fe320_209108.txt
23675	209109	hsm/c1099196_209109.txt
23676	209110	hsm/77078428_209110.txt
23677	209111	hsm/2f573b68_209111.txt
23678	209112	hsm/c2b4bf83_209112.txt
23679	209113	hsm/41c93306_209113.txt
23680	209114	hsm/c5f18f1e_209114.txt
23681	209115	hsm/f4457d4f_209115.txt
23682	209116	hsm/0c0c139e_209116.txt
23683	209117	hsm/30918ddd_209117.txt
23684	209118	hsm/55fd304a_209118.txt
23685	209119	hsm/8036f19b_209119.txt
23686	209120	hsm/b71f27c0_209120.txt
23687	209121	hsm/2c4ced12_209121.txt
23688	209122	hsm/b4f149fa_209122.txt
23689	209123	hsm/f41ac29a_209123.txt
23690	209124	hsm/ed064081_209124.txt
23691	209125	hsm/46fa26e3_209125.txt
23692	209126	hsm/6c5aac91_209126.txt
23693	209127	hsm/09961cb7_209127.txt
23694	209128	hsm/dfd4f76c_209128.txt
23695	209129	hsm/e73488a8_209129.txt
23696	209130	hsm/c34e27e5_209130.txt
23697	209131	hsm/8807532a_209131.txt
23698	209132	hsm/cd1b5bed_209132.txt
23699	209133	hsm/e26d7418_209133.txt
23700	209134	hsm/7f1217b2_209134.txt
23701	209135	hsm/362d2687_209135.txt
23702	209136	hsm/aa9c283a_209136.txt
23703	209137	hsm/1d1cead5_209137.txt
23704	209138	hsm/7ba7245b_209138.txt
23705	209139	hsm/f5d22d91_209139.txt
23706	209140	hsm/d6188c8f_209140.txt
23707	209141	hsm/9a895372_209141.txt
23708	209142	hsm/1dbea70a_209142.txt
23709	209143	hsm/edc5843c_209143.txt
23710	209144	hsm/ee3014d5_209144.txt
23711	209145	hsm/4ba0bf46_209145.txt
23712	209146	hsm/5bbe1b60_209146.txt
23713	209147	hsm/b9d254c9_209147.txt
23714	209148	hsm/06f6c45c_209148.txt
23715	209149	hsm/16d849a0_209149.txt
23716	209150	hsm/f19a35ae_209150.txt
23717	209151	hsm/e1850621_209151.txt
23718	209152	hsm/6ca84340_209152.txt
23719	209153	hsm/522f20be_209153.txt
23720	209154	hsm/eb0d8672_209154.txt
23721	209155	hsm/5925c6be_209155.txt
23722	209156	hsm/0474eabb_209156.txt
23723	209157	hsm/ba1f37fe_209157.txt
23724	209158	hsm/4707ae25_209158.txt
23725	209159	hsm/9ab97ac9_209159.txt
23726	209160	hsm/a6fde051_209160.txt
23727	209161	hsm/ae620206_209161.txt
23728	209162	hsm/aa7fa6a4_209162.txt
23729	209163	hsm/ea1d7cfe_209163.txt
23730	209164	hsm/b683453e_209164.txt
23731	209165	hsm/e1544a9d_209165.txt
23732	209166	hsm/6b029a36_209166.txt
23733	209167	hsm/a271a9a8_209167.txt
23734	209168	hsm/ef0f9f85_209168.txt
23735	209169	hsm/dd58919f_209169.txt
23736	209170	hsm/2e1e2c1c_209170.txt
23737	209171	hsm/1d441bc2_209171.txt
23738	209172	hsm/3cd74368_209172.txt
23739	209173	hsm/ce6c7f7a_209173.txt
23740	209174	hsm/ac4af0ca_209174.txt
23741	209175	hsm/d72cff0c_209175.txt
23742	209176	hsm/84ae818d_209176.txt
23743	209177	hsm/f7001eb1_209177.txt
23744	209178	hsm/fd4d426e_209178.txt
23745	209179	hsm/7c9a5078_209179.txt
23746	209180	hsm/395d3ebb_209180.txt
23747	209181	hsm/2c932520_209181.txt
23748	209182	hsm/e0a0bb4a_209182.txt
23749	209183	hsm/0fcf64a2_209183.txt
23750	209184	hsm/79a69983_209184.txt
23751	209185	hsm/bb8f8b96_209185.txt
23752	209186	hsm/9831b24c_209186.txt
23753	209187	hsm/0d85f609_209187.txt
23754	209188	hsm/f5e1e9d4_209188.txt
23755	209189	hsm/36233ea1_209189.txt
23756	209190	hsm/54f631fd_209190.txt
23757	209191	hsm/b08848cb_209191.txt
23758	209192	hsm/40ee09e5_209192.txt
23759	209193	hsm/01ec53e1_209193.txt
23760	209194	hsm/5054bc1e_209194.txt
23761	209195	hsm/cff43ee0_209195.txt
23762	209196	hsm/f9fca2b9_209196.txt
23763	209197	hsm/c9028a0f_209197.txt
23764	209198	hsm/e91999fb_209198.txt
23765	209199	hsm/f8639b09_209199.txt
23766	209200	hsm/927587c9_209200.txt
23767	209201	hsm/391b778e_209201.txt
23768	209202	hsm/7a2b8c48_209202.txt
23769	209203	hsm/db4dab85_209203.txt
23770	209204	hsm/a02a7d76_209204.txt
23771	209205	hsm/7e5f25f7_209205.txt
23772	209206	hsm/851f64aa_209206.txt
23773	209207	hsm/8f8084fb_209207.txt
23774	209208	hsm/1d8e0d0c_209208.txt
23775	209209	hsm/c7ecc8cf_209209.txt
23776	209210	hsm/48634529_209210.txt
23777	209211	hsm/f5b2910f_209211.txt
23778	209212	hsm/bda3b1a8_209212.txt
23779	209213	hsm/066f7e4d_209213.txt
23780	209214	hsm/2765e8f4_209214.txt
23781	209215	hsm/bebdfc95_209215.txt
23782	209216	hsm/1a8f2f6c_209216.txt
23783	209217	hsm/4596501f_209217.txt
23784	209218	hsm/96cb533f_209218.txt
23785	209219	hsm/a01b9ebd_209219.txt
23786	209220	hsm/f4ffd965_209220.txt
23787	209221	hsm/3e145415_209221.txt
23788	209222	hsm/2c863056_209222.txt
23789	209223	hsm/7a0b0581_209223.txt
23790	209224	hsm/73747792_209224.txt
23791	209225	hsm/bd970a08_209225.txt
23792	209226	hsm/54c13619_209226.txt
23793	209227	hsm/d1328e52_209227.txt
23794	209228	hsm/13271245_209228.txt
23795	209229	hsm/5d758730_209229.txt
23796	209230	hsm/178a5b3f_209230.txt
23797	209231	hsm/07257c5a_209231.txt
23798	209232	hsm/a761fb19_209232.txt
23799	209233	hsm/1f1b9355_209233.txt
23800	209234	hsm/f1d269ba_209234.txt
23801	209235	hsm/a99032f8_209235.txt
23802	209236	hsm/7daf3a0a_209236.txt
23803	209237	hsm/159914ff_209237.txt
23804	209238	hsm/c20a6f5f_209238.txt
23805	209239	hsm/a5e987c4_209239.txt
23806	209240	hsm/3d17770c_209240.txt
23807	209241	hsm/a2471820_209241.txt
23808	209242	hsm/f19e3823_209242.txt
23809	209243	hsm/37e0e12b_209243.txt
23810	209244	hsm/22d1987c_209244.txt
23811	209245	hsm/7839ffde_209245.txt
23812	209246	hsm/047c4b4e_209246.txt
23813	209247	hsm/11edd9a8_209247.txt
23814	209248	hsm/71937110_209248.txt
23815	209249	hsm/7b022f70_209249.txt
23816	209250	hsm/0289633c_209250.txt
23817	209251	hsm/76ddd4b3_209251.txt
23818	209252	hsm/09ca5bb8_209252.txt
23819	209253	hsm/414cc20c_209253.txt
23820	209254	hsm/de1b17ae_209254.txt
23821	209255	hsm/1b9d8cca_209255.txt
23822	209256	hsm/b5d0f7c4_209256.txt
23823	209257	hsm/5b1d01d0_209257.txt
23824	209258	hsm/a6e0b974_209258.txt
23825	209259	hsm/e463b856_209259.txt
23826	209260	hsm/bdf930a0_209260.txt
23827	209261	hsm/a66eea2c_209261.txt
23828	209262	hsm/9e85d8c2_209262.txt
23829	209263	hsm/2ec3ac13_209263.txt
23830	209264	hsm/2829b9b9_209264.txt
23831	209265	hsm/5f22b0b6_209265.txt
23832	209266	hsm/81f6ed3b_209266.txt
23833	209267	hsm/f3422c44_209267.txt
23834	209268	hsm/63e2cf66_209268.txt
23835	209269	hsm/7d748b8d_209269.txt
23836	209270	hsm/9db6d3c8_209270.txt
23837	209271	hsm/e759c331_209271.txt
23838	209272	hsm/cab07456_209272.txt
23839	209273	hsm/dc2c875e_209273.txt
23840	209274	hsm/1068b506_209274.txt
23841	209275	hsm/6a298a56_209275.txt
23842	209276	hsm/ce94a758_209276.txt
23843	209277	hsm/3a2922e6_209277.txt
23844	209278	hsm/6ae44153_209278.txt
23845	209279	hsm/94a1f792_209279.txt
23846	209280	hsm/e8b997c0_209280.txt
23847	209281	hsm/4d720099_209281.txt
23848	209282	hsm/05c1232d_209282.txt
23849	209283	hsm/61b36923_209283.txt
23850	209284	hsm/ecfe5fff_209284.txt
23851	209285	hsm/e7386aef_209285.txt
23852	209286	hsm/cef6bc2b_209286.txt
23853	209287	hsm/da0b665b_209287.txt
23854	209288	hsm/f6a07735_209288.txt
23855	209289	hsm/ca11ed1e_209289.txt
23856	209290	hsm/ec6d504d_209290.txt
23857	209291	hsm/228bfa45_209291.txt
23858	209292	hsm/97f05ef6_209292.txt
23859	209293	hsm/54ce989c_209293.txt
23860	209294	hsm/9292e6ae_209294.txt
23861	209295	hsm/1986f47a_209295.txt
23862	209296	hsm/e2afd193_209296.txt
23863	209297	hsm/23bacdcb_209297.txt
23864	209298	hsm/09c55f5f_209298.txt
23865	209299	hsm/4105cb17_209299.txt
23866	209300	hsm/3f188042_209300.txt
23867	209301	hsm/23cbc432_209301.txt
23868	209302	hsm/8f75624f_209302.txt
23869	209303	hsm/8a76d7ff_209303.txt
23870	209304	hsm/6b1c82a9_209304.txt
23871	209305	hsm/e1c63445_209305.txt
23872	209306	hsm/a618b0b5_209306.txt
23873	209307	hsm/1532f1f8_209307.txt
23874	209308	hsm/0e1ba51a_209308.txt
23875	209309	hsm/c3cfc39b_209309.txt
23876	209310	hsm/37bad578_209310.txt
23877	209311	hsm/e607610c_209311.txt
23878	209312	hsm/41791b3b_209312.txt
23879	209313	hsm/712f4472_209313.txt
23880	209314	hsm/8b54b70f_209314.txt
23881	209315	hsm/11779a0b_209315.txt
23882	209316	hsm/d8c5e960_209316.txt
23883	209317	hsm/0f2f417b_209317.txt
23884	209318	hsm/cd1f74a4_209318.txt
23885	209319	hsm/188af508_209319.txt
23886	209320	hsm/8a20a948_209320.txt
23887	209321	hsm/9f31846d_209321.txt
23888	209322	hsm/3c264326_209322.txt
23889	209323	hsm/59c8b78e_209323.txt
23890	209324	hsm/74c34518_209324.txt
23891	209325	hsm/6fd21706_209325.txt
23892	209326	hsm/2d6439e7_209326.txt
23893	209327	hsm/8633f340_209327.txt
23894	209328	hsm/891859dd_209328.txt
23895	209329	hsm/85d37209_209329.txt
23896	209330	hsm/5da8a82e_209330.txt
23897	209331	hsm/2c4844ed_209331.txt
23898	209332	hsm/3660dd40_209332.txt
23899	209333	hsm/7ce41caa_209333.txt
23900	209334	hsm/7869d964_209334.txt
23901	209335	hsm/a94a5b2b_209335.txt
23902	209336	hsm/9f307a8f_209336.txt
23903	209337	hsm/025503dc_209337.txt
23904	209338	hsm/dcde0547_209338.txt
23905	209339	hsm/bd00dac2_209339.txt
23906	209340	hsm/8caedb72_209340.txt
23907	209341	hsm/82815820_209341.txt
23908	209342	hsm/c56f4982_209342.txt
23909	209343	hsm/e005b1b9_209343.txt
23910	209344	hsm/43581603_209344.txt
23911	209345	hsm/5eee1cbf_209345.txt
23912	209346	hsm/39d7084b_209346.txt
23913	209347	hsm/a3b8b8cd_209347.txt
23914	209348	hsm/e736e20d_209348.txt
23915	209349	hsm/4b4148f7_209349.txt
23916	209350	hsm/93f78098_209350.txt
23917	209351	hsm/6e4ba961_209351.txt
23918	209352	hsm/c89e48c1_209352.txt
23919	209353	hsm/97866d79_209353.txt
23920	209354	hsm/9db8f34b_209354.txt
23921	209355	hsm/54c9513f_209355.txt
23922	209356	hsm/6d382144_209356.txt
23923	209357	hsm/92921ef9_209357.txt
23924	209358	hsm/47a23b82_209358.txt
23925	209359	hsm/74c7cd7a_209359.txt
23926	209360	hsm/af86ce32_209360.txt
23927	209361	hsm/be94630c_209361.txt
23928	209362	hsm/3e50684d_209362.txt
23929	209363	hsm/b06b6ff5_209363.txt
23930	209364	hsm/1f8a9557_209364.txt
23931	209365	hsm/4cdf5d2c_209365.txt
23932	209366	hsm/73e1697d_209366.txt
23933	209367	hsm/26c677ef_209367.txt
23934	209368	hsm/90c7f208_209368.txt
23935	209369	hsm/1392dc89_209369.txt
23936	209370	hsm/9eb75ac4_209370.txt
23937	209371	hsm/12780ebe_209371.txt
23938	209372	hsm/2a5e91ef_209372.txt
23939	209373	hsm/9faf0d90_209373.txt
23940	209374	hsm/d3c28fff_209374.txt
23941	209375	hsm/392b5de4_209375.txt
23942	209376	hsm/15e150ad_209376.txt
23943	209377	hsm/8a81433c_209377.txt
23944	209378	hsm/e97b8bfb_209378.txt
23945	209379	hsm/87b570fc_209379.txt
23946	209380	hsm/a74404f7_209380.txt
23947	209381	hsm/b4229eff_209381.txt
23948	209382	hsm/6bc6b97d_209382.txt
23949	209383	hsm/a0da04cc_209383.txt
23950	209384	hsm/247b7aa3_209384.txt
23951	209385	hsm/bcfb6790_209385.txt
23952	209386	hsm/37657fb5_209386.txt
23953	209387	hsm/9776695b_209387.txt
23954	209388	hsm/38d98af8_209388.txt
23955	209389	hsm/c199970a_209389.txt
23956	209390	hsm/14625bed_209390.txt
23957	209391	hsm/83cb9831_209391.txt
23958	209392	hsm/6e0d564b_209392.txt
23959	209393	hsm/8edcd3d4_209393.txt
23960	209394	hsm/0aecf602_209394.txt
23961	209395	hsm/56c6fac8_209395.txt
23962	209396	hsm/f47d58a8_209396.txt
23963	209397	hsm/ee15dd9d_209397.txt
23964	209398	hsm/adb232a0_209398.txt
23965	209399	hsm/86a1840d_209399.txt
23966	209400	hsm/f310382b_209400.txt
23967	209401	hsm/70d1862f_209401.txt
23968	209402	hsm/93f600ab_209402.txt
23969	209403	hsm/a4ed917b_209403.txt
23970	209404	hsm/c7d8b15e_209404.txt
23971	209405	hsm/a702e76a_209405.txt
23972	209406	hsm/a509defc_209406.txt
23973	209407	hsm/537b453e_209407.txt
23974	209408	hsm/09e84961_209408.txt
23975	209409	hsm/64bc90d8_209409.txt
23976	209410	hsm/d6049810_209410.txt
23977	209411	hsm/ca318ba4_209411.txt
23978	209412	hsm/54e2e459_209412.txt
23979	209413	hsm/0f0c3d45_209413.txt
23980	209414	hsm/ba87ab17_209414.txt
23981	209415	hsm/98ca2336_209415.txt
23982	209416	hsm/3a170b08_209416.txt
23983	209417	hsm/b4f93eb6_209417.txt
23984	209418	hsm/d1b9e573_209418.txt
23985	209419	hsm/16a1bf79_209419.txt
23986	209420	hsm/b2e1e1b8_209420.txt
23987	209421	hsm/ca6eeb7e_209421.txt
23988	209422	hsm/6e9f3988_209422.txt
23989	209423	hsm/fe8b4806_209423.txt
23990	209424	hsm/f6d5ffc7_209424.txt
23991	209425	hsm/3cc75b61_209425.txt
23992	209426	hsm/44d4d255_209426.txt
23993	209427	hsm/8491c2a1_209427.txt
23994	209428	hsm/5bc16cb3_209428.txt
23995	209429	hsm/ebd5d673_209429.txt
23996	209430	hsm/b6d7bef2_209430.txt
23997	209431	hsm/3a2c9e2a_209431.txt
23998	209432	hsm/8cc0173e_209432.txt
23999	209433	hsm/cdc9cd64_209433.txt
24000	209434	hsm/d5d9fdc4_209434.txt
24001	209435	hsm/c1cc5c11_209435.txt
24002	209436	hsm/04c72d95_209436.txt
24003	209437	hsm/5c9d9697_209437.txt
24004	209438	hsm/f067a946_209438.txt
24005	209439	hsm/f0d740aa_209439.txt
24006	209440	hsm/ed160168_209440.txt
24007	209441	hsm/16cfd51b_209441.txt
24008	209442	hsm/e60b8b4c_209442.txt
24009	209443	hsm/af800982_209443.txt
24010	209444	hsm/c57dcb30_209444.txt
24011	209445	hsm/22649c89_209445.txt
24012	209446	hsm/dc9d201c_209446.txt
24013	209447	hsm/f0680712_209447.txt
24014	209448	hsm/132537aa_209448.txt
24015	209449	hsm/0822b569_209449.txt
24016	209450	hsm/8e5aa8c0_209450.txt
24017	209451	hsm/d72822a4_209451.txt
24018	209452	hsm/4b3e6069_209452.txt
24019	209453	hsm/5359512c_209453.txt
24020	209454	hsm/1c72e503_209454.txt
24021	209455	hsm/35e32e54_209455.txt
24022	209456	hsm/e12577d9_209456.txt
24023	209457	hsm/67227458_209457.txt
24024	209458	hsm/1867d8b5_209458.txt
24025	209459	hsm/9489798c_209459.txt
24026	209460	hsm/a903433b_209460.txt
24027	209461	hsm/fd4bfb7e_209461.txt
24028	209462	hsm/d968309e_209462.txt
24029	209463	hsm/832b0aaf_209463.txt
24030	209464	hsm/1051b066_209464.txt
24031	209465	hsm/cfa3363e_209465.txt
24032	209466	hsm/8903321d_209466.txt
24033	209467	hsm/0bfcd6e7_209467.txt
24034	209468	hsm/35e86fdb_209468.txt
24035	209469	hsm/9640f5c1_209469.txt
24036	209470	hsm/765569d4_209470.txt
24037	209471	hsm/52c287f0_209471.txt
24038	209472	hsm/35db7ef7_209472.txt
24039	209473	hsm/5e56965b_209473.txt
24040	209474	hsm/d8dbbfc1_209474.txt
24041	209475	hsm/f070f3e4_209475.txt
24042	209476	hsm/40b3f348_209476.txt
24043	209477	hsm/e01c4b11_209477.txt
24044	209478	hsm/6ffecf73_209478.txt
24045	209479	hsm/8fec9f40_209479.txt
24046	209480	hsm/4cd7af53_209480.txt
24047	209481	hsm/98675ce8_209481.txt
24048	209482	hsm/25f2f313_209482.txt
24049	209483	hsm/54366657_209483.txt
24050	209484	hsm/bb2d7571_209484.txt
24051	209485	hsm/a36f09ae_209485.txt
24052	209486	hsm/92d47aa5_209486.txt
24053	209487	hsm/2b7dbb74_209487.txt
24054	209488	hsm/e062392b_209488.txt
24055	209489	hsm/1f8e5719_209489.txt
24056	209490	hsm/1a7ee99e_209490.txt
24057	209491	hsm/7d5bb717_209491.txt
24058	209492	hsm/aade847c_209492.txt
24059	209493	hsm/f700b3ca_209493.txt
24060	209494	hsm/0833e1e5_209494.txt
24061	209495	hsm/9e951304_209495.txt
24062	209496	hsm/fe2255da_209496.txt
24063	209497	hsm/d9952318_209497.txt
24064	209498	hsm/5a09a4d6_209498.txt
24065	209499	hsm/24a254e7_209499.txt
24066	209500	hsm/0bf0baec_209500.txt
24067	209501	hsm/4ebab100_209501.txt
24068	209502	hsm/8935cf92_209502.txt
24069	209503	hsm/dabe1809_209503.txt
24070	209504	hsm/2bda82d0_209504.txt
24071	209505	hsm/b7ee2466_209505.txt
24072	209506	hsm/a8530d14_209506.txt
24073	209507	hsm/90bd7913_209507.txt
24074	209508	hsm/5db8b1cb_209508.txt
24075	209509	hsm/18917df8_209509.txt
24076	209510	hsm/65c28a76_209510.txt
24077	209511	hsm/c90251a3_209511.txt
24078	209512	hsm/77686a9e_209512.txt
24079	209513	hsm/a31143a2_209513.txt
24080	209514	hsm/e395fb6e_209514.txt
24081	209515	hsm/af006fa9_209515.txt
24082	209516	hsm/50c454f5_209516.txt
24083	209517	hsm/26174ec9_209517.txt
24084	209518	hsm/c251ed96_209518.txt
24085	209519	hsm/89efd168_209519.txt
24086	209520	hsm/406bd8fa_209520.txt
24087	209521	hsm/d17c005b_209521.txt
24088	209522	hsm/880f2df6_209522.txt
24089	209523	hsm/ee9a1522_209523.txt
24090	209524	hsm/467b23e6_209524.txt
24091	209525	hsm/927e1754_209525.txt
24092	209526	hsm/e5f44ce6_209526.txt
24093	209527	hsm/4a4ee84a_209527.txt
24094	209528	hsm/8c43fe68_209528.txt
24095	209529	hsm/94d9ff34_209529.txt
24096	209530	hsm/7a90c8d7_209530.txt
24097	209531	hsm/6d95bba6_209531.txt
24098	209532	hsm/aaa9411a_209532.txt
24099	209533	hsm/43f20750_209533.txt
24100	209534	hsm/9f08f3ec_209534.txt
24101	209535	hsm/5aa9bf22_209535.txt
24102	209536	hsm/fd823c08_209536.txt
24103	209537	hsm/2292072d_209537.txt
24104	209538	hsm/eab6657f_209538.txt
24105	209539	hsm/aa1024df_209539.txt
24106	209540	hsm/bc417503_209540.txt
24107	209541	hsm/9e83a869_209541.txt
24108	209542	hsm/7b7ce3ab_209542.txt
24109	209543	hsm/3c1a7d00_209543.txt
24110	209544	hsm/67dfb879_209544.txt
24111	209545	hsm/98caeb9b_209545.txt
24112	209546	hsm/f4710c95_209546.txt
24113	209547	hsm/a1c88abe_209547.txt
24114	209548	hsm/d3541958_209548.txt
24115	209549	hsm/04d8e0aa_209549.txt
24116	209550	hsm/780923f1_209550.txt
24117	209551	hsm/a8be9d30_209551.txt
24118	209552	hsm/811a6c5d_209552.txt
24119	209553	hsm/1ef6ff4a_209553.txt
24120	209554	hsm/5004c5ef_209554.txt
24121	209555	hsm/8a114f02_209555.txt
24122	209556	hsm/3b6b8fcd_209556.txt
24123	209557	hsm/ea336f28_209557.txt
24124	209558	hsm/2a420b3e_209558.txt
24125	209559	hsm/b8a28e33_209559.txt
24126	209560	hsm/ebd96f0b_209560.txt
24127	209561	hsm/4ef1fa9a_209561.txt
24128	209562	hsm/f5564c65_209562.txt
24129	209563	hsm/0fe5b2d3_209563.txt
24130	209564	hsm/a365732a_209564.txt
24131	209565	hsm/7e94c431_209565.txt
24132	209566	hsm/8f1a5078_209566.txt
24133	209567	hsm/93cb5471_209567.txt
24134	209568	hsm/2e7860fb_209568.txt
24135	209569	hsm/5e2e953d_209569.txt
24136	209570	hsm/7cef88ef_209570.txt
24137	209571	hsm/287e9220_209571.txt
24138	209572	hsm/2292a5d2_209572.txt
24139	209573	hsm/1bb0ccd4_209573.txt
24140	209574	hsm/594245e2_209574.txt
24141	209575	hsm/6982a22b_209575.txt
24142	209576	hsm/9c0b7342_209576.txt
24143	209577	hsm/b4e26948_209577.txt
24144	209578	hsm/ec874cc5_209578.txt
24145	209579	hsm/d51ee866_209579.txt
24146	209580	hsm/9ecf269e_209580.txt
24147	209581	hsm/a3ecfb2c_209581.txt
24148	209582	hsm/6cae53be_209582.txt
24149	209583	hsm/c910d29f_209583.txt
24150	209584	hsm/6c5960fa_209584.txt
24151	209585	hsm/8087a1b6_209585.txt
24152	209586	hsm/ad9c89d6_209586.txt
24153	209587	hsm/71da10e3_209587.txt
24154	209588	hsm/2ef0c324_209588.txt
24155	209589	hsm/653dfb0c_209589.txt
24156	209590	hsm/8132fa91_209590.txt
24157	209591	hsm/b9ef103a_209591.txt
24158	209592	hsm/82a99082_209592.txt
24159	209593	hsm/f9a23e3e_209593.txt
24160	209594	hsm/54bfcd10_209594.txt
24161	209595	hsm/48a60f90_209595.txt
24162	209596	hsm/9210f623_209596.txt
24163	209597	hsm/24f489a5_209597.txt
24164	209598	hsm/706d6234_209598.txt
24165	209599	hsm/211fa238_209599.txt
24166	209600	hsm/205638af_209600.txt
24167	209601	hsm/174f7ea7_209601.txt
24168	209602	hsm/894fbdf4_209602.txt
24169	209603	hsm/2bb97f50_209603.txt
24170	209604	hsm/88973696_209604.txt
24171	209605	hsm/1c38d08c_209605.txt
24172	209606	hsm/be3299d2_209606.txt
24173	209607	hsm/ad486b05_209607.txt
24174	209608	hsm/ff20e90a_209608.txt
24175	209609	hsm/b10c24ea_209609.txt
24176	209610	hsm/e5b6e6f0_209610.txt
24177	209611	hsm/48c9616f_209611.txt
24178	209612	hsm/7327cadb_209612.txt
24179	209613	hsm/bcf57b4b_209613.txt
24180	209614	hsm/a7547bbf_209614.txt
24181	209615	hsm/d5a32816_209615.txt
24182	209616	hsm/36fe20fa_209616.txt
24183	209617	hsm/81f2efe5_209617.txt
24184	209618	hsm/5b3a55ba_209618.txt
24185	209619	hsm/08f1e9c0_209619.txt
24186	209620	hsm/8ec58c6c_209620.txt
24187	209621	hsm/5ef95b4d_209621.txt
24188	209622	hsm/aa9b1da4_209622.txt
24189	209623	hsm/f6386349_209623.txt
24190	209624	hsm/c35ace19_209624.txt
24191	209625	hsm/79f676dd_209625.txt
24192	209626	hsm/f1175082_209626.txt
24193	209627	hsm/8d13c69c_209627.txt
24194	209628	hsm/9dcab03a_209628.txt
24195	209629	hsm/ccad2bfb_209629.txt
24196	209630	hsm/6c83dbb4_209630.txt
24197	209631	hsm/95cbe592_209631.txt
24198	209632	hsm/4f420707_209632.txt
24199	209633	hsm/c9d8b865_209633.txt
24200	209634	hsm/05a3b3f4_209634.txt
24201	209635	hsm/3e6d6233_209635.txt
24202	209636	hsm/c3b87d50_209636.txt
24203	209637	hsm/b2a61f7b_209637.txt
24204	209638	hsm/966f40f7_209638.txt
24205	209639	hsm/0ae581da_209639.txt
24206	209640	hsm/c4b4d2f9_209640.txt
24207	209641	hsm/b99f6783_209641.txt
24208	209642	hsm/cf6281c1_209642.txt
24209	209643	hsm/da3ea177_209643.txt
24210	209644	hsm/69d6526e_209644.txt
24211	209645	hsm/df181df3_209645.txt
24212	209646	hsm/dac3a511_209646.txt
24213	209647	hsm/372e6625_209647.txt
24214	209648	hsm/4c6d01e6_209648.txt
24215	209649	hsm/db472052_209649.txt
24216	209650	hsm/29fda58b_209650.txt
24217	209651	hsm/41eb3036_209651.txt
24218	209652	hsm/853572c0_209652.txt
24219	209653	hsm/3317c878_209653.txt
24220	209654	hsm/4e571d6c_209654.txt
24221	209655	hsm/2e6bca11_209655.txt
24222	209656	hsm/af5e82af_209656.txt
24223	209657	hsm/a44f0097_209657.txt
24224	209658	hsm/2b632bed_209658.txt
24225	209659	hsm/381194ea_209659.txt
24226	209660	hsm/5644d57c_209660.txt
24227	209661	hsm/4ccc49ba_209661.txt
24228	209662	hsm/22c925c3_209662.txt
24229	209663	hsm/e3a8cb46_209663.txt
24230	209664	hsm/d3df02eb_209664.txt
24231	209665	hsm/a8bf9251_209665.txt
24232	209666	hsm/ff1359e2_209666.txt
24233	209667	hsm/3308b2e4_209667.txt
24234	209668	hsm/7d1686be_209668.txt
24235	209669	hsm/d6eb8c8f_209669.txt
24236	209670	hsm/de61b2d7_209670.txt
24237	209671	hsm/d1fb2545_209671.txt
24238	209672	hsm/d8b2334d_209672.txt
24239	209673	hsm/9a182649_209673.txt
24240	209674	hsm/89e51ba9_209674.txt
24241	209675	hsm/28a6e4bc_209675.txt
24242	209676	hsm/3212e802_209676.txt
24243	209677	hsm/6d79ab89_209677.txt
24244	209678	hsm/3e314aef_209678.txt
24245	209679	hsm/91d0478f_209679.txt
24246	209680	hsm/33d12206_209680.txt
24247	209681	hsm/df23a55d_209681.txt
24248	209682	hsm/14e33813_209682.txt
24249	209683	hsm/e54ba9a2_209683.txt
24250	209684	hsm/4167f702_209684.txt
24251	209685	hsm/c984c9a1_209685.txt
24252	209686	hsm/09a34d53_209686.txt
24253	209687	hsm/2da440aa_209687.txt
24254	209688	hsm/b1e64076_209688.txt
24255	209689	hsm/f2b85257_209689.txt
24256	209690	hsm/e46981d6_209690.txt
24257	209691	hsm/bf4f3065_209691.txt
24258	209692	hsm/4f123aba_209692.txt
24259	209693	hsm/7caef527_209693.txt
24260	209694	hsm/28427b2c_209694.txt
24261	209695	hsm/62669b52_209695.txt
24262	209696	hsm/fe70f758_209696.txt
24263	209697	hsm/6fd1c764_209697.txt
24264	209698	hsm/0b485cf0_209698.txt
24265	209699	hsm/3b43501c_209699.txt
24266	209700	hsm/580260d1_209700.txt
24267	209701	hsm/862db82c_209701.txt
24268	209702	hsm/ae6e8ca7_209702.txt
24269	209703	hsm/ad28f096_209703.txt
24270	209704	hsm/a7d6d6ee_209704.txt
24271	209705	hsm/412331b1_209705.txt
24272	209706	hsm/a9eb4ceb_209706.txt
24273	209707	hsm/0299d99b_209707.txt
24274	209708	hsm/57b1c6af_209708.txt
24275	209709	hsm/c3678781_209709.txt
24276	209710	hsm/740f2e71_209710.txt
24277	209711	hsm/a6979d9d_209711.txt
24278	209712	hsm/76c53db3_209712.txt
24279	209713	hsm/5e430d3b_209713.txt
24280	209714	hsm/c61ac0d3_209714.txt
24281	209715	hsm/9404469e_209715.txt
24282	209716	hsm/2f573b68_209716.txt
24283	209717	hsm/c2b4bf83_209717.txt
24284	209718	hsm/efc4fc0b_209718.txt
24285	209719	hsm/8bb8903c_209719.txt
24286	209720	hsm/96164f06_209720.txt
24287	209721	hsm/14cfbe6c_209721.txt
24288	209722	hsm/8036f19b_209722.txt
24289	209723	hsm/b71f27c0_209723.txt
24290	209724	hsm/e9be0165_209724.txt
24291	209725	hsm/1a7945b9_209725.txt
24292	209726	hsm/48d4b389_209726.txt
24293	209727	hsm/8bad9386_209727.txt
24294	209728	hsm/37f66f52_209728.txt
24295	209729	hsm/fd7ce325_209729.txt
24296	209730	hsm/f999cfac_209730.txt
24297	209731	hsm/4b7adadc_209731.txt
24298	209732	hsm/ea08688e_209732.txt
24299	209733	hsm/4b43eb0c_209733.txt
24300	209734	hsm/4da45b10_209734.txt
24301	209735	hsm/ad4ac707_209735.txt
24302	209736	hsm/db5ab900_209736.txt
24303	209737	hsm/6fe25e63_209737.txt
24304	209738	hsm/76a0fd2c_209738.txt
24305	209739	hsm/dd302e7a_209739.txt
24306	209740	hsm/92a91cf0_209740.txt
24307	209741	hsm/f31b936c_209741.txt
24308	209742	hsm/6df2424b_209742.txt
24309	209743	hsm/9537b5ba_209743.txt
24310	209744	hsm/0f557d50_209744.txt
24311	209745	hsm/476896d1_209745.txt
24312	209746	hsm/8665db9f_209746.txt
24313	209747	hsm/b57606f8_209747.txt
24314	209748	hsm/6893b019_209748.txt
24315	209749	hsm/e65bd13a_209749.txt
24316	209750	hsm/787b3e39_209750.txt
24317	209751	hsm/f67c2ded_209751.txt
24318	209752	hsm/86ccd80a_209752.txt
24319	209753	hsm/b962d0a0_209753.txt
24320	209754	hsm/205aba41_209754.txt
24321	209755	hsm/c47e740d_209755.txt
24322	209756	hsm/44adeafe_209756.txt
24323	209757	hsm/6e7d311b_209757.txt
24324	209758	hsm/7d2cf817_209758.txt
24325	209759	hsm/c5991846_209759.txt
24326	209760	hsm/95681e47_209760.txt
24327	209761	hsm/be6369e7_209761.txt
24328	209762	hsm/63a5e1d1_209762.txt
24329	209763	hsm/d200eb65_209763.txt
24330	209764	hsm/665ca627_209764.txt
24331	209765	hsm/82ecb71d_209765.txt
24332	209766	hsm/3a5549c1_209766.txt
24333	209767	hsm/67f75546_209767.txt
24334	209768	hsm/3aa8b994_209768.txt
24335	209769	hsm/96b737e5_209769.txt
24336	209770	hsm/f95e4b47_209770.txt
24337	209771	hsm/588db762_209771.txt
24338	209772	hsm/e5ced376_209772.txt
24339	209773	hsm/4ca1507e_209773.txt
24340	209774	hsm/9f535e4e_209774.txt
24341	209775	hsm/75f4e0a2_209775.txt
24342	209776	hsm/5ec9ffba_209776.txt
24343	209777	hsm/bc4415c6_209777.txt
24344	209778	hsm/9272a8f1_209778.txt
24345	209779	hsm/60e7c39e_209779.txt
24346	209780	hsm/a12eaec8_209780.txt
24347	209781	hsm/cecb1cd3_209781.txt
24348	209782	hsm/1215bc98_209782.txt
24349	209783	hsm/7d34ecd0_209783.txt
24350	209784	hsm/6576303c_209784.txt
24351	209785	hsm/9fd3a689_209785.txt
24352	209786	hsm/b416d720_209786.txt
24353	209787	hsm/8c5147c3_209787.txt
24354	209788	hsm/82ec9e87_209788.txt
24355	209789	hsm/e147b7d9_209789.txt
24356	209790	hsm/4d306f06_209790.txt
24357	209791	hsm/62153ae6_209791.txt
24358	209792	hsm/2b486ad7_209792.txt
24359	209793	hsm/6e3b0db8_209793.txt
24360	209794	hsm/6b234e83_209794.txt
24361	209795	hsm/93d45fc0_209795.txt
24362	209796	hsm/9812d825_209796.txt
24363	209797	hsm/53024a7b_209797.txt
24364	209798	hsm/7f88759b_209798.txt
24365	209799	hsm/b2703058_209799.txt
24366	209800	hsm/0e393427_209800.txt
24367	209801	hsm/0d8ae609_209801.txt
24368	209802	hsm/a78b7a7a_209802.txt
24369	209803	hsm/108282cb_209803.txt
24370	209804	hsm/851313a6_209804.txt
24371	209805	hsm/e012eaa0_209805.txt
24372	209806	hsm/58bc15c4_209806.txt
24373	209807	hsm/be218c31_209807.txt
24374	209808	hsm/c820e14d_209808.txt
24375	209809	hsm/59c58362_209809.txt
24376	209810	hsm/f69c197a_209810.txt
24377	209811	hsm/b7c1141d_209811.txt
24378	209812	hsm/4cf2d8ee_209812.txt
24379	209813	hsm/f1f87f66_209813.txt
24380	209814	hsm/d4ee2b49_209814.txt
24381	209815	hsm/3ce92768_209815.txt
24382	209816	hsm/8b44d8d9_209816.txt
24383	209817	hsm/89a0c803_209817.txt
24384	209818	hsm/176cf346_209818.txt
24385	209819	hsm/1e662622_209819.txt
24386	209820	hsm/3cdad15d_209820.txt
24387	209821	hsm/2d768b22_209821.txt
24388	209822	hsm/e5a612d6_209822.txt
24389	209823	hsm/5de503be_209823.txt
24390	209824	hsm/35e991d3_209824.txt
24391	209825	hsm/0e3c4321_209825.txt
24392	209826	hsm/5bf6b079_209826.txt
24393	209827	hsm/0e475d43_209827.txt
24394	209828	hsm/d20a9853_209828.txt
24395	209829	hsm/0bc9ea1c_209829.txt
24396	209830	hsm/cab4d6ab_209830.txt
24397	209831	hsm/d4fd7ab1_209831.txt
24398	209832	hsm/ef80bed7_209832.txt
24399	209833	hsm/8d216046_209833.txt
24400	209834	hsm/0d27e35d_209834.txt
24401	209835	hsm/b9987d7b_209835.txt
24402	209836	hsm/e57ce91f_209836.txt
24403	209837	hsm/a384ee27_209837.txt
24404	209838	hsm/964ec3ba_209838.txt
24405	209839	hsm/ee20d0ec_209839.txt
24406	209840	hsm/0a2fa4ca_209840.txt
24407	209841	hsm/e6132960_209841.txt
24408	209842	hsm/efdb0ae2_209842.txt
24409	209843	hsm/242b9b51_209843.txt
24410	209844	hsm/f46ca09a_209844.txt
24411	209845	hsm/f95b745a_209845.txt
24412	209846	hsm/17b5a213_209846.txt
24413	209847	hsm/b388a412_209847.txt
24414	209848	hsm/677cffc2_209848.txt
24415	209849	hsm/15010486_209849.txt
24416	209850	hsm/31e70d60_209850.txt
24417	209851	hsm/ae37e94a_209851.txt
24418	209852	hsm/928737a0_209852.txt
24419	209853	hsm/eca10f6b_209853.txt
24420	209854	hsm/cc10f3e2_209854.txt
24421	209855	hsm/1bf7b5db_209855.txt
24422	209856	hsm/8155203d_209856.txt
24423	209857	hsm/069d8cd6_209857.txt
24424	209858	hsm/a4f5ce4f_209858.txt
24425	209859	hsm/43062689_209859.txt
24426	209860	hsm/5943822b_209860.txt
24427	209861	hsm/41becff9_209861.txt
24428	209862	hsm/2db45145_209862.txt
24429	209863	hsm/86148e2e_209863.txt
24430	209864	hsm/2f5384fa_209864.txt
24431	209865	hsm/fc31769d_209865.txt
24432	209866	hsm/1cf67bb9_209866.txt
24433	209867	hsm/1537af0e_209867.txt
24434	209868	hsm/42776cee_209868.txt
24435	209869	hsm/9b8ddefd_209869.txt
24436	209870	hsm/753e81c2_209870.txt
24437	209871	hsm/fced1ee1_209871.txt
24438	209872	hsm/68da259b_209872.txt
24439	209873	hsm/0cb636d4_209873.txt
24440	209874	hsm/297e3506_209874.txt
24441	209875	hsm/81d26475_209875.txt
24442	209876	hsm/565a74e0_209876.txt
24443	209877	hsm/280e370e_209877.txt
24444	209878	hsm/1a2119cf_209878.txt
24445	209879	hsm/ee3adb34_209879.txt
24446	209880	hsm/1f5d0a1f_209880.txt
24447	209881	hsm/72b83669_209881.txt
24448	209882	hsm/a2bcf791_209882.txt
24449	209883	hsm/9d3d7177_209883.txt
24450	209884	hsm/a15c39b7_209884.txt
24451	209885	hsm/90497299_209885.txt
24452	209886	hsm/a6cee968_209886.txt
24453	209887	hsm/e485a4a4_209887.txt
24454	209888	hsm/9dc00fac_209888.txt
24455	209889	hsm/adff5d17_209889.txt
24456	209890	hsm/4675876f_209890.txt
24457	209891	hsm/847b7d62_209891.txt
24458	209892	hsm/36697fb6_209892.txt
24459	209893	hsm/d7f52971_209893.txt
24460	209894	hsm/5a707feb_209894.txt
24461	209895	hsm/75be5236_209895.txt
24462	209896	hsm/30a94209_209896.txt
24463	209897	hsm/2bc795e2_209897.txt
24464	209898	hsm/870a9d41_209898.txt
24465	209899	hsm/fdf401fc_209899.txt
24466	209900	hsm/034408f7_209900.txt
24467	209901	hsm/f8e0652a_209901.txt
24468	209902	hsm/7c688de4_209902.txt
24469	209903	hsm/5c1a8ad4_209903.txt
24470	209904	hsm/5d8dfbe9_209904.txt
24471	209905	hsm/ad4d6730_209905.txt
24472	209906	hsm/e074f32e_209906.txt
24473	209907	hsm/c9c27541_209907.txt
24474	209908	hsm/cdda5e47_209908.txt
24475	209909	hsm/937cf924_209909.txt
24476	209910	hsm/bbf7cc69_209910.txt
24477	209911	hsm/cba6b44f_209911.txt
24478	209912	hsm/33892783_209912.txt
24479	209913	hsm/4feacde1_209913.txt
24480	209914	hsm/5c0273e0_209914.txt
24481	209915	hsm/84d979fe_209915.txt
24482	209916	hsm/5c4d85da_209916.txt
24483	209917	hsm/176dfc59_209917.txt
24484	209918	hsm/be2c30dd_209918.txt
24485	209919	hsm/5eeef403_209919.txt
24486	209920	hsm/224e29a4_209920.txt
24487	209921	hsm/4249764b_209921.txt
24488	209922	hsm/379df775_209922.txt
24489	209923	hsm/51be7368_209923.txt
24490	209924	hsm/a102dc0b_209924.txt
24491	209925	hsm/5dcc8e47_209925.txt
24492	209926	hsm/da18a462_209926.txt
24493	209927	hsm/73808869_209927.txt
24494	209928	hsm/7fd7b6bf_209928.txt
24495	209929	hsm/0eba9941_209929.txt
24496	209930	hsm/270053a3_209930.txt
24497	209931	hsm/3ffcfd73_209931.txt
24498	209932	hsm/bc4ec78d_209932.txt
24499	209933	hsm/f424ea8a_209933.txt
24500	209934	hsm/cc59635e_209934.txt
24501	209935	hsm/eea1fb76_209935.txt
24502	209936	hsm/f6732145_209936.txt
24503	209937	hsm/e7b7c93d_209937.txt
24504	209938	hsm/6674ffa1_209938.txt
24505	209939	hsm/f86a4948_209939.txt
24506	209940	hsm/92a91cf0_209940.txt
24507	209941	hsm/9537b5ba_209941.txt
24508	209942	hsm/0f557d50_209942.txt
24509	209943	hsm/476896d1_209943.txt
24510	209944	hsm/787b3e39_209944.txt
24511	209945	hsm/205aba41_209945.txt
24512	209946	hsm/c47e740d_209946.txt
24513	209947	hsm/6e7d311b_209947.txt
24514	209948	hsm/95681e47_209948.txt
24515	209949	hsm/be6369e7_209949.txt
24516	209950	hsm/63a5e1d1_209950.txt
24517	209951	hsm/d200eb65_209951.txt
24518	209952	hsm/a78b90ba_209952.txt
24519	209953	hsm/560cc882_209953.txt
24520	209954	hsm/4ca1507e_209954.txt
24521	209955	hsm/db5ab900_209955.txt
24522	209956	hsm/76a0fd2c_209956.txt
24523	209957	hsm/5ec9ffba_209957.txt
24524	209958	hsm/9272a8f1_209958.txt
24525	209959	hsm/6576303c_209959.txt
24526	209960	hsm/62153ae6_209960.txt
24527	209961	hsm/53024a7b_209961.txt
24528	209962	hsm/a78b7a7a_209962.txt
24529	209963	hsm/108282cb_209963.txt
24530	209964	hsm/c820e14d_209964.txt
24531	209965	hsm/59c58362_209965.txt
24532	209966	hsm/4cf2d8ee_209966.txt
24533	209967	hsm/f1f87f66_209967.txt
24534	209968	hsm/d4ee2b49_209968.txt
24535	209969	hsm/8b44d8d9_209969.txt
24536	209970	hsm/89a0c803_209970.txt
24537	209971	hsm/cab4d6ab_209971.txt
24538	209972	hsm/f46ca09a_209972.txt
24539	209973	hsm/b388a412_209973.txt
24540	209974	hsm/928737a0_209974.txt
24541	209975	hsm/eca10f6b_209975.txt
24542	209976	hsm/1bf7b5db_209976.txt
24543	209977	hsm/43062689_209977.txt
24544	209978	hsm/1a2119cf_209978.txt
24545	209979	hsm/ee3adb34_209979.txt
24546	209980	hsm/9d3d7177_209980.txt
24547	209981	hsm/a15c39b7_209981.txt
24548	209982	hsm/90497299_209982.txt
24549	209983	hsm/a6cee968_209983.txt
24550	209984	hsm/36697fb6_209984.txt
24551	209985	hsm/dd302e7a_209985.txt
24552	209986	hsm/5a707feb_209986.txt
24553	209987	hsm/cdda5e47_209987.txt
24554	209988	hsm/cba6b44f_209988.txt
24555	209989	hsm/33892783_209989.txt
24556	209990	hsm/4feacde1_209990.txt
24557	209991	hsm/5c0273e0_209991.txt
24558	209992	hsm/3ffcfd73_209992.txt
24559	209993	hsm/cc59635e_209993.txt
24560	209994	hsm/6df2424b_209994.txt
24561	209995	hsm/b57606f8_209995.txt
24562	209996	hsm/6893b019_209996.txt
24563	209997	hsm/e65bd13a_209997.txt
24564	209998	hsm/86ccd80a_209998.txt
24565	209999	hsm/b962d0a0_209999.txt
24566	210000	hsm/44adeafe_210000.txt
24567	210001	hsm/c5991846_210001.txt
24568	210002	hsm/665ca627_210002.txt
24569	210003	hsm/3a5549c1_210003.txt
24570	210004	hsm/67f75546_210004.txt
24571	210005	hsm/6fe25e63_210005.txt
24572	210006	hsm/75f4e0a2_210006.txt
24573	210007	hsm/bc4415c6_210007.txt
24574	210008	hsm/a12eaec8_210008.txt
24575	210009	hsm/cecb1cd3_210009.txt
24576	210010	hsm/1215bc98_210010.txt
24577	210011	hsm/7d34ecd0_210011.txt
24578	210012	hsm/b416d720_210012.txt
24579	210013	hsm/8c5147c3_210013.txt
24580	210014	hsm/82ec9e87_210014.txt
24581	210015	hsm/e147b7d9_210015.txt
24582	210016	hsm/4d306f06_210016.txt
24583	210017	hsm/6e3b0db8_210017.txt
24584	210018	hsm/6b234e83_210018.txt
24585	210019	hsm/93d45fc0_210019.txt
24586	210020	hsm/9812d825_210020.txt
24587	210021	hsm/b2703058_210021.txt
24588	210022	hsm/0e393427_210022.txt
24589	210023	hsm/0d8ae609_210023.txt
24590	210024	hsm/e012eaa0_210024.txt
24591	210025	hsm/58bc15c4_210025.txt
24592	210026	hsm/be218c31_210026.txt
24593	210027	hsm/b7c1141d_210027.txt
24594	210028	hsm/3ce92768_210028.txt
24595	210029	hsm/1e662622_210029.txt
24596	210030	hsm/3cdad15d_210030.txt
24597	210031	hsm/2d768b22_210031.txt
24598	210032	hsm/e5a612d6_210032.txt
24599	210033	hsm/5de503be_210033.txt
24600	210034	hsm/35e991d3_210034.txt
24601	210035	hsm/0e3c4321_210035.txt
24602	210036	hsm/0e475d43_210036.txt
24603	210037	hsm/d20a9853_210037.txt
24604	210038	hsm/0bc9ea1c_210038.txt
24605	210039	hsm/d4fd7ab1_210039.txt
24606	210040	hsm/ef80bed7_210040.txt
24607	210041	hsm/8d216046_210041.txt
24608	210042	hsm/b9987d7b_210042.txt
24609	210043	hsm/e57ce91f_210043.txt
24610	210044	hsm/a384ee27_210044.txt
24611	210045	hsm/964ec3ba_210045.txt
24612	210046	hsm/ee20d0ec_210046.txt
24613	210047	hsm/0a2fa4ca_210047.txt
24614	210048	hsm/efdb0ae2_210048.txt
24615	210049	hsm/242b9b51_210049.txt
24616	210050	hsm/f95b745a_210050.txt
24617	210051	hsm/17b5a213_210051.txt
24618	210052	hsm/15010486_210052.txt
24619	210053	hsm/31e70d60_210053.txt
24620	210054	hsm/ae37e94a_210054.txt
24621	210055	hsm/cc10f3e2_210055.txt
24622	210056	hsm/069d8cd6_210056.txt
24623	210057	hsm/a4f5ce4f_210057.txt
24624	210058	hsm/5943822b_210058.txt
24625	210059	hsm/41becff9_210059.txt
24626	210060	hsm/2db45145_210060.txt
24627	210061	hsm/86148e2e_210061.txt
24628	210062	hsm/2f5384fa_210062.txt
24629	210063	hsm/fc31769d_210063.txt
24630	210064	hsm/1cf67bb9_210064.txt
24631	210065	hsm/1537af0e_210065.txt
24632	210066	hsm/42776cee_210066.txt
24633	210067	hsm/9b8ddefd_210067.txt
24634	210068	hsm/753e81c2_210068.txt
24635	210069	hsm/fced1ee1_210069.txt
24636	210070	hsm/68da259b_210070.txt
24637	210071	hsm/0cb636d4_210071.txt
24638	210072	hsm/297e3506_210072.txt
24639	210073	hsm/81d26475_210073.txt
24640	210074	hsm/565a74e0_210074.txt
24641	210075	hsm/280e370e_210075.txt
24642	210076	hsm/1f5d0a1f_210076.txt
24643	210077	hsm/72b83669_210077.txt
24644	210078	hsm/a2bcf791_210078.txt
24645	210079	hsm/e485a4a4_210079.txt
24646	210080	hsm/9dc00fac_210080.txt
24647	210081	hsm/adff5d17_210081.txt
24648	210082	hsm/d7f52971_210082.txt
24649	210083	hsm/75be5236_210083.txt
24650	210084	hsm/30a94209_210084.txt
24651	210085	hsm/2bc795e2_210085.txt
24652	210086	hsm/870a9d41_210086.txt
24653	210087	hsm/fdf401fc_210087.txt
24654	210088	hsm/034408f7_210088.txt
24655	210089	hsm/f8e0652a_210089.txt
24656	210090	hsm/7c688de4_210090.txt
24657	210091	hsm/5c1a8ad4_210091.txt
24658	210092	hsm/5d8dfbe9_210092.txt
24659	210093	hsm/ad4d6730_210093.txt
24660	210094	hsm/e074f32e_210094.txt
24661	210095	hsm/c9c27541_210095.txt
24662	210096	hsm/937cf924_210096.txt
24663	210097	hsm/bbf7cc69_210097.txt
24664	210098	hsm/84d979fe_210098.txt
24665	210099	hsm/5c4d85da_210099.txt
24666	210100	hsm/176dfc59_210100.txt
24667	210101	hsm/be2c30dd_210101.txt
24668	210102	hsm/5eeef403_210102.txt
24669	210103	hsm/224e29a4_210103.txt
24670	210104	hsm/4249764b_210104.txt
24671	210105	hsm/379df775_210105.txt
24672	210106	hsm/51be7368_210106.txt
24673	210107	hsm/a102dc0b_210107.txt
24674	210108	hsm/5dcc8e47_210108.txt
24675	210109	hsm/da18a462_210109.txt
24676	210110	hsm/73808869_210110.txt
24677	210111	hsm/7fd7b6bf_210111.txt
24678	210112	hsm/0eba9941_210112.txt
24679	210113	hsm/270053a3_210113.txt
24680	210114	hsm/bc4ec78d_210114.txt
24681	210115	hsm/f424ea8a_210115.txt
24682	210116	hsm/eea1fb76_210116.txt
24683	210117	hsm/f6732145_210117.txt
24684	210118	hsm/e7b7c93d_210118.txt
24685	210119	hsm/6674ffa1_210119.txt
24686	210120	hsm/f86a4948_210120.txt
24687	210121	hsm/df7586aa_210121.txt
24688	210122	hsm/bd6a623b_210122.txt
24689	210123	hsm/ea4c713b_210123.txt
24690	210124	hsm/3fed8cf3_210124.txt
24691	210125	hsm/7468114c_210125.txt
24692	210126	hsm/43af75f7_210126.txt
24693	210127	hsm/a69e37b4_210127.txt
24694	210128	hsm/0b36c219_210128.txt
24695	210129	hsm/615a5473_210129.txt
24696	210130	hsm/7da6afe8_210130.txt
24697	210131	hsm/4f1c46cc_210131.txt
24698	210132	hsm/386e890d_210132.txt
24699	210133	hsm/243b3123_210133.txt
24700	210134	hsm/a1e6cf8f_210134.txt
24701	210135	hsm/e1b0c061_210135.txt
24702	210136	hsm/41a718e6_210136.txt
24703	210137	hsm/f1de9c38_210137.txt
24704	210138	hsm/62a24160_210138.txt
24705	210139	hsm/e686b42d_210139.txt
24706	210140	hsm/83fa9829_210140.txt
24707	210141	hsm/bfae1c46_210141.txt
24708	210142	hsm/3b22affa_210142.txt
24709	210143	hsm/ad5048ec_210143.txt
24710	210144	hsm/1f238aff_210144.txt
24711	210145	hsm/84ef36e0_210145.txt
24712	210146	hsm/e58f87cd_210146.txt
24713	210147	hsm/1de72f39_210147.txt
24714	210148	hsm/aca26afb_210148.txt
24715	210149	hsm/029866c4_210149.txt
24716	210150	hsm/d67bd381_210150.txt
24717	210151	hsm/6dba598a_210151.txt
24718	210152	hsm/e79282a3_210152.txt
24719	210153	hsm/9b672286_210153.txt
24720	210154	hsm/fbfa36e3_210154.txt
24721	210155	hsm/537bc1e3_210155.txt
24722	210156	hsm/0928d7e9_210156.txt
24723	210157	hsm/837981b4_210157.txt
24724	210158	hsm/24ac2e32_210158.txt
24725	210159	hsm/b9165607_210159.txt
24726	210160	hsm/b938e1d1_210160.txt
24727	210161	hsm/9c3c772f_210161.txt
24728	210162	hsm/21a7fa2b_210162.txt
24729	210163	hsm/80723a80_210163.txt
24730	210164	hsm/6536b839_210164.txt
24731	210165	hsm/ab730571_210165.txt
24732	210166	hsm/a9362bd7_210166.txt
24733	210167	hsm/0408ccdd_210167.txt
24734	210168	hsm/ab55a5e8_210168.txt
24735	210169	hsm/4fe2fd2d_210169.txt
24736	210170	hsm/ac5d26d4_210170.txt
24737	210171	hsm/72366dd1_210171.txt
24738	210172	hsm/90451723_210172.txt
24739	210173	hsm/07046545_210173.txt
24740	210174	hsm/7618d85b_210174.txt
24741	210175	hsm/e7862d59_210175.txt
24742	210176	hsm/5746ccef_210176.txt
24743	210177	hsm/1b00dddf_210177.txt
24744	210178	hsm/84e03d96_210178.txt
24745	210179	hsm/5918aab2_210179.txt
24746	210180	hsm/251ee991_210180.txt
24747	210181	hsm/b2b275f9_210181.txt
24748	210182	hsm/13a92532_210182.txt
24749	210183	hsm/4dfb3477_210183.txt
24750	210184	hsm/99b899a1_210184.txt
24751	210185	hsm/d9f6c8e9_210185.txt
24752	210186	hsm/d7cfc20f_210186.txt
24753	210187	hsm/c02d8440_210187.txt
24754	210188	hsm/0404eae4_210188.txt
24755	210189	hsm/f35e0f94_210189.txt
24756	210190	hsm/4e8893d3_210190.txt
24757	210191	hsm/2b3e3b92_210191.txt
24758	210192	hsm/eda4cb66_210192.txt
24759	210193	hsm/41b04900_210193.txt
24760	210194	hsm/4a667603_210194.txt
24761	210195	hsm/187dab02_210195.txt
24762	210196	hsm/f2b362d5_210196.txt
24763	210197	hsm/69c74d36_210197.txt
24764	210198	hsm/4b0e0984_210198.txt
24765	210199	hsm/4658bb47_210199.txt
24766	210200	hsm/c6223384_210200.txt
24767	210201	hsm/49cec74b_210201.txt
24768	210202	hsm/ff5a7df7_210202.txt
24769	210203	hsm/43cd339b_210203.txt
24770	210204	hsm/7cddbdd6_210204.txt
24771	210205	hsm/4ccb1258_210205.txt
24772	210206	hsm/4be238bc_210206.txt
24773	210207	hsm/b97f5b24_210207.txt
24774	210208	hsm/2fa928f3_210208.txt
24775	210209	hsm/b7167bda_210209.txt
24776	210210	hsm/cea18bd9_210210.txt
24777	210211	hsm/6a158f9c_210211.txt
24778	210212	hsm/49028062_210212.txt
24779	210213	hsm/352ce286_210213.txt
24780	210214	hsm/d68ae64c_210214.txt
24781	210215	hsm/a7380bcc_210215.txt
24782	210216	hsm/4a1cf60a_210216.txt
24783	210217	hsm/3c7c6544_210217.txt
24784	210218	hsm/f41cf4bd_210218.txt
24785	210219	hsm/121ed4af_210219.txt
24786	210220	hsm/91c9a1a3_210220.txt
24787	210221	hsm/f4f24cd1_210221.txt
24788	210222	hsm/8d88fd0d_210222.txt
24789	210223	hsm/805201d6_210223.txt
24790	210224	hsm/d509d1d9_210224.txt
24791	210225	hsm/04970765_210225.txt
24792	210226	hsm/4458636c_210226.txt
24793	210227	hsm/54a86fe0_210227.txt
24794	210228	hsm/fbfa36e3_210228.txt
24795	210229	hsm/537bc1e3_210229.txt
24796	210230	hsm/0408ccdd_210230.txt
24797	210231	hsm/ab55a5e8_210231.txt
24798	210232	hsm/dcf88241_210232.txt
24799	210233	hsm/93cca190_210233.txt
24800	210234	hsm/ebc81333_210234.txt
24801	210235	hsm/8141d111_210235.txt
24802	210236	hsm/7cadae3c_210236.txt
24803	210237	hsm/e2cdf3e0_210237.txt
24804	210238	hsm/1c011bd1_210238.txt
24805	210239	hsm/5165ef04_210239.txt
24806	210240	hsm/4a4ffbe3_210240.txt
24807	210241	hsm/3a090497_210241.txt
24808	210242	hsm/ab1f28de_210242.txt
24809	210243	hsm/fb9aea7a_210243.txt
24810	210244	hsm/6dfd90ac_210244.txt
24811	210245	hsm/64463d32_210245.txt
24812	210246	hsm/db7a29a5_210246.txt
24813	210247	hsm/d0c50bff_210247.txt
24814	210248	hsm/ba0829d9_210248.txt
24815	210249	hsm/f0c5233b_210249.txt
24816	210250	hsm/10647a32_210250.txt
24817	210251	hsm/6486bcb0_210251.txt
24818	210252	hsm/23dd42ed_210252.txt
24819	210253	hsm/8abbfd6f_210253.txt
24820	210254	hsm/72a6844f_210254.txt
24821	210255	hsm/15ee3016_210255.txt
24822	210256	hsm/78a1cb45_210256.txt
24823	210257	hsm/8f750020_210257.txt
24824	210258	hsm/fa03d174_210258.txt
24825	210259	hsm/80b642cb_210259.txt
24826	210260	hsm/1fa73e9f_210260.txt
24827	210261	hsm/556de66c_210261.txt
24828	210262	hsm/51a8c7d7_210262.txt
24829	210263	hsm/27a365d5_210263.txt
24830	210264	hsm/45e96b70_210264.txt
24831	210265	hsm/7b9f0c5a_210265.txt
24832	210266	hsm/bb41168f_210266.txt
24833	210267	hsm/740ae911_210267.txt
24834	210268	hsm/0190c261_210268.txt
24835	210269	hsm/3ef936c4_210269.txt
24836	210270	hsm/b30baeef_210270.txt
24837	210271	hsm/702d211e_210271.txt
24838	210272	hsm/62b1c008_210272.txt
24839	210273	hsm/e6ec74b8_210273.txt
24840	210274	hsm/d32eeb4b_210274.txt
24841	210275	hsm/4529d6f6_210275.txt
24842	210276	hsm/a1ffd4bc_210276.txt
24843	210277	hsm/bdf4e851_210277.txt
24844	210278	hsm/4a4ffbe3_210278.txt
24845	210279	hsm/2d8c2054_210279.txt
24846	210280	hsm/b336d3b7_210280.txt
24847	210281	hsm/1cfce349_210281.txt
24848	210282	hsm/6b286b25_210282.txt
24849	210283	hsm/360e3f85_210283.txt
24850	210284	hsm/0df42e1b_210284.txt
24851	210285	hsm/6cd16f55_210285.txt
24852	210286	hsm/4717fd0c_210286.txt
24853	210287	hsm/4ae5e75c_210287.txt
24854	210288	hsm/b70a3d0d_210288.txt
24855	210289	hsm/c2b4bf83_210289.txt
24856	210290	hsm/19288859_210290.txt
24857	210291	hsm/b2074ed2_210291.txt
24858	210292	hsm/55fd304a_210292.txt
24859	210293	hsm/8036f19b_210293.txt
24860	210294	hsm/b71f27c0_210294.txt
24861	210295	hsm/e53f2ae1_210295.txt
24862	210296	hsm/f5d933e1_210296.txt
24863	210297	hsm/9404469e_210297.txt
24864	210298	hsm/2f573b68_210298.txt
24865	210299	hsm/778e1aff_210299.txt
24866	210300	hsm/3845475e_210300.txt
24867	210301	hsm/fb8ac7ee_210301.txt
24868	210302	hsm/e7b2ef5d_210302.txt
24869	210303	hsm/9c620e86_210303.txt
24870	210304	hsm/a43c22a6_210304.txt
24871	210305	hsm/182b77b2_210305.txt
24872	210306	hsm/b2264880_210306.txt
24873	210307	hsm/24989ecf_210307.txt
24874	210308	hsm/49d99bd7_210308.txt
24875	210309	hsm/ac8271a0_210309.txt
24876	210310	hsm/6c6aa9dc_210310.txt
24877	210311	hsm/17cbe5b5_210311.txt
24878	210312	hsm/19a4ed74_210312.txt
24879	210313	hsm/ef8136c1_210313.txt
24880	210314	hsm/e7a07849_210314.txt
24881	210315	hsm/0b067903_210315.txt
24882	210316	hsm/c2b4bf83_210316.txt
24883	210317	hsm/c995d24e_210317.txt
24884	210318	hsm/55fd304a_210318.txt
24885	210319	hsm/8036f19b_210319.txt
24886	210320	hsm/b71f27c0_210320.txt
24887	210321	hsm/17c57a9c_210321.txt
24888	210322	hsm/0e3ae5e0_210322.txt
24889	210323	hsm/2f573b68_210323.txt
24890	210324	hsm/acb8e5ce_210324.txt
24891	210325	hsm/db97c9ce_210325.txt
24892	210326	hsm/58a0e499_210326.txt
24893	210327	hsm/cd9e1120_210327.txt
24894	210328	hsm/0d6a3970_210328.txt
24895	210329	hsm/5dd534a7_210329.txt
24896	210330	hsm/a4555f73_210330.txt
24897	210331	hsm/6f6aa802_210331.txt
24898	210332	hsm/8af6183f_210332.txt
24899	210333	hsm/f460d1f3_210333.txt
24900	210334	hsm/734d8d87_210334.txt
24901	210335	hsm/a3e3093b_210335.txt
24902	210336	hsm/8f02ab60_210336.txt
24903	210337	hsm/ae6c9593_210337.txt
24904	210338	hsm/deedc482_210338.txt
24905	210339	hsm/81039571_210339.txt
24906	210340	hsm/e2667e35_210340.txt
24907	210341	hsm/e16d3d93_210341.txt
24908	210342	hsm/4c69dcdd_210342.txt
24909	210343	hsm/d348fb01_210343.txt
24910	210344	hsm/39bca3c4_210344.txt
24911	210345	hsm/de80e6c4_210345.txt
24912	210346	hsm/e2155b34_210346.txt
24913	210347	hsm/49bc28c0_210347.txt
24914	210348	hsm/68ffa4b9_210348.txt
24915	210349	hsm/066a1d13_210349.txt
24916	210350	hsm/f6d5df9d_210350.txt
24917	210351	hsm/318196cf_210351.txt
24918	210352	hsm/9612aa93_210352.txt
24919	210353	hsm/ad227a83_210353.txt
24920	210354	hsm/85c3c311_210354.txt
24921	210355	hsm/ecf5c75e_210355.txt
24922	210356	hsm/beba7047_210356.txt
24923	210357	hsm/761f5bf7_210357.txt
24924	210358	hsm/ae5a8fdb_210358.txt
24925	210359	hsm/543278d8_210359.txt
24926	210360	hsm/35f13eac_210360.txt
24927	210361	hsm/d981595c_210361.txt
24928	210362	hsm/de1a6ce7_210362.txt
24929	210363	hsm/0777399c_210363.txt
24930	210364	hsm/e602445b_210364.txt
24931	210365	hsm/faa77f39_210365.txt
24932	210366	hsm/1a8e9a91_210366.txt
24933	210367	hsm/4940552c_210367.txt
24934	210368	hsm/d3ab2ef7_210368.txt
24935	210369	hsm/4bb1899b_210369.txt
24936	210370	hsm/72316881_210370.txt
24937	210371	hsm/67d01533_210371.txt
24938	210372	hsm/0781e44c_210372.txt
24939	210373	hsm/ad4ac707_210373.txt
24940	210374	hsm/c30f37e3_210374.txt
24941	210375	hsm/27748769_210375.txt
24942	210376	hsm/e29201c4_210376.txt
24943	210377	hsm/0a1d664d_210377.txt
24944	210378	hsm/a1fab75b_210378.txt
24945	210379	hsm/156111e0_210379.txt
24946	210380	hsm/064612bf_210380.txt
24947	210381	hsm/60bacfdb_210381.txt
24948	210382	hsm/bf9f90fc_210382.txt
24949	210383	hsm/5458f034_210383.txt
24950	210384	hsm/cc969777_210384.txt
24951	210385	hsm/7409a061_210385.txt
24952	210386	hsm/917f3c8a_210386.txt
24953	210387	hsm/809650f7_210387.txt
24954	210388	hsm/2eb65a56_210388.txt
24955	210389	hsm/737d61f3_210389.txt
24956	210390	hsm/bce1fbdb_210390.txt
24957	210391	hsm/c2b4bf83_210391.txt
24958	210392	hsm/08d9087a_210392.txt
24959	210393	hsm/de16bdd5_210393.txt
24960	210394	hsm/f06991e5_210394.txt
24961	210395	hsm/3a70c210_210395.txt
24962	210396	hsm/f729fdfe_210396.txt
24963	210397	hsm/aa94e4ca_210397.txt
24964	210398	hsm/07eed60c_210398.txt
24965	210399	hsm/0fdb3111_210399.txt
24966	210400	hsm/9404469e_210400.txt
24967	210401	hsm/2f573b68_210401.txt
24968	210402	hsm/e35e9982_210402.txt
24969	210403	hsm/55fd304a_210403.txt
24970	210404	hsm/8036f19b_210404.txt
24971	210405	hsm/b71f27c0_210405.txt
24972	210406	hsm/fdccfd45_210406.txt
24973	210407	hsm/c24d678b_210407.txt
24974	210408	hsm/a1fbf47b_210408.txt
24975	210409	hsm/fa3e6e2f_210409.txt
24976	210410	hsm/c8951db4_210410.txt
24977	210411	hsm/3c8563e6_210411.txt
24978	210412	hsm/87135af9_210412.txt
24979	210413	hsm/01c122a1_210413.txt
24980	210414	hsm/cbb5f58c_210414.txt
24981	210415	hsm/5e465b66_210415.txt
24982	210416	hsm/64e07ac7_210416.txt
24983	210417	hsm/59bd3a2a_210417.txt
24984	210418	hsm/4cfa2dae_210418.txt
24985	210419	hsm/62d75fa2_210419.txt
24986	210420	hsm/74e5bf4c_210420.txt
24987	210421	hsm/9404469e_210421.txt
24988	210422	hsm/2f573b68_210422.txt
24989	210423	hsm/c2b4bf83_210423.txt
24990	210424	hsm/1d173887_210424.txt
24991	210425	hsm/55fd304a_210425.txt
24992	210426	hsm/8036f19b_210426.txt
24993	210427	hsm/b71f27c0_210427.txt
24994	210428	hsm/208a7e25_210428.txt
24995	210429	hsm/7edd192f_210429.txt
24996	210430	hsm/a4e61bfb_210430.txt
24997	210431	hsm/8ffb42d1_210431.txt
24998	210432	hsm/babe2ddc_210432.txt
24999	210433	hsm/7e0fcdff_210433.txt
25000	210434	hsm/c1ca8b09_210434.txt
25001	210435	hsm/28389783_210435.txt
25002	210436	hsm/20dbdd9c_210436.txt
25003	210437	hsm/690c7119_210437.txt
25004	210438	hsm/054c6f87_210438.txt
25005	210439	hsm/bc878dc9_210439.txt
25006	210440	hsm/22596d48_210440.txt
25007	210441	hsm/07bd27a5_210441.txt
25008	210442	hsm/eb347b9d_210442.txt
25009	210443	hsm/7051b6c6_210443.txt
25010	210444	hsm/1b9fac0d_210444.txt
25011	210445	hsm/26ed38dd_210445.txt
25012	210446	hsm/dacbe024_210446.txt
25013	210447	hsm/5a9039a7_210447.txt
25014	210448	hsm/33824688_210448.txt
25015	210449	hsm/ce959eb2_210449.txt
25016	210450	hsm/729845ec_210450.txt
25017	210451	hsm/93adae6c_210451.txt
25018	210452	hsm/3116a768_210452.txt
25019	210453	hsm/705955a6_210453.txt
25020	210454	hsm/e0bbaa24_210454.txt
25021	210455	hsm/a12c03f9_210455.txt
25022	210456	hsm/07cb8036_210456.txt
25023	210457	hsm/f729bab9_210457.txt
25024	210458	hsm/d7fe8cc4_210458.txt
25025	210459	hsm/19d0f095_210459.txt
25026	210460	hsm/393e559f_210460.txt
25027	210461	hsm/47f7dc64_210461.txt
25028	210462	hsm/72d4a187_210462.txt
25029	210463	hsm/e4c3d32e_210463.txt
25030	210464	hsm/55e51ceb_210464.txt
25031	210465	hsm/9f07e965_210465.txt
25032	210466	hsm/365e196d_210466.txt
25033	210467	hsm/be71541c_210467.txt
25034	210468	hsm/532ce002_210468.txt
25035	210469	hsm/c73e44e0_210469.txt
25036	210470	hsm/5b563efd_210470.txt
25037	210471	hsm/dfee298e_210471.txt
25038	210472	hsm/1933a03f_210472.txt
25039	210473	hsm/4340d11c_210473.txt
25040	210474	hsm/0d7600f0_210474.txt
25041	210475	hsm/6bb9aa60_210475.txt
25042	210476	hsm/86c86945_210476.txt
25043	210477	hsm/814144bf_210477.txt
25044	210478	hsm/862310a8_210478.txt
25045	210479	hsm/5097ab12_210479.txt
25046	210480	hsm/9202c119_210480.txt
25047	210481	hsm/6c1b8eeb_210481.txt
25048	210482	hsm/7289dc1d_210482.txt
25049	210483	hsm/0b149b31_210483.txt
25050	210484	hsm/d61a892d_210484.txt
25051	210485	hsm/a65d2a49_210485.txt
25052	210486	hsm/fb8825e0_210486.txt
25053	210487	hsm/042c64d7_210487.txt
25054	210488	hsm/301b768e_210488.txt
25055	210489	hsm/299bc89d_210489.txt
25056	210490	hsm/71b87346_210490.txt
25057	210491	hsm/477ee013_210491.txt
25058	210492	hsm/473dade3_210492.txt
25059	210493	hsm/72a1d848_210493.txt
25060	210494	hsm/d256deba_210494.txt
25061	210495	hsm/e6c43672_210495.txt
25062	210496	hsm/92632070_210496.txt
25063	210497	hsm/96a6dd92_210497.txt
25064	210498	hsm/6602f64e_210498.txt
25065	210499	hsm/08168a71_210499.txt
25066	210500	hsm/0e287abf_210500.txt
25067	210501	hsm/f1377c8a_210501.txt
25068	210502	hsm/eec5c480_210502.txt
25069	210503	hsm/9cedbc27_210503.txt
25070	210504	hsm/d919376d_210504.txt
25071	210505	hsm/efb80fe1_210505.txt
25072	210506	hsm/b88a787f_210506.txt
25073	210507	hsm/c2b5fc1b_210507.txt
25074	210508	hsm/7a57b39c_210508.txt
25075	210509	hsm/b06e2201_210509.txt
25076	210510	hsm/ad4ac707_210510.txt
25077	210511	hsm/89b8128a_210511.txt
25078	210512	hsm/d36c35a3_210512.txt
25079	210513	hsm/cdebbe7a_210513.txt
25080	210514	hsm/fbe47c0b_210514.txt
25081	210515	hsm/ef69d374_210515.txt
25082	210516	hsm/49cfb53b_210516.txt
25083	210517	hsm/ffee6e45_210517.txt
25084	210518	hsm/2a119eea_210518.txt
25085	210519	hsm/ee372816_210519.txt
25086	210520	hsm/8d738b23_210520.txt
25087	210521	hsm/5bacce5c_210521.txt
25088	210522	hsm/f690bc66_210522.txt
25089	210523	hsm/0f02ea97_210523.txt
25090	210524	hsm/3b216410_210524.txt
25091	210525	hsm/477ee013_210525.txt
25092	210526	hsm/473dade3_210526.txt
25093	210527	hsm/72a1d848_210527.txt
25094	210528	hsm/c4b669b2_210528.txt
25095	210529	hsm/4f137076_210529.txt
25096	210530	hsm/d67f586a_210530.txt
25097	210531	hsm/6602f64e_210531.txt
25098	210532	hsm/63681bf2_210532.txt
25099	210533	hsm/d0ffc136_210533.txt
25100	210534	hsm/a8200c0e_210534.txt
25101	210535	hsm/da2936fc_210535.txt
25102	210536	hsm/34e460c3_210536.txt
25103	210537	hsm/b3c930c1_210537.txt
25104	210538	hsm/d6d73415_210538.txt
25105	210539	hsm/94db752f_210539.txt
25106	210540	hsm/c89f4db6_210540.txt
25107	210541	hsm/10e2bb21_210541.txt
25108	210542	hsm/a329e235_210542.txt
25109	210543	hsm/209c8ad9_210543.txt
25110	210544	hsm/5d825d81_210544.txt
25111	210545	hsm/9563d27f_210545.txt
25112	210546	hsm/a573341b_210546.txt
25113	210547	hsm/156791aa_210547.txt
25114	210548	hsm/47c71813_210548.txt
25115	210549	hsm/e916333d_210549.txt
25116	210550	hsm/2623bf04_210550.txt
25117	210551	hsm/d4ed6ae9_210551.txt
25118	210552	hsm/21db3b50_210552.txt
25119	210553	hsm/c8fe682a_210553.txt
25120	210554	hsm/e90addeb_210554.txt
25121	210555	hsm/f1bdf6cd_210555.txt
25122	210556	hsm/ac55782e_210556.txt
25123	210557	hsm/4a4ffbe3_210557.txt
25124	210558	hsm/968ce478_210558.txt
25125	210559	hsm/3ec6276b_210559.txt
25126	210560	hsm/6f3b0f5c_210560.txt
25127	210561	hsm/20f43e87_210561.txt
25128	210562	hsm/f030950e_210562.txt
25129	210563	hsm/1f35bbb6_210563.txt
25130	210564	hsm/b88dc189_210564.txt
25131	210565	hsm/b82b9b71_210565.txt
25132	210566	hsm/6ef39ab7_210566.txt
25133	210567	hsm/a7188082_210567.txt
25134	210568	hsm/6739644e_210568.txt
25135	210569	hsm/22e03e74_210569.txt
25136	210570	hsm/670ed800_210570.txt
25137	210571	hsm/f868e119_210571.txt
25138	210572	hsm/d0b2a6eb_210572.txt
25139	210573	hsm/828a40c3_210573.txt
25140	210574	hsm/87c781f2_210574.txt
25141	210575	hsm/3c05df64_210575.txt
25142	210576	hsm/d727207e_210576.txt
25143	210577	hsm/6dc786b0_210577.txt
25144	210578	hsm/c1216a23_210578.txt
25145	210579	hsm/0e6a90af_210579.txt
25146	210580	hsm/9d3770f2_210580.txt
25147	210581	hsm/8464e043_210581.txt
25148	210582	hsm/be2a9068_210582.txt
25149	210583	hsm/d2f6284b_210583.txt
25150	210584	hsm/f7fe5e7e_210584.txt
25151	210585	hsm/b20b6b0f_210585.txt
25152	210586	hsm/447da44a_210586.txt
25153	210587	hsm/2f3b667e_210587.txt
25154	210588	hsm/4e3e8b37_210588.txt
25155	210589	hsm/9939f7fc_210589.txt
25156	210590	hsm/042c64d7_210590.txt
25157	210591	hsm/7289dc1d_210591.txt
25158	210592	hsm/1f76cc79_210592.txt
25159	210593	hsm/23613f6f_210593.txt
25160	210594	hsm/cf741a89_210594.txt
25161	210595	hsm/301b768e_210595.txt
25162	210596	hsm/71b87346_210596.txt
25163	210597	hsm/51d9fc3e_210597.txt
25164	210598	hsm/3b411d20_210598.txt
25165	210599	hsm/2fc201bf_210599.txt
25166	210600	hsm/8ac613f3_210600.txt
25167	210601	hsm/3704eada_210601.txt
25168	210602	hsm/de7374db_210602.txt
25169	210603	hsm/09ed2184_210603.txt
25170	210604	hsm/023bb5eb_210604.txt
25171	210605	hsm/c224d438_210605.txt
25172	210606	hsm/cdf08517_210606.txt
25173	210607	hsm/242f6f0b_210607.txt
25174	210608	hsm/a4c07ee1_210608.txt
25175	210609	hsm/613ae9d3_210609.txt
25176	210610	hsm/bdee3880_210610.txt
25177	210611	hsm/025bdcba_210611.txt
25178	210612	hsm/5b3152fd_210612.txt
25179	210613	hsm/67be68f4_210613.txt
25180	210614	hsm/b93861a8_210614.txt
25181	210615	hsm/ad4ac707_210615.txt
25182	210616	hsm/17a6b53c_210616.txt
25183	210617	hsm/eea962ec_210617.txt
25184	210618	hsm/80badcfe_210618.txt
25185	210619	hsm/6df65051_210619.txt
25186	210620	hsm/7a6eacd3_210620.txt
25187	210621	hsm/654a62bd_210621.txt
25188	210622	hsm/7dfeb840_210622.txt
25189	210623	hsm/2109045e_210623.txt
25190	210624	hsm/4e446a9f_210624.txt
25191	210625	hsm/400ff409_210625.txt
25192	210626	hsm/5d530e3b_210626.txt
25193	210627	hsm/688029fa_210627.txt
25194	210628	hsm/468ab5a6_210628.txt
25195	210629	hsm/0d798ca8_210629.txt
25196	210630	hsm/ce374ff9_210630.txt
25197	210631	hsm/f1027106_210631.txt
25198	210632	hsm/e58fb955_210632.txt
25199	210633	hsm/30547904_210633.txt
25200	210634	hsm/0aa7eb9a_210634.txt
25201	210635	hsm/e4e109a5_210635.txt
25202	210636	hsm/d1bba27e_210636.txt
25203	210637	hsm/9ae76816_210637.txt
25204	210638	hsm/c922256a_210638.txt
25205	210639	hsm/b28db7fc_210639.txt
25206	210640	hsm/b5cda0dd_210640.txt
25207	210641	hsm/8ef80df4_210641.txt
25208	210642	hsm/0dd6e7db_210642.txt
25209	210643	hsm/c3fe9048_210643.txt
25210	210644	hsm/7080e344_210644.txt
25211	210645	hsm/018bf580_210645.txt
25212	210646	hsm/ad1b55d0_210646.txt
25213	210647	hsm/5487e32d_210647.txt
25214	210648	hsm/16460a3c_210648.txt
25215	210649	hsm/50942d66_210649.txt
25216	210650	hsm/b0a866e4_210650.txt
25217	210651	hsm/230dd5d2_210651.txt
25218	210652	hsm/09111816_210652.txt
25219	210653	hsm/7524de38_210653.txt
25220	210654	hsm/581fab8c_210654.txt
25221	210655	hsm/6f8226ff_210655.txt
25222	210656	hsm/88e46760_210656.txt
25223	210657	hsm/5d41e6c0_210657.txt
25224	210658	hsm/2ce4bf31_210658.txt
25225	210659	hsm/4279f465_210659.txt
25226	210660	hsm/6978c2b7_210660.txt
25227	210661	hsm/95766e95_210661.txt
25228	210662	hsm/b34a23da_210662.txt
25229	210663	hsm/541cd072_210663.txt
25230	210664	hsm/d9ee5157_210664.txt
25231	210665	hsm/c5103a71_210665.txt
25232	210666	hsm/6d3e03a9_210666.txt
25233	210667	hsm/413b76da_210667.txt
25234	210668	hsm/d830f670_210668.txt
25235	210669	hsm/dc74ec16_210669.txt
25236	210670	hsm/06249ccd_210670.txt
25237	210671	hsm/d93ae5ec_210671.txt
25238	210672	hsm/ca1b5984_210672.txt
25239	210673	hsm/00ef8e4d_210673.txt
25240	210674	hsm/52b1c779_210674.txt
25241	210675	hsm/a57e970b_210675.txt
25242	210676	hsm/57bf1b3c_210676.txt
25243	210677	hsm/b6d40e75_210677.txt
25244	210678	hsm/1e5df68f_210678.txt
25245	210679	hsm/150d5e4b_210679.txt
25246	210680	hsm/1cda5678_210680.txt
25247	210681	hsm/6c49eaf3_210681.txt
25248	210682	hsm/f2c1d295_210682.txt
25249	210683	hsm/773763ff_210683.txt
25250	210684	hsm/b6f96da7_210684.txt
25251	210685	hsm/92124e84_210685.txt
25252	210686	hsm/15a13653_210686.txt
25253	210687	hsm/44b22f94_210687.txt
25254	210688	hsm/f343c767_210688.txt
25255	210689	hsm/fd94a8bd_210689.txt
25256	210690	hsm/e0939d0a_210690.txt
25257	210691	hsm/c91eb4fd_210691.txt
25258	210692	hsm/2d2ca9cc_210692.txt
25259	210693	hsm/00ef7237_210693.txt
25260	210694	hsm/5082ce6d_210694.txt
25261	210695	hsm/8f3f9c71_210695.txt
25262	210696	hsm/1927a92e_210696.txt
25263	210697	hsm/e06944eb_210697.txt
25264	210698	hsm/f6d1146c_210698.txt
25265	210699	hsm/e2ba60d1_210699.txt
25266	210700	hsm/9a2decab_210700.txt
25267	210701	hsm/c28b4b76_210701.txt
25268	210702	hsm/d340ba21_210702.txt
25269	210703	hsm/f193b88b_210703.txt
25270	210704	hsm/daf81102_210704.txt
25271	210705	hsm/a476e372_210705.txt
25272	210706	hsm/fa99c088_210706.txt
25273	210707	hsm/c87d9896_210707.txt
25274	210708	hsm/593eb2a0_210708.txt
25275	210709	hsm/fb83057e_210709.txt
25276	210710	hsm/b7e96cb1_210710.txt
25277	210711	hsm/10a93e62_210711.txt
25278	210712	hsm/6ea51dd8_210712.txt
25279	210713	hsm/e982443c_210713.txt
25280	210714	hsm/7dc6e743_210714.txt
25281	210715	hsm/01b2c972_210715.txt
25282	210716	hsm/3b2a6e8d_210716.txt
25283	210717	hsm/9429afba_210717.txt
25284	210718	hsm/213fbe8b_210718.txt
25285	210719	hsm/08c587fb_210719.txt
25286	210720	hsm/38f0a44e_210720.txt
25287	210721	hsm/52af3133_210721.txt
25288	210722	hsm/0ed1eec3_210722.txt
25289	210723	hsm/9662280e_210723.txt
25290	210724	hsm/422d7283_210724.txt
25291	210725	hsm/06c7dbae_210725.txt
25292	210726	hsm/4d333f2c_210726.txt
25293	210727	hsm/5b6d61fa_210727.txt
25294	210728	hsm/850c1fdb_210728.txt
25295	210729	hsm/2d4f25e9_210729.txt
25296	210730	hsm/f2cc3827_210730.txt
25297	210731	hsm/1875c3fb_210731.txt
25298	210732	hsm/c00a3799_210732.txt
25299	210733	hsm/68495404_210733.txt
25300	210734	hsm/79b6857b_210734.txt
25301	210735	hsm/902c9add_210735.txt
25302	210736	hsm/837cb9de_210736.txt
25303	210737	hsm/f00d33a5_210737.txt
25304	210738	hsm/f2408711_210738.txt
25305	210739	hsm/680235b7_210739.txt
25306	210740	hsm/301195e6_210740.txt
25307	210741	hsm/dab32467_210741.txt
25308	210742	hsm/f52fe772_210742.txt
25309	210743	hsm/15e0777f_210743.txt
25310	210744	hsm/2e288e7f_210744.txt
25311	210745	hsm/5fdee03b_210745.txt
25312	210746	hsm/c76749fa_210746.txt
25313	210747	hsm/9f0574e5_210747.txt
25314	210748	hsm/eb9c8929_210748.txt
25315	210749	hsm/d4e43259_210749.txt
25316	210750	hsm/c2a9e099_210750.txt
25317	210751	hsm/83aad357_210751.txt
25318	210752	hsm/296ff9ad_210752.txt
25319	210753	hsm/af0aec13_210753.txt
25320	210754	hsm/ad1534a1_210754.txt
25321	210755	hsm/300c1f59_210755.txt
25322	210756	hsm/113238a2_210756.txt
25323	210757	hsm/2cbb5e30_210757.txt
25324	210758	hsm/2a906ed6_210758.txt
25325	210759	hsm/405922ad_210759.txt
25326	210760	hsm/f17946fe_210760.txt
25327	210761	hsm/156791aa_210761.txt
25328	210762	hsm/e916333d_210762.txt
25329	210763	hsm/2623bf04_210763.txt
25330	210764	hsm/21db3b50_210764.txt
25331	210765	hsm/47c71813_210765.txt
25332	210766	hsm/c8fe682a_210766.txt
25333	210767	hsm/e90addeb_210767.txt
25334	210768	hsm/f1bdf6cd_210768.txt
25335	210769	hsm/ac55782e_210769.txt
25336	210770	hsm/d4ed6ae9_210770.txt
25337	210771	hsm/4a4ffbe3_210771.txt
25338	210772	hsm/968ce478_210772.txt
25339	210773	hsm/5de3ce4f_210773.txt
25340	210774	hsm/c21a2fb2_210774.txt
25341	210775	hsm/69cc76b1_210775.txt
25342	210776	hsm/e3a0c74b_210776.txt
25343	210777	hsm/764e5187_210777.txt
25344	210778	hsm/034fca19_210778.txt
25345	210779	hsm/84cb7169_210779.txt
25346	210780	hsm/4c9a4dac_210780.txt
25347	210781	hsm/ba083d2f_210781.txt
25348	210782	hsm/b2cb8aba_210782.txt
25349	210783	hsm/4d552c1d_210783.txt
25350	210784	hsm/0ca39514_210784.txt
25351	210785	hsm/3f0b3137_210785.txt
25352	210786	hsm/8fa6a8bc_210786.txt
25353	210787	hsm/ff3c8624_210787.txt
25354	210788	hsm/165d64da_210788.txt
25355	210789	hsm/a9565d3a_210789.txt
25356	210790	hsm/a98a07c7_210790.txt
25357	210791	hsm/8d150061_210791.txt
25358	210792	hsm/be0655f1_210792.txt
25359	210793	hsm/f1608df7_210793.txt
25360	210794	hsm/4abc8758_210794.txt
25361	210795	hsm/61e25ab0_210795.txt
25362	210796	hsm/f3eb64e2_210796.txt
25363	210797	hsm/c9529e84_210797.txt
25364	210798	hsm/4234a62b_210798.txt
25365	210799	hsm/ab3772ec_210799.txt
25366	210800	hsm/f67a3682_210800.txt
25367	210801	hsm/a0ebb141_210801.txt
25368	210802	hsm/ca2cbdde_210802.txt
25369	210803	hsm/e8f09a5f_210803.txt
25370	210804	hsm/d0c53530_210804.txt
25371	210805	hsm/48d6c667_210805.txt
25372	210806	hsm/433e0ca7_210806.txt
25373	210807	hsm/f27f73db_210807.txt
25374	210808	hsm/6f28e6db_210808.txt
25375	210809	hsm/eceb58b8_210809.txt
25376	210810	hsm/02e6d023_210810.txt
25377	210811	hsm/2ab25ccd_210811.txt
25378	210812	hsm/4e9f3614_210812.txt
25379	210813	hsm/5c9edefa_210813.txt
25380	210814	hsm/5bf3f1bc_210814.txt
25381	210815	hsm/027c2237_210815.txt
25382	210816	hsm/e8970918_210816.txt
25383	210817	hsm/d3af86a4_210817.txt
25384	210818	hsm/55282319_210818.txt
25385	210819	hsm/5e2944bb_210819.txt
25386	210820	hsm/72ccaa9e_210820.txt
25387	210821	hsm/1a0030b2_210821.txt
25388	210822	hsm/72c5d91a_210822.txt
25389	210823	hsm/e718265b_210823.txt
25390	210824	hsm/74996aa2_210824.txt
25391	210825	hsm/2b4b0f8e_210825.txt
25392	210826	hsm/5d45c828_210826.txt
25393	210827	hsm/bc9140f5_210827.txt
25394	210828	hsm/f6071957_210828.txt
25395	210829	hsm/710c392a_210829.txt
25396	210830	hsm/befefbba_210830.txt
25397	210831	hsm/ffac3644_210831.txt
25398	210832	hsm/f301b3fa_210832.txt
25399	210833	hsm/ac9d545e_210833.txt
25400	210834	hsm/2d42eff4_210834.txt
25401	210835	hsm/f692b815_210835.txt
25402	210836	hsm/6dcbbd4a_210836.txt
25403	210837	hsm/6745871c_210837.txt
25404	210838	hsm/9592c9b9_210838.txt
25405	210839	hsm/8c3ea14b_210839.txt
25406	210840	hsm/3bc30bf9_210840.txt
25407	210841	hsm/6609ecb7_210841.txt
25408	210842	hsm/e65f3a2a_210842.txt
25409	210843	hsm/44932be2_210843.txt
25410	210844	hsm/24460fb6_210844.txt
25411	210845	hsm/13d14265_210845.txt
25412	210846	hsm/a3b4962c_210846.txt
25413	210847	hsm/018e4949_210847.txt
25414	210848	hsm/7fd55e75_210848.txt
25415	210849	hsm/c2836bb1_210849.txt
25416	210850	hsm/98d937e6_210850.txt
25417	210851	hsm/d1123298_210851.txt
25418	210852	hsm/9d7d8d99_210852.txt
25419	210853	hsm/966680f3_210853.txt
25420	210854	hsm/6426e219_210854.txt
25421	210855	hsm/65f3bb95_210855.txt
25422	210856	hsm/0a30ea5c_210856.txt
25423	210857	hsm/79a610a9_210857.txt
25424	210858	hsm/b7f048e3_210858.txt
25425	210859	hsm/6ea51dd8_210859.txt
25426	210860	hsm/71974ffc_210860.txt
25427	210861	hsm/fc9edddf_210861.txt
25428	210862	hsm/72f65751_210862.txt
25429	210863	hsm/1cf553c3_210863.txt
25430	210864	hsm/cbf755b8_210864.txt
25431	210865	hsm/e086775a_210865.txt
25432	210866	hsm/2a543b7c_210866.txt
25433	210867	hsm/92598610_210867.txt
25434	210868	hsm/ecb003e7_210868.txt
25435	210869	hsm/8af1fee9_210869.txt
25436	210870	hsm/e5f7ca8d_210870.txt
25437	210871	hsm/3aa76e66_210871.txt
25438	210872	hsm/bbe04a3f_210872.txt
25439	210873	hsm/6e1cc282_210873.txt
25440	210874	hsm/fdc9db15_210874.txt
25441	210875	hsm/b6aab32c_210875.txt
25442	210876	hsm/9dddd828_210876.txt
25443	210877	hsm/9a2decab_210877.txt
25444	210878	hsm/41531467_210878.txt
25445	210879	hsm/a2ca7e85_210879.txt
25446	210880	hsm/6e1ed317_210880.txt
25447	210881	hsm/77fa4a47_210881.txt
25448	210882	hsm/3a0b6ade_210882.txt
25449	210883	hsm/2a9f74ef_210883.txt
25450	210884	hsm/39d38be1_210884.txt
25451	210885	hsm/565f769a_210885.txt
25452	210886	hsm/f8e15e2a_210886.txt
25453	210887	hsm/c8264758_210887.txt
25454	210888	hsm/c28b4b76_210888.txt
25455	210889	hsm/d340ba21_210889.txt
25456	210890	hsm/394a3f01_210890.txt
25457	210891	hsm/c405b8ff_210891.txt
25458	210892	hsm/54e84b37_210892.txt
25459	210893	hsm/a4c2f975_210893.txt
25460	210894	hsm/2425e04b_210894.txt
25461	210895	hsm/befb79d4_210895.txt
25462	210896	hsm/ba096135_210896.txt
25463	210897	hsm/9404469e_210897.txt
25464	210898	hsm/2f573b68_210898.txt
25465	210899	hsm/c2b4bf83_210899.txt
25466	210900	hsm/5e4d34a7_210900.txt
25467	210901	hsm/14cfbe6c_210901.txt
25468	210902	hsm/8036f19b_210902.txt
25469	210903	hsm/b71f27c0_210903.txt
25470	210904	hsm/6af71005_210904.txt
25471	210905	hsm/8c4b6748_210905.txt
25472	210906	hsm/4f5fa317_210906.txt
25473	210907	hsm/d45a05c5_210907.txt
25474	210908	hsm/d47e8e54_210908.txt
25475	210909	hsm/a20bc7dd_210909.txt
25476	210910	hsm/e3b35dde_210910.txt
25477	210911	hsm/7016da8b_210911.txt
25478	210912	hsm/ebf9afd3_210912.txt
25479	210913	hsm/1a8a9ec0_210913.txt
25480	210914	hsm/1d96840c_210914.txt
25481	210915	hsm/96b9be50_210915.txt
25482	210916	hsm/6dbf6919_210916.txt
25483	210917	hsm/24a1bce2_210917.txt
25484	210918	hsm/dddc196f_210918.txt
25485	210919	hsm/9078ec07_210919.txt
25486	210920	hsm/a72b1a08_210920.txt
25487	210921	hsm/20d226a2_210921.txt
25488	210922	hsm/e1b819b5_210922.txt
25489	210923	hsm/8b56ffcc_210923.txt
25490	210924	hsm/07e59d72_210924.txt
25491	210925	hsm/2ed9434e_210925.txt
25492	210926	hsm/75ab3d7d_210926.txt
25493	210927	hsm/5ac3fb6f_210927.txt
25494	210928	hsm/cbfd9e0f_210928.txt
25495	210929	hsm/4db14239_210929.txt
25496	210930	hsm/99e70bf7_210930.txt
25497	210931	hsm/b3b2bd01_210931.txt
25498	210932	hsm/31f1f0e9_210932.txt
25499	210933	hsm/55462bd1_210933.txt
25500	210934	hsm/61211a62_210934.txt
25501	210935	hsm/edf9aa44_210935.txt
25502	210936	hsm/d71bff50_210936.txt
25503	210937	hsm/675514b9_210937.txt
25504	210938	hsm/2ca666a6_210938.txt
25505	210939	hsm/620a89eb_210939.txt
25506	210940	hsm/cdf5246f_210940.txt
25507	210941	hsm/12e20017_210941.txt
25508	210942	hsm/5be2e57d_210942.txt
25509	210943	hsm/23d1d684_210943.txt
25510	210944	hsm/d973ca9f_210944.txt
25511	210945	hsm/62d60a86_210945.txt
25512	210946	hsm/a6f7e85f_210946.txt
25513	210947	hsm/90367f19_210947.txt
25514	210948	hsm/3e715176_210948.txt
25515	210949	hsm/8819e10e_210949.txt
25516	210950	hsm/102432dc_210950.txt
25517	210951	hsm/00e4f637_210951.txt
25518	210952	hsm/9cacf769_210952.txt
25519	210953	hsm/9ee269cd_210953.txt
25520	210954	hsm/5263bde7_210954.txt
25521	210955	hsm/5d10520c_210955.txt
25522	210956	hsm/3bed8dcd_210956.txt
25523	210957	hsm/10160ae4_210957.txt
25524	210958	hsm/a0b67d84_210958.txt
25525	210959	hsm/28a31497_210959.txt
25526	210960	hsm/d4d3306d_210960.txt
25527	210961	hsm/dc07dd95_210961.txt
25528	210962	hsm/78d11d0c_210962.txt
25529	210963	hsm/826cb3b1_210963.txt
25530	210964	hsm/53b0682b_210964.txt
25531	210965	hsm/c60be1ea_210965.txt
25532	210966	hsm/a668f688_210966.txt
25533	210967	hsm/631ac594_210967.txt
25534	210968	hsm/43fca2a9_210968.txt
25535	210969	hsm/a56899f0_210969.txt
25536	210970	hsm/c45e704b_210970.txt
25537	210971	hsm/e9a7f0c5_210971.txt
25538	210972	hsm/c48d1d73_210972.txt
25539	210973	hsm/d8349ce0_210973.txt
25540	210974	hsm/042c64d7_210974.txt
25541	210975	hsm/301b768e_210975.txt
25542	210976	hsm/299bc89d_210976.txt
25543	210977	hsm/71b87346_210977.txt
25544	210978	hsm/7289dc1d_210978.txt
25545	210979	hsm/51d94553_210979.txt
25546	210980	hsm/6c4a870a_210980.txt
25547	210981	hsm/82903b4e_210981.txt
25548	210982	hsm/14b00bca_210982.txt
25549	210983	hsm/04965db0_210983.txt
25550	210984	hsm/b07b0a50_210984.txt
25551	210985	hsm/39b06190_210985.txt
25552	210986	hsm/109d784c_210986.txt
25553	210987	hsm/d5753f21_210987.txt
25554	210988	hsm/ebdb21e7_210988.txt
25555	210989	hsm/e88dc701_210989.txt
25556	210990	hsm/e4162e74_210990.txt
25557	210991	hsm/7f9260c2_210991.txt
25558	210992	hsm/10f48a77_210992.txt
25559	210993	hsm/40e0fcf4_210993.txt
25560	210994	hsm/06b3b0dd_210994.txt
25561	210995	hsm/1c9f2474_210995.txt
25562	210996	hsm/5ee6f5a3_210996.txt
25563	210997	hsm/51d1b983_210997.txt
25564	210998	hsm/a46b0166_210998.txt
25565	210999	hsm/12166b22_210999.txt
25566	211000	hsm/f7251fbf_211000.txt
25567	211001	hsm/8593b316_211001.txt
25568	211002	hsm/a440c766_211002.txt
25569	211003	hsm/6bb2bb14_211003.txt
25570	211004	hsm/5d238a8e_211004.txt
25571	211005	hsm/728c4637_211005.txt
25572	211006	hsm/fca2ff64_211006.txt
25573	211007	hsm/7a6ddfd8_211007.txt
25574	211008	hsm/b28d5216_211008.txt
25575	211009	hsm/6a7adfaf_211009.txt
25576	211010	hsm/a38e6565_211010.txt
25577	211011	hsm/eb2ab8c3_211011.txt
25578	211012	hsm/2affcb64_211012.txt
25579	211013	hsm/957797a4_211013.txt
25580	211014	hsm/08171d79_211014.txt
25581	211015	hsm/94d2f1e6_211015.txt
25582	211016	hsm/35d42ba4_211016.txt
25583	211017	hsm/2b0ddc19_211017.txt
25584	211018	hsm/c299799f_211018.txt
25585	211019	hsm/4e405509_211019.txt
25586	211020	hsm/77dd8bf0_211020.txt
25587	211021	hsm/f1dcb95a_211021.txt
25588	211022	hsm/597f8311_211022.txt
25589	211023	hsm/59d0d239_211023.txt
25590	211024	hsm/13e45baa_211024.txt
25591	211025	hsm/f16a2e4b_211025.txt
25592	211026	hsm/783d849f_211026.txt
25593	211027	hsm/ec4ebbb0_211027.txt
25594	211028	hsm/bfe76408_211028.txt
25595	211029	hsm/f8dc4083_211029.txt
25596	211030	hsm/975b554e_211030.txt
25597	211031	hsm/8099aa5b_211031.txt
25598	211032	hsm/1d41639c_211032.txt
25599	211033	hsm/33587da9_211033.txt
25600	211034	hsm/e413dad7_211034.txt
25601	211035	hsm/d6ae82d0_211035.txt
25602	211036	hsm/a65839ab_211036.txt
25603	211037	hsm/1a551f7b_211037.txt
25604	211038	hsm/55ecc59c_211038.txt
25605	211039	hsm/8e423082_211039.txt
25606	211040	hsm/49cc12ae_211040.txt
25607	211041	hsm/d23c315f_211041.txt
25608	211042	hsm/9d85674d_211042.txt
25609	211043	hsm/dadfffda_211043.txt
25610	211044	hsm/d5471295_211044.txt
25611	211045	hsm/09b1e339_211045.txt
25612	211046	hsm/36b19a64_211046.txt
25613	211047	hsm/0cfef80b_211047.txt
25614	211048	hsm/8cabd11d_211048.txt
25615	211049	hsm/0622a00b_211049.txt
25616	211050	hsm/88680ddd_211050.txt
25617	211051	hsm/475194ae_211051.txt
25618	211052	hsm/db354fe9_211052.txt
25619	211053	hsm/4a2d0fea_211053.txt
25620	211054	hsm/52b6078e_211054.txt
25621	211055	hsm/3bead2af_211055.txt
25622	211056	hsm/650ae09c_211056.txt
25623	211057	hsm/abd1cb91_211057.txt
25624	211058	hsm/8b068d8c_211058.txt
25625	211059	hsm/3b7a4b5a_211059.txt
25626	211060	hsm/1d03e9f5_211060.txt
25627	211061	hsm/386d8c04_211061.txt
25628	211062	hsm/e023bcfa_211062.txt
25629	211063	hsm/f1a164d5_211063.txt
25630	211064	hsm/944510a7_211064.txt
25631	211065	hsm/2dea9142_211065.txt
25632	211066	hsm/fd228443_211066.txt
25633	211067	hsm/bddcaccb_211067.txt
25634	211068	hsm/61141b3d_211068.txt
25635	211069	hsm/c6ee5f80_211069.txt
25636	211070	hsm/5553b43f_211070.txt
25637	211071	hsm/a25fe678_211071.txt
25638	211072	hsm/ba1a6dd4_211072.txt
25639	211073	hsm/f45d94b5_211073.txt
25640	211074	hsm/2eff0058_211074.txt
25641	211075	hsm/aa664d81_211075.txt
25642	211076	hsm/a1eab147_211076.txt
25643	211077	hsm/67f5236d_211077.txt
25644	211078	hsm/7e5f7bc9_211078.txt
25645	211079	hsm/b5e6134e_211079.txt
25646	211080	hsm/bb492158_211080.txt
25647	211081	hsm/16622ad2_211081.txt
25648	211082	hsm/f2664eac_211082.txt
25649	211083	hsm/666a61af_211083.txt
25650	211084	hsm/b8ee4f07_211084.txt
25651	211085	hsm/129be95a_211085.txt
25652	211086	hsm/9ed23577_211086.txt
25653	211087	hsm/113950ca_211087.txt
25654	211088	hsm/934d2dc5_211088.txt
25655	211089	hsm/f175b877_211089.txt
25656	211090	hsm/7ccc9244_211090.txt
25657	211091	hsm/55194bf2_211091.txt
25658	211092	hsm/f343c767_211092.txt
25659	211093	hsm/fd94a8bd_211093.txt
25660	211094	hsm/e0939d0a_211094.txt
25661	211095	hsm/2d2ca9cc_211095.txt
25662	211096	hsm/00ef7237_211096.txt
25663	211097	hsm/4fad0d9a_211097.txt
25664	211098	hsm/a8ff5d1d_211098.txt
25665	211099	hsm/c7088df1_211099.txt
25666	211100	hsm/e021f810_211100.txt
25667	211101	hsm/87c3d09f_211101.txt
25668	211102	hsm/795a3298_211102.txt
25669	211103	hsm/909ca834_211103.txt
25670	211104	hsm/bd42cf24_211104.txt
25671	211105	hsm/bddcaccb_211105.txt
25672	211106	hsm/61141b3d_211106.txt
25673	211107	hsm/b8ee4f07_211107.txt
25674	211108	hsm/129be95a_211108.txt
25675	211109	hsm/c6ee5f80_211109.txt
25676	211110	hsm/5553b43f_211110.txt
25677	211111	hsm/9ed23577_211111.txt
25678	211112	hsm/856887da_211112.txt
25679	211113	hsm/fce6c9b2_211113.txt
25680	211114	hsm/ba1a6dd4_211114.txt
25681	211115	hsm/113950ca_211115.txt
25682	211116	hsm/934d2dc5_211116.txt
25683	211117	hsm/7ccc9244_211117.txt
25684	211118	hsm/aa664d81_211118.txt
25685	211119	hsm/e021f810_211119.txt
25686	211120	hsm/87c3d09f_211120.txt
25687	211121	hsm/795a3298_211121.txt
25688	211122	hsm/bd42cf24_211122.txt
25689	211123	hsm/b5e6134e_211123.txt
25690	211124	hsm/5b25ae09_211124.txt
25691	211125	hsm/1942ceb5_211125.txt
25692	211126	hsm/7a8344fc_211126.txt
25693	211127	hsm/a25fe678_211127.txt
25694	211128	hsm/f45d94b5_211128.txt
25695	211129	hsm/2eff0058_211129.txt
25696	211130	hsm/f175b877_211130.txt
25697	211131	hsm/55194bf2_211131.txt
25698	211132	hsm/f343c767_211132.txt
25699	211133	hsm/fd94a8bd_211133.txt
25700	211134	hsm/e0939d0a_211134.txt
25701	211135	hsm/2d2ca9cc_211135.txt
25702	211136	hsm/00ef7237_211136.txt
25703	211137	hsm/f2666218_211137.txt
25704	211138	hsm/5567d6dc_211138.txt
25705	211139	hsm/a1eab147_211139.txt
25706	211140	hsm/67f5236d_211140.txt
25707	211141	hsm/7e5f7bc9_211141.txt
25708	211142	hsm/909ca834_211142.txt
25709	211143	hsm/b417bcd0_211143.txt
25710	211144	hsm/520b7148_211144.txt
25711	211145	hsm/94fa677f_211145.txt
25712	211146	hsm/29f6796f_211146.txt
25713	211147	hsm/0306ec95_211147.txt
25714	211148	hsm/e6d815e5_211148.txt
25715	211149	hsm/9e7be8b5_211149.txt
25716	211150	hsm/6a803e0c_211150.txt
25717	211151	hsm/fbde66e8_211151.txt
25718	211152	hsm/e492dd77_211152.txt
25719	211153	hsm/f8b22ae6_211153.txt
25720	211154	hsm/c8525650_211154.txt
25721	211155	hsm/e332f0b3_211155.txt
25722	211156	hsm/1ea7a8c0_211156.txt
25723	211157	hsm/4511fb06_211157.txt
25724	211158	hsm/6101f5aa_211158.txt
25725	211159	hsm/b4e8081e_211159.txt
25726	211160	hsm/c274f18a_211160.txt
25727	211161	hsm/53bafdd5_211161.txt
25728	211162	hsm/d19e8966_211162.txt
25729	211163	hsm/adc3a23b_211163.txt
25730	211164	hsm/af488445_211164.txt
25731	211165	hsm/b4ca31f0_211165.txt
25732	211166	hsm/0a8a156a_211166.txt
25733	211167	hsm/6de62ea8_211167.txt
25734	211168	hsm/5197542e_211168.txt
25735	211169	hsm/e96f1732_211169.txt
25736	211170	hsm/e585d612_211170.txt
25737	211171	hsm/31fec88e_211171.txt
25738	211172	hsm/41e74d4d_211172.txt
25739	211173	hsm/bdc35f08_211173.txt
25740	211174	hsm/8a5202d3_211174.txt
25741	211175	hsm/c3633feb_211175.txt
25742	211176	hsm/a031bf59_211176.txt
25743	211177	hsm/869372c3_211177.txt
25744	211178	hsm/699719d8_211178.txt
25745	211179	hsm/1bfc20a1_211179.txt
25746	211180	hsm/35e17a29_211180.txt
25747	211181	hsm/e64a28dc_211181.txt
25748	211182	hsm/0062b265_211182.txt
25749	211183	hsm/be6fd649_211183.txt
25750	211184	hsm/0287a3b5_211184.txt
25751	211185	hsm/230b1161_211185.txt
25752	211186	hsm/68931a46_211186.txt
25753	211187	hsm/99d64809_211187.txt
25754	211188	hsm/156eadbe_211188.txt
25755	211189	hsm/e94da64f_211189.txt
25756	211190	hsm/6ae62227_211190.txt
25757	211191	hsm/32aae75b_211191.txt
25758	211192	hsm/397b8fae_211192.txt
25759	211193	hsm/0ed3777b_211193.txt
25760	211194	hsm/d58edbdc_211194.txt
25761	211195	hsm/a7ae8723_211195.txt
25762	211196	hsm/786dc682_211196.txt
25763	211197	hsm/d6758868_211197.txt
25764	211198	hsm/f10651d6_211198.txt
25765	211199	hsm/e1c2eebc_211199.txt
25766	211200	hsm/351fb858_211200.txt
25767	211201	hsm/9f04807e_211201.txt
25768	211202	hsm/4f1490b8_211202.txt
25769	211203	hsm/1c862d59_211203.txt
25770	211204	hsm/15a6b89c_211204.txt
25771	211205	hsm/df5dd2f1_211205.txt
25772	211206	hsm/b1cb0a08_211206.txt
25773	211207	hsm/4cf20286_211207.txt
25774	211208	hsm/e48a0be7_211208.txt
25775	211209	hsm/7c545715_211209.txt
25776	211210	hsm/f4944b7d_211210.txt
25777	211211	hsm/142f636f_211211.txt
25778	211212	hsm/1c8c3bbe_211212.txt
25779	211213	hsm/7a7758a4_211213.txt
25780	211214	hsm/e13a827e_211214.txt
25781	211215	hsm/d84256c6_211215.txt
25782	211216	hsm/bff2e637_211216.txt
25783	211217	hsm/8da792b2_211217.txt
25784	211218	hsm/7e4a4613_211218.txt
25785	211219	hsm/26d0d6b7_211219.txt
25786	211220	hsm/3b8c45b3_211220.txt
25787	211221	hsm/396c813c_211221.txt
25788	211222	hsm/d7dcc336_211222.txt
25789	211223	hsm/60b11e47_211223.txt
25790	211224	hsm/64776783_211224.txt
25791	211225	hsm/38c1203d_211225.txt
25792	211226	hsm/10999e9a_211226.txt
25793	211227	hsm/b50b7453_211227.txt
25794	211228	hsm/b495a840_211228.txt
25795	211229	hsm/0161b233_211229.txt
25796	211230	hsm/8f894e8e_211230.txt
25797	211231	hsm/62959ce0_211231.txt
25798	211232	hsm/a4449d0b_211232.txt
25799	211233	hsm/e00664f2_211233.txt
25800	211234	hsm/0abd1d80_211234.txt
25801	211235	hsm/7b2f8f3c_211235.txt
25802	211236	hsm/d1687e25_211236.txt
25803	211237	hsm/be7e7a6a_211237.txt
25804	211238	hsm/58c5c5cf_211238.txt
25805	211239	hsm/fb1b4a4f_211239.txt
25806	211240	hsm/f2f8555c_211240.txt
25807	211241	hsm/1623ceab_211241.txt
25808	211242	hsm/037318ff_211242.txt
25809	211243	hsm/14896ef2_211243.txt
25810	211244	hsm/9b3329ab_211244.txt
25811	211245	hsm/13027903_211245.txt
25812	211246	hsm/0295651e_211246.txt
25813	211247	hsm/6aa80fda_211247.txt
25814	211248	hsm/15201e5e_211248.txt
25815	211249	hsm/59c0aca2_211249.txt
25816	211250	hsm/22e4e64b_211250.txt
25817	211251	hsm/46fa75e5_211251.txt
25818	211252	hsm/a9d15632_211252.txt
25819	211253	hsm/6fcd57e1_211253.txt
25820	211254	hsm/ace1cbd4_211254.txt
25821	211255	hsm/25e9c059_211255.txt
25822	211256	hsm/90313d8f_211256.txt
25823	211257	hsm/f502f4aa_211257.txt
25824	211258	hsm/c334297b_211258.txt
25825	211259	hsm/87f681da_211259.txt
25826	211260	hsm/b8ccf211_211260.txt
25827	211261	hsm/cff33f1d_211261.txt
25828	211262	hsm/b52bafdb_211262.txt
25829	211263	hsm/2ce069e5_211263.txt
25830	211264	hsm/37256feb_211264.txt
25831	211265	hsm/409dd123_211265.txt
25832	211266	hsm/df3210bb_211266.txt
25833	211267	hsm/18ba3317_211267.txt
25834	211268	hsm/de3dcb73_211268.txt
25835	211269	hsm/d3326599_211269.txt
25836	211270	hsm/94ebc5e6_211270.txt
25837	211271	hsm/3b501632_211271.txt
25838	211272	hsm/94ebc5e6_211272.txt
25839	211273	hsm/3b501632_211273.txt
25840	211274	hsm/6543f8df_211274.txt
25841	211275	hsm/0362a3cc_211275.txt
25842	211276	hsm/562ee323_211276.txt
25843	211277	hsm/6aa9fd1d_211277.txt
25844	211278	hsm/70c49fba_211278.txt
25845	211279	hsm/a4607faa_211279.txt
25846	211280	hsm/cb4d4ae8_211280.txt
25847	211281	hsm/8cb0f294_211281.txt
25848	211282	hsm/e3c3a360_211282.txt
25849	211283	hsm/0c268b77_211283.txt
25850	211284	hsm/e36b1d02_211284.txt
25851	211285	hsm/e03be346_211285.txt
25852	211286	hsm/afb423de_211286.txt
25853	211287	hsm/aa925f93_211287.txt
25854	211288	hsm/4dade452_211288.txt
25855	211289	hsm/95a7af9a_211289.txt
25856	211290	hsm/2df78d23_211290.txt
25857	211291	hsm/8527ec15_211291.txt
25858	211292	hsm/bb76f1e0_211292.txt
25859	211293	hsm/a465ad8d_211293.txt
25860	211294	hsm/aa647edf_211294.txt
25861	211295	hsm/0e294479_211295.txt
25862	211296	hsm/a7b3ce58_211296.txt
25863	211297	hsm/03111e31_211297.txt
25864	211298	hsm/0464d906_211298.txt
25865	211299	hsm/0ec280c8_211299.txt
25866	211300	hsm/1001e778_211300.txt
25867	211301	hsm/52e2d064_211301.txt
25868	211302	hsm/f8d6647c_211302.txt
25869	211303	hsm/3fd11d07_211303.txt
25870	211304	hsm/07710006_211304.txt
25871	211305	hsm/1a3c007c_211305.txt
25872	211306	hsm/7415f4fd_211306.txt
25873	211307	hsm/99e70bf7_211307.txt
25874	211308	hsm/900a1ef8_211308.txt
25875	211309	hsm/f8ec011a_211309.txt
25876	211310	hsm/75ab3d7d_211310.txt
25877	211311	hsm/5ac3fb6f_211311.txt
25878	211312	hsm/cbfd9e0f_211312.txt
25879	211313	hsm/4db14239_211313.txt
25880	211314	hsm/137fcc0b_211314.txt
25881	211315	hsm/fc3d198b_211315.txt
25882	211316	hsm/a7ffcf04_211316.txt
25883	211317	hsm/307bb86f_211317.txt
25884	211318	hsm/7bed18ca_211318.txt
25885	211319	hsm/f3aedf1b_211319.txt
25886	211320	hsm/2a548c31_211320.txt
25887	211321	hsm/e7a95a02_211321.txt
25888	211322	hsm/ddff9ae7_211322.txt
25889	211323	hsm/e8c845eb_211323.txt
25890	211324	hsm/15b5e37d_211324.txt
25891	211325	hsm/a0fdcda8_211325.txt
25892	211326	hsm/f721343d_211326.txt
25893	211327	hsm/326cac50_211327.txt
25894	211328	hsm/ba09b9d6_211328.txt
25895	211329	hsm/c0394003_211329.txt
25896	211330	hsm/aa8c54ac_211330.txt
25897	211331	hsm/3816ace6_211331.txt
25898	211332	hsm/aab700d0_211332.txt
25899	211333	hsm/a22f1fb2_211333.txt
25900	211334	hsm/1b6907dc_211334.txt
25901	211335	hsm/abc36666_211335.txt
25902	211336	hsm/60fa6cb2_211336.txt
25903	211337	hsm/c8c365e3_211337.txt
25904	211338	hsm/5eca3f4d_211338.txt
25905	211339	hsm/0225877c_211339.txt
25906	211340	hsm/90f3fa07_211340.txt
25907	211341	hsm/843d4cb7_211341.txt
25908	211342	hsm/59799cce_211342.txt
25909	211343	hsm/1c04cfdc_211343.txt
25910	211344	hsm/557acc88_211344.txt
25911	211345	hsm/678f473c_211345.txt
25912	211346	hsm/a9ac9b58_211346.txt
25913	211347	hsm/3a5d78a6_211347.txt
25914	211348	hsm/af7c2ca3_211348.txt
25915	211349	hsm/21232520_211349.txt
25916	211350	hsm/0cb36c3d_211350.txt
25917	211351	hsm/09333bae_211351.txt
25918	211352	hsm/1a7795da_211352.txt
25919	211353	hsm/212a0b7e_211353.txt
25920	211354	hsm/991b5674_211354.txt
25921	211355	hsm/e9457860_211355.txt
25922	211356	hsm/f94c33fc_211356.txt
25923	211357	hsm/ae159027_211357.txt
25924	211358	hsm/b4a2aff6_211358.txt
25925	211359	hsm/8e3990e8_211359.txt
25926	211360	hsm/03b6ab4e_211360.txt
25927	211361	hsm/aaa7e72e_211361.txt
25928	211362	hsm/a61f1fcf_211362.txt
25929	211363	hsm/eaef52f7_211363.txt
25930	211364	hsm/61270ab3_211364.txt
25931	211365	hsm/a957247e_211365.txt
25932	211366	hsm/c54629e8_211366.txt
25933	211367	hsm/877348b5_211367.txt
25934	211368	hsm/8d17de9a_211368.txt
25935	211369	hsm/0e6773ae_211369.txt
25936	211370	hsm/58ebc57b_211370.txt
25937	211371	hsm/c4d219b9_211371.txt
25938	211372	hsm/aa211713_211372.txt
25939	211373	hsm/2a3cff16_211373.txt
25940	211374	hsm/d32c5999_211374.txt
25941	211375	hsm/e7576f9d_211375.txt
25942	211376	hsm/9b18277e_211376.txt
25943	211377	hsm/81c9057b_211377.txt
25944	211378	hsm/5c4da749_211378.txt
25945	211379	hsm/56fcedd2_211379.txt
25946	211380	hsm/8a1c77ae_211380.txt
25947	211381	hsm/3d67908a_211381.txt
25948	211382	hsm/027256ee_211382.txt
25949	211383	hsm/8d8df256_211383.txt
25950	211384	hsm/63a00ef6_211384.txt
25951	211385	hsm/2fc10cb4_211385.txt
25952	211386	hsm/e3007cd6_211386.txt
25953	211387	hsm/4606a87e_211387.txt
25954	211388	hsm/3bff0a86_211388.txt
25955	211389	hsm/6a35720a_211389.txt
25956	211390	hsm/e48980f4_211390.txt
25957	211391	hsm/bfcb6325_211391.txt
25958	211392	hsm/a509e8cf_211392.txt
25959	211393	hsm/f330cc21_211393.txt
25960	211394	hsm/2d267f43_211394.txt
25961	211395	hsm/12995e4c_211395.txt
25962	211396	hsm/b89a9a62_211396.txt
25963	211397	hsm/491def82_211397.txt
25964	211398	hsm/eecbfd95_211398.txt
25965	211399	hsm/98763cf8_211399.txt
25966	211400	hsm/49567d55_211400.txt
25967	211401	hsm/18f33cc1_211401.txt
25968	211402	hsm/3e059b27_211402.txt
25969	211403	hsm/7d844bfe_211403.txt
25970	211404	hsm/0aaa2e89_211404.txt
25971	211405	hsm/add0f82a_211405.txt
25972	211406	hsm/b1eee317_211406.txt
25973	211407	hsm/23ae24c5_211407.txt
25974	211408	hsm/e7f8a25d_211408.txt
25975	211409	hsm/d426a761_211409.txt
25976	211410	hsm/9c53b5ac_211410.txt
25977	211411	hsm/731cb8c9_211411.txt
25978	211412	hsm/96d8d836_211412.txt
25979	211413	hsm/2f732eb7_211413.txt
25980	211414	hsm/690b02d8_211414.txt
25981	211415	hsm/47ee14f9_211415.txt
25982	211416	hsm/4e80ea3a_211416.txt
25983	211417	hsm/7be284e3_211417.txt
25984	211418	hsm/91b592d3_211418.txt
25985	211419	hsm/491ab066_211419.txt
25986	211420	hsm/cc146cc7_211420.txt
25987	211421	hsm/8685c58a_211421.txt
25988	211422	hsm/c0b09c69_211422.txt
25989	211423	hsm/dceb55c7_211423.txt
25990	211424	hsm/37210aef_211424.txt
25991	211425	hsm/08b47a26_211425.txt
25992	211426	hsm/e5c8cb84_211426.txt
25993	211427	hsm/c98571c3_211427.txt
25994	211428	hsm/71a02107_211428.txt
25995	211429	hsm/69dd6478_211429.txt
25996	211430	hsm/756ef506_211430.txt
25997	211431	hsm/b96486a0_211431.txt
25998	211432	hsm/862973c6_211432.txt
25999	211433	hsm/c8916ada_211433.txt
26000	211434	hsm/4652822c_211434.txt
26001	211435	hsm/07cadd18_211435.txt
26002	211436	hsm/dbd48f7a_211436.txt
26003	211437	hsm/e8529dbe_211437.txt
26004	211438	hsm/b68b7098_211438.txt
26005	211439	hsm/4ef37313_211439.txt
26006	211440	hsm/ce8eef9d_211440.txt
26007	211441	hsm/ec91bff9_211441.txt
26008	211442	hsm/5392f80f_211442.txt
26009	211443	hsm/4ba22cfd_211443.txt
26010	211444	hsm/3e4389b6_211444.txt
26011	211445	hsm/0d9cc5cc_211445.txt
26012	211446	hsm/32d8d8da_211446.txt
26013	211447	hsm/8b4df451_211447.txt
26014	211448	hsm/8a573221_211448.txt
26015	211449	hsm/c4b327d5_211449.txt
26016	211450	hsm/466353cf_211450.txt
26017	211451	hsm/3c9fa687_211451.txt
26018	211452	hsm/a208ba3a_211452.txt
26019	211453	hsm/70e892b2_211453.txt
26020	211454	hsm/cc826a67_211454.txt
26021	211455	hsm/616d9067_211455.txt
26022	211456	hsm/4a4ffbe3_211456.txt
26023	211457	hsm/0ab36e31_211457.txt
26024	211458	hsm/337a752e_211458.txt
26025	211459	hsm/bb8b1c38_211459.txt
26026	211460	hsm/af6abb77_211460.txt
26027	211461	hsm/4945ff2b_211461.txt
26028	211462	hsm/0fdfb045_211462.txt
26029	211463	hsm/fec582c8_211463.txt
26030	211464	hsm/25a6879b_211464.txt
26031	211465	hsm/5e8c6cb5_211465.txt
26032	211466	hsm/dc37ff20_211466.txt
26033	211467	hsm/587d4835_211467.txt
26034	211468	hsm/e5e1fffc_211468.txt
26035	211469	hsm/427f2139_211469.txt
26036	211470	hsm/63e7cfb7_211470.txt
26037	211471	hsm/e7a499c2_211471.txt
26038	211472	hsm/ac901192_211472.txt
26039	211473	hsm/113e021f_211473.txt
26040	211474	hsm/4ebea35d_211474.txt
26041	211475	hsm/1e7f5183_211475.txt
26042	211476	hsm/7481d46e_211476.txt
26043	211477	hsm/925063b7_211477.txt
26044	211478	hsm/2069273a_211478.txt
26045	211479	hsm/9ac67965_211479.txt
26046	211480	hsm/b24ea8bf_211480.txt
26047	211481	hsm/41f8bc49_211481.txt
26048	211482	hsm/e2916294_211482.txt
26049	211483	hsm/62a337f1_211483.txt
26050	211484	hsm/3f5462a1_211484.txt
26051	211485	hsm/6f845f61_211485.txt
26052	211486	hsm/f5ea1612_211486.txt
26053	211487	hsm/0bded7c0_211487.txt
26054	211488	hsm/6b6226df_211488.txt
26055	211489	hsm/458f387c_211489.txt
26056	211490	hsm/55689536_211490.txt
26057	211491	hsm/bea97120_211491.txt
26058	211492	hsm/3f4b30be_211492.txt
26059	211493	hsm/2761694e_211493.txt
26060	211494	hsm/e6c3d5d4_211494.txt
26061	211495	hsm/4b9f6e3e_211495.txt
26062	211496	hsm/74f52aa2_211496.txt
26063	211497	hsm/fc6a59fd_211497.txt
26064	211498	hsm/842865b9_211498.txt
26065	211499	hsm/ac3981bb_211499.txt
26066	211500	hsm/4c349e84_211500.txt
26067	211501	hsm/b476e18d_211501.txt
26068	211502	hsm/2877775c_211502.txt
26069	211503	hsm/a8d55035_211503.txt
26070	211504	hsm/c716d6c4_211504.txt
26071	211505	hsm/def37a6a_211505.txt
26072	211506	hsm/5e3c9256_211506.txt
26073	211507	hsm/10ed193d_211507.txt
26074	211508	hsm/dedbc48e_211508.txt
26075	211509	hsm/408d3831_211509.txt
26076	211510	hsm/94dfa0c9_211510.txt
26077	211511	hsm/d61197a6_211511.txt
26078	211512	hsm/b1de3c64_211512.txt
26079	211513	hsm/4b62b90a_211513.txt
26080	211514	hsm/295b119f_211514.txt
26081	211515	hsm/0dccec65_211515.txt
26082	211516	hsm/e59ae10a_211516.txt
26083	211517	hsm/0caae9bb_211517.txt
26084	211518	hsm/670fa8cf_211518.txt
26085	211519	hsm/2ba55a48_211519.txt
26086	211520	hsm/e7bea9e5_211520.txt
26087	211521	hsm/620ac523_211521.txt
26088	211522	hsm/90d88e06_211522.txt
26089	211523	hsm/a3d3c7ff_211523.txt
26090	211524	hsm/1197f7a3_211524.txt
26091	211525	hsm/9cc909d3_211525.txt
26092	211526	hsm/75df2ac9_211526.txt
26093	211527	hsm/01865b70_211527.txt
26094	211528	hsm/4e2098de_211528.txt
26095	211529	hsm/5424483f_211529.txt
26096	211530	hsm/02ee8fb8_211530.txt
26097	211531	hsm/161c66d5_211531.txt
26098	211532	hsm/9c596d46_211532.txt
26099	211533	hsm/093aa5fe_211533.txt
26100	211534	hsm/08f5d282_211534.txt
26101	211535	hsm/2f573b68_211535.txt
26102	211536	hsm/f71db753_211536.txt
26103	211537	hsm/bedb6547_211537.txt
26104	211538	hsm/7e71e7d4_211538.txt
26105	211539	hsm/67007b1a_211539.txt
26106	211540	hsm/55fd304a_211540.txt
26107	211541	hsm/8036f19b_211541.txt
26108	211542	hsm/b71f27c0_211542.txt
26109	211543	hsm/f4eb444d_211543.txt
26110	211544	hsm/3ad65764_211544.txt
26111	211545	hsm/b5781e50_211545.txt
26112	211546	hsm/064e7946_211546.txt
26113	211547	hsm/b2c2b2cb_211547.txt
26114	211548	hsm/3a2539ab_211548.txt
26115	211549	hsm/c7714718_211549.txt
26116	211550	hsm/a8aa276d_211550.txt
26117	211551	hsm/c46e9b37_211551.txt
26118	211552	hsm/0abd032d_211552.txt
26119	211553	hsm/ec004a25_211553.txt
26120	211554	hsm/e037d42a_211554.txt
26121	211555	hsm/39079109_211555.txt
26122	211556	hsm/c72b0fcd_211556.txt
26123	211557	hsm/d749586e_211557.txt
26124	211558	hsm/af5c5b5f_211558.txt
26125	211559	hsm/5f968086_211559.txt
26126	211560	hsm/49da320f_211560.txt
26127	211561	hsm/3d7e7ed9_211561.txt
26128	211562	hsm/3b7cd542_211562.txt
26129	211563	hsm/ac87a8c8_211563.txt
26130	211564	hsm/28ca09d5_211564.txt
26131	211565	hsm/d9392476_211565.txt
26132	211566	hsm/56b8735a_211566.txt
26133	211567	hsm/91946e7e_211567.txt
26134	211568	hsm/7e10f2f7_211568.txt
26135	211569	hsm/ac62cd43_211569.txt
26136	211570	hsm/b8fec55e_211570.txt
26137	211571	hsm/1daf320a_211571.txt
26138	211572	hsm/cfa300f2_211572.txt
26139	211573	hsm/77afd246_211573.txt
26140	211574	hsm/b9773614_211574.txt
26141	211575	hsm/b7c22feb_211575.txt
26142	211576	hsm/723414b8_211576.txt
26143	211577	hsm/ecc7ebfe_211577.txt
26144	211578	hsm/ffea1510_211578.txt
26145	211579	hsm/9eac1cae_211579.txt
26146	211580	hsm/1d428615_211580.txt
26147	211581	hsm/040d07d5_211581.txt
26148	211582	hsm/6b897394_211582.txt
26149	211583	hsm/42e9b693_211583.txt
26150	211584	hsm/598df049_211584.txt
26151	211585	hsm/8782a051_211585.txt
26152	211586	hsm/c8a64e2b_211586.txt
26153	211587	hsm/d63f0771_211587.txt
26154	211588	hsm/44ecea02_211588.txt
26155	211589	hsm/5abcdad8_211589.txt
26156	211590	hsm/9ee0030d_211590.txt
26157	211591	hsm/b6b841e7_211591.txt
26158	211592	hsm/2d5d9fc3_211592.txt
26159	211593	hsm/803b8403_211593.txt
26160	211594	hsm/7b2e2fe4_211594.txt
26161	211595	hsm/88797083_211595.txt
26162	211596	hsm/98f0be2a_211596.txt
26163	211597	hsm/d2bd668c_211597.txt
26164	211598	hsm/497ed592_211598.txt
26165	211599	hsm/64c560ac_211599.txt
26166	211600	hsm/1a7c6783_211600.txt
26167	211601	hsm/0d20070f_211601.txt
26168	211602	hsm/d8660bcd_211602.txt
26169	211603	hsm/f8c9bbeb_211603.txt
26170	211604	hsm/4b2bdfb2_211604.txt
26171	211605	hsm/c4b1afc0_211605.txt
26172	211606	hsm/2fde8893_211606.txt
26173	211607	hsm/3c66b2dc_211607.txt
26174	211608	hsm/cd77a439_211608.txt
26175	211609	hsm/abc701a2_211609.txt
26176	211610	hsm/63d45220_211610.txt
26177	211611	hsm/341a97d1_211611.txt
26178	211612	hsm/b834d755_211612.txt
26179	211613	hsm/96e76a8c_211613.txt
26180	211614	hsm/22e317c4_211614.txt
26181	211615	hsm/dc76d899_211615.txt
26182	211616	hsm/017b004a_211616.txt
26183	211617	hsm/844bad0b_211617.txt
26184	211618	hsm/14ea5961_211618.txt
26185	211619	hsm/815d1511_211619.txt
26186	211620	hsm/d9e0aa12_211620.txt
26187	211621	hsm/37eb7182_211621.txt
26188	211622	hsm/b60beb27_211622.txt
26189	211623	hsm/79f02147_211623.txt
26190	211624	hsm/69724b97_211624.txt
26191	211625	hsm/afe8f7f4_211625.txt
26192	211626	hsm/3b9ee3a8_211626.txt
26193	211627	hsm/6214ebe5_211627.txt
26194	211628	hsm/59a19cdf_211628.txt
26195	211629	hsm/ecce5fb2_211629.txt
26196	211630	hsm/fffabd67_211630.txt
26197	211631	hsm/375eca8f_211631.txt
26198	211632	hsm/a3a4b8de_211632.txt
26199	211633	hsm/f2783d7d_211633.txt
26200	211634	hsm/308c9b86_211634.txt
26201	211635	hsm/e5b72484_211635.txt
26202	211636	hsm/b9a44531_211636.txt
26203	211637	hsm/90901dc5_211637.txt
26204	211638	hsm/abd4c40f_211638.txt
26205	211639	hsm/794b0eba_211639.txt
26206	211640	hsm/37462909_211640.txt
26207	211641	hsm/939a7f2d_211641.txt
26208	211642	hsm/7adc4885_211642.txt
26209	211643	hsm/dc3a378d_211643.txt
26210	211644	hsm/b95831ca_211644.txt
26211	211645	hsm/979fbba5_211645.txt
26212	211646	hsm/c93cd56d_211646.txt
26213	211647	hsm/4f8df9e0_211647.txt
26214	211648	hsm/4724364a_211648.txt
26215	211649	hsm/3ffc80a4_211649.txt
26216	211650	hsm/af0d8670_211650.txt
26217	211651	hsm/588a2c4c_211651.txt
26218	211652	hsm/6e4b9717_211652.txt
26219	211653	hsm/87d8c674_211653.txt
26220	211654	hsm/39543160_211654.txt
26221	211655	hsm/dcacb289_211655.txt
26222	211656	hsm/4d36881a_211656.txt
26223	211657	hsm/10525572_211657.txt
26224	211658	hsm/d626ac6b_211658.txt
26225	211659	hsm/6c68a0d3_211659.txt
26226	211660	hsm/08af5b73_211660.txt
26227	211661	hsm/a21d0adf_211661.txt
26228	211662	hsm/9dab257f_211662.txt
26229	211663	hsm/9d3faf19_211663.txt
26230	211664	hsm/b7519aa8_211664.txt
26231	211665	hsm/4c5e4cfb_211665.txt
26232	211666	hsm/26f70657_211666.txt
26233	211667	hsm/8f3ccb91_211667.txt
26234	211668	hsm/b7e8febb_211668.txt
26235	211669	hsm/d1e18023_211669.txt
26236	211670	hsm/0dbb658f_211670.txt
26237	211671	hsm/0a25525d_211671.txt
26238	211672	hsm/757155b8_211672.txt
26239	211673	hsm/1de9f496_211673.txt
26240	211674	hsm/dea84cdc_211674.txt
26241	211675	hsm/97c4bd1b_211675.txt
26242	211676	hsm/a1b2a48b_211676.txt
26243	211677	hsm/55a49276_211677.txt
26244	211678	hsm/7421d5ed_211678.txt
26245	211679	hsm/2c5253f9_211679.txt
26246	211680	hsm/021c2010_211680.txt
26247	211681	hsm/5f82f233_211681.txt
26248	211682	hsm/c0eb27f6_211682.txt
26249	211683	hsm/8d4734b2_211683.txt
26250	211684	hsm/2dd5fd8a_211684.txt
26251	211685	hsm/787e2927_211685.txt
26252	211686	hsm/07bdff18_211686.txt
26253	211687	hsm/074d1cea_211687.txt
26254	211688	hsm/284bf511_211688.txt
26255	211689	hsm/40f49cec_211689.txt
26256	211690	hsm/89c78e79_211690.txt
26257	211691	hsm/57636d04_211691.txt
26258	211692	hsm/8f214474_211692.txt
26259	211693	hsm/10301bd5_211693.txt
26260	211694	hsm/0662664c_211694.txt
26261	211695	hsm/c80009e9_211695.txt
26262	211696	hsm/30e1c03d_211696.txt
26263	211697	hsm/7c46dd8d_211697.txt
26264	211698	hsm/d75a3e5b_211698.txt
26265	211699	hsm/97437c5c_211699.txt
26266	211700	hsm/cd900706_211700.txt
26267	211701	hsm/501b8a3e_211701.txt
26268	211702	hsm/8eac2d58_211702.txt
26269	211703	hsm/74b8c284_211703.txt
26270	211704	hsm/aebed337_211704.txt
26271	211705	hsm/5e009600_211705.txt
26272	211706	hsm/6d395431_211706.txt
26273	211707	hsm/de494d03_211707.txt
26274	211708	hsm/c8fb39e4_211708.txt
26275	211709	hsm/fe30432f_211709.txt
26276	211710	hsm/763a03e5_211710.txt
26277	211711	hsm/ac3de700_211711.txt
26278	211712	hsm/bdd08c68_211712.txt
26279	211713	hsm/48bf9dad_211713.txt
26280	211714	hsm/8e53a0fb_211714.txt
26281	211715	hsm/8e0b3558_211715.txt
26282	211716	hsm/96ba4c00_211716.txt
26283	211717	hsm/a006b34e_211717.txt
26284	211718	hsm/26510f8d_211718.txt
26285	211719	hsm/af6ac68c_211719.txt
26286	211720	hsm/7caaa016_211720.txt
26287	211721	hsm/2f07c6b6_211721.txt
26288	211722	hsm/99654824_211722.txt
26289	211723	hsm/1d982191_211723.txt
26290	211724	hsm/abb25915_211724.txt
26291	211725	hsm/26a1bd16_211725.txt
26292	211726	hsm/442307b2_211726.txt
26293	211727	hsm/9af65182_211727.txt
26294	211728	hsm/7d80ff88_211728.txt
26295	211729	hsm/bfc675a8_211729.txt
26296	211730	hsm/a6c39877_211730.txt
26297	211731	hsm/be6c9a75_211731.txt
26298	211732	hsm/ddff9ae7_211732.txt
26299	211733	hsm/e8c845eb_211733.txt
26300	211734	hsm/15b5e37d_211734.txt
26301	211735	hsm/a0fdcda8_211735.txt
26302	211736	hsm/8ef9e9e6_211736.txt
26303	211737	hsm/afd56616_211737.txt
26304	211738	hsm/70170140_211738.txt
26305	211739	hsm/88c00db6_211739.txt
26306	211740	hsm/b8e9a1ab_211740.txt
26307	211741	hsm/650e494a_211741.txt
26308	211742	hsm/3652cb46_211742.txt
26309	211743	hsm/59dc4603_211743.txt
26310	211744	hsm/2979693d_211744.txt
26311	211745	hsm/42ac8a1c_211745.txt
26312	211746	hsm/8577fc5e_211746.txt
26313	211747	hsm/715a1b36_211747.txt
26314	211748	hsm/f546bd75_211748.txt
26315	211749	hsm/d3d00fae_211749.txt
26316	211750	hsm/a92f7cc9_211750.txt
26317	211751	hsm/5c0cfd6a_211751.txt
26318	211752	hsm/4450df3a_211752.txt
26319	211753	hsm/805ca1f9_211753.txt
26320	211754	hsm/54bc0a3d_211754.txt
26321	211755	hsm/35beb7c0_211755.txt
26322	211756	hsm/0443866d_211756.txt
26323	211757	hsm/8b0d1dbc_211757.txt
26324	211758	hsm/fbe45a42_211758.txt
26325	211759	hsm/3fa88057_211759.txt
26326	211760	hsm/64cafb96_211760.txt
26327	211761	hsm/2c543a94_211761.txt
26328	211762	hsm/efb6ce75_211762.txt
26329	211763	hsm/53b680cf_211763.txt
26330	211764	hsm/341179a1_211764.txt
26331	211765	hsm/35c34b98_211765.txt
26332	211766	hsm/f15cee2e_211766.txt
26333	211767	hsm/273b1807_211767.txt
26334	211768	hsm/867cee34_211768.txt
26335	211769	hsm/87572412_211769.txt
26336	211770	hsm/96b2f225_211770.txt
26337	211771	hsm/4b7cb8f8_211771.txt
26338	211772	hsm/92ea58e4_211772.txt
26339	211773	hsm/e23911b9_211773.txt
26340	211774	hsm/40d5d179_211774.txt
26341	211775	hsm/2f365fc5_211775.txt
26342	211776	hsm/d0738285_211776.txt
26343	211777	hsm/4e68eacc_211777.txt
26344	211778	hsm/dc4a918b_211778.txt
26345	211779	hsm/e464cf93_211779.txt
26346	211780	hsm/04deba3d_211780.txt
26347	211781	hsm/6406b313_211781.txt
26348	211782	hsm/7a0349bb_211782.txt
26349	211783	hsm/768ec530_211783.txt
26350	211784	hsm/ba6d5389_211784.txt
26351	211785	hsm/52b8b013_211785.txt
26352	211786	hsm/a980f69f_211786.txt
26353	211787	hsm/3734f2ac_211787.txt
26354	211788	hsm/35d35ce0_211788.txt
26355	211789	hsm/7f308610_211789.txt
26356	211790	hsm/e0f33902_211790.txt
26357	211791	hsm/39c7220d_211791.txt
26358	211792	hsm/d62cf807_211792.txt
26359	211793	hsm/70f41811_211793.txt
26360	211794	hsm/2db08e33_211794.txt
26361	211795	hsm/0ba47dee_211795.txt
26362	211796	hsm/78fe3e17_211796.txt
26363	211797	hsm/cc2e3bdf_211797.txt
26364	211798	hsm/47f2681e_211798.txt
26365	211799	hsm/d50c2781_211799.txt
26366	211800	hsm/63afeb7e_211800.txt
26367	211801	hsm/06faceee_211801.txt
26368	211802	hsm/3b71560f_211802.txt
26369	211803	hsm/a834164c_211803.txt
26370	211804	hsm/8d9bbcfe_211804.txt
26371	211805	hsm/5fecfd55_211805.txt
26372	211806	hsm/4464fba8_211806.txt
26373	211807	hsm/a18c17bd_211807.txt
26374	211808	hsm/ce7ea8cd_211808.txt
26375	211809	hsm/889fe80f_211809.txt
26376	211810	hsm/3e00269a_211810.txt
26377	211811	hsm/f232f41f_211811.txt
26378	211812	hsm/b235fbce_211812.txt
26379	211813	hsm/3713c5d0_211813.txt
26380	211814	hsm/14711249_211814.txt
26381	211815	hsm/057c988f_211815.txt
26382	211816	hsm/40bcb701_211816.txt
26383	211817	hsm/a12d670a_211817.txt
26384	211818	hsm/413c0089_211818.txt
26385	211819	hsm/5f387978_211819.txt
26386	211820	hsm/5011859d_211820.txt
26387	211821	hsm/86320002_211821.txt
26388	211822	hsm/4f60046a_211822.txt
26389	211823	hsm/d14787f3_211823.txt
26390	211824	hsm/7e0e7556_211824.txt
26391	211825	hsm/90684329_211825.txt
26392	211826	hsm/42cb436b_211826.txt
26393	211827	hsm/b2786e26_211827.txt
26394	211828	hsm/6b468e27_211828.txt
26395	211829	hsm/c07ba5da_211829.txt
26396	211830	hsm/87b7cc56_211830.txt
26397	211831	hsm/5d1470df_211831.txt
26398	211832	hsm/424259b1_211832.txt
26399	211833	hsm/f5615448_211833.txt
26400	211834	hsm/8275583d_211834.txt
26401	211835	hsm/c4c28cc8_211835.txt
26402	211836	hsm/06f6ed17_211836.txt
26403	211837	hsm/454aaf1b_211837.txt
26404	211838	hsm/9afdd83d_211838.txt
26405	211839	hsm/8b2ae61a_211839.txt
26406	211840	hsm/eaa4ce8f_211840.txt
26407	211841	hsm/d5bbcc19_211841.txt
26408	211842	hsm/2482d8d6_211842.txt
26409	211843	hsm/898cffba_211843.txt
26410	211844	hsm/e25bbd48_211844.txt
26411	211845	hsm/64da4588_211845.txt
26412	211846	hsm/b3b4f922_211846.txt
26413	211847	hsm/2c675d7b_211847.txt
26414	211848	hsm/8ec58f1e_211848.txt
26415	211849	hsm/2ecb61c5_211849.txt
26416	211850	hsm/4676199b_211850.txt
26417	211851	hsm/2c6b1585_211851.txt
26418	211852	hsm/36b3044c_211852.txt
26419	211853	hsm/88871e58_211853.txt
26420	211854	hsm/5c206bb2_211854.txt
26421	211855	hsm/f1ea35cb_211855.txt
26422	211856	hsm/4c7fa31d_211856.txt
26423	211857	hsm/48b02ca4_211857.txt
26424	211858	hsm/e8d2613c_211858.txt
26425	211859	hsm/a259dc12_211859.txt
26426	211860	hsm/55c3bdb4_211860.txt
26427	211861	hsm/458f3e36_211861.txt
26428	211862	hsm/aeeddc98_211862.txt
26429	211863	hsm/c713892a_211863.txt
26430	211864	hsm/591abf23_211864.txt
26431	211865	hsm/9039074f_211865.txt
26432	211866	hsm/ac14cd9b_211866.txt
26433	211867	hsm/6e319dc7_211867.txt
26434	211868	hsm/d659f011_211868.txt
26435	211869	hsm/af7eb6fa_211869.txt
26436	211870	hsm/d50ba35c_211870.txt
26437	211871	hsm/61c1e99a_211871.txt
26438	211872	hsm/18d5d435_211872.txt
26439	211873	hsm/cff2e4b1_211873.txt
26440	211874	hsm/097dad03_211874.txt
26441	211875	hsm/8c2b3797_211875.txt
26442	211876	hsm/61f05413_211876.txt
26443	211877	hsm/7f732bcb_211877.txt
26444	211878	hsm/a9fea73e_211878.txt
26445	211879	hsm/a86f7892_211879.txt
26446	211880	hsm/21b373f1_211880.txt
26447	211881	hsm/0d991ea4_211881.txt
26448	211882	hsm/4e921443_211882.txt
26449	211883	hsm/59c433bb_211883.txt
26450	211884	hsm/c870970b_211884.txt
26451	211885	hsm/f4636e4f_211885.txt
26452	211886	hsm/ffa79438_211886.txt
26453	211887	hsm/aaa05c74_211887.txt
26454	211888	hsm/c613d2fa_211888.txt
26455	211889	hsm/41fce112_211889.txt
26456	211890	hsm/a1e64104_211890.txt
26457	211891	hsm/438dd223_211891.txt
26458	211892	hsm/a8bf110c_211892.txt
26459	211893	hsm/cf05e9f8_211893.txt
26460	211894	hsm/4e238443_211894.txt
26461	211895	hsm/604df83c_211895.txt
26462	211896	hsm/5bbc9c54_211896.txt
26463	211897	hsm/db7155ab_211897.txt
26464	211898	hsm/c5871b58_211898.txt
26465	211899	hsm/05f9faae_211899.txt
26466	211900	hsm/f04a6d30_211900.txt
26467	211901	hsm/17f3c25e_211901.txt
26468	211902	hsm/275274c5_211902.txt
26469	211903	hsm/36a49147_211903.txt
26470	211904	hsm/c501441a_211904.txt
26471	211905	hsm/a745a428_211905.txt
26472	211906	hsm/fdc258df_211906.txt
26473	211907	hsm/3f1e75da_211907.txt
26474	211908	hsm/49b40059_211908.txt
26475	211909	hsm/240500d6_211909.txt
26476	211910	hsm/ba296a40_211910.txt
26477	211911	hsm/72c73f7f_211911.txt
26478	211912	hsm/eb10d177_211912.txt
26479	211913	hsm/e61b0912_211913.txt
26480	211914	hsm/b81f506c_211914.txt
26481	211915	hsm/ef15645d_211915.txt
26482	211916	hsm/e90e1143_211916.txt
26483	211917	hsm/4ba28ba9_211917.txt
26484	211918	hsm/87f2e4db_211918.txt
26485	211919	hsm/6c015a56_211919.txt
26486	211920	hsm/24473534_211920.txt
26487	211921	hsm/d19f8613_211921.txt
26488	211922	hsm/0a447537_211922.txt
26489	211923	hsm/7b8173a9_211923.txt
26490	211924	hsm/ee2bc08f_211924.txt
26491	211925	hsm/993d33ad_211925.txt
26492	211926	hsm/77ea577d_211926.txt
26493	211927	hsm/1dad3420_211927.txt
26494	211928	hsm/2833dced_211928.txt
26495	211929	hsm/4f4e9443_211929.txt
26496	211930	hsm/b75d75ee_211930.txt
26497	211931	hsm/2a2af7f3_211931.txt
26498	211932	hsm/54085542_211932.txt
26499	211933	hsm/4c4d5f86_211933.txt
26500	211934	hsm/3671cc37_211934.txt
26501	211935	hsm/7d959f62_211935.txt
26502	211936	hsm/8a9c44f0_211936.txt
26503	211937	hsm/8705ac28_211937.txt
26504	211938	hsm/51ee7ad2_211938.txt
26505	211939	hsm/dc458dfa_211939.txt
26506	211940	hsm/8ddbb770_211940.txt
26507	211941	hsm/af8d16bc_211941.txt
26508	211942	hsm/df38f5a8_211942.txt
26509	211943	hsm/06981189_211943.txt
26510	211944	hsm/56ee9d9f_211944.txt
26511	211945	hsm/30e3c53d_211945.txt
26512	211946	hsm/30fc70cf_211946.txt
26513	211947	hsm/9159bfb4_211947.txt
26514	211948	hsm/8cbec749_211948.txt
26515	211949	hsm/3b501632_211949.txt
26516	211950	hsm/3ba05820_211950.txt
26517	211951	hsm/8116b93c_211951.txt
26518	211952	hsm/c11ba95f_211952.txt
26519	211953	hsm/d14dd930_211953.txt
26520	211954	hsm/4a185a99_211954.txt
26521	211955	hsm/6eb7e89b_211955.txt
26522	211956	hsm/e391a62c_211956.txt
26523	211957	hsm/0fa7cc32_211957.txt
26524	211958	hsm/e68a00c6_211958.txt
26525	211959	hsm/4cbe65f2_211959.txt
26526	211960	hsm/f1b258a7_211960.txt
26527	211961	hsm/efc4fc0b_211961.txt
26528	211962	hsm/8bb8903c_211962.txt
26529	211963	hsm/f17895a4_211963.txt
26530	211964	hsm/2f573b68_211964.txt
26531	211965	hsm/c2b4bf83_211965.txt
26532	211966	hsm/c3688c2b_211966.txt
26533	211967	hsm/2565f279_211967.txt
26534	211968	hsm/96164f06_211968.txt
26535	211969	hsm/14cfbe6c_211969.txt
26536	211970	hsm/8036f19b_211970.txt
26537	211971	hsm/b71f27c0_211971.txt
26538	211972	hsm/e9be0165_211972.txt
26539	211973	hsm/7a0b4a64_211973.txt
26540	211974	hsm/26d09133_211974.txt
26541	211975	hsm/e0a95c3c_211975.txt
26542	211976	hsm/6401e127_211976.txt
26543	211977	hsm/26acfbc5_211977.txt
26544	211978	hsm/c1425614_211978.txt
26545	211979	hsm/1ed134b0_211979.txt
26546	211980	hsm/d7a5a0ff_211980.txt
26547	211981	hsm/963c1bbc_211981.txt
26548	211982	hsm/4ff45c75_211982.txt
26549	211983	hsm/4586acec_211983.txt
26550	211984	hsm/d7d1a52a_211984.txt
26551	211985	hsm/b273a4f4_211985.txt
26552	211986	hsm/dae0caf7_211986.txt
26553	211987	hsm/d01fa4b7_211987.txt
26554	211988	hsm/a238ac56_211988.txt
26555	211989	hsm/10beaa45_211989.txt
26556	211990	hsm/8c56ed0c_211990.txt
26557	211991	hsm/c1425614_211991.txt
26558	211992	hsm/dae0caf7_211992.txt
26559	211993	hsm/d01fa4b7_211993.txt
26560	211994	hsm/a238ac56_211994.txt
26561	211995	hsm/2b9313c7_211995.txt
26562	211996	hsm/6d0add16_211996.txt
26563	211997	hsm/abe925b4_211997.txt
26564	211998	hsm/0e64bb4c_211998.txt
26565	211999	hsm/08783f7a_211999.txt
26566	212000	hsm/b7ac3154_212000.txt
26567	212001	hsm/cdef8875_212001.txt
26568	212002	hsm/392c3520_212002.txt
26569	212003	hsm/1c78533b_212003.txt
26570	212004	hsm/44361ea3_212004.txt
26571	212005	hsm/bd76c1c2_212005.txt
26572	212006	hsm/9f17c1d6_212006.txt
26573	212007	hsm/a175760d_212007.txt
26574	212008	hsm/6c7297cf_212008.txt
26575	212009	hsm/174c7bfd_212009.txt
26576	212010	hsm/71d83f41_212010.txt
26577	212011	hsm/f5d27fd9_212011.txt
26578	212012	hsm/6ca2f8a1_212012.txt
26579	212013	hsm/cfefe81c_212013.txt
26580	212014	hsm/38c56625_212014.txt
26581	212015	hsm/9d295607_212015.txt
26582	212016	hsm/fb6b0bd9_212016.txt
26583	212017	hsm/2fc76a50_212017.txt
26584	212018	hsm/9cda28ec_212018.txt
26585	212019	hsm/b252d5da_212019.txt
26586	212020	hsm/cb0c90ce_212020.txt
26587	212021	hsm/4ef83681_212021.txt
26588	212022	hsm/2c97df68_212022.txt
26589	212023	hsm/c20e06a7_212023.txt
26590	212024	hsm/dd6ea808_212024.txt
26591	212025	hsm/6a97bb4d_212025.txt
26592	212026	hsm/c93cc7c2_212026.txt
26593	212027	hsm/ed3c22a9_212027.txt
26594	212028	hsm/cab0db27_212028.txt
26595	212029	hsm/2577cf9a_212029.txt
26596	212030	hsm/aeeca883_212030.txt
26597	212031	hsm/b3c3a154_212031.txt
26598	212032	hsm/d1d946c8_212032.txt
26599	212033	hsm/166752d8_212033.txt
26600	212034	hsm/10669c7f_212034.txt
26601	212035	hsm/cbec24e1_212035.txt
26602	212036	hsm/dc53bb1e_212036.txt
26603	212037	hsm/155a3377_212037.txt
26604	212038	hsm/5e0fe4be_212038.txt
26605	212039	hsm/873eb3b9_212039.txt
26606	212040	hsm/fc503ab2_212040.txt
26607	212041	hsm/7706805a_212041.txt
26608	212042	hsm/ac3d09ed_212042.txt
26609	212043	hsm/19b9f967_212043.txt
26610	212044	hsm/87ad52c9_212044.txt
26611	212045	hsm/ecb5e944_212045.txt
26612	212046	hsm/fdd65218_212046.txt
26613	212047	hsm/db42f78c_212047.txt
26614	212048	hsm/aa2f2a35_212048.txt
26615	212049	hsm/fad4b7b9_212049.txt
26616	212050	hsm/8bc141b3_212050.txt
26617	212051	hsm/1117cbb9_212051.txt
26618	212052	hsm/7b5935cc_212052.txt
26619	212053	hsm/84289788_212053.txt
26620	212054	hsm/0d17962e_212054.txt
26621	212055	hsm/cc0beb8d_212055.txt
26622	212056	hsm/7f995e08_212056.txt
26623	212057	hsm/829272a3_212057.txt
26624	212058	hsm/260e0a9a_212058.txt
26625	212059	hsm/63f4c9a1_212059.txt
26626	212060	hsm/2482f739_212060.txt
26627	212061	hsm/703070e9_212061.txt
26628	212062	hsm/727beb69_212062.txt
26629	212063	hsm/86ea5d32_212063.txt
26630	212064	hsm/93c52466_212064.txt
26631	212065	hsm/57cf4809_212065.txt
26632	212066	hsm/d58edb55_212066.txt
26633	212067	hsm/df634dab_212067.txt
26634	212068	hsm/e739dd27_212068.txt
26635	212069	hsm/fa28f564_212069.txt
26636	212070	hsm/a7e547f1_212070.txt
26637	212071	hsm/862cbc4c_212071.txt
26638	212072	hsm/4e9b55a8_212072.txt
26639	212073	hsm/203da9b6_212073.txt
26640	212074	hsm/3c3e39a9_212074.txt
26641	212075	hsm/29986002_212075.txt
26642	212076	hsm/69a36769_212076.txt
26643	212077	hsm/d59ae18e_212077.txt
26644	212078	hsm/713af47a_212078.txt
26645	212079	hsm/0a34dd05_212079.txt
26646	212080	hsm/e6a356f6_212080.txt
26647	212081	hsm/2c175ccb_212081.txt
26648	212082	hsm/7ca4c41f_212082.txt
26649	212083	hsm/129d62d8_212083.txt
26650	212084	hsm/92cc2c6b_212084.txt
26651	212085	hsm/7f8ba19d_212085.txt
26652	212086	hsm/3eeaad5a_212086.txt
26653	212087	hsm/5cd0e1e0_212087.txt
26654	212088	hsm/d9d13f05_212088.txt
26655	212089	hsm/7f5b7695_212089.txt
26656	212090	hsm/b2f453ac_212090.txt
26657	212091	hsm/65e03fb0_212091.txt
26658	212092	hsm/48f99729_212092.txt
26659	212093	hsm/f5a82f14_212093.txt
26660	212094	hsm/28713baf_212094.txt
26661	212095	hsm/627df57b_212095.txt
26662	212096	hsm/e69d16df_212096.txt
26663	212097	hsm/b659ec5f_212097.txt
26664	212098	hsm/8f3d8a49_212098.txt
26665	212099	hsm/bf012a95_212099.txt
26666	212100	hsm/0b365610_212100.txt
26667	212101	hsm/3c503e32_212101.txt
26668	212102	hsm/605b300f_212102.txt
26669	212103	hsm/5ee69f93_212103.txt
26670	212104	hsm/397d51ae_212104.txt
26671	212105	hsm/eb2d7681_212105.txt
26672	212106	hsm/36962832_212106.txt
26673	212107	hsm/b29dae26_212107.txt
26674	212108	hsm/5d862ce1_212108.txt
26675	212109	hsm/e404a026_212109.txt
26676	212110	hsm/15046e83_212110.txt
26677	212111	hsm/f1bf3234_212111.txt
26678	212112	hsm/b81a54e1_212112.txt
26679	212113	hsm/e7ecce50_212113.txt
26680	212114	hsm/dcf25091_212114.txt
26681	212115	hsm/7fe67973_212115.txt
26682	212116	hsm/81afb02c_212116.txt
26683	212117	hsm/e62248e0_212117.txt
26684	212118	hsm/7475857c_212118.txt
26685	212119	hsm/752405de_212119.txt
26686	212120	hsm/4ac76b14_212120.txt
26687	212121	hsm/4d568495_212121.txt
26688	212122	hsm/bd07fbd4_212122.txt
26689	212123	hsm/ac9cc274_212123.txt
26690	212124	hsm/5f2bcefe_212124.txt
26691	212125	hsm/a173f780_212125.txt
26692	212126	hsm/93e00efb_212126.txt
26693	212127	hsm/09c265a5_212127.txt
26694	212128	hsm/58ecce09_212128.txt
26695	212129	hsm/e3cf21e6_212129.txt
26696	212130	hsm/0bce10ba_212130.txt
26697	212131	hsm/9692f813_212131.txt
26698	212132	hsm/3b812cd1_212132.txt
26699	212133	hsm/50273dd3_212133.txt
26700	212134	hsm/e5458067_212134.txt
26701	212135	hsm/8d265ffe_212135.txt
26702	212136	hsm/96756aaa_212136.txt
26703	212137	hsm/09848316_212137.txt
26704	212138	hsm/1e0f39a6_212138.txt
26705	212139	hsm/930a939c_212139.txt
26706	212140	hsm/a1de1f02_212140.txt
26707	212141	hsm/c23b5486_212141.txt
26708	212142	hsm/f6657158_212142.txt
26709	212143	hsm/c5a8ad09_212143.txt
26710	212144	hsm/e760848f_212144.txt
26711	212145	hsm/2942dfc3_212145.txt
26712	212146	hsm/03a6b14f_212146.txt
26713	212147	hsm/eb7b8d67_212147.txt
26714	212148	hsm/b808be36_212148.txt
26715	212149	hsm/07651f6c_212149.txt
26716	212150	hsm/5d6941c4_212150.txt
26717	212151	hsm/777d9f2f_212151.txt
26718	212152	hsm/a8a652e4_212152.txt
26719	212153	hsm/2df05033_212153.txt
26720	212154	hsm/b392d7e4_212154.txt
26721	212155	hsm/4d44b350_212155.txt
26722	212156	hsm/e583a53c_212156.txt
26723	212157	hsm/affb14ea_212157.txt
26724	212158	hsm/1f10890d_212158.txt
26725	212159	hsm/a1b3c567_212159.txt
26726	212160	hsm/fdd155bc_212160.txt
26727	212161	hsm/36ef9eea_212161.txt
26728	212162	hsm/c9aaf908_212162.txt
26729	212163	hsm/311a4e63_212163.txt
26730	212164	hsm/e5c5e2b1_212164.txt
26731	212165	hsm/5f9366f5_212165.txt
26732	212166	hsm/f6420bcd_212166.txt
26733	212167	hsm/140b84c6_212167.txt
26734	212168	hsm/ef18b04a_212168.txt
26735	212169	hsm/9447a740_212169.txt
26736	212170	hsm/6364c911_212170.txt
26737	212171	hsm/dfe15f69_212171.txt
26738	212172	hsm/7a84c82d_212172.txt
26739	212173	hsm/2df33c1f_212173.txt
26740	212174	hsm/901e715b_212174.txt
26741	212175	hsm/f9a6b38c_212175.txt
26742	212176	hsm/57578a9d_212176.txt
26743	212177	hsm/c486ec8e_212177.txt
26744	212178	hsm/46fa803e_212178.txt
26745	212179	hsm/6d9753ff_212179.txt
26746	212180	hsm/712e8ac0_212180.txt
26747	212181	hsm/be299475_212181.txt
26748	212182	hsm/e7ca1a47_212182.txt
26749	212183	hsm/ab1c09ad_212183.txt
26750	212184	hsm/284612e3_212184.txt
26751	212185	hsm/83eb513b_212185.txt
26752	212186	hsm/6e615f9b_212186.txt
26753	212187	hsm/8029b2c3_212187.txt
26754	212188	hsm/0eda290e_212188.txt
26755	212189	hsm/781c25f4_212189.txt
26756	212190	hsm/46a96920_212190.txt
26757	212191	hsm/4d1ec1de_212191.txt
26758	212192	hsm/28e8f61f_212192.txt
26759	212193	hsm/cf563f96_212193.txt
26760	212194	hsm/9209df03_212194.txt
26761	212195	hsm/c2e1b7ff_212195.txt
26762	212196	hsm/08a0ee50_212196.txt
26763	212197	hsm/203ab3eb_212197.txt
26764	212198	hsm/36a717c4_212198.txt
26765	212199	hsm/215bd6ab_212199.txt
26766	212200	hsm/c04bf0aa_212200.txt
26767	212201	hsm/ce2412bf_212201.txt
26768	212202	hsm/f2bf153b_212202.txt
26769	212203	hsm/f9720f69_212203.txt
26770	212204	hsm/c0b217e6_212204.txt
26771	212205	hsm/bee71fd3_212205.txt
26772	212206	hsm/6a80e3b8_212206.txt
26773	212207	hsm/5a36d832_212207.txt
26774	212208	hsm/f5f42902_212208.txt
26775	212209	hsm/1285b4bb_212209.txt
26776	212210	hsm/628df517_212210.txt
26777	212211	hsm/0abc3a3b_212211.txt
26778	212212	hsm/9118b03d_212212.txt
26779	212213	hsm/8335394a_212213.txt
26780	212214	hsm/626555be_212214.txt
26781	212215	hsm/e2c6bed3_212215.txt
26782	212216	hsm/204f2d10_212216.txt
26783	212217	hsm/6fef5f44_212217.txt
26784	212218	hsm/4432c801_212218.txt
26785	212219	hsm/d755f724_212219.txt
26786	212220	hsm/0b12265a_212220.txt
26787	212221	hsm/e2225752_212221.txt
26788	212222	hsm/6346bba3_212222.txt
26789	212223	hsm/fabf4c3f_212223.txt
26790	212224	hsm/438ad02b_212224.txt
26791	212225	hsm/715c32c0_212225.txt
26792	212226	hsm/d6ba8a7a_212226.txt
26793	212227	hsm/56261e97_212227.txt
26794	212228	hsm/04f9f67a_212228.txt
26795	212229	hsm/ef5107bf_212229.txt
26796	212230	hsm/ff95a973_212230.txt
26797	212231	hsm/dfb06ec9_212231.txt
26798	212232	hsm/1e8a59a5_212232.txt
26799	212233	hsm/e2edd96d_212233.txt
26800	212234	hsm/fdf2b942_212234.txt
26801	212235	hsm/57da85c7_212235.txt
26802	212236	hsm/c49b2591_212236.txt
26803	212237	hsm/f00b5258_212237.txt
26804	212238	hsm/bbeb3b34_212238.txt
26805	212239	hsm/38c80ded_212239.txt
26806	212240	hsm/9a1bc77a_212240.txt
26807	212241	hsm/9208dfe3_212241.txt
26808	212242	hsm/a2b2b359_212242.txt
26809	212243	hsm/bccf11fa_212243.txt
26810	212244	hsm/76096b7d_212244.txt
26811	212245	hsm/1657be93_212245.txt
26812	212246	hsm/9f445f34_212246.txt
26813	212247	hsm/7e17a18d_212247.txt
26814	212248	hsm/ef3c64fe_212248.txt
26815	212249	hsm/701a0b95_212249.txt
26816	212250	hsm/fdb00f90_212250.txt
26817	212251	hsm/6988e568_212251.txt
26818	212252	hsm/0d85dd17_212252.txt
26819	212253	hsm/31a7e3dc_212253.txt
26820	212254	hsm/319486c3_212254.txt
26821	212255	hsm/256c4939_212255.txt
26822	212256	hsm/3a8ae1e8_212256.txt
26823	212257	hsm/421f95a8_212257.txt
26824	212258	hsm/0bde7099_212258.txt
26825	212259	hsm/354d6fa8_212259.txt
26826	212260	hsm/94101277_212260.txt
26827	212261	hsm/443205df_212261.txt
26828	212262	hsm/60941ecc_212262.txt
26829	212263	hsm/4d20983e_212263.txt
26830	212264	hsm/2d6ffaf5_212264.txt
26831	212265	hsm/da149614_212265.txt
26832	212266	hsm/6b3620a1_212266.txt
26833	212267	hsm/0c5ba7ab_212267.txt
26834	212268	hsm/35db2e4f_212268.txt
26835	212269	hsm/2c800768_212269.txt
26836	212270	hsm/f17b89dc_212270.txt
26837	212271	hsm/2d2b352a_212271.txt
26838	212272	hsm/8a7ea0f7_212272.txt
26839	212273	hsm/159f491f_212273.txt
26840	212274	hsm/ff7ff8d9_212274.txt
26841	212275	hsm/2b540563_212275.txt
26842	212276	hsm/cbc5123c_212276.txt
26843	212277	hsm/bab457ff_212277.txt
26844	212278	hsm/09536162_212278.txt
26845	212279	hsm/2af78e35_212279.txt
26846	212280	hsm/71578037_212280.txt
26847	212281	hsm/c7c13b2a_212281.txt
26848	212282	hsm/b180b770_212282.txt
26849	212283	hsm/eaf91207_212283.txt
26850	212284	hsm/9bd8c6c5_212284.txt
26851	212285	hsm/388a4e31_212285.txt
26852	212286	hsm/aa6375bc_212286.txt
26853	212287	hsm/55087557_212287.txt
26854	212288	hsm/99ba3029_212288.txt
26855	212289	hsm/c6b50cd5_212289.txt
26856	212290	hsm/452bda15_212290.txt
26857	212291	hsm/9ce92558_212291.txt
26858	212292	hsm/a4ccf052_212292.txt
26859	212293	hsm/74ff8a33_212293.txt
26860	212294	hsm/3cc0b602_212294.txt
26861	212295	hsm/2a475528_212295.txt
26862	212296	hsm/3cb28a07_212296.txt
26863	212297	hsm/a0568cfe_212297.txt
26864	212298	hsm/3aaede7f_212298.txt
26865	212299	hsm/9e01459b_212299.txt
26866	212300	hsm/14015487_212300.txt
26867	212301	hsm/114966a8_212301.txt
26868	212302	hsm/657fb778_212302.txt
26869	212303	hsm/83480981_212303.txt
26870	212304	hsm/e51d1a3a_212304.txt
26871	212305	hsm/e9642657_212305.txt
26872	212306	hsm/0aca94c4_212306.txt
26873	212307	hsm/b51b4777_212307.txt
26874	212308	hsm/324eed64_212308.txt
26875	212309	hsm/bee848ec_212309.txt
26876	212310	hsm/7507fb39_212310.txt
26877	212311	hsm/a2c432bf_212311.txt
26878	212312	hsm/9bbf9e1d_212312.txt
26879	212313	hsm/37931f4b_212313.txt
26880	212314	hsm/b63cb1ea_212314.txt
26881	212315	hsm/29ffa196_212315.txt
26882	212316	hsm/9519b3ab_212316.txt
26883	212317	hsm/73bf4bb1_212317.txt
26884	212318	hsm/621ac282_212318.txt
26885	212319	hsm/29a2deaf_212319.txt
26886	212320	hsm/eaeca737_212320.txt
26887	212321	hsm/6bdafde7_212321.txt
26888	212322	hsm/83dcdb10_212322.txt
26889	212323	hsm/17990c3a_212323.txt
26890	212324	hsm/e4c4d869_212324.txt
26891	212325	hsm/5f402d80_212325.txt
26892	212326	hsm/f0959829_212326.txt
26893	212327	hsm/6f1ba55d_212327.txt
26894	212328	hsm/3d7314ad_212328.txt
26895	212329	hsm/a5bed87b_212329.txt
26896	212330	hsm/1ec028f3_212330.txt
26897	212331	hsm/6c5ebb9d_212331.txt
26898	212332	hsm/8b92d33a_212332.txt
26899	212333	hsm/9f68dc75_212333.txt
26900	212334	hsm/e99547a7_212334.txt
26901	212335	hsm/d3f3a347_212335.txt
26902	212336	hsm/6005a29b_212336.txt
26903	212337	hsm/a33fcf51_212337.txt
26904	212338	hsm/df293931_212338.txt
26905	212339	hsm/6e693021_212339.txt
26906	212340	hsm/080d1713_212340.txt
26907	212341	hsm/9e497859_212341.txt
26908	212342	hsm/eb558ca5_212342.txt
26909	212343	hsm/9c5a6c7b_212343.txt
26910	212344	hsm/249de47e_212344.txt
26911	212345	hsm/b1566bc5_212345.txt
26912	212346	hsm/540ea6fc_212346.txt
26913	212347	hsm/7171aba9_212347.txt
26914	212348	hsm/05551631_212348.txt
26915	212349	hsm/6a92eca0_212349.txt
26916	212350	hsm/37346ebb_212350.txt
26917	212351	hsm/53bc0714_212351.txt
26918	212352	hsm/32a978f8_212352.txt
26919	212353	hsm/a0d4ea23_212353.txt
26920	212354	hsm/a1fdf2c1_212354.txt
26921	212355	hsm/2c61f5f8_212355.txt
26922	212356	hsm/e2a14d3a_212356.txt
26923	212357	hsm/c176edc4_212357.txt
26924	212358	hsm/e2877d00_212358.txt
26925	212359	hsm/8da5a4a0_212359.txt
26926	212360	hsm/3bb3004a_212360.txt
26927	212361	hsm/dee8c941_212361.txt
26928	212362	hsm/d5f7a049_212362.txt
26929	212363	hsm/85353814_212363.txt
26930	212364	hsm/e1d7fceb_212364.txt
26931	212365	hsm/08d4f984_212365.txt
26932	212366	hsm/90d56bc4_212366.txt
26933	212367	hsm/6a1a0ec5_212367.txt
26934	212368	hsm/ae792ca3_212368.txt
26935	212369	hsm/4d972605_212369.txt
26936	212370	hsm/a3bd1062_212370.txt
26937	212371	hsm/02b221ba_212371.txt
26938	212372	hsm/5da02071_212372.txt
26939	212373	hsm/d58360aa_212373.txt
26940	212374	hsm/458452da_212374.txt
26941	212375	hsm/f1cff724_212375.txt
26942	212376	hsm/ebca5bfb_212376.txt
26943	212377	hsm/0677246d_212377.txt
26944	212378	hsm/ccae8251_212378.txt
26945	212379	hsm/3b22a9bc_212379.txt
26946	212380	hsm/39dca71a_212380.txt
26947	212381	hsm/811e1edc_212381.txt
26948	212382	hsm/38b8383b_212382.txt
26949	212383	hsm/48597e0c_212383.txt
26950	212384	hsm/01139b07_212384.txt
26951	212385	hsm/66d29324_212385.txt
26952	212386	hsm/9c440a4b_212386.txt
26953	212387	hsm/7799790c_212387.txt
26954	212388	hsm/47509a8e_212388.txt
26955	212389	hsm/291e84f1_212389.txt
26956	212390	hsm/527de1a8_212390.txt
26957	212391	hsm/d23bcd0d_212391.txt
26958	212392	hsm/4c81a876_212392.txt
26959	212393	hsm/0bad3385_212393.txt
26960	212394	hsm/e6f2b83c_212394.txt
26961	212395	hsm/098720bc_212395.txt
26962	212396	hsm/99d1177f_212396.txt
26963	212397	hsm/da78ee4e_212397.txt
26964	212398	hsm/ecb76f35_212398.txt
26965	212399	hsm/f1d9db76_212399.txt
26966	212400	hsm/c36f534d_212400.txt
26967	212401	hsm/4887f7d8_212401.txt
26968	212402	hsm/2ae48644_212402.txt
26969	212403	hsm/edadc20e_212403.txt
26970	212404	hsm/70dc7cde_212404.txt
26971	212405	hsm/168cfe68_212405.txt
26972	212406	hsm/68ba2a49_212406.txt
26973	212407	hsm/5dcf43fe_212407.txt
26974	212408	hsm/6a521442_212408.txt
26975	212409	hsm/3b2619e1_212409.txt
26976	212410	hsm/b9f39434_212410.txt
26977	212411	hsm/eb959c36_212411.txt
26978	212412	hsm/f3e16a12_212412.txt
26979	212413	hsm/d87ac6bd_212413.txt
26980	212414	hsm/81f20343_212414.txt
26981	212415	hsm/461aaf5b_212415.txt
26982	212416	hsm/928798f4_212416.txt
26983	212417	hsm/8af93b38_212417.txt
26984	212418	hsm/e7a9faa9_212418.txt
26985	212419	hsm/a7a12380_212419.txt
26986	212420	hsm/3dfe7614_212420.txt
26987	212421	hsm/68927b8e_212421.txt
26988	212422	hsm/cc6aaae4_212422.txt
26989	212423	hsm/2d639b00_212423.txt
26990	212424	hsm/e27a703a_212424.txt
26991	212425	hsm/31afeefd_212425.txt
26992	212426	hsm/76594619_212426.txt
26993	212427	hsm/71cfba72_212427.txt
26994	212428	hsm/5df04b45_212428.txt
26995	212429	hsm/524cf50f_212429.txt
26996	212430	hsm/bdde32b3_212430.txt
26997	212431	hsm/5aa656be_212431.txt
26998	212432	hsm/9749a014_212432.txt
26999	212433	hsm/fca15cea_212433.txt
27000	212434	hsm/d1408171_212434.txt
27001	212435	hsm/40dd4151_212435.txt
27002	212436	hsm/da5de0e2_212436.txt
27003	212437	hsm/bf4b1df6_212437.txt
27004	212438	hsm/2eb449c1_212438.txt
27005	212439	hsm/94304f8a_212439.txt
27006	212440	hsm/3afd809a_212440.txt
27007	212441	hsm/700db64b_212441.txt
27008	212442	hsm/b999f67d_212442.txt
27009	212443	hsm/83275520_212443.txt
27010	212444	hsm/7eea219a_212444.txt
27011	212445	hsm/dc402957_212445.txt
27012	212446	hsm/a57bb945_212446.txt
27013	212447	hsm/b1afbfa8_212447.txt
27014	212448	hsm/dc7dd764_212448.txt
27015	212449	hsm/db3ca3e1_212449.txt
27016	212450	hsm/13af5af0_212450.txt
27017	212451	hsm/1105e9f7_212451.txt
27018	212452	hsm/2502517c_212452.txt
27019	212453	hsm/c11add08_212453.txt
27020	212454	hsm/8761c03c_212454.txt
27021	212455	hsm/f27abf34_212455.txt
27022	212456	hsm/81ff1d17_212456.txt
27023	212457	hsm/67405dfd_212457.txt
27024	212458	hsm/a1541be1_212458.txt
27025	212459	hsm/96c08a42_212459.txt
27026	212460	hsm/03b32c31_212460.txt
27027	212461	hsm/1c2a4a43_212461.txt
27028	212462	hsm/65fc3972_212462.txt
27029	212463	hsm/a2847513_212463.txt
27030	212464	hsm/ec4bbfe7_212464.txt
27031	212465	hsm/905de9b3_212465.txt
27032	212466	hsm/2b1123f9_212466.txt
27033	212467	hsm/4e351347_212467.txt
27034	212468	hsm/385dce7e_212468.txt
27035	212469	hsm/7c7f0425_212469.txt
27036	212470	hsm/cce076a3_212470.txt
27037	212471	hsm/f31920b5_212471.txt
27038	212472	hsm/0f130e05_212472.txt
27039	212473	hsm/700db4b4_212473.txt
27040	212474	hsm/a3615dd4_212474.txt
27041	212475	hsm/32b25b8c_212475.txt
27042	212476	hsm/fa319194_212476.txt
27043	212477	hsm/d1ee5cb0_212477.txt
27044	212478	hsm/ad5efc43_212478.txt
27045	212479	hsm/b3d5edfe_212479.txt
27046	212480	hsm/4949230d_212480.txt
27047	212481	hsm/ebf33c1b_212481.txt
27048	212482	hsm/d94ced89_212482.txt
27049	212483	hsm/3715b1b2_212483.txt
27050	212484	hsm/aaec780c_212484.txt
27051	212485	hsm/d5511dc1_212485.txt
27052	212486	hsm/d220952c_212486.txt
27053	212487	hsm/5d1103db_212487.txt
27054	212488	hsm/884cacf2_212488.txt
27055	212489	hsm/c68a827f_212489.txt
27056	212490	hsm/f4dfa0a3_212490.txt
27057	212491	hsm/86016d9e_212491.txt
27058	212492	hsm/ea1478df_212492.txt
27059	212493	hsm/bf2057ff_212493.txt
27060	212494	hsm/8965358d_212494.txt
27061	212495	hsm/63c73723_212495.txt
27062	212496	hsm/edaf9729_212496.txt
27063	212497	hsm/2fb2c695_212497.txt
27064	212498	hsm/586893bd_212498.txt
27065	212499	hsm/b5df8205_212499.txt
27066	212500	hsm/6c7292e9_212500.txt
27067	212501	hsm/52294fa6_212501.txt
27068	212502	hsm/ad141c99_212502.txt
27069	212503	hsm/6664b34e_212503.txt
27070	212504	hsm/1fd04048_212504.txt
27071	212505	hsm/15684f64_212505.txt
27072	212506	hsm/9404469e_212506.txt
27073	212507	hsm/2f573b68_212507.txt
27074	212508	hsm/c2b4bf83_212508.txt
27075	212509	hsm/0a7d3aec_212509.txt
27076	212510	hsm/a42aafb9_212510.txt
27077	212511	hsm/514f5b58_212511.txt
27078	212512	hsm/14cfbe6c_212512.txt
27079	212513	hsm/8036f19b_212513.txt
27080	212514	hsm/b71f27c0_212514.txt
27081	212515	hsm/1d19370b_212515.txt
27082	212516	hsm/8fdbd065_212516.txt
27083	212517	hsm/ae2bd7c5_212517.txt
27084	212518	hsm/3bdecb66_212518.txt
27085	212519	hsm/6c688154_212519.txt
27086	212520	hsm/77726ab8_212520.txt
27087	212521	hsm/0c6f8469_212521.txt
27088	212522	hsm/7f2af7a7_212522.txt
27089	212523	hsm/aeb7f12e_212523.txt
27090	212524	hsm/0e88621b_212524.txt
27091	212525	hsm/f29a0854_212525.txt
27092	212526	hsm/488bda59_212526.txt
27093	212527	hsm/1a0aae27_212527.txt
27094	212528	hsm/72356fab_212528.txt
27095	212529	hsm/fe47a3e4_212529.txt
27096	212530	hsm/d00a316e_212530.txt
27097	212531	hsm/6fc1a090_212531.txt
27098	212532	hsm/8be02c1f_212532.txt
27099	212533	hsm/2be13f48_212533.txt
27100	212534	hsm/08ed2a56_212534.txt
27101	212535	hsm/b6aab32c_212535.txt
27102	212536	hsm/9dddd828_212536.txt
27103	212537	hsm/6ea51dd8_212537.txt
27104	212538	hsm/9a2decab_212538.txt
27105	212539	hsm/41531467_212539.txt
27106	212540	hsm/d7d3b486_212540.txt
27107	212541	hsm/03236595_212541.txt
27108	212542	hsm/9a960566_212542.txt
27109	212543	hsm/7614ddb7_212543.txt
27110	212544	hsm/b1be4611_212544.txt
27111	212545	hsm/7364a71c_212545.txt
27112	212546	hsm/bd1e4dc4_212546.txt
27113	212547	hsm/d7c13c36_212547.txt
27114	212548	hsm/c28b4b76_212548.txt
27115	212549	hsm/d340ba21_212549.txt
27116	212550	hsm/a92b85db_212550.txt
27117	212551	hsm/234dd1a3_212551.txt
27118	212552	hsm/0871ce8c_212552.txt
27119	212553	hsm/e154b261_212553.txt
27120	212554	hsm/6b10aa45_212554.txt
27121	212555	hsm/e232dfa8_212555.txt
27122	212556	hsm/67e62fdf_212556.txt
27123	212557	hsm/5dd9f27f_212557.txt
27124	212558	hsm/73f8f5d9_212558.txt
27125	212559	hsm/e9198c44_212559.txt
27126	212560	hsm/cff20717_212560.txt
27127	212561	hsm/4f5368c8_212561.txt
27128	212562	hsm/4d00f4d2_212562.txt
27129	212563	hsm/af4fc0f3_212563.txt
27130	212564	hsm/da8632b1_212564.txt
27131	212565	hsm/77738fc9_212565.txt
27132	212566	hsm/f9b8fe53_212566.txt
27133	212567	hsm/05d90024_212567.txt
27134	212568	hsm/92d7a724_212568.txt
27135	212569	hsm/7d0e87bd_212569.txt
27136	212570	hsm/3512b068_212570.txt
27137	212571	hsm/3cc71440_212571.txt
27138	212572	hsm/bd074878_212572.txt
27139	212573	hsm/785961a9_212573.txt
27140	212574	hsm/e071458c_212574.txt
27141	212575	hsm/6b29092e_212575.txt
27142	212576	hsm/32b757b5_212576.txt
27143	212577	hsm/749f33ec_212577.txt
27144	212578	hsm/d4d350b3_212578.txt
27145	212579	hsm/b6fcd872_212579.txt
27146	212580	hsm/9997dc12_212580.txt
27147	212581	hsm/a253cea6_212581.txt
27148	212582	hsm/3c0eccb7_212582.txt
27149	212583	hsm/9719caea_212583.txt
27150	212584	hsm/8df39e64_212584.txt
27151	212585	hsm/9f043493_212585.txt
27152	212586	hsm/72485a7d_212586.txt
27153	212587	hsm/25125c17_212587.txt
27154	212588	hsm/2fa14b32_212588.txt
27155	212589	hsm/ce15d4d7_212589.txt
27156	212590	hsm/d52ec451_212590.txt
27157	212591	hsm/1916d3e2_212591.txt
27158	212592	hsm/eaaa9662_212592.txt
27159	212593	hsm/3d9223c3_212593.txt
27160	212594	hsm/dbf555fd_212594.txt
27161	212595	hsm/20c46cd9_212595.txt
27162	212596	hsm/23d4e2d9_212596.txt
27163	212597	hsm/ea6d1361_212597.txt
27164	212598	hsm/a02423cd_212598.txt
27165	212599	hsm/0e4841eb_212599.txt
27166	212600	hsm/93b88eb2_212600.txt
27167	212601	hsm/24ae1c00_212601.txt
27168	212602	hsm/21a6bf15_212602.txt
27169	212603	hsm/fa43a46a_212603.txt
27170	212604	hsm/02b821f3_212604.txt
27171	212605	hsm/71aea9e7_212605.txt
27172	212606	hsm/42a7341a_212606.txt
27173	212607	hsm/adfc0d21_212607.txt
27174	212608	hsm/f41cce48_212608.txt
27175	212609	hsm/0e9ed05e_212609.txt
27176	212610	hsm/cc5551b3_212610.txt
27177	212611	hsm/6a3bea42_212611.txt
27178	212612	hsm/b79a6e33_212612.txt
27179	212613	hsm/b3d78d8b_212613.txt
27180	212614	hsm/fbd3bdcd_212614.txt
27181	212615	hsm/02e94963_212615.txt
27182	212616	hsm/23d7e615_212616.txt
27183	212617	hsm/71c0f0a6_212617.txt
27184	212618	hsm/9b075a80_212618.txt
27185	212619	hsm/2bea0d5a_212619.txt
27186	212620	hsm/b2db0880_212620.txt
27187	212621	hsm/779ea6c7_212621.txt
27188	212622	hsm/ed849967_212622.txt
27189	212623	hsm/1e445592_212623.txt
27190	212624	hsm/a53424d1_212624.txt
27191	212625	hsm/0a81d00e_212625.txt
27192	212626	hsm/6f3294b5_212626.txt
27193	212627	hsm/a6825f4a_212627.txt
27194	212628	hsm/f920245f_212628.txt
27195	212629	hsm/3fa15067_212629.txt
27196	212630	hsm/1d2e9258_212630.txt
27197	212631	hsm/1a6fdd90_212631.txt
27198	212632	hsm/0b68b738_212632.txt
27199	212633	hsm/773521f9_212633.txt
27200	212634	hsm/e53d8815_212634.txt
27201	212635	hsm/feefbd3a_212635.txt
27202	212636	hsm/53c2cef0_212636.txt
27203	212637	hsm/63f1bdfe_212637.txt
27204	212638	hsm/40193713_212638.txt
27205	212639	hsm/ebaf1829_212639.txt
27206	212640	hsm/79240522_212640.txt
27207	212641	hsm/97fd95fc_212641.txt
27208	212642	hsm/f8c51c31_212642.txt
27209	212643	hsm/91bac12d_212643.txt
27210	212644	hsm/78e1a9a7_212644.txt
27211	212645	hsm/5fe04600_212645.txt
27212	212646	hsm/43b5e3a2_212646.txt
27213	212647	hsm/8b9d048b_212647.txt
27214	212648	hsm/f9d4d61d_212648.txt
27215	212649	hsm/cdc793f0_212649.txt
27216	212650	hsm/d0cff791_212650.txt
27217	212651	hsm/321c8502_212651.txt
27218	212652	hsm/acb42cf7_212652.txt
27219	212653	hsm/e68282a2_212653.txt
27220	212654	hsm/112b659a_212654.txt
27221	212655	hsm/8575636a_212655.txt
27222	212656	hsm/3c775501_212656.txt
27223	212657	hsm/e81bec36_212657.txt
27224	212658	hsm/d4557964_212658.txt
27225	212659	hsm/a2954637_212659.txt
27226	212660	hsm/4bce2989_212660.txt
27227	212661	hsm/af2f3511_212661.txt
27228	212662	hsm/cda0dc4d_212662.txt
27229	212663	hsm/997f8957_212663.txt
27230	212664	hsm/48f712d0_212664.txt
27231	212665	hsm/d66ac364_212665.txt
27232	212666	hsm/a10e2aad_212666.txt
27233	212667	hsm/f1e5941e_212667.txt
27234	212668	hsm/9ede76d5_212668.txt
27235	212669	hsm/09a85845_212669.txt
27236	212670	hsm/1f2a5f01_212670.txt
27237	212671	hsm/acf02522_212671.txt
27238	212672	hsm/fc3b36b9_212672.txt
27239	212673	hsm/5ae36305_212673.txt
27240	212674	hsm/14d89ffc_212674.txt
27241	212675	hsm/e4b7ed19_212675.txt
27242	212676	hsm/29330bf9_212676.txt
27243	212677	hsm/a823734b_212677.txt
27244	212678	hsm/da5a6a10_212678.txt
27245	212679	hsm/fc9caf2d_212679.txt
27246	212680	hsm/4faf45b9_212680.txt
27247	212681	hsm/96844499_212681.txt
27248	212682	hsm/cb432a49_212682.txt
27249	212683	hsm/18f5c3ab_212683.txt
27250	212684	hsm/092c1923_212684.txt
27251	212685	hsm/18ed42bd_212685.txt
27252	212686	hsm/c232715a_212686.txt
27253	212687	hsm/9c117fdc_212687.txt
27254	212688	hsm/0c8b44dc_212688.txt
27255	212689	hsm/2545de08_212689.txt
27256	212690	hsm/f444ae8d_212690.txt
27257	212691	hsm/40a564c0_212691.txt
27258	212692	hsm/68c0d19a_212692.txt
27259	212693	hsm/f0a6c508_212693.txt
27260	212694	hsm/5c4f7e21_212694.txt
27261	212695	hsm/d211bf9a_212695.txt
27262	212696	hsm/1cbf2762_212696.txt
27263	212697	hsm/760bcaff_212697.txt
27264	212698	hsm/c7fd11b2_212698.txt
27265	212699	hsm/b3777e9a_212699.txt
27266	212700	hsm/6943890b_212700.txt
27267	212701	hsm/62259f27_212701.txt
27268	212702	hsm/2540894c_212702.txt
27269	212703	hsm/ead1d13f_212703.txt
27270	212704	hsm/c26b615e_212704.txt
27271	212705	hsm/d438d8f2_212705.txt
27272	212706	hsm/a95eb8ef_212706.txt
27273	212707	hsm/f6cbde3f_212707.txt
27274	212708	hsm/3b37753c_212708.txt
27275	212709	hsm/a05d6e41_212709.txt
27276	212710	hsm/cada93d7_212710.txt
27277	212711	hsm/c08eee73_212711.txt
27278	212712	hsm/46c9f819_212712.txt
27279	212713	hsm/37fa0c4d_212713.txt
27280	212714	hsm/9e9508a7_212714.txt
27281	212715	hsm/42eb6005_212715.txt
27282	212716	hsm/9eff0cb5_212716.txt
27283	212717	hsm/1823076e_212717.txt
27284	212718	hsm/b310cf5b_212718.txt
27285	212719	hsm/0f845d4c_212719.txt
27286	212720	hsm/8e1ca55e_212720.txt
27287	212721	hsm/4ba81fd1_212721.txt
27288	212722	hsm/c3f7e265_212722.txt
27289	212723	hsm/317378df_212723.txt
27290	212724	hsm/1d5ceb93_212724.txt
27291	212725	hsm/e2082ca1_212725.txt
27292	212726	hsm/2e63721c_212726.txt
27293	212727	hsm/8ce83f65_212727.txt
27294	212728	hsm/3a4b2f86_212728.txt
27295	212729	hsm/ac56a142_212729.txt
27296	212730	hsm/e328e941_212730.txt
27297	212731	hsm/b7e3bd65_212731.txt
27298	212732	hsm/00dc4abb_212732.txt
27299	212733	hsm/aef6aca6_212733.txt
27300	212734	hsm/ecc7f443_212734.txt
27301	212735	hsm/c15aa850_212735.txt
27302	212736	hsm/a3a7972b_212736.txt
27303	212737	hsm/646fccfb_212737.txt
27304	212738	hsm/0e495c52_212738.txt
27305	212739	hsm/b5844e31_212739.txt
27306	212740	hsm/432fd048_212740.txt
27307	212741	hsm/56d5dc77_212741.txt
27308	212742	hsm/b5a51e53_212742.txt
27309	212743	hsm/23090bba_212743.txt
27310	212744	hsm/7c30fc2c_212744.txt
27311	212745	hsm/409d54e2_212745.txt
27312	212746	hsm/89193ad3_212746.txt
27313	212747	hsm/8918bc36_212747.txt
27314	212748	hsm/f29dcb2c_212748.txt
27315	212749	hsm/71ff0b1a_212749.txt
27316	212750	hsm/b8517e14_212750.txt
27317	212751	hsm/e2045f61_212751.txt
27318	212752	hsm/6e35719c_212752.txt
27319	212753	hsm/f5564c65_212753.txt
27320	212754	hsm/0fe5b2d3_212754.txt
27321	212755	hsm/21f8cb12_212755.txt
27322	212756	hsm/a365732a_212756.txt
27323	212757	hsm/7e94c431_212757.txt
27324	212758	hsm/ad95aab0_212758.txt
27325	212759	hsm/8f1a5078_212759.txt
27326	212760	hsm/2e7860fb_212760.txt
27327	212761	hsm/5e2e953d_212761.txt
27328	212762	hsm/b182ae89_212762.txt
27329	212763	hsm/7cef88ef_212763.txt
27330	212764	hsm/287e9220_212764.txt
27331	212765	hsm/1bb0ccd4_212765.txt
27332	212766	hsm/594245e2_212766.txt
27333	212767	hsm/9c0b7342_212767.txt
27334	212768	hsm/ec874cc5_212768.txt
27335	212769	hsm/d51ee866_212769.txt
27336	212770	hsm/9ecf269e_212770.txt
27337	212771	hsm/a3ecfb2c_212771.txt
27338	212772	hsm/6cae53be_212772.txt
27339	212773	hsm/c910d29f_212773.txt
27340	212774	hsm/6c5960fa_212774.txt
27341	212775	hsm/8087a1b6_212775.txt
27342	212776	hsm/8132fa91_212776.txt
27343	212777	hsm/2b632bed_212777.txt
27344	212778	hsm/82a99082_212778.txt
27345	212779	hsm/174f7ea7_212779.txt
27346	212780	hsm/894fbdf4_212780.txt
27347	212781	hsm/88973696_212781.txt
27348	212782	hsm/9ad1b582_212782.txt
27349	212783	hsm/1c38d08c_212783.txt
27350	212784	hsm/be3299d2_212784.txt
27351	212785	hsm/7db798e7_212785.txt
27352	212786	hsm/bcf57b4b_212786.txt
27353	212787	hsm/a7547bbf_212787.txt
27354	212788	hsm/6c7e8fd2_212788.txt
27355	212789	hsm/d5a32816_212789.txt
27356	212790	hsm/36fe20fa_212790.txt
27357	212791	hsm/eb67bbcf_212791.txt
27358	212792	hsm/81f2efe5_212792.txt
27359	212793	hsm/08f1e9c0_212793.txt
27360	212794	hsm/8ec58c6c_212794.txt
27361	212795	hsm/5ef95b4d_212795.txt
27362	212796	hsm/aa9b1da4_212796.txt
27363	212797	hsm/f6386349_212797.txt
27364	212798	hsm/f1175082_212798.txt
27365	212799	hsm/9dcab03a_212799.txt
27366	212800	hsm/ccad2bfb_212800.txt
27367	212801	hsm/6c83dbb4_212801.txt
27368	212802	hsm/95cbe592_212802.txt
27369	212803	hsm/4f420707_212803.txt
27370	212804	hsm/c9d8b865_212804.txt
27371	212805	hsm/966f40f7_212805.txt
27372	212806	hsm/e46981d6_212806.txt
27373	212807	hsm/c4b4d2f9_212807.txt
27374	212808	hsm/db472052_212808.txt
27375	212809	hsm/29fda58b_212809.txt
27376	212810	hsm/853572c0_212810.txt
27377	212811	hsm/adf548b7_212811.txt
27378	212812	hsm/4e571d6c_212812.txt
27379	212813	hsm/ea336f28_212813.txt
27380	212814	hsm/2a420b3e_212814.txt
27381	212815	hsm/b8a28e33_212815.txt
27382	212816	hsm/ebd96f0b_212816.txt
27383	212817	hsm/1d3f5290_212817.txt
27384	212818	hsm/9e3ab826_212818.txt
27385	212819	hsm/e5936b97_212819.txt
27386	212820	hsm/824bf73f_212820.txt
27387	212821	hsm/dee2b48d_212821.txt
27388	212822	hsm/4ef1fa9a_212822.txt
27389	212823	hsm/e9d7c5a5_212823.txt
27390	212824	hsm/2292a5d2_212824.txt
27391	212825	hsm/5371ff5a_212825.txt
27392	212826	hsm/6982a22b_212826.txt
27393	212827	hsm/b4e26948_212827.txt
27394	212828	hsm/71da10e3_212828.txt
27395	212829	hsm/653dfb0c_212829.txt
27396	212830	hsm/b9ef103a_212830.txt
27397	212831	hsm/381194ea_212831.txt
27398	212832	hsm/5644d57c_212832.txt
27399	212833	hsm/f9a23e3e_212833.txt
27400	212834	hsm/54bfcd10_212834.txt
27401	212835	hsm/48a60f90_212835.txt
27402	212836	hsm/9210f623_212836.txt
27403	212837	hsm/24f489a5_212837.txt
27404	212838	hsm/4ccc49ba_212838.txt
27405	212839	hsm/706d6234_212839.txt
27406	212840	hsm/211fa238_212840.txt
27407	212841	hsm/22c925c3_212841.txt
27408	212842	hsm/205638af_212842.txt
27409	212843	hsm/e3a8cb46_212843.txt
27410	212844	hsm/d3df02eb_212844.txt
27411	212845	hsm/a8bf9251_212845.txt
27412	212846	hsm/2bb97f50_212846.txt
27413	212847	hsm/ff1359e2_212847.txt
27414	212848	hsm/3308b2e4_212848.txt
27415	212849	hsm/7d1686be_212849.txt
27416	212850	hsm/d6eb8c8f_212850.txt
27417	212851	hsm/de61b2d7_212851.txt
27418	212852	hsm/d1fb2545_212852.txt
27419	212853	hsm/d8b2334d_212853.txt
27420	212854	hsm/9a182649_212854.txt
27421	212855	hsm/89e51ba9_212855.txt
27422	212856	hsm/28a6e4bc_212856.txt
27423	212857	hsm/3212e802_212857.txt
27424	212858	hsm/6d79ab89_212858.txt
27425	212859	hsm/3e314aef_212859.txt
27426	212860	hsm/ad486b05_212860.txt
27427	212861	hsm/ff20e90a_212861.txt
27428	212862	hsm/b10c24ea_212862.txt
27429	212863	hsm/e5b6e6f0_212863.txt
27430	212864	hsm/48c9616f_212864.txt
27431	212865	hsm/2852913f_212865.txt
27432	212866	hsm/c75ef94b_212866.txt
27433	212867	hsm/e6dc004d_212867.txt
27434	212868	hsm/1499e123_212868.txt
27435	212869	hsm/8371e44d_212869.txt
27436	212870	hsm/7327cadb_212870.txt
27437	212871	hsm/91d0478f_212871.txt
27438	212872	hsm/14e33813_212872.txt
27439	212873	hsm/e54ba9a2_212873.txt
27440	212874	hsm/4167f702_212874.txt
27441	212875	hsm/c984c9a1_212875.txt
27442	212876	hsm/c35ace19_212876.txt
27443	212877	hsm/09a34d53_212877.txt
27444	212878	hsm/d3083af6_212878.txt
27445	212879	hsm/79f676dd_212879.txt
27446	212880	hsm/8d13c69c_212880.txt
27447	212881	hsm/3e6d6233_212881.txt
27448	212882	hsm/b2a61f7b_212882.txt
27449	212883	hsm/2da440aa_212883.txt
27450	212884	hsm/b1e64076_212884.txt
27451	212885	hsm/f2b85257_212885.txt
27452	212886	hsm/0ae581da_212886.txt
27453	212887	hsm/bf4f3065_212887.txt
27454	212888	hsm/b99f6783_212888.txt
27455	212889	hsm/cf6281c1_212889.txt
27456	212890	hsm/da3ea177_212890.txt
27457	212891	hsm/69d6526e_212891.txt
27458	212892	hsm/df181df3_212892.txt
27459	212893	hsm/4f123aba_212893.txt
27460	212894	hsm/dac3a511_212894.txt
27461	212895	hsm/372e6625_212895.txt
27462	212896	hsm/7caef527_212896.txt
27463	212897	hsm/4c6d01e6_212897.txt
27464	212898	hsm/28427b2c_212898.txt
27465	212899	hsm/62669b52_212899.txt
27466	212900	hsm/41eb3036_212900.txt
27467	212901	hsm/fe70f758_212901.txt
27468	212902	hsm/6fd1c764_212902.txt
27469	212903	hsm/3317c878_212903.txt
27470	212904	hsm/0b485cf0_212904.txt
27471	212905	hsm/3b43501c_212905.txt
27472	212906	hsm/580260d1_212906.txt
27473	212907	hsm/862db82c_212907.txt
27474	212908	hsm/ae6e8ca7_212908.txt
27475	212909	hsm/ad28f096_212909.txt
27476	212910	hsm/2e6bca11_212910.txt
27477	212911	hsm/a7d6d6ee_212911.txt
27478	212912	hsm/412331b1_212912.txt
27479	212913	hsm/a9eb4ceb_212913.txt
27480	212914	hsm/0299d99b_212914.txt
27481	212915	hsm/57b1c6af_212915.txt
27482	212916	hsm/ffe7b9a2_212916.txt
27483	212917	hsm/84c14744_212917.txt
27484	212918	hsm/c955ceb5_212918.txt
27485	212919	hsm/5054d933_212919.txt
27486	212920	hsm/c8f038ef_212920.txt
27487	212921	hsm/028b0d21_212921.txt
27488	212922	hsm/3a4f3841_212922.txt
27489	212923	hsm/7d110ccb_212923.txt
27490	212924	hsm/11f6b023_212924.txt
27491	212925	hsm/40065b43_212925.txt
27492	212926	hsm/e6867ae1_212926.txt
27493	212927	hsm/5499252c_212927.txt
27494	212928	hsm/4a307b15_212928.txt
27495	212929	hsm/98302f9c_212929.txt
27496	212930	hsm/42f0d041_212930.txt
27497	212931	hsm/88e721ad_212931.txt
27498	212932	hsm/56b78113_212932.txt
27499	212933	hsm/25ab74f4_212933.txt
27500	212934	hsm/186c7718_212934.txt
27501	212935	hsm/83496a63_212935.txt
27502	212936	hsm/388d051b_212936.txt
27503	212937	hsm/792c6239_212937.txt
27504	212938	hsm/f2972bc6_212938.txt
27505	212939	hsm/2ec7acf4_212939.txt
27506	212940	hsm/2268a98c_212940.txt
27507	212941	hsm/0993d7d9_212941.txt
27508	212942	hsm/7ac305ae_212942.txt
27509	212943	hsm/35fc3688_212943.txt
27510	212944	hsm/edb04217_212944.txt
27511	212945	hsm/633b93a8_212945.txt
27512	212946	hsm/920de838_212946.txt
27513	212947	hsm/3f1b1e05_212947.txt
27514	212948	hsm/0ac3bef6_212948.txt
27515	212949	hsm/838417d9_212949.txt
27516	212950	hsm/ec625fc3_212950.txt
27517	212951	hsm/41defdaa_212951.txt
27518	212952	hsm/8fa3ee49_212952.txt
27519	212953	hsm/43da7331_212953.txt
27520	212954	hsm/445221c6_212954.txt
27521	212955	hsm/6e7f825d_212955.txt
27522	212956	hsm/0e096526_212956.txt
27523	212957	hsm/9f3ffdec_212957.txt
27524	212958	hsm/6b1b1bca_212958.txt
27525	212959	hsm/011210bc_212959.txt
27526	212960	hsm/8deccd23_212960.txt
27527	212961	hsm/6e888423_212961.txt
27528	212962	hsm/d4db8365_212962.txt
27529	212963	hsm/588d0402_212963.txt
27530	212964	hsm/baa3b375_212964.txt
27531	212965	hsm/e11bc0db_212965.txt
27532	212966	hsm/6e582300_212966.txt
27533	212967	hsm/85fedc13_212967.txt
27534	212968	hsm/ab0e4385_212968.txt
27535	212969	hsm/182f3b20_212969.txt
27536	212970	hsm/a23c6a4d_212970.txt
27537	212971	hsm/36557fb6_212971.txt
27538	212972	hsm/7e6f107b_212972.txt
27539	212973	hsm/dc6aea3b_212973.txt
27540	212974	hsm/44ca6cef_212974.txt
27541	212975	hsm/3e898c37_212975.txt
27542	212976	hsm/07af7830_212976.txt
27543	212977	hsm/63d1c27c_212977.txt
27544	212978	hsm/c3022273_212978.txt
27545	212979	hsm/180ae70c_212979.txt
27546	212980	hsm/3fb95ea9_212980.txt
27547	212981	hsm/4b0e2ab0_212981.txt
27548	212982	hsm/32d78048_212982.txt
27549	212983	hsm/507c8654_212983.txt
27550	212984	hsm/c6ef2eff_212984.txt
27551	212985	hsm/58377c07_212985.txt
27552	212986	hsm/d28f31de_212986.txt
27553	212987	hsm/f32e8cdf_212987.txt
27554	212988	hsm/9b246e19_212988.txt
27555	212989	hsm/ac88afaf_212989.txt
27556	212990	hsm/06d7ffc1_212990.txt
27557	212991	hsm/e519f08e_212991.txt
27558	212992	hsm/971931b6_212992.txt
27559	212993	hsm/5f9e2d7f_212993.txt
27560	212994	hsm/e17f93d4_212994.txt
27561	212995	hsm/de9e6b13_212995.txt
27562	212996	hsm/aaa283da_212996.txt
27563	212997	hsm/88222352_212997.txt
27564	212998	hsm/a84900aa_212998.txt
27565	212999	hsm/4cbeba30_212999.txt
27566	213000	hsm/720ca5b4_213000.txt
27567	213001	hsm/18a504b9_213001.txt
27568	213002	hsm/65f4590a_213002.txt
27569	213003	hsm/7a5b51ac_213003.txt
27570	213004	hsm/340c2780_213004.txt
27571	213005	hsm/d813c2ce_213005.txt
27572	213006	hsm/70e21225_213006.txt
27573	213007	hsm/46e4b8e3_213007.txt
27574	213008	hsm/c8cefe93_213008.txt
27575	213009	hsm/c9625549_213009.txt
27576	213010	hsm/06d476c3_213010.txt
27577	213011	hsm/c60ee898_213011.txt
27578	213012	hsm/0832da5d_213012.txt
27579	213013	hsm/fd270ccf_213013.txt
27580	213014	hsm/9af3d48f_213014.txt
27581	213015	hsm/05b3e1df_213015.txt
27582	213016	hsm/63e725d9_213016.txt
27583	213017	hsm/7ea14e9f_213017.txt
27584	213018	hsm/ffcd59b1_213018.txt
27585	213019	hsm/513aff84_213019.txt
27586	213020	hsm/2f295a3e_213020.txt
27587	213021	hsm/dad1f35b_213021.txt
27588	213022	hsm/6890c560_213022.txt
27589	213023	hsm/9fc99581_213023.txt
27590	213024	hsm/f4355b3f_213024.txt
27591	213025	hsm/150d5e4b_213025.txt
27592	213026	hsm/1cda5678_213026.txt
27593	213027	hsm/dc74ec16_213027.txt
27594	213028	hsm/cc05e9ee_213028.txt
27595	213029	hsm/06249ccd_213029.txt
27596	213030	hsm/6c49eaf3_213030.txt
27597	213031	hsm/d124ee9c_213031.txt
27598	213032	hsm/632eb711_213032.txt
27599	213033	hsm/8ae01adc_213033.txt
27600	213034	hsm/e5d0f30f_213034.txt
27601	213035	hsm/14bd21b0_213035.txt
27602	213036	hsm/cb6a2356_213036.txt
27603	213037	hsm/f0faa7f1_213037.txt
27604	213038	hsm/a8124a76_213038.txt
27605	213039	hsm/001c4ba6_213039.txt
27606	213040	hsm/edfcb9f0_213040.txt
27607	213041	hsm/99338903_213041.txt
27608	213042	hsm/f7a2d78b_213042.txt
27609	213043	hsm/a780dafa_213043.txt
27610	213044	hsm/94800a6e_213044.txt
27611	213045	hsm/09071961_213045.txt
27612	213046	hsm/cdfe9f12_213046.txt
27613	213047	hsm/36c8dadb_213047.txt
27614	213048	hsm/275ad29b_213048.txt
27615	213049	hsm/a82534e8_213049.txt
27616	213050	hsm/65152c11_213050.txt
27617	213051	hsm/924ff2c8_213051.txt
27618	213052	hsm/1e10f2fb_213052.txt
27619	213053	hsm/a7861e91_213053.txt
27620	213054	hsm/7d0b3c9c_213054.txt
27621	213055	hsm/4b9eca94_213055.txt
27622	213056	hsm/c9b974a8_213056.txt
27623	213057	hsm/73342ec9_213057.txt
27624	213058	hsm/e66efa44_213058.txt
27625	213059	hsm/a58d7289_213059.txt
27626	213060	hsm/356a52ea_213060.txt
27627	213061	hsm/65b4dd0c_213061.txt
27628	213062	hsm/cbd6d62a_213062.txt
27629	213063	hsm/6ea22020_213063.txt
27630	213064	hsm/3e0ff252_213064.txt
27631	213065	hsm/78338eeb_213065.txt
27632	213066	hsm/dc458dfa_213066.txt
27633	213067	hsm/307d22d8_213067.txt
27634	213068	hsm/33071434_213068.txt
27635	213069	hsm/27114cb5_213069.txt
27636	213070	hsm/2ae05203_213070.txt
27637	213071	hsm/0e12073f_213071.txt
27638	213072	hsm/ab7ea490_213072.txt
27639	213073	hsm/ef2dca3d_213073.txt
27640	213074	hsm/6047f100_213074.txt
27641	213075	hsm/b3114a32_213075.txt
27642	213076	hsm/911cc443_213076.txt
27643	213077	hsm/0880f89c_213077.txt
27644	213078	hsm/7f0518a8_213078.txt
27645	213079	hsm/146d635a_213079.txt
27646	213080	hsm/e9a5a528_213080.txt
27647	213081	hsm/c6ffa490_213081.txt
27648	213082	hsm/e85293ce_213082.txt
27649	213083	hsm/8a944ce9_213083.txt
27650	213084	hsm/0be20c13_213084.txt
27651	213085	hsm/30e3c53d_213085.txt
27652	213086	hsm/d7084662_213086.txt
27653	213087	hsm/8705ac28_213087.txt
27654	213088	hsm/d8596dfa_213088.txt
27655	213089	hsm/7726f420_213089.txt
27656	213090	hsm/51ee7ad2_213090.txt
27657	213091	hsm/3ea3ce9e_213091.txt
27658	213092	hsm/a3ecf4e8_213092.txt
27659	213093	hsm/64678992_213093.txt
27660	213094	hsm/35a20496_213094.txt
27661	213095	hsm/1a1f31ac_213095.txt
27662	213096	hsm/9a62068a_213096.txt
27663	213097	hsm/8ddbb770_213097.txt
27664	213098	hsm/30fc70cf_213098.txt
27665	213099	hsm/af8d16bc_213099.txt
27666	213100	hsm/b3982c1f_213100.txt
27667	213101	hsm/fe3dcb49_213101.txt
27668	213102	hsm/df38f5a8_213102.txt
27669	213103	hsm/06981189_213103.txt
27670	213104	hsm/56ee9d9f_213104.txt
27671	213105	hsm/9159bfb4_213105.txt
27672	213106	hsm/63d50077_213106.txt
27673	213107	hsm/d02443d3_213107.txt
27674	213108	hsm/f0c84421_213108.txt
27675	213109	hsm/4c32d86c_213109.txt
27676	213110	hsm/6e5a605a_213110.txt
27677	213111	hsm/c7e20dab_213111.txt
27678	213112	hsm/dde0795c_213112.txt
27679	213113	hsm/89500e07_213113.txt
27680	213114	hsm/80bc15a1_213114.txt
27681	213115	hsm/1dd5f09d_213115.txt
27682	213116	hsm/a87ab901_213116.txt
27683	213117	hsm/a165c356_213117.txt
27684	213118	hsm/d17bce13_213118.txt
27685	213119	hsm/8d242bf5_213119.txt
27686	213120	hsm/fdd7adc2_213120.txt
27687	213121	hsm/85c00241_213121.txt
27688	213122	hsm/2f4d8c27_213122.txt
27689	213123	hsm/703e267a_213123.txt
27690	213124	hsm/580265e0_213124.txt
27691	213125	hsm/334dcf94_213125.txt
27692	213126	hsm/64296c06_213126.txt
27693	213127	hsm/1111f626_213127.txt
27694	213128	hsm/2aff45bf_213128.txt
27695	213129	hsm/45ecfdfb_213129.txt
27696	213130	hsm/3c4a8521_213130.txt
27697	213131	hsm/004de59d_213131.txt
27698	213132	hsm/0d589385_213132.txt
27699	213133	hsm/eae4fe0b_213133.txt
27700	213134	hsm/5d32e62b_213134.txt
27701	213135	hsm/39f15084_213135.txt
27702	213136	hsm/59ad42d9_213136.txt
27703	213137	hsm/6115d5dd_213137.txt
27704	213138	hsm/5d9b8bc7_213138.txt
27705	213139	hsm/b8e8ac1c_213139.txt
27706	213140	hsm/fc354174_213140.txt
27707	213141	hsm/2c67e7da_213141.txt
27708	213142	hsm/3110b8c2_213142.txt
27709	213143	hsm/9652b7f8_213143.txt
27710	213144	hsm/025f86ae_213144.txt
27711	213145	hsm/7991df48_213145.txt
27712	213146	hsm/a9911ec3_213146.txt
27713	213147	hsm/e5a6b115_213147.txt
27714	213148	hsm/2b33e820_213148.txt
27715	213149	hsm/a7634ae6_213149.txt
27716	213150	hsm/01aced5a_213150.txt
27717	213151	hsm/01d484a4_213151.txt
27718	213152	hsm/51ef8f32_213152.txt
27719	213153	hsm/93e4414d_213153.txt
27720	213154	hsm/c0ce53ad_213154.txt
27721	213155	hsm/2af1cbe5_213155.txt
27722	213156	hsm/ecc75e20_213156.txt
27723	213157	hsm/c107c33f_213157.txt
27724	213158	hsm/3706ff0c_213158.txt
27725	213159	hsm/6e00c6f9_213159.txt
27726	213160	hsm/c51ac26a_213160.txt
27727	213161	hsm/3eea6fa9_213161.txt
27728	213162	hsm/fd6427ce_213162.txt
27729	213163	hsm/03c28e62_213163.txt
27730	213164	hsm/8df2db73_213164.txt
27731	213165	hsm/a932579f_213165.txt
27732	213166	hsm/63e095b6_213166.txt
27733	213167	hsm/8cbc450a_213167.txt
27734	213168	hsm/429963f3_213168.txt
27735	213169	hsm/cc96775b_213169.txt
27736	213170	hsm/de1bf639_213170.txt
27737	213171	hsm/39b3649e_213171.txt
27738	213172	hsm/be3299d2_213172.txt
27739	213173	hsm/67f96e94_213173.txt
27740	213174	hsm/5e851962_213174.txt
27741	213175	hsm/34c9ffc0_213175.txt
27742	213176	hsm/1498c558_213176.txt
27743	213177	hsm/6cd40e07_213177.txt
27744	213178	hsm/02c0b797_213178.txt
27745	213179	hsm/d85a92ad_213179.txt
27746	213180	hsm/b1dccb45_213180.txt
27747	213181	hsm/7e20bee1_213181.txt
27748	213182	hsm/d7497b89_213182.txt
27749	213183	hsm/f2da23b3_213183.txt
27750	213184	hsm/b2818628_213184.txt
27751	213185	hsm/e6adbe1e_213185.txt
27752	213186	hsm/2f43bfc5_213186.txt
27753	213187	hsm/e838a5d8_213187.txt
27754	213188	hsm/0893a9df_213188.txt
27755	213189	hsm/ee5ce4cf_213189.txt
27756	213190	hsm/ebd92c5c_213190.txt
27757	213191	hsm/e373df78_213191.txt
27758	213192	hsm/71200952_213192.txt
27759	213193	hsm/acf006d2_213193.txt
27760	213194	hsm/33c50c62_213194.txt
27761	213195	hsm/b28dda96_213195.txt
27762	213196	hsm/f27c1ff5_213196.txt
27763	213197	hsm/bc4b9e26_213197.txt
27764	213198	hsm/29381296_213198.txt
27765	213199	hsm/9326ef38_213199.txt
27766	213200	hsm/aeba6f8f_213200.txt
27767	213201	hsm/cbe10c38_213201.txt
27768	213202	hsm/254986ee_213202.txt
27769	213203	hsm/0e330a73_213203.txt
27770	213204	hsm/2b71ce89_213204.txt
27771	213205	hsm/64d8fbf3_213205.txt
27772	213206	hsm/623522b5_213206.txt
27773	213207	hsm/ba10a274_213207.txt
27774	213208	hsm/e7f0233c_213208.txt
27775	213209	hsm/74a4c367_213209.txt
27776	213210	hsm/f39385da_213210.txt
27777	213211	hsm/ecb6ec1e_213211.txt
27778	213212	hsm/25d6eedf_213212.txt
27779	213213	hsm/5d2b79ab_213213.txt
27780	213214	hsm/66a31f36_213214.txt
27781	213215	hsm/68387972_213215.txt
27782	213216	hsm/c0412e1e_213216.txt
27783	213217	hsm/11816a07_213217.txt
27784	213218	hsm/40e6c450_213218.txt
27785	213219	hsm/1295a7ab_213219.txt
27786	213220	hsm/ee7a0029_213220.txt
27787	213221	hsm/01bc5c72_213221.txt
27788	213222	hsm/f4f36e09_213222.txt
27789	213223	hsm/49cf8f37_213223.txt
27790	213224	hsm/4ec13542_213224.txt
27791	213225	hsm/bc2d2f56_213225.txt
27792	213226	hsm/4d13027c_213226.txt
27793	213227	hsm/da21247d_213227.txt
27794	213228	hsm/388873c0_213228.txt
27795	213229	hsm/1b50de3c_213229.txt
27796	213230	hsm/c8a0e637_213230.txt
27797	213231	hsm/bbe0b1b7_213231.txt
27798	213232	hsm/535a106b_213232.txt
27799	213233	hsm/7fc29b67_213233.txt
27800	213234	hsm/89942471_213234.txt
27801	213235	hsm/2f962011_213235.txt
27802	213236	hsm/5c13917f_213236.txt
27803	213237	hsm/0e6909f6_213237.txt
27804	213238	hsm/68f3471e_213238.txt
27805	213239	hsm/d75d78de_213239.txt
27806	213240	hsm/c299fbdb_213240.txt
27807	213241	hsm/f6896331_213241.txt
27808	213242	hsm/81c75830_213242.txt
27809	213243	hsm/3af4a2e6_213243.txt
27810	213244	hsm/84a4ed78_213244.txt
27811	213245	hsm/ba4e7a85_213245.txt
27812	213246	hsm/f226ef7c_213246.txt
27813	213247	hsm/bd397c7e_213247.txt
27814	213248	hsm/6d9a2d36_213248.txt
27815	213249	hsm/684c1940_213249.txt
27816	213250	hsm/efffbc09_213250.txt
27817	213251	hsm/5b87a373_213251.txt
27818	213252	hsm/f462251e_213252.txt
27819	213253	hsm/e605c5c6_213253.txt
27820	213254	hsm/ef4a072b_213254.txt
27821	213255	hsm/3dce28a6_213255.txt
27822	213256	hsm/8ca24b93_213256.txt
27823	213257	hsm/0cecb8eb_213257.txt
27824	213258	hsm/eec0d603_213258.txt
27825	213259	hsm/43da46ec_213259.txt
27826	213260	hsm/d8629534_213260.txt
27827	213261	hsm/3de090f6_213261.txt
27828	213262	hsm/77a46a8f_213262.txt
27829	213263	hsm/853b1759_213263.txt
27830	213264	hsm/49b1cc5a_213264.txt
27831	213265	hsm/b142e4a3_213265.txt
27832	213266	hsm/45acf187_213266.txt
27833	213267	hsm/7a33a419_213267.txt
27834	213268	hsm/1f31e985_213268.txt
27835	213269	hsm/8a70f2e4_213269.txt
27836	213270	hsm/868cf1aa_213270.txt
27837	213271	hsm/50401341_213271.txt
27838	213272	hsm/87c9d544_213272.txt
27839	213273	hsm/5a3226f8_213273.txt
27840	213274	hsm/f740b9e5_213274.txt
27841	213275	hsm/1e9c73f9_213275.txt
27842	213276	hsm/8e31ce30_213276.txt
27843	213277	hsm/9a370556_213277.txt
27844	213278	hsm/0f18017e_213278.txt
27845	213279	hsm/6bc7a911_213279.txt
27846	213280	hsm/833ae859_213280.txt
27847	213281	hsm/a4af8dbf_213281.txt
27848	213282	hsm/7e668e69_213282.txt
27849	213283	hsm/98466364_213283.txt
27850	213284	hsm/9482ee88_213284.txt
27851	213285	hsm/e6659dd0_213285.txt
27852	213286	hsm/bedd9790_213286.txt
27853	213287	hsm/de61b2d7_213287.txt
27854	213288	hsm/d1fb2545_213288.txt
27855	213289	hsm/d8b2334d_213289.txt
27856	213290	hsm/9a182649_213290.txt
27857	213291	hsm/89e51ba9_213291.txt
27858	213292	hsm/aef9f850_213292.txt
27859	213293	hsm/987bbf43_213293.txt
27860	213294	hsm/dc6d0971_213294.txt
27861	213295	hsm/cd77bfc9_213295.txt
27862	213296	hsm/b534f98b_213296.txt
27863	213297	hsm/89b6717d_213297.txt
27864	213298	hsm/6fc405af_213298.txt
27865	213299	hsm/47fcbd56_213299.txt
27866	213300	hsm/ddda3abf_213300.txt
27867	213301	hsm/509cca9b_213301.txt
27868	213302	hsm/29504e12_213302.txt
27869	213303	hsm/514a301e_213303.txt
27870	213304	hsm/96f228e9_213304.txt
27871	213305	hsm/effe402e_213305.txt
27872	213306	hsm/239a289c_213306.txt
27873	213307	hsm/f45864b8_213307.txt
27874	213308	hsm/8afc54b8_213308.txt
27875	213309	hsm/24d9bebb_213309.txt
27876	213310	hsm/38fbcb48_213310.txt
27877	213311	hsm/647f0689_213311.txt
27878	213312	hsm/0214472e_213312.txt
27879	213313	hsm/dbaef231_213313.txt
27880	213314	hsm/d3656da5_213314.txt
27881	213315	hsm/df38ac2c_213315.txt
27882	213316	hsm/b9ccd9dc_213316.txt
27883	213317	hsm/0387e986_213317.txt
27884	213318	hsm/0435cada_213318.txt
27885	213319	hsm/7ad91ec4_213319.txt
27886	213320	hsm/5576c716_213320.txt
27887	213321	hsm/6500ce54_213321.txt
27888	213322	hsm/fb068b1d_213322.txt
27889	213323	hsm/07c8c6b6_213323.txt
27890	213324	hsm/f98ec5bd_213324.txt
27891	213325	hsm/ccfa45e1_213325.txt
27892	213326	hsm/2dcd5cb0_213326.txt
27893	213327	hsm/8d593de0_213327.txt
27894	213328	hsm/8393e18c_213328.txt
27895	213329	hsm/947fa022_213329.txt
27896	213330	hsm/7a8d4199_213330.txt
27897	213331	hsm/70ddd8d8_213331.txt
27898	213332	hsm/004e29d9_213332.txt
27899	213333	hsm/b7ecfcd5_213333.txt
27900	213334	hsm/ecbc8585_213334.txt
27901	213335	hsm/19b3cd67_213335.txt
27902	213336	hsm/34fb4fe9_213336.txt
27903	213337	hsm/90467616_213337.txt
27904	213338	hsm/bdf439ce_213338.txt
27905	213339	hsm/84da2853_213339.txt
27906	213340	hsm/01268563_213340.txt
27907	213341	hsm/6b9af681_213341.txt
27908	213342	hsm/14ad76f7_213342.txt
27909	213343	hsm/dd09499e_213343.txt
27910	213344	hsm/7dec1262_213344.txt
27911	213345	hsm/8dac060a_213345.txt
27912	213346	hsm/a9eb4ceb_213346.txt
27913	213347	hsm/5ed09365_213347.txt
27914	213348	hsm/fb780fbc_213348.txt
27915	213349	hsm/4150cd94_213349.txt
27916	213350	hsm/797f174e_213350.txt
27917	213351	hsm/6c20ca95_213351.txt
27918	213352	hsm/2124a986_213352.txt
27919	213353	hsm/d40f919a_213353.txt
27920	213354	hsm/92e789af_213354.txt
27921	213355	hsm/a68afa48_213355.txt
27922	213356	hsm/7cff5d43_213356.txt
27923	213357	hsm/2e748435_213357.txt
27924	213358	hsm/376847a2_213358.txt
27925	213359	hsm/d6c87777_213359.txt
27926	213360	hsm/c22357db_213360.txt
27927	213361	hsm/dc46147c_213361.txt
27928	213362	hsm/fe3ce537_213362.txt
27929	213363	hsm/d876e98a_213363.txt
27930	213364	hsm/dad5903e_213364.txt
27931	213365	hsm/292c018d_213365.txt
27932	213366	hsm/33f97272_213366.txt
27933	213367	hsm/d0ec4c25_213367.txt
27934	213368	hsm/eb166168_213368.txt
27935	213369	hsm/fb80dc0d_213369.txt
27936	213370	hsm/b3a9cc55_213370.txt
27937	213371	hsm/17ce07fc_213371.txt
27938	213372	hsm/2f573b68_213372.txt
27939	213373	hsm/c2b4bf83_213373.txt
27940	213374	hsm/a620c739_213374.txt
27941	213375	hsm/4e510c2f_213375.txt
27942	213376	hsm/6d3e0e80_213376.txt
27943	213377	hsm/14cfbe6c_213377.txt
27944	213378	hsm/8036f19b_213378.txt
27945	213379	hsm/b71f27c0_213379.txt
27946	213380	hsm/c641e255_213380.txt
27947	213381	hsm/a8a83d3a_213381.txt
27948	213382	hsm/305ee903_213382.txt
27949	213383	hsm/aa42f84f_213383.txt
27950	213384	hsm/76e436c9_213384.txt
27951	213385	hsm/60e4ecc4_213385.txt
27952	213386	hsm/778106df_213386.txt
27953	213387	hsm/96441b78_213387.txt
27954	213388	hsm/a93e940e_213388.txt
27955	213389	hsm/2413472f_213389.txt
27956	213390	hsm/ad37edfc_213390.txt
27957	213391	hsm/dba27166_213391.txt
27958	213392	hsm/22432166_213392.txt
27959	213393	hsm/367627f3_213393.txt
27960	213394	hsm/f59ae127_213394.txt
27961	213395	hsm/02d86e84_213395.txt
27962	213396	hsm/13562747_213396.txt
27963	213397	hsm/ea3a8000_213397.txt
27964	213398	hsm/15101c6b_213398.txt
27965	213399	hsm/b806a251_213399.txt
27966	213400	hsm/6ffabd33_213400.txt
27967	213401	hsm/46266202_213401.txt
27968	213402	hsm/810fbf71_213402.txt
27969	213403	hsm/060a0e3d_213403.txt
27970	213404	hsm/15e42a69_213404.txt
27971	213405	hsm/0e73bac7_213405.txt
27972	213406	hsm/cd8434a2_213406.txt
27973	213407	hsm/a044bae6_213407.txt
27974	213408	hsm/e328ec6d_213408.txt
27975	213409	hsm/cbb65dd1_213409.txt
27976	213410	hsm/947536bc_213410.txt
27977	213411	hsm/52d78647_213411.txt
27978	213412	hsm/37ee0ecf_213412.txt
27979	213413	hsm/e1d1f352_213413.txt
27980	213414	hsm/e306c86c_213414.txt
27981	213415	hsm/3bf23bfa_213415.txt
27982	213416	hsm/c2b84b02_213416.txt
27983	213417	hsm/44787104_213417.txt
27984	213418	hsm/4b824968_213418.txt
27985	213419	hsm/bd322907_213419.txt
27986	213420	hsm/d7ad1f71_213420.txt
27987	213421	hsm/00fb9dc9_213421.txt
27988	213422	hsm/499f97dc_213422.txt
27989	213423	hsm/9ed0bcfa_213423.txt
27990	213424	hsm/37492efc_213424.txt
27991	213425	hsm/8a63519a_213425.txt
27992	213426	hsm/4449da5c_213426.txt
27993	213427	hsm/2118f6fb_213427.txt
27994	213428	hsm/957e66ff_213428.txt
27995	213429	hsm/73488ec3_213429.txt
27996	213430	hsm/7a29a37f_213430.txt
27997	213431	hsm/70752978_213431.txt
27998	213432	hsm/5daad8b5_213432.txt
27999	213433	hsm/60e56efb_213433.txt
28000	213434	hsm/9404469e_213434.txt
28001	213435	hsm/2f573b68_213435.txt
28002	213436	hsm/c2b4bf83_213436.txt
28003	213437	hsm/e25fb037_213437.txt
28004	213438	hsm/55fd304a_213438.txt
28005	213439	hsm/8036f19b_213439.txt
28006	213440	hsm/b71f27c0_213440.txt
28007	213441	hsm/8a15b656_213441.txt
28008	213442	hsm/6bfc32e3_213442.txt
28009	213443	hsm/ff1d0122_213443.txt
28010	213444	hsm/d7e7f94f_213444.txt
28011	213445	hsm/87e9738c_213445.txt
28012	213446	hsm/0804d656_213446.txt
28013	213447	hsm/5a1bf97c_213447.txt
28014	213448	hsm/7a6e757d_213448.txt
28015	213449	hsm/498a1ae0_213449.txt
28016	213450	hsm/5831d223_213450.txt
28017	213451	hsm/f2306be5_213451.txt
28018	213452	hsm/09d2acf4_213452.txt
28019	213453	hsm/e81ab3af_213453.txt
28020	213454	hsm/6716f4ea_213454.txt
28021	213455	hsm/9941b176_213455.txt
28022	213456	hsm/bcc3ae32_213456.txt
28023	213457	hsm/6153a49a_213457.txt
28024	213458	hsm/81e395f4_213458.txt
28025	213459	hsm/66699db8_213459.txt
28026	213460	hsm/a82f3eeb_213460.txt
28027	213461	hsm/c4e8471c_213461.txt
28028	213462	hsm/968eb546_213462.txt
28029	213463	hsm/4753e642_213463.txt
28030	213464	hsm/9d5a34a2_213464.txt
28031	213465	hsm/8915153c_213465.txt
28032	213466	hsm/9bfd1030_213466.txt
28033	213467	hsm/5e702fc9_213467.txt
28034	213468	hsm/611bf31d_213468.txt
28035	213469	hsm/2f0fa6d4_213469.txt
28036	213470	hsm/237890b7_213470.txt
28037	213471	hsm/237bc081_213471.txt
28038	213472	hsm/07cf2411_213472.txt
28039	213473	hsm/2dda4206_213473.txt
28040	213474	hsm/0b2b22ca_213474.txt
28041	213475	hsm/1d19e208_213475.txt
28042	213476	hsm/ab240256_213476.txt
28043	213477	hsm/45d14214_213477.txt
28044	213478	hsm/8c4f764c_213478.txt
28045	213479	hsm/13c371e9_213479.txt
28046	213480	hsm/63aa3ca6_213480.txt
28047	213481	hsm/667d16ad_213481.txt
28048	213482	hsm/acce3896_213482.txt
28049	213483	hsm/04dd7706_213483.txt
28050	213484	hsm/17083d73_213484.txt
28051	213485	hsm/46caaf8c_213485.txt
28052	213486	hsm/6f4cfd49_213486.txt
28053	213487	hsm/310361f0_213487.txt
28054	213488	hsm/b32d0da5_213488.txt
28055	213489	hsm/de42a801_213489.txt
28056	213490	hsm/b05b7940_213490.txt
28057	213491	hsm/76c5c582_213491.txt
28058	213492	hsm/b5d03b03_213492.txt
28059	213493	hsm/a4f35e08_213493.txt
28060	213494	hsm/3f2a6faa_213494.txt
28061	213495	hsm/264acd43_213495.txt
28062	213496	hsm/32368a07_213496.txt
28063	213497	hsm/fe193633_213497.txt
28064	213498	hsm/dc80e533_213498.txt
28065	213499	hsm/b8f4153d_213499.txt
28066	213500	hsm/f354cbdd_213500.txt
28067	213501	hsm/99edd4b6_213501.txt
28068	213502	hsm/1ee7bdb1_213502.txt
28069	213503	hsm/ebc01267_213503.txt
28070	213504	hsm/89efd168_213504.txt
28071	213505	hsm/406bd8fa_213505.txt
28072	213506	hsm/d17c005b_213506.txt
28073	213507	hsm/880f2df6_213507.txt
28074	213508	hsm/ee9a1522_213508.txt
28075	213509	hsm/d4dc2322_213509.txt
28076	213510	hsm/27787f13_213510.txt
28077	213511	hsm/f5409a22_213511.txt
28078	213512	hsm/e3a45fa4_213512.txt
28079	213513	hsm/b69b29a1_213513.txt
28080	213514	hsm/1ef6ff4a_213514.txt
28081	213515	hsm/d43acebf_213515.txt
28082	213516	hsm/33c021ee_213516.txt
28083	213517	hsm/6acf221e_213517.txt
28084	213518	hsm/35d99554_213518.txt
28085	213519	hsm/fc00fa73_213519.txt
28086	213520	hsm/0d1f620b_213520.txt
28087	213521	hsm/ad4ac707_213521.txt
28088	213522	hsm/2b382c4d_213522.txt
28089	213523	hsm/d1c8bb5a_213523.txt
28090	213524	hsm/38590f84_213524.txt
28091	213525	hsm/f423f14b_213525.txt
28092	213526	hsm/56a6e28d_213526.txt
28093	213527	hsm/47434044_213527.txt
28094	213528	hsm/ca6e28e5_213528.txt
28095	213529	hsm/75d257e9_213529.txt
28096	213530	hsm/ab5d8443_213530.txt
28097	213531	hsm/45368942_213531.txt
28098	213532	hsm/4db155a8_213532.txt
28099	213533	hsm/6f77abc1_213533.txt
28100	213534	hsm/06b6c338_213534.txt
28101	213535	hsm/4c83d8e4_213535.txt
28102	213536	hsm/f05ec61d_213536.txt
28103	213537	hsm/e72f23a6_213537.txt
28104	213538	hsm/f28406ab_213538.txt
28105	213539	hsm/b54ca90d_213539.txt
28106	213540	hsm/5fd70387_213540.txt
28107	213541	hsm/d68cf6bf_213541.txt
28108	213542	hsm/8775782e_213542.txt
28109	213543	hsm/46d9e62a_213543.txt
28110	213544	hsm/c6b40ab3_213544.txt
28111	213545	hsm/302fadc5_213545.txt
28112	213546	hsm/17639999_213546.txt
28113	213547	hsm/aa6e9eb5_213547.txt
28114	213548	hsm/c05bb4f7_213548.txt
28115	213549	hsm/ae66d099_213549.txt
28116	213550	hsm/a76b665c_213550.txt
28117	213551	hsm/ba038b32_213551.txt
28118	213552	hsm/0abf736d_213552.txt
28119	213553	hsm/ffdd2984_213553.txt
28120	213554	hsm/4ddb325c_213554.txt
28121	213555	hsm/f8817f1d_213555.txt
28122	213556	hsm/990cfbbb_213556.txt
28123	213557	hsm/e7e520ef_213557.txt
28124	213558	hsm/80afecb2_213558.txt
28125	213559	hsm/7a3cd60f_213559.txt
28126	213560	hsm/bc290887_213560.txt
28127	213561	hsm/cc194e48_213561.txt
28128	213562	hsm/4bc8eaf4_213562.txt
28129	213563	hsm/f09a43eb_213563.txt
28130	213564	hsm/da7c5a3d_213564.txt
28131	213565	hsm/cac3660a_213565.txt
28132	213566	hsm/4a99c61a_213566.txt
28133	213567	hsm/b40b7daf_213567.txt
28134	213568	hsm/dc12b48d_213568.txt
28135	213569	hsm/d281b2c5_213569.txt
28136	213570	hsm/ac465409_213570.txt
28137	213571	hsm/f4d275fc_213571.txt
28138	213572	hsm/b044f975_213572.txt
28139	213573	hsm/09773a06_213573.txt
28140	213574	hsm/ed3fb448_213574.txt
28141	213575	hsm/35a81e6c_213575.txt
28142	213576	hsm/631c0290_213576.txt
28143	213577	hsm/62b9ce56_213577.txt
28144	213578	hsm/32646f91_213578.txt
28145	213579	hsm/ccfc3ff1_213579.txt
28146	213580	hsm/a4701f2c_213580.txt
28147	213581	hsm/068738b0_213581.txt
28148	213582	hsm/36f569e6_213582.txt
28149	213583	hsm/7e107ea1_213583.txt
28150	213584	hsm/865a40f2_213584.txt
28151	213585	hsm/780f461f_213585.txt
28152	213586	hsm/a0428aa0_213586.txt
28153	213587	hsm/1d5ff463_213587.txt
28154	213588	hsm/782a0f81_213588.txt
28155	213589	hsm/7a87a138_213589.txt
28156	213590	hsm/e65720f3_213590.txt
28157	213591	hsm/b0928e24_213591.txt
28158	213592	hsm/573eceac_213592.txt
28159	213593	hsm/98bde43f_213593.txt
28160	213594	hsm/0abf6ca9_213594.txt
28161	213595	hsm/38462133_213595.txt
28162	213596	hsm/d13a4995_213596.txt
28163	213597	hsm/96eb63f7_213597.txt
28164	213598	hsm/741395e5_213598.txt
28165	213599	hsm/a816b5ec_213599.txt
28166	213600	hsm/3f383e80_213600.txt
28167	213601	hsm/db4768c5_213601.txt
28168	213602	hsm/d26cb9b1_213602.txt
28169	213603	hsm/179fb02e_213603.txt
28170	213604	hsm/3ad323ad_213604.txt
28171	213605	hsm/bc97aa7c_213605.txt
28172	213606	hsm/1f034dcd_213606.txt
28173	213607	hsm/1f562baf_213607.txt
28174	213608	hsm/c3b14e29_213608.txt
28175	213609	hsm/75fcd572_213609.txt
28176	213610	hsm/319320ba_213610.txt
28177	213611	hsm/80809cd8_213611.txt
28178	213612	hsm/e45de86c_213612.txt
28179	213613	hsm/3f307f47_213613.txt
28180	213614	hsm/5b3e9df3_213614.txt
28181	213615	hsm/e0f4ae73_213615.txt
28182	213616	hsm/11c91d57_213616.txt
28183	213617	hsm/91bb0c86_213617.txt
28184	213618	hsm/33f673f4_213618.txt
28185	213619	hsm/39cc5a20_213619.txt
28186	213620	hsm/74504c97_213620.txt
28187	213621	hsm/1e8c121f_213621.txt
28188	213622	hsm/ad4ac707_213622.txt
28189	213623	hsm/3d637765_213623.txt
28190	213624	hsm/059215fa_213624.txt
28191	213625	hsm/9a5ce19f_213625.txt
28192	213626	hsm/0a0f77fe_213626.txt
28193	213627	hsm/7b48b8de_213627.txt
28194	213628	hsm/a27fdba3_213628.txt
28195	213629	hsm/e5eb6bfa_213629.txt
28196	213630	hsm/95142951_213630.txt
28197	213631	hsm/71066b82_213631.txt
28198	213632	hsm/04b8313d_213632.txt
28199	213633	hsm/292452b9_213633.txt
28200	213634	hsm/5fe750f7_213634.txt
28201	213635	hsm/014fa47c_213635.txt
28202	213636	hsm/c134a2d7_213636.txt
28203	213637	hsm/240707a9_213637.txt
28204	213638	hsm/67942024_213638.txt
28205	213639	hsm/f4d71cbd_213639.txt
28206	213640	hsm/1c8d6180_213640.txt
28207	213641	hsm/d74edbc3_213641.txt
28208	213642	hsm/4f4fc4d8_213642.txt
28209	213643	hsm/ad66105e_213643.txt
28210	213644	hsm/d38766b0_213644.txt
28211	213645	hsm/ec3ee173_213645.txt
28212	213646	hsm/7c7388c0_213646.txt
28213	213647	hsm/e9b1d3a4_213647.txt
28214	213648	hsm/6763ffe6_213648.txt
28215	213649	hsm/620694c6_213649.txt
28216	213650	hsm/ab2d5151_213650.txt
28217	213651	hsm/974a63fb_213651.txt
28218	213652	hsm/a9581107_213652.txt
28219	213653	hsm/f0bde385_213653.txt
28220	213654	hsm/5e6856fb_213654.txt
28221	213655	hsm/1abbd6b7_213655.txt
28222	213656	hsm/c70cf61b_213656.txt
28223	213657	hsm/6c56a81c_213657.txt
28224	213658	hsm/f9d2cef0_213658.txt
28225	213659	hsm/cc783016_213659.txt
28226	213660	hsm/15e783a7_213660.txt
28227	213661	hsm/eb47cb05_213661.txt
28228	213662	hsm/aab685b1_213662.txt
28229	213663	hsm/4e620cf0_213663.txt
28230	213664	hsm/a794f453_213664.txt
28231	213665	hsm/5ce1ed23_213665.txt
28232	213666	hsm/b68abeca_213666.txt
28233	213667	hsm/0e7beac3_213667.txt
28234	213668	hsm/7108fb1c_213668.txt
28235	213669	hsm/76b6dbaf_213669.txt
28236	213670	hsm/ea542f38_213670.txt
28237	213671	hsm/f8b6f1bf_213671.txt
28238	213672	hsm/55250bee_213672.txt
28239	213673	hsm/490a0d2c_213673.txt
28240	213674	hsm/bad090bc_213674.txt
28241	213675	hsm/2b58c04e_213675.txt
28242	213676	hsm/bdd33598_213676.txt
28243	213677	hsm/3966db86_213677.txt
28244	213678	hsm/a1cd6c03_213678.txt
28245	213679	hsm/ea9ad45d_213679.txt
28246	213680	hsm/3f92875b_213680.txt
28247	213681	hsm/c3c4a003_213681.txt
28248	213682	hsm/1bb9ac59_213682.txt
28249	213683	hsm/bf13e04a_213683.txt
28250	213684	hsm/fef21a76_213684.txt
28251	213685	hsm/f411f42e_213685.txt
28252	213686	hsm/889a80d5_213686.txt
28253	213687	hsm/6d45c47b_213687.txt
28254	213688	hsm/b1272b3f_213688.txt
28255	213689	hsm/f10339e6_213689.txt
28256	213690	hsm/845ed6c1_213690.txt
28257	213691	hsm/1294aaee_213691.txt
28258	213692	hsm/5417b8f6_213692.txt
28259	213693	hsm/9ea1d0c1_213693.txt
28260	213694	hsm/12202d34_213694.txt
28261	213695	hsm/1b47f1df_213695.txt
28262	213696	hsm/0c648c78_213696.txt
28263	213697	hsm/e7cb3808_213697.txt
28264	213698	hsm/1ab70a50_213698.txt
28265	213699	hsm/e72638d1_213699.txt
28266	213700	hsm/307b49d2_213700.txt
28267	213701	hsm/63bbe588_213701.txt
28268	213702	hsm/a6e12e58_213702.txt
28269	213703	hsm/7d66aecd_213703.txt
28270	213704	hsm/b4e16116_213704.txt
28271	213705	hsm/1ec9d26e_213705.txt
28272	213706	hsm/d89b60de_213706.txt
28273	213707	hsm/a45ee759_213707.txt
28274	213708	hsm/4c6fee45_213708.txt
28275	213709	hsm/3655ff09_213709.txt
28276	213710	hsm/9b4de6f6_213710.txt
28277	213711	hsm/63582846_213711.txt
28278	213712	hsm/9159fe7f_213712.txt
28279	213713	hsm/203fa445_213713.txt
28280	213714	hsm/88683a75_213714.txt
28281	213715	hsm/376fce24_213715.txt
28282	213716	hsm/cad54330_213716.txt
28283	213717	hsm/eb310eb1_213717.txt
28284	213718	hsm/dfb80c34_213718.txt
28285	213719	hsm/07d78fae_213719.txt
28286	213720	hsm/6f8e27a6_213720.txt
28287	213721	hsm/741f49d8_213721.txt
28288	213722	hsm/83fdaa9b_213722.txt
28289	213723	hsm/c5a87a55_213723.txt
28290	213724	hsm/657b15bb_213724.txt
28291	213725	hsm/1a7ce738_213725.txt
28292	213726	hsm/2ee6ec22_213726.txt
28293	213727	hsm/631a800a_213727.txt
28294	213728	hsm/bdc45993_213728.txt
28295	213729	hsm/a0286470_213729.txt
28296	213730	hsm/0684f527_213730.txt
28297	213731	hsm/87b318cc_213731.txt
28298	213732	hsm/9bccf8ca_213732.txt
28299	213733	hsm/9f08addb_213733.txt
28300	213734	hsm/3e04c14f_213734.txt
28301	213735	hsm/0ad3286a_213735.txt
28302	213736	hsm/24eca699_213736.txt
28303	213737	hsm/56860999_213737.txt
28304	213738	hsm/ccdd8b53_213738.txt
28305	213739	hsm/59e3a2b2_213739.txt
28306	213740	hsm/c7c05361_213740.txt
28307	213741	hsm/56858e7e_213741.txt
28308	213742	hsm/b6aab32c_213742.txt
28309	213743	hsm/9dddd828_213743.txt
28310	213744	hsm/6ea51dd8_213744.txt
28311	213745	hsm/9a2decab_213745.txt
28312	213746	hsm/41531467_213746.txt
28313	213747	hsm/4c268846_213747.txt
28314	213748	hsm/c679697a_213748.txt
28315	213749	hsm/4046665f_213749.txt
28316	213750	hsm/4d0fc860_213750.txt
28317	213751	hsm/7d55b8d8_213751.txt
28318	213752	hsm/7bf71b92_213752.txt
28319	213753	hsm/2c7e22ab_213753.txt
28320	213754	hsm/b38016bb_213754.txt
28321	213755	hsm/4bc49e7d_213755.txt
28322	213756	hsm/e2e195fa_213756.txt
28323	213757	hsm/78a1e29f_213757.txt
28324	213758	hsm/09a1f8bf_213758.txt
28325	213759	hsm/47d8417a_213759.txt
28326	213760	hsm/a64cde0c_213760.txt
28327	213761	hsm/e470750d_213761.txt
28328	213762	hsm/99c0514f_213762.txt
28329	213763	hsm/c28b4b76_213763.txt
28330	213764	hsm/d340ba21_213764.txt
28331	213765	hsm/ec3c01a7_213765.txt
28332	213766	hsm/7c2e1adf_213766.txt
28333	213767	hsm/45522e20_213767.txt
28334	213768	hsm/f4a2505d_213768.txt
28335	213769	hsm/dacd8218_213769.txt
28336	213770	hsm/c33be5cc_213770.txt
28337	213771	hsm/99bbf07e_213771.txt
28338	213772	hsm/133e26c0_213772.txt
28339	213773	hsm/6a6292b5_213773.txt
28340	213774	hsm/91356b4e_213774.txt
28341	213775	hsm/93234db6_213775.txt
28342	213776	hsm/e43d6eff_213776.txt
28343	213777	hsm/21d3a62b_213777.txt
28344	213778	hsm/f07d370f_213778.txt
28345	213779	hsm/b5f2a771_213779.txt
28346	213780	hsm/d80b48f9_213780.txt
28347	213781	hsm/cb346253_213781.txt
28348	213782	hsm/941027ec_213782.txt
28349	213783	hsm/fd613c61_213783.txt
28350	213784	hsm/729c5073_213784.txt
28351	213785	hsm/e0ab516c_213785.txt
28352	213786	hsm/3abe99db_213786.txt
28353	213787	hsm/53d63dc9_213787.txt
28354	213788	hsm/d906b97c_213788.txt
28355	213789	hsm/ef40b45f_213789.txt
28356	213790	hsm/e1758c2a_213790.txt
28357	213791	hsm/391ae195_213791.txt
28358	213792	hsm/075ea0b3_213792.txt
28359	213793	hsm/bb49a87f_213793.txt
28360	213794	hsm/9404469e_213794.txt
28361	213795	hsm/2f573b68_213795.txt
28362	213796	hsm/c2b4bf83_213796.txt
28363	213797	hsm/c079de17_213797.txt
28364	213798	hsm/55fd304a_213798.txt
28365	213799	hsm/8036f19b_213799.txt
28366	213800	hsm/b71f27c0_213800.txt
28367	213801	hsm/4a7fbc98_213801.txt
28368	213802	hsm/a2c12c46_213802.txt
28369	213803	hsm/3702e611_213803.txt
28370	213804	hsm/e1133c64_213804.txt
28371	213805	hsm/df031606_213805.txt
28372	213806	hsm/ac0939aa_213806.txt
28373	213807	hsm/3deef71c_213807.txt
28374	213808	hsm/6e343361_213808.txt
28375	213809	hsm/4aa97efa_213809.txt
28376	213810	hsm/b5b068f1_213810.txt
28377	213811	hsm/7ba76322_213811.txt
28378	213812	hsm/11a2bee0_213812.txt
28379	213813	hsm/00f42af3_213813.txt
28380	213814	hsm/cbd65ae3_213814.txt
28381	213815	hsm/bfebbdec_213815.txt
28382	213816	hsm/05a2c1a9_213816.txt
28383	213817	hsm/285210b3_213817.txt
28384	213818	hsm/5839070b_213818.txt
